# Blender v3.4.1 OBJ File: ''
# www.blender.org
mtllib 2.mtl
o 1
v 0.636213 0.631650 -0.911780
v 0.642295 0.601204 -0.801660
v 0.652203 0.616007 -0.790726
v -0.276055 0.648966 -0.835818
v -0.284763 0.701574 -0.787533
v -0.242175 0.641211 -0.801114
v 0.774355 -0.077317 1.267484
v 0.799365 -0.164252 1.240218
v 0.842670 -0.183950 1.174999
v -0.966248 -0.388851 -1.604529
v -0.877890 -0.370267 -1.606192
v -0.860903 -0.420621 -1.636233
v -0.833162 -0.327785 -1.575995
v -0.240928 0.688231 -0.787431
v 0.743970 -0.251927 1.267556
v -1.732656 -0.773082 0.715666
v -1.651876 -0.803241 0.625803
v -1.564361 -0.828549 0.551933
v -1.704762 -0.760290 0.612650
v -1.750135 -0.737001 0.679326
v -1.697564 -0.759219 0.590279
v -1.708993 -0.727414 0.592484
v -1.707956 -0.752017 0.565879
v -1.697905 -0.761210 0.569456
v -1.692833 -0.768519 0.557053
v -1.649955 -0.800091 0.603322
v -1.706485 -0.745655 0.536647
v -1.652279 -0.165237 0.601974
v -1.629696 -0.149288 0.554266
v -1.665300 -0.211052 0.544046
v -0.215357 0.850767 -0.029741
v -0.163634 0.863796 -0.063834
v -0.177191 0.920466 -0.139590
v -0.693062 0.436983 -0.917790
v -0.637886 0.455711 -0.954574
v -0.813269 0.371235 -0.874027
v -1.708936 -0.286121 0.503822
v -1.689519 -0.774076 0.542244
v -1.667549 -0.790767 0.551608
v -0.749685 0.541398 -0.908902
v -1.685217 -0.787659 0.506785
v -1.703677 -0.765360 0.524716
v 0.953831 0.257221 0.447970
v 0.938098 0.202204 0.456046
v 0.925248 0.219224 0.451854
v 1.060471 0.048866 0.251860
v 1.053729 0.042697 0.424392
v 1.084727 -0.002289 0.430122
v 0.958765 0.177565 0.460394
v 0.956490 0.174979 0.396656
v -1.338413 0.044052 0.154335
v -1.342308 0.147107 0.222877
v -1.355836 0.075066 0.127315
v -0.118653 0.413628 -1.072256
v -0.282807 0.415805 -1.055379
v -0.175916 0.456337 -1.041724
v -0.098157 0.545578 -1.050438
v -1.286828 0.010543 0.385352
v -1.285077 -0.021171 0.353626
v -1.300342 -0.009096 0.437315
v -0.938041 -0.236204 -1.517292
v -1.064743 -0.181524 -1.453303
v -1.027232 -0.151272 -1.419533
v -1.067003 -0.102691 -1.378917
v -0.158949 0.832989 0.048409
v -1.292859 0.047713 0.377164
v -1.329265 0.202396 0.200845
v -1.186809 0.351519 0.205025
v -1.295558 0.231257 0.180653
v -1.227024 0.317968 0.095064
v 1.553169 -0.700978 0.189724
v 1.500564 -0.736644 0.063561
v 1.589177 -0.651574 0.184431
v -1.295584 -0.071024 0.419800
v -0.481490 -0.515277 -1.631504
v -0.498528 -0.473250 -1.568540
v -0.469849 -0.487548 -1.637006
v -0.509916 -0.487579 -1.575055
v -0.517115 -0.462740 -1.537465
v -0.514969 -0.515829 -1.611549
v -0.425779 -0.465368 -1.665849
v -0.433921 -0.420669 -1.591855
v -0.111482 -0.489469 -1.718287
v -0.178185 -0.478634 -1.644833
v -0.016378 -0.463366 -1.666364
v -0.995609 -0.759724 -1.805880
v -0.881336 -0.680419 -1.779164
v -0.923156 -0.736164 -1.817875
v -0.950395 -0.756476 -1.810353
v -0.940737 -0.783328 -1.815223
v 0.914012 0.234309 0.448995
v 0.982360 0.143777 0.451749
v 1.002103 0.112369 0.382374
v 1.011604 0.104598 0.447160
v 1.054809 0.134931 0.453017
v 1.036966 0.067793 0.469097
v 1.092202 0.105073 0.478619
v 1.057804 0.039089 0.444276
v -1.493879 -0.458090 -1.405688
v -1.542110 -0.699683 -1.546165
v -1.574824 -0.580723 -1.312196
v -0.342011 0.816855 1.116306
v -0.495837 0.755652 1.070351
v -0.385040 0.726138 1.099572
v -1.352722 -0.755801 -1.710235
v -1.175677 -0.776229 -1.808563
v -1.130354 -0.824582 -1.760291
v -0.558528 -0.496995 -1.579220
v 0.419073 0.723814 -0.742785
v 0.257714 0.741702 -0.786905
v 0.365485 0.815752 -0.665081
v -1.629840 -0.828070 0.455113
v -0.195640 -0.714993 -1.981950
v -0.362036 -0.745070 -1.984125
v -0.234686 -0.640245 -1.918227
v -1.774727 -0.378194 0.600016
v -1.797964 -0.566555 0.412205
v -1.789787 -0.433037 0.730636
v 0.258087 -0.267842 -1.572535
v 0.387028 -0.194896 -1.522604
v 0.356739 -0.379535 -1.653350
v 0.795555 0.666969 0.318633
v 0.753330 0.512487 0.314168
v 0.784504 0.596828 0.212973
v -0.832725 0.700440 0.373202
v -0.928683 0.631788 0.395223
v -0.855237 0.769349 0.441649
v -1.342919 -0.276701 -1.472006
v -1.284034 -0.312407 -1.553068
v -1.342458 -0.405839 -1.595491
v -1.016800 0.739665 -0.536119
v -1.122824 0.612733 -0.385426
v -1.007513 0.750273 -0.454350
v -1.823585 -0.610504 0.159618
v -1.821925 -0.661430 0.101316
v -1.849097 -0.673714 0.235211
v -0.398379 -0.354411 -1.547610
v -0.469174 -0.402469 -1.503475
v -1.557576 -0.261067 0.080687
v -1.650761 -0.345696 -0.011278
v -1.563538 -0.396158 0.057136
v -1.058383 0.421631 0.160311
v -1.085750 0.454862 0.242319
v -1.052088 0.510300 0.287401
v 1.099795 0.039417 0.451527
v 0.932693 0.218047 0.222385
v 0.997786 0.136787 0.066382
v 0.856656 0.309971 0.122248
v 1.436730 -0.407552 0.521155
v 1.420893 -0.406668 0.323917
v 1.329169 -0.272472 0.419146
v 0.593227 0.720401 1.210586
v 0.654971 0.592374 1.231459
v 0.660205 0.690591 1.157532
v -0.466141 -0.566577 -1.648438
v -1.810552 -0.599459 0.531501
v -1.726749 -0.541408 0.723121
v 1.280427 -0.593427 0.840750
v 1.377615 -0.625247 0.757885
v 1.284542 -0.469969 0.816541
v 0.324126 1.119185 -0.201981
v 0.359560 1.008884 -0.066716
v 0.445255 1.059513 -0.115154
v 0.622046 0.878432 0.380717
v 0.541051 0.887768 0.443175
v 0.550568 0.905810 0.565013
v 0.746567 0.279689 1.278846
v 0.722717 0.259484 1.269964
v 0.792830 0.238045 1.214271
v 0.572696 0.591511 1.291096
v 0.487541 0.702305 1.276461
v 0.457992 0.531224 1.295502
v -1.179563 0.484852 -0.463855
v -1.094494 0.614612 -0.555414
v -1.217518 0.373431 -0.582639
v -1.152848 0.360447 0.212712
v -1.119094 0.392341 0.240822
v -0.855887 -0.699136 -1.790473
v -0.809588 -0.613116 -1.725183
v -1.039033 0.538160 0.192839
v 0.578049 -0.535353 -1.618777
v 0.450027 -0.380959 -1.633523
v 0.530408 -0.300611 -1.578430
v -0.348999 -0.642899 1.658399
v -0.222692 -0.627207 1.647260
v -0.300709 -0.536223 1.580443
v 1.016594 0.196453 0.459130
v -1.543255 -0.441041 1.245907
v -1.647934 -0.312149 1.109999
v -1.642166 -0.488596 1.084974
v -0.675025 -0.828944 0.156265
v 1.356548 -0.222079 -0.111587
v 1.415003 -0.358599 -0.046852
v 1.408315 -0.228594 -0.241439
v 1.701442 -0.478764 -1.320228
v 1.606260 -0.343393 -1.311298
v 1.621975 -0.263617 -1.189291
v -0.477793 -0.745951 -1.967475
v -0.638157 -0.691799 -1.900160
v -0.536570 -0.665269 -1.872116
v -1.292627 -0.485834 -1.680737
v -1.278766 -0.603179 -1.747420
v -1.400629 -0.543948 -1.664603
v -1.086772 0.475214 0.308835
v 1.280267 -0.219397 0.686487
v 1.329646 -0.269307 0.670463
v 1.315368 -0.223810 0.576021
v -0.016378 -0.828758 -0.316207
v 0.767255 -0.804783 -1.064704
v -0.016378 -0.828083 0.126474
v -1.415000 0.036461 0.098699
v -0.187101 0.979157 -0.210014
v -0.106559 0.965638 -0.191207
v -0.016378 1.059118 -0.219297
v -1.136679 0.473004 0.335884
v -1.087189 0.483675 0.311578
v -0.932502 -0.826628 -1.759534
v -1.090525 -0.829018 -1.572094
v 0.978326 0.335415 -0.219486
v 1.062903 0.215517 -0.360127
v 0.968893 0.392565 -0.349517
v -1.464368 0.340397 0.965385
v -1.372020 0.475203 0.954429
v -1.435923 0.328900 0.804752
v -0.702265 0.836418 -0.134451
v -0.583352 0.863527 -0.084086
v -0.440644 0.905760 -0.185044
v 0.709798 0.666388 -0.675695
v 0.599959 0.605566 -0.738688
v 0.575625 0.652805 -0.626633
v 0.911772 0.235719 0.262057
v 0.862118 0.307585 0.459475
v -0.942280 0.701829 0.430747
v -0.725078 -0.025626 -1.259264
v -0.859750 -0.133241 -1.350241
v -0.923688 -0.049995 -1.240418
v 0.802053 0.671785 0.120593
v 0.798656 0.650813 -0.019916
v 0.735322 0.782073 -0.123979
v 0.678691 0.494999 1.287748
v 0.422724 0.322909 1.279863
v 1.130805 0.070197 0.568522
v 1.051654 0.204966 0.558353
v 1.158927 0.013839 0.742294
v -1.285798 0.228738 -0.319220
v -1.229785 0.372464 -0.457265
v -1.229779 0.327657 -0.579081
v -0.112969 0.833537 0.778592
v -0.080970 0.784716 0.721772
v -0.244748 0.813905 0.685684
v -0.582606 0.686263 -0.868450
v -0.400523 0.705642 -0.885353
v -0.479043 0.576194 -0.948878
v -1.018463 -0.576630 1.552571
v -1.280281 -0.389502 1.457051
v -1.045118 -0.739509 1.609101
v -1.571828 -0.774405 1.010722
v -1.527822 -0.753395 1.114501
v -1.664606 -0.636045 0.974573
v -0.668869 0.694041 -0.858586
v -0.559087 0.541840 -0.972742
v 1.221784 -0.042341 -0.119914
v 1.210277 0.007951 -0.253518
v 1.100373 0.054319 -0.009550
v -0.209957 0.123758 -1.181239
v -0.301856 0.185753 -1.209177
v -0.233497 0.212605 -1.167471
v -0.922939 -0.562273 -1.740367
v -1.135346 -0.566556 -1.761760
v -0.789322 -0.481144 -1.678601
v -1.338612 0.488123 0.647825
v -1.278015 0.622100 0.746516
v -1.229617 0.589462 0.463954
v -1.075753 -0.746939 -1.801495
v -1.151211 -0.728314 -1.836192
v -1.063587 -0.639090 -1.788631
v -0.661536 0.801528 0.918830
v -0.727287 0.717018 1.054398
v -0.634119 0.791732 1.008761
v -0.375312 0.871374 -0.079520
v 1.107767 0.081408 -0.069087
v 1.078538 0.168065 -0.199845
v -1.138675 0.354100 0.119526
v -0.684766 -0.655738 -1.772623
v -0.719779 -0.677284 -1.852004
v 1.534240 -0.377986 -0.243071
v 1.473921 -0.400845 -0.112645
v 1.588042 -0.461817 -0.180028
v -1.004917 -0.844012 -0.973593
v -0.617752 -0.829048 -0.755501
v -1.006482 -0.829821 -0.568932
v 1.578683 -0.629825 0.087075
v -1.860681 -0.729342 0.075979
v -1.806254 -0.827896 0.140564
v -1.861979 -0.723042 0.168423
v -0.947632 0.393814 1.162402
v -0.921851 0.555219 1.112321
v -1.087775 0.331419 1.175599
v -1.780651 -0.607819 0.045840
v -1.691860 -0.441164 0.234740
v -1.655824 -0.462701 0.079493
v 1.311921 -0.256108 0.190936
v 1.267424 -0.143930 0.113162
v 1.156637 -0.014234 0.256121
v -1.742666 -0.829243 0.288073
v 0.455116 0.034808 1.459061
v 0.440628 -0.174318 1.512378
v 0.582348 -0.053449 1.468158
v -0.274363 -0.433563 -1.613402
v -0.251023 -0.337831 -1.602103
v -0.016378 -0.404342 -1.646112
v -0.975018 0.592954 0.324374
v -0.950856 0.781600 0.601445
v -1.165999 0.722199 0.572152
v -1.196281 0.725034 0.895584
v -1.624043 -0.292325 -0.170040
v -1.603995 -0.307131 -0.341360
v -1.719290 -0.497380 -0.234679
v -0.827004 -0.753481 -1.872080
v 0.810739 0.368213 1.244527
v 0.837060 0.372687 1.141942
v 0.694331 0.710467 1.070569
v -1.592636 -0.022988 0.669157
v -1.562354 0.011389 0.758693
v -1.464124 0.048136 0.711412
v -0.275044 -0.609732 -1.772890
v -0.218000 -0.577262 -1.735283
v -0.116047 -0.607565 -1.845680
v -0.531400 -0.380830 -1.516148
v -0.420623 -0.292394 -1.576428
v 1.248176 -0.085861 -0.010515
v 1.144277 0.004849 0.030665
v 1.154744 -0.002274 0.146676
v -0.328756 -0.434140 -1.626635
v -0.322012 -0.509864 -1.710883
v 0.225151 -0.113583 1.542334
v 0.122090 -0.185266 1.514311
v 0.105178 -0.291539 1.556506
v -1.166231 0.366312 0.261141
v -1.008118 0.567317 0.266160
v -0.802884 -0.689113 1.621570
v 0.795991 0.592287 -0.331899
v 0.867985 0.613430 -0.380529
v 0.814652 0.682457 -0.448719
v -0.853479 -0.835678 -1.517201
v -0.588424 -0.830934 -1.709175
v -0.394989 -0.827638 -1.368430
v 0.472077 0.857702 0.890139
v 0.445537 0.866705 0.768548
v 0.300532 0.874537 0.897118
v 1.083417 -0.812539 0.197527
v 1.386215 -0.797785 0.161592
v 1.227668 -0.803482 0.359577
v 0.819759 0.626178 -0.778512
v 0.729953 0.643947 -0.877775
v 0.730445 0.642217 -0.774116
v -1.326974 -0.840199 -1.417624
v -1.137359 -0.845853 -1.207305
v -1.386681 -0.834033 -0.968444
v 0.156580 -0.714986 1.592164
v 0.345061 -0.752882 1.475907
v 0.259078 -0.664803 1.556181
v -1.581989 -0.287182 0.473995
v -1.519051 -0.335487 0.227116
v 0.866866 0.357327 1.091694
v 0.912117 0.330192 0.888257
v 0.820670 0.512595 0.979101
v -0.664710 -0.647299 -1.854640
v -0.580923 -0.599333 -1.682662
v -0.564273 -0.614844 -1.814845
v 0.778917 0.472473 0.141769
v 0.809187 0.395893 0.208622
v 0.823051 0.352490 0.135625
v 0.764030 0.733442 0.282005
v 0.638680 0.875277 0.293108
v 0.668812 0.852912 0.394496
v -0.403987 0.751808 0.459965
v -0.292891 0.687200 0.313212
v -0.475514 0.758219 0.384879
v -1.218266 0.355036 0.257814
v -1.292539 0.294800 0.267773
v 0.670160 0.011025 1.395183
v 0.888005 0.091057 1.111152
v 0.767480 0.708944 -0.140945
v 0.816077 0.588244 -0.207628
v 0.781487 0.614277 -0.309449
v -1.734276 -0.716125 -0.710199
v -1.690142 -0.778333 -0.665836
v -1.770994 -0.662693 -0.683452
v -1.263979 -0.046559 0.291167
v -1.126370 0.343516 -0.018966
v -1.038326 0.445711 0.110327
v -0.919626 0.549385 -0.035386
v 1.528993 -0.712741 0.236823
v 1.586035 -0.590716 0.197344
v -1.440008 0.207106 0.747420
v -1.398661 0.203163 0.589125
v -1.411839 0.086697 0.713787
v 0.674190 0.149100 1.347545
v 1.260098 -0.200027 0.337592
v -1.183312 0.432885 -0.158351
v -1.120720 0.388708 -0.054884
v -1.047628 0.524379 -0.069135
v -0.735786 -0.510448 1.551846
v -0.659170 -0.630486 1.607966
v -0.587535 -0.541610 1.554817
v -0.700398 0.123358 1.249929
v -0.842791 0.330275 1.168612
v -0.798934 0.120122 1.225555
v 1.546351 -0.216328 -1.272249
v 1.429141 0.016856 -1.170950
v 1.548180 -0.137822 -1.159112
v 0.722676 0.724243 -0.626164
v 0.796501 0.711492 -0.634541
v -1.249873 0.434949 1.122845
v -1.315354 0.056276 1.121423
v -1.126164 0.303177 1.166432
v -1.411846 -0.174544 1.331419
v -1.519871 -0.206558 1.260251
v -1.454005 -0.296766 1.296614
v -1.379869 -0.011178 -1.006786
v -1.452627 -0.138466 -1.056275
v -1.444308 -0.094805 -0.947522
v -0.873072 0.316425 -0.953209
v -0.836803 0.291886 -1.003305
v -1.002534 0.238148 -1.016288
v 0.274498 0.086031 1.478556
v 0.131722 0.066906 1.394405
v 0.056305 -0.007010 1.460188
v -0.461542 -0.034640 1.320824
v -0.451130 -0.007312 1.240786
v -0.516658 0.035647 1.275021
v 0.689921 -0.566378 -1.553499
v 0.790249 -0.693701 -1.460793
v 0.707739 -0.711315 -1.511429
v 1.117245 -0.122867 -1.410412
v 1.145797 0.036473 -1.391701
v 1.331722 -0.129462 -1.377301
v -0.933941 0.179586 -1.069086
v -0.800383 0.276956 -1.034042
v -0.747697 0.166402 -1.093244
v -0.666136 -0.194965 -1.436493
v -0.584545 -0.043520 -1.328493
v -0.588063 -0.122512 -1.410608
v -1.506444 0.038252 0.824204
v -1.422247 0.056361 0.820156
v -1.407536 0.042702 1.093504
v -1.456360 0.006556 1.143810
v -1.350180 0.056768 1.203307
v 0.717826 -0.813932 -0.213804
v 1.210016 -0.806147 -0.021440
v 1.186136 -0.774361 -1.336690
v 1.287707 -0.606565 -1.407383
v 1.304712 -0.784794 -1.404399
v -1.157775 0.493365 1.122831
v -0.981638 0.787215 0.868426
v -1.066830 0.736081 0.969049
v -0.850472 0.792209 -0.316123
v -0.839309 0.811582 -0.221502
v -0.809490 0.852372 -0.279867
v -0.453678 0.857019 -0.744251
v -0.373767 0.899484 -0.714210
v -0.334679 0.811268 -0.803104
v -0.016378 -0.815609 -1.726513
v -0.016378 -0.822072 -1.237011
v 0.310739 -0.808823 -1.611985
v 0.610723 -0.801113 -1.515048
v -0.509889 0.798964 -0.806925
v 0.249786 0.831901 -0.737676
v 0.182827 0.941613 -0.673753
v -1.863344 -0.805168 -0.034885
v -1.775886 -0.549315 -0.084378
v -1.745396 -0.597325 -0.190523
v -1.808987 -0.669393 -0.196370
v -1.581633 -0.781198 0.934449
v -1.543367 -0.819786 0.841988
v -1.476319 -0.813706 1.035990
v -1.391394 -0.804469 1.224577
v -1.380537 -0.827987 0.897504
v -1.171592 -0.822168 1.026281
v 1.709149 -0.568779 -0.654317
v 1.837977 -0.649990 -0.983286
v 1.748981 -0.449149 -0.995317
v 1.611101 -0.316842 -0.709008
v -0.306868 0.693736 0.118733
v -0.413269 0.811666 0.105543
v -0.405114 0.730601 0.137040
v 0.249053 0.865309 0.778601
v 0.214470 0.776690 0.641426
v 0.135211 0.792477 0.824293
v -1.604060 -0.754803 -1.251600
v -1.556532 -0.735087 -1.410797
v -1.256965 -0.828486 -1.650882
v -0.696134 -0.117471 -1.356679
v -0.903521 -0.182293 -1.392695
v -1.603924 -0.827906 0.700889
v -0.997769 -0.828290 0.805317
v -0.385521 -0.829487 1.522921
v -0.016378 -0.828646 1.259976
v -0.016378 -0.809221 1.539170
v 0.206867 -0.797597 1.519335
v 0.318849 -0.798467 1.451834
v 0.282187 0.835255 1.070486
v -0.016378 0.840282 1.050423
v 0.080818 0.740016 1.179005
v -0.470242 0.854703 1.005265
v -1.308366 0.179937 0.158573
v -1.321910 0.149248 0.040264
v -1.268951 0.241931 -0.090489
v -1.291884 0.605093 0.962959
v -1.318832 0.584916 0.922775
v 0.297049 0.128465 -1.349647
v 0.360247 0.219103 -1.317181
v 0.516250 0.047872 -1.440039
v 0.051126 0.184870 -1.242620
v 0.116949 0.360690 -1.155218
v 0.252461 0.269005 -1.229641
v -0.990259 0.571034 0.147557
v -0.957498 0.524844 0.081689
v -0.961982 0.583626 0.188637
v -0.919071 0.524672 0.073321
v -0.877462 0.776714 0.493497
v -0.760537 0.790072 0.437373
v -0.850383 0.792180 0.740116
v -0.720979 0.791222 0.554972
v 1.498282 -0.540633 0.461542
v 1.466096 -0.439743 0.391748
v 1.441868 -0.508246 0.645345
v 0.891995 -0.106121 -1.451211
v 1.080389 -0.418701 -1.435622
v 0.675597 -0.253406 -1.529453
v 0.926251 0.287418 -1.290829
v 0.648652 0.021794 -1.440965
v 0.704557 0.207573 -1.347636
v 1.658844 -0.479463 -0.553089
v 1.657126 -0.551145 -0.507445
v 1.781445 -0.710074 -0.798466
v 1.568917 -0.782159 -1.158595
v 1.524006 -0.789160 -0.630701
v 1.023954 -0.806565 -0.452009
v 0.397066 0.612489 -1.051957
v 0.238358 0.647454 -0.977799
v 0.433515 0.700508 -0.946700
v 0.670624 0.451050 -1.113028
v 0.517779 0.361582 -1.211242
v 0.589962 0.562788 -1.058834
v -1.352479 -0.170292 0.355992
v -1.318816 -0.094991 0.492029
v -1.347159 -0.142321 0.485199
v -1.403385 -0.213055 0.440590
v -1.472593 -0.074178 0.522121
v -1.605179 -0.828495 -0.278045
v -1.817817 -0.815898 -0.168723
v -0.889970 0.617701 -0.045269
v -0.780545 0.736855 -0.033205
v -0.810301 0.749906 -0.118224
v 0.765659 0.305138 -1.292459
v 0.967188 0.385341 -1.130697
v 1.057395 0.353973 -1.185476
v 1.237599 0.261042 -1.081438
v 1.094221 0.364431 -1.105018
v 0.581970 0.933620 0.037388
v 0.530109 1.011742 -0.047602
v 0.458006 0.989538 0.015891
v 0.694154 0.815652 0.041491
v -0.269941 0.891255 -0.079477
v -0.287066 0.949162 -0.182741
v 0.382109 0.956819 0.080004
v 0.480624 0.891039 0.320517
v 0.503544 0.926600 0.106112
v -1.655237 -0.388861 1.061669
v -1.735677 -0.304838 0.961307
v -1.749219 -0.430123 0.768223
v -1.684732 -0.596514 0.832706
v -1.707465 -0.572275 0.924535
v 0.463122 0.675709 -0.888359
v 0.377768 0.666948 -0.826841
v 0.472489 0.650091 -0.841024
v -0.016378 0.581803 1.183393
v -0.123478 0.664377 1.136377
v -0.161058 0.556935 1.168007
v -0.396226 -0.050410 1.300968
v -0.358013 -0.030796 1.236048
v 0.547016 -0.827562 0.955881
v 0.760987 -0.828758 1.259790
v 0.504528 -0.828383 1.365433
v 1.206967 -0.809825 0.686251
v 1.092668 -0.781161 0.782074
v 0.804237 -0.824019 0.811940
v -0.214572 0.113098 1.181509
v -0.406523 0.040918 1.180832
v -0.238427 -0.002394 1.199688
v -0.514097 0.126108 1.170639
v -0.582809 0.160143 1.212060
v -0.570072 0.101423 1.194469
v 1.645970 -0.786255 -0.780160
v 1.831491 -0.571987 -1.189081
v 1.866921 -0.631964 -1.032532
v 1.782444 -0.776994 -1.190099
v 0.885953 -0.750058 1.283616
v 0.832647 -0.414560 1.264526
v 0.759416 -0.543740 1.360096
v 0.802486 -0.817108 1.071221
v 0.916859 -0.780239 0.835903
v 0.877261 -0.790876 1.070674
v -0.636330 -0.399766 -1.564674
v -0.990081 -0.462189 -1.678289
v -1.132411 -0.396476 -1.620866
v -1.329853 0.154810 0.268874
v -1.360498 0.368485 0.442086
v -1.290780 0.427674 0.374971
v 0.145147 1.150008 -0.225265
v 0.286361 1.031079 -0.107373
v 0.217547 1.152074 -0.232869
v -0.180872 1.041431 -0.442351
v -0.252572 0.941883 -0.558918
v -0.306979 0.947969 -0.394090
v -0.127497 0.824794 -0.735312
v -0.293550 0.807982 -0.699250
v -0.304872 0.890372 -0.647198
v -0.232601 0.930632 -0.643850
v -0.125311 0.993540 -0.555971
v -0.134596 0.929812 -0.670682
v 1.349519 -0.800474 0.587725
v 1.520344 -0.715225 0.310523
v 1.175583 -0.734394 0.783673
v 1.361854 -0.764047 0.652287
v -0.601344 0.921720 -0.628695
v -0.634069 0.867818 -0.595495
v -0.484912 0.931029 -0.591498
v -0.925524 0.701018 -0.440044
v 1.510503 -0.781301 -1.352317
v 1.077384 -0.795062 -1.250914
v 1.793792 -0.647461 -1.268572
v -1.213203 -0.077369 -1.378038
v -1.322993 -0.102363 -1.287207
v -1.245245 -0.009652 -1.224683
v -1.223504 0.197320 -1.046282
v -1.218851 0.198559 -0.972893
v -1.090562 0.288708 -1.038588
v -1.273620 0.044849 1.125699
v -1.214111 0.058965 1.302199
v -1.181015 0.082234 1.224818
v -0.977861 0.078421 1.227867
v -1.034584 0.062453 1.325462
v -0.819638 0.106235 1.284427
v -1.072162 -0.240755 1.423203
v -1.057394 -0.386530 1.481456
v -1.276948 -0.101951 1.349297
v -1.298748 0.039908 1.253201
v -0.553069 -0.424533 -1.567822
v -1.727353 -0.787970 -0.403946
v -1.834809 -0.711953 -0.325627
v -1.813022 -0.675004 -0.483950
v -1.747161 -0.530577 -0.454244
v -1.777540 -0.644491 -0.278289
v -1.738690 -0.533879 -0.290061
v -0.422619 0.821345 0.797896
v -0.531751 0.825177 0.901309
v -0.474254 0.852406 0.963740
v -0.659010 0.810843 0.715146
v -1.423779 -0.107162 0.113144
v -1.413274 -0.259363 0.110476
v -1.354305 0.113749 -0.505929
v -1.315988 0.137770 -0.345060
v -1.259969 0.186004 -0.496420
v 0.212386 1.163441 -0.466404
v 0.118745 1.028170 -0.567267
v 0.111991 1.086840 -0.420037
v 0.415720 1.036308 -0.493261
v 0.214374 1.046492 -0.582494
v 0.233302 1.139770 -0.499950
v 0.637631 0.862965 0.543352
v 0.567562 0.800477 0.992183
v 0.540543 0.781479 1.094401
v 0.658306 0.767963 1.047893
v -0.236939 0.653136 0.430178
v -0.206320 0.719813 0.549790
v -0.016378 0.681484 0.552469
v 0.242737 0.680338 0.490027
v 0.186549 0.715850 0.408059
v 0.155272 0.605961 0.518492
v 0.799285 0.670564 0.505357
v 0.798797 0.656058 0.405997
v 0.766699 0.696325 0.437057
v 0.765978 0.477200 0.348377
v 0.810051 0.628976 0.431232
v 0.820000 0.558919 0.613164
v -1.465156 -0.495026 -1.521406
v -1.471486 -0.599191 -1.617710
v -1.219296 -0.738685 -1.810734
v -1.493899 -0.784165 1.099304
v -1.198299 -0.636021 1.541817
v -1.341794 -0.435548 1.457115
v -1.258367 -0.693030 1.489386
v -1.475724 -0.302537 0.104750
v -1.459684 -0.293105 0.295476
v -1.390379 -0.247877 0.144182
v 0.128437 0.715995 1.206948
v 0.239534 0.576244 1.275595
v 0.314758 0.704547 1.242329
v -1.692652 -0.390564 -0.652080
v -1.598675 -0.264588 -0.647613
v -1.620661 -0.299939 -0.753290
v -1.691551 -0.481307 -0.893416
v -1.627577 -0.536239 -0.970652
v -1.687337 -0.664080 -0.958072
v -1.339544 0.237022 0.309208
v 0.639328 0.821672 -0.394185
v 0.578131 0.882983 -0.428837
v 0.607943 0.900479 -0.344450
v 0.461715 1.119243 -0.276283
v 0.528325 1.020552 -0.450048
v 0.303407 1.160191 -0.348245
v -0.566799 0.877535 -0.452879
v -0.644624 0.835696 -0.542371
v -0.640486 0.900130 -0.344247
v -0.478550 0.873832 -0.571912
v -0.560358 0.923807 -0.348825
v -0.314552 0.927364 -0.562354
v -0.716748 -0.313883 -1.526099
v -0.611330 -0.374358 -1.486752
v -0.640058 -0.249859 -1.491197
v -0.565988 -0.282716 -1.529072
v -1.296690 0.073357 0.329103
v 0.855032 0.568264 -0.210208
v 0.845464 0.586204 -0.322328
v 0.910460 0.464348 -0.206747
v 0.893903 0.555329 -0.341400
v -0.016378 0.887408 0.058031
v 0.123963 0.905993 0.032391
v 0.024956 0.930079 -0.047425
v -0.016378 0.835374 0.209469
v 0.098637 0.753289 0.323756
v 0.118226 0.845754 0.278787
v 0.671860 0.234533 1.319410
v 0.374022 0.147428 1.291949
v 0.490382 0.195311 1.358771
v 0.482170 0.198086 1.275002
v 0.109547 -0.354115 -1.615217
v -0.165703 -0.342448 -1.611184
v -0.272122 -0.183785 -1.532350
v 0.045710 0.462418 1.249391
v 0.308023 0.348712 1.291889
v 0.311402 0.238002 1.253333
v 1.494503 -0.671627 -0.244363
v 1.544377 -0.609492 -0.408606
v 1.518109 -0.628283 -0.142945
v 1.600128 -0.466372 -0.350540
v 0.415741 0.717879 -0.534493
v 0.533849 0.877472 -0.453258
v 0.616695 0.747074 -0.494629
v 0.456038 0.793915 -0.456695
v 0.440376 0.964386 -0.506422
v 0.416481 0.832596 -0.498864
v 0.335220 0.906393 -0.548257
v -0.317719 -0.567721 -1.723563
v -0.525410 -0.644240 -1.800288
v -0.548599 -0.611890 -1.706840
v -0.205745 -0.635916 -1.867169
v -1.819303 -0.604755 -0.532113
v -1.742451 -0.574677 -0.762533
v -1.745145 -0.636703 -0.773474
v 0.942758 0.288699 0.488732
v 0.874247 0.323734 0.465700
v 0.901803 0.368947 0.553262
v -1.311683 0.093829 -0.969317
v 1.098025 0.375844 -0.644690
v 1.014170 0.500842 -0.683646
v 1.014165 0.470653 -0.520048
v 1.632182 -0.301590 -1.059055
v 1.316472 0.165914 -0.916719
v 1.309672 0.080447 -0.726338
v -1.363344 0.172882 0.448918
v -1.276316 0.037688 0.430941
v -1.369798 0.207690 0.418166
v 0.558170 0.630054 -0.843861
v 0.549626 0.643717 -0.939976
v 0.519676 0.513528 -1.058550
v 0.382346 0.447338 -1.160894
v 0.509810 0.610280 -0.989052
v 1.676225 -0.348158 -0.901939
v 1.584584 -0.232503 -0.938083
v 1.552307 -0.197267 -0.740094
v 1.313417 -0.138192 -0.166181
v 1.337008 -0.114461 -0.257544
v 1.272904 -0.030109 -0.338243
v -1.748850 -0.480332 -0.497957
v -1.549532 -0.238477 -0.475447
v -1.604148 -0.266136 -0.538002
v -1.388285 -0.006927 -0.491131
v -1.373224 0.094053 -0.405911
v -1.381972 0.066009 -0.579129
v 0.857796 0.413330 0.085680
v 0.787318 0.599187 0.040417
v 0.492732 0.877993 0.923787
v 0.589160 0.865588 0.816063
v 0.490899 0.894280 0.858437
v -1.547387 -0.521983 -1.215021
v -1.513572 -0.483572 -1.197960
v -1.492580 -0.411575 -1.272904
v -1.568634 -0.434153 -0.901611
v 0.738283 -0.082014 1.405474
v 0.653115 -0.220238 1.436616
v 0.757053 -0.206584 1.289833
v 0.609312 -0.203192 1.473609
v 0.671004 -0.136543 1.469353
v -0.500267 0.261047 -1.153386
v -0.511159 0.277506 -1.097458
v -0.442198 0.322749 -1.133230
v -0.299993 0.315336 -1.129846
v -1.808057 -0.600759 0.470623
v -1.799422 -0.688867 0.493626
v -1.728662 -0.643593 0.525889
v -0.990624 -0.792771 1.571571
v -0.767739 -0.776321 1.639070
v -1.162851 -0.769712 1.531241
v -1.436739 -0.030565 0.549105
v -1.325073 0.024357 0.523172
v -1.427612 -0.832373 -1.464414
v -1.476770 -0.821801 -1.143860
v -1.675520 -0.815548 -0.326783
v -1.778219 -0.813429 -0.217691
v -0.619867 0.730698 1.033530
v -0.609875 0.780016 1.028565
v 0.963760 0.573037 -0.640995
v 0.853031 0.688083 -0.510675
v 0.894153 0.621117 -0.711561
v 0.802147 0.731360 -0.561631
v -1.373133 -0.115320 -1.236581
v -1.392584 -0.033064 -1.115840
v -1.268053 -0.036964 -1.211193
v -1.477631 -0.210550 -1.137139
v -1.454877 -0.203558 -1.181847
v -1.461337 -0.321326 -1.159907
v 0.702144 -0.024691 1.418158
v 0.742429 -0.089115 1.331128
v -1.398163 0.081266 0.039645
v -1.314829 0.128690 0.084601
v 0.588470 0.958483 -0.289424
v 0.543088 1.037023 -0.390416
v 0.508732 1.087391 -0.300967
v 0.642493 0.889956 0.079364
v 0.621913 0.943399 -0.035656
v 1.530944 -0.636229 -1.405897
v 1.595971 -0.422970 -1.368209
v 1.728743 -0.743203 -1.323004
v -1.466934 -0.077822 0.065210
v -1.496694 -0.086438 0.069872
v -1.528090 -0.125312 -0.168507
v -1.589543 -0.218700 -0.017223
v -0.166235 0.871786 0.833770
v -0.277950 0.859037 0.812443
v -0.227795 0.895760 0.982617
v -0.016378 0.870169 1.002737
v 0.112143 0.872478 0.941273
v -0.016378 -0.027814 -1.414979
v -0.140427 0.044443 -1.355746
v -0.016378 0.016989 -1.356890
v 0.242633 0.164318 -1.312652
v 0.117185 0.122542 -1.335801
v 0.053773 0.135898 -1.274756
v 0.978176 0.101504 -1.381003
v 1.314010 0.109097 -1.265321
v 1.547972 -0.656929 -0.145654
v 1.500855 -0.725756 -0.186777
v 1.378655 -0.793998 -0.427135
v 1.458994 -0.799622 -0.118847
v -1.687946 -0.145315 1.040798
v -1.715588 -0.162072 0.747814
v -1.505159 -0.111091 1.167177
v 0.356818 0.196120 1.277024
v 0.067026 0.351073 1.295093
v 0.194867 0.359909 1.226385
v 0.140367 0.441238 1.273102
v -1.802032 -0.598780 -0.057797
v -1.766345 -0.618151 -0.031868
v -1.895426 -0.732706 -0.117294
v -1.871618 -0.664903 -0.099829
v -1.686117 -0.681579 0.632090
v 0.244255 0.209019 1.247064
v 0.202367 0.107966 1.277181
v 0.046306 -0.009349 1.324225
v 0.051189 0.019608 1.415340
v -0.652453 -0.443172 -1.635424
v -0.743038 -0.454896 -1.645903
v -0.682556 -0.445533 -1.598375
v -0.683303 -0.484564 -1.676204
v -0.681825 -0.628722 -1.728204
v -0.016378 -0.019901 1.299554
v -0.095740 -0.003455 1.368483
v -0.016378 -0.006724 1.430988
v -0.201255 0.164575 1.225025
v -0.179024 0.019296 1.178827
v -1.650103 -0.120760 0.622002
v -1.640580 -0.081765 0.733199
v -1.681925 -0.076804 0.873441
v 0.793735 0.641057 0.660229
v 0.762137 0.704978 0.778599
v 0.840901 0.535842 0.813460
v 0.848255 0.375951 0.519823
v -1.136278 0.472709 -0.690565
v -1.059863 0.246684 -0.989711
v -1.072255 0.262524 -0.940645
v -0.891925 0.328348 -0.908631
v 1.076854 0.437167 -0.786442
v 1.183703 0.298796 -0.814853
v 1.152297 0.353355 -0.852356
v 1.096680 0.396270 -0.963669
v 1.109663 0.416343 -0.858284
v 0.480499 0.613766 -0.680890
v 1.359750 -0.799908 0.120041
v 1.563329 -0.580342 0.014691
v 1.537216 -0.697769 -0.086339
v 0.564385 -0.719267 1.407450
v 0.662110 -0.747324 1.374518
v 0.730846 -0.567773 1.375503
v 0.914115 0.253422 0.022623
v 0.970390 0.232862 -0.069573
v 0.871867 0.321127 0.033712
v 0.909802 0.352408 -0.090617
v 0.880169 0.402680 0.030052
v -0.662633 0.801686 0.311281
v -0.623177 0.770192 0.440144
v -0.875646 0.605942 0.205311
v -0.749419 0.694020 0.218545
v -0.876639 0.578064 0.110296
v 0.554940 0.879097 0.356970
v -0.368100 -0.622277 -1.848930
v -0.340904 -0.620636 -1.804591
v -1.151289 0.664799 0.468535
v -1.154242 0.538576 0.373819
v -0.425450 0.721667 0.232056
v -0.834453 0.618629 0.059104
v -0.426048 0.411240 -1.006638
v -0.330128 0.401022 -1.079495
v -0.450650 0.388606 -1.069714
v 0.246266 0.641843 -0.883878
v 0.381567 0.702407 -0.931049
v 1.390382 -0.170247 -0.292377
v 1.589345 -0.400575 -0.499819
v 1.502662 -0.176548 -0.549545
v 1.454014 -0.186846 -0.386105
v -0.322229 0.896757 -0.679688
v -0.307821 0.808588 -0.753940
v 0.636941 -0.167700 -1.519635
v 0.794751 -0.005941 -1.448994
v 0.352403 -0.073531 -1.477902
v 0.489055 -0.044881 -1.479783
v -0.224504 0.738447 1.142918
v -0.298134 0.586367 1.138304
v -0.116498 0.724677 1.141227
v -0.158693 0.836434 1.058638
v -0.182522 0.779769 1.106060
v -0.570226 -0.799189 1.632777
v -0.958667 -0.817588 1.482175
v -0.553278 -0.830053 1.557504
v -0.122256 -0.784479 1.635523
v -0.469028 -0.791294 1.659646
v 0.873164 0.289813 1.123625
v 0.909380 0.308004 1.106073
v 0.623942 0.689268 1.223005
v 0.408215 0.812161 1.143722
v 0.421470 0.780259 1.212647
v 0.523578 0.785714 1.145047
v -0.226973 -0.499751 -1.626411
v 0.682497 0.313589 -1.280934
v 0.835562 0.414654 -1.135146
v 1.041459 0.412776 -1.052973
v 1.005413 0.474251 -0.927901
v -0.091822 -0.754717 -1.973086
v -0.236000 -0.789187 -1.983302
v 0.170931 -0.540376 -1.729077
v -0.016378 -0.532535 -1.768038
v 0.050630 -0.506529 -1.713807
v -1.601761 -0.781904 -1.158257
v -1.503497 -0.817292 -1.442674
v 0.416534 -0.611713 -1.687469
v 0.636231 -0.691104 -1.581550
v 0.205488 -0.689467 -1.803389
v 0.105676 -0.767979 -1.878765
v 0.108870 -0.701580 -1.878514
v 0.204816 -0.738607 -1.764219
v 0.295748 -0.739754 -1.703986
v 0.180348 -0.793406 -1.732630
v -1.846297 -0.706775 0.445595
v -1.873162 -0.749789 0.242609
v -1.830627 -0.821034 0.248610
v -1.825008 -0.740500 0.462041
v 0.182925 0.928867 0.077767
v 0.220166 0.883610 0.229077
v 0.223159 0.940665 0.115492
v 0.389760 1.001365 -0.001537
v 0.946068 -0.508657 1.185433
v 1.027939 -0.636713 1.080487
v 1.129698 -0.546196 0.973187
v 0.951233 -0.202331 1.097389
v 1.068253 -0.274817 0.993882
v 0.938746 -0.062153 1.085643
v -1.265330 0.358257 -0.220377
v -1.315091 0.220009 -0.166976
v -1.268319 0.270067 -0.115142
v -1.191214 0.373326 -0.082293
v 1.008434 -0.711287 0.988423
v 1.135271 -0.592297 0.962016
v -1.477711 -0.156048 -0.871290
v -1.479387 -0.304226 -0.957986
v -1.579305 -0.342850 -0.784076
v -1.597844 -0.171913 1.136320
v -1.652332 -0.012840 1.001952
v -0.016378 -0.203840 1.484259
v -0.191643 -0.239219 1.474623
v -0.016378 -0.372445 1.547405
v -0.356443 -0.138525 1.420154
v -0.974070 0.271545 -0.828391
v -1.146980 0.408777 -0.846840
v -1.049309 0.375150 -0.808506
v -0.827863 0.407970 -0.853815
v -0.621152 0.137075 -1.129567
v -0.692656 0.308273 -1.043500
v -0.810001 0.314889 -1.009788
v 0.722496 -0.311675 1.311680
v 0.821092 -0.253580 1.207881
v 0.921374 -0.188908 1.086628
v -0.686202 -0.220295 1.436922
v -0.562986 -0.362808 1.506408
v -0.531756 -0.239980 1.443150
v -0.309443 -0.830773 -0.960617
v -0.930705 0.701418 -0.592847
v -0.996804 0.724098 -0.638784
v -1.048904 0.601454 -0.692726
v -1.705398 -0.431674 -0.735432
v -1.774793 -0.533352 -0.612484
v -1.619813 -0.386681 -0.797313
v 0.563430 0.950117 -0.445955
v 0.447234 0.955445 -0.480056
v 1.140718 -0.037065 0.897971
v 1.035525 0.003104 0.969290
v 1.060008 -0.222311 0.968689
v 1.080938 0.134509 0.857762
v 1.013004 0.275284 0.780953
v 1.535554 -0.561694 0.100687
v 0.507004 0.458598 -1.092191
v 0.473070 0.351207 -1.225414
v 0.184508 0.499021 -1.104733
v 0.314042 0.531978 -1.110605
v 0.224490 0.436808 -1.154445
v -0.016378 -0.827789 0.740360
v -0.869479 0.636555 0.349973
v -0.803657 0.706597 0.250092
v 0.213064 0.411757 1.285799
v 0.346308 0.609266 1.278072
v 0.712779 -0.824190 0.613426
v 0.408266 0.173949 1.396034
v 0.287585 0.133950 1.298522
v 0.379675 0.145702 1.431049
v 0.503070 0.163519 1.395496
v -1.035613 -0.049653 -1.374580
v -0.961779 -0.032268 -1.336168
v -0.966019 -0.122654 -1.411431
v -1.062398 -0.273096 -1.557760
v 0.784460 0.533665 1.054917
v 0.683590 0.780378 0.957397
v -0.677958 -0.085961 1.366273
v -0.519251 -0.006939 1.355258
v -0.588220 0.071591 1.303929
v -0.749098 -0.087102 1.391876
v -0.751062 -0.074128 1.366290
v -1.282948 -0.204477 -1.503797
v -0.977547 -0.444394 -1.648685
v -1.066806 0.115845 1.232726
v -1.162563 0.086665 1.267958
v -0.919087 0.166711 1.204480
v -0.933387 0.297107 1.167107
v -1.065668 0.241432 1.190708
v 1.339777 -0.315101 0.343094
v 1.313762 -0.175595 -0.038125
v 1.457102 -0.478566 0.207385
v 1.463908 -0.452683 0.078646
v 0.446493 0.359549 -1.230074
v 0.305710 0.376809 -1.207537
v 0.287376 0.205893 -1.281276
v -1.494863 -0.155456 -0.728408
v -1.531269 -0.165992 -0.724653
v -1.448871 -0.040554 -0.654756
v -1.511416 -0.267857 -0.790943
v 0.647779 -0.753934 -1.515997
v 0.778259 -0.743979 -1.408072
v 0.627465 -0.801918 -1.443185
v 0.122346 -0.665350 1.592979
v 0.071194 -0.533408 1.620002
v -0.294423 -0.708464 1.684382
v -0.869101 0.774959 0.987669
v -1.123265 0.635443 1.037713
v -1.222940 0.505884 1.102786
v 1.517940 -0.531601 0.197571
v 1.505204 -0.517852 0.071073
v 0.204080 0.353512 -1.208874
v 0.213459 0.581536 -1.051854
v -0.353015 0.462842 -0.984708
v -0.218389 0.539092 -1.010550
v -1.823660 -0.741902 -0.283081
v -1.893358 -0.767230 -0.064450
v -1.867104 -0.756432 -0.179223
v -1.187900 -0.118425 1.376083
v -1.451334 -0.089808 -1.085980
v 0.672483 0.812430 -0.270241
v 0.770347 0.652188 -0.426536
v 0.761056 0.733499 -0.518116
v -1.300576 0.167821 -0.160031
v -1.295467 0.134745 -0.254235
v -0.271521 0.688379 0.386008
v -0.332802 0.748938 0.533861
v -0.104152 0.745793 0.243072
v -0.153175 0.735481 0.152308
v -0.166338 0.642662 0.235829
v 0.529335 -0.749883 -1.623942
v 0.547060 -0.799337 -1.536133
v 0.380120 -0.780774 -1.621170
v -1.375968 -0.827823 -0.633978
v -1.420427 -0.220443 -1.265084
v -1.433583 -0.285211 -1.382076
v -1.441690 -0.439858 -1.554017
v -1.572140 -0.828955 -0.537717
v -1.591302 -0.828453 -0.677521
v -1.566773 -0.819197 -0.827398
v -1.587823 -0.668328 -1.115741
v -1.616253 -0.644857 -1.214351
v -1.632595 -0.743786 -1.110870
v -1.325226 0.103661 -0.043946
v -1.327839 0.106346 -0.125517
v -1.430151 0.038183 0.014556
v -0.918137 -0.016283 -1.178485
v -1.156262 0.120248 -1.156770
v -1.141804 0.226885 -1.088028
v -1.795833 -0.575177 0.232427
v -1.797598 -0.578528 0.390347
v -1.627878 -0.414710 0.424195
v -1.650983 -0.395464 0.365742
v 0.172219 0.633792 -0.848203
v 0.145175 0.748756 -0.787600
v -0.016378 0.779789 -0.778123
v 0.091534 0.919015 -0.671477
v -0.317779 0.743425 -0.835314
v -0.388343 0.549421 -0.917931
v -0.256950 0.581776 -0.912306
v -0.666772 0.419138 1.130502
v -0.631802 0.564339 1.093520
v -0.854687 0.424268 1.124869
v -0.580573 0.195793 1.180507
v -0.724359 0.251807 1.211104
v -1.076992 0.225283 -1.093918
v -0.978700 0.088399 -1.175028
v -1.104605 -0.013796 -1.339707
v -1.127563 0.044525 -1.219617
v -1.551787 -0.426330 -1.125746
v -1.602635 -0.507778 -0.984409
v -1.620318 -0.638900 -1.015260
v -1.633183 -0.739571 -1.045775
v -0.114150 0.721824 -0.784952
v -0.253021 0.774348 -0.734375
v -0.142313 0.641802 -0.951420
v -0.150732 0.617096 -0.816551
v -0.016291 0.674274 -0.811793
v -0.879129 0.626667 0.273554
v -0.819615 0.711361 0.309598
v -0.821559 0.765707 0.389220
v -0.016388 -0.797033 -1.901870
v -0.016378 -0.812602 -1.838758
v -0.488744 -0.822832 -1.895690
v 0.106274 -0.807193 -1.796514
v -0.016378 0.584437 -0.984213
v -0.127222 0.611485 -0.973293
v -0.016378 0.600088 -0.856230
v 0.099950 0.988662 -0.564705
v -0.016378 0.941802 -0.642344
v -0.016378 1.015860 -0.484707
v 0.049011 0.875514 -0.719728
v -0.016378 0.927670 -0.673000
v 1.766537 -0.580703 -1.307152
v 1.805124 -0.502937 -1.202025
v 1.630803 -0.537972 -1.375383
v 1.605821 -0.723030 -1.376094
v -1.295763 -0.131757 1.366803
v -1.518383 -0.164997 1.193834
v -1.387017 -0.140577 1.324012
v -1.402617 0.330572 0.631124
v -1.395207 0.293455 0.498065
v 0.526227 0.479646 -1.104453
v -0.546497 0.364516 -1.041489
v -0.569855 0.467225 -1.005429
v -0.648826 0.415765 -0.999502
v -0.940860 0.655125 -0.096428
v -0.913395 0.671196 -0.134397
v -0.944098 0.622170 -0.350198
v -1.026731 0.676725 -0.327782
v -0.924516 0.640755 -0.265010
v -0.537259 0.340236 -1.064246
v -1.443341 -0.252766 0.466334
v -1.537276 -0.118255 0.513051
v -1.581712 -0.386608 0.304930
v -1.474778 -0.288548 0.401543
v -1.452117 -0.309425 0.316616
v 0.902730 0.184008 1.080351
v 0.966774 0.275362 0.997563
v 1.083801 0.037707 0.920546
v 1.176092 -0.036501 0.811709
v 0.969730 0.312490 0.885717
v 0.938865 0.326623 1.021389
v 0.947288 0.373665 0.614574
v 0.205019 1.200671 -0.370806
v 0.418968 1.052539 -0.464914
v 0.327269 1.103707 -0.412697
v -1.746851 -0.651054 0.815389
v -1.713512 -0.628111 0.885353
v -1.772218 -0.707738 0.731768
v 0.584755 0.205798 1.301590
v 0.558213 0.211152 1.265049
v -0.081755 0.560447 0.405573
v 0.009013 0.603707 0.435818
v -0.016378 0.679744 0.327267
v -0.059758 0.662009 0.290484
v -0.170227 0.557757 0.344428
v -0.410584 -0.732385 1.684857
v -0.500917 -0.462042 1.551082
v -0.581219 -0.586106 1.595655
v -0.435730 -0.556464 1.611819
v -1.416888 0.002331 -0.155118
v -1.509537 -0.138910 -0.257006
v 0.163468 -0.647198 -1.833787
v 0.177636 -0.592906 -1.775024
v 0.500517 -0.227639 -1.556486
v -1.363851 0.400491 0.638279
v -1.059888 0.222566 -1.039105
v -1.102648 0.271497 -0.990860
v -0.400380 0.646350 -0.912120
v -0.300991 0.603514 -0.887654
v -0.428370 0.577367 -0.918478
v 0.634111 0.882097 -0.249030
v 0.600511 0.960179 -0.186914
v 0.685674 0.857149 -0.143135
v -0.899224 0.681848 -0.249387
v -0.878397 0.760495 -0.197457
v -0.717965 0.783465 -0.050183
v 1.464659 -0.720453 -0.405569
v 1.481193 -0.714474 -0.285239
v 1.457927 -0.777475 -0.199156
v 1.650376 -0.595875 -0.533446
v 1.544174 -0.758422 -0.593596
v 1.763933 -0.756609 -0.812339
v 1.310420 0.025420 -1.346473
v 1.098856 0.118138 -1.365596
v 1.104916 0.272164 -1.244504
v 1.263302 0.119905 -1.308050
v -0.658348 -0.749879 -1.912632
v -0.772674 -0.781632 -1.897972
v 0.843615 -0.414772 -1.501458
v 0.770455 -0.630016 -1.487585
v 0.964090 -0.578897 -1.438983
v -0.514443 0.800053 0.572235
v -0.526397 0.796594 0.459260
v 1.420008 -0.671076 0.699446
v 1.479059 -0.726821 0.556430
v 1.466257 -0.564921 0.578657
v -0.924669 -0.077017 -1.300239
v -1.404528 0.022933 -0.358824
v -1.376590 0.064454 -0.282552
v 1.046938 0.121968 -0.068091
v 1.070004 0.089173 0.038496
v 1.104966 0.000933 0.116343
v -0.609704 0.884055 -0.285569
v -0.336372 0.978736 -0.386473
v -0.350577 0.939670 -0.496973
v -1.406377 -0.072702 -0.858634
v -1.452727 -0.125485 -0.836505
v -1.353108 0.055899 -0.797971
v -1.306303 0.137433 -0.696610
v -1.238004 0.188449 -0.657490
v 1.222009 0.186719 -0.735984
v 1.280275 0.141604 -0.719402
v 1.246098 0.234048 -0.808704
v 1.221301 0.016508 -0.406959
v 1.342724 -0.047515 -0.418952
v 1.250969 0.072500 -0.543485
v -0.306709 0.502295 1.165446
v -0.306440 0.360616 1.182893
v -0.215765 0.409872 1.203383
v -0.692166 0.311317 1.198683
v -0.630494 0.293070 1.144564
v -0.621995 0.352827 1.154353
v -1.474411 0.216276 0.858129
v -1.421445 0.191712 1.055479
v -1.388212 0.361736 1.090795
v -1.466044 0.280877 1.004326
v -0.605944 0.812243 0.745816
v -0.718780 0.831950 0.752756
v -0.693223 0.820544 0.861221
v -0.811650 0.823590 0.843773
v -1.172667 -0.637811 -1.800526
v 1.038208 -0.678799 -1.378142
v 1.258521 -0.604613 -1.391345
v -0.154226 -0.116502 -1.469628
v -0.202039 0.011910 -1.412730
v -0.178844 0.009728 -1.367720
v -0.233410 -0.147753 -1.496284
v -0.016378 -0.279777 -1.578580
v 0.165696 0.083635 -1.368467
v 0.108611 -0.262787 -1.560424
v -0.164136 0.780055 0.121429
v -0.124972 0.794618 0.187553
v -0.089953 0.858693 0.134948
v -0.071321 0.888662 0.021664
v -0.102087 0.897068 -0.057318
v -0.122504 0.836076 0.103483
v -1.621008 -0.795441 -0.847544
v -1.364057 -0.036096 0.137412
v -1.267705 -0.098511 0.182779
v -0.113682 0.026188 1.251983
v 0.132872 0.157372 1.261636
v 0.135677 0.213412 1.234558
v 0.075165 0.307856 1.264152
v -0.291672 -0.025622 -1.442757
v -0.400265 -0.025440 -1.422554
v -0.351073 0.035214 -1.324881
v -0.591691 -0.206705 -1.468324
v -1.361984 -0.171584 1.381163
v -1.317619 -0.354855 1.446864
v -1.471070 -0.385232 1.324672
v -0.237181 -0.113647 -1.500792
v -0.186218 -0.085514 -1.493586
v 0.106703 -0.085055 -1.464141
v 0.175373 -0.058475 -1.442942
v 0.202505 -0.134390 -1.501451
v 0.258844 -0.025682 -1.443060
v -0.167509 1.074760 -0.312756
v -0.246908 1.013837 -0.246892
v -0.105852 1.087328 -0.268503
v 0.118972 1.128018 -0.273366
v 0.158202 1.183556 -0.309457
v 0.120749 1.149285 -0.311315
v 0.450246 0.753208 -0.474633
v 0.349772 0.834004 -0.547572
v 0.482228 0.683001 -0.495130
v -1.614899 0.037220 1.002054
v -1.482983 0.060050 1.018314
v -1.547633 0.061170 0.973247
v -1.454169 0.183435 1.001737
v -1.470492 0.137505 0.917027
v 1.462463 -0.744550 0.407349
v 1.500057 -0.517658 0.245756
v 1.498541 -0.540574 0.373033
v 1.528548 -0.624776 0.228995
v 1.513476 -0.701772 -0.429055
v 0.113072 0.846497 0.862657
v 0.056695 0.836963 0.801193
v -0.016420 0.887989 0.877555
v -0.016378 0.752693 0.286191
v 0.112728 0.687187 0.424282
v -0.065866 0.908109 0.884050
v -0.187640 0.909288 0.966632
v -0.231649 0.869059 1.066760
v -0.750356 0.819928 -0.155984
v -1.361407 0.137702 1.098145
v -0.854554 0.814757 0.789112
v -1.600136 -0.309293 -0.467780
v -1.715936 -0.479774 -0.400888
v 1.060441 0.336700 -0.549480
v 1.207345 0.091989 -0.571467
v 1.271077 0.100566 -0.680453
v 1.183621 0.160187 -0.636680
v 1.791738 -0.780413 -0.968489
v 1.836415 -0.722532 -1.027892
v -1.413531 -0.689085 -1.667035
v -1.719869 -0.827524 0.411178
v -1.799760 -0.808343 0.347288
v 0.801486 0.288158 1.260233
v -0.293588 0.881498 1.079197
v -0.407483 0.857800 0.977876
v -0.349130 0.876497 0.915130
v 1.477283 -0.669948 0.429746
v 1.468945 -0.667057 0.630250
v -0.911952 0.685180 1.058423
v -0.765744 0.626339 1.081242
v 0.335287 0.853184 0.392384
v 0.361717 0.908334 0.284013
v 0.256910 0.871590 0.316868
v 0.221609 0.800601 0.393381
v -0.418123 -0.001174 -1.369101
v -0.480481 0.184612 -1.221525
v -0.366632 0.701968 0.293014
v -0.201840 0.690751 0.171494
v -0.602160 0.837662 -0.572268
v -0.431737 0.952285 -0.598737
v -0.465880 0.749228 0.265618
v -0.679750 0.802782 0.249396
v -0.566142 0.779319 0.382167
v -1.154027 0.427771 -0.783387
v -1.211099 0.381398 -0.695927
v -1.225034 0.177369 -0.804771
v -1.220316 0.283594 -0.821413
v 0.587357 -0.295284 1.484183
v 0.633398 -0.332506 1.386696
v 0.552614 -0.347164 1.493215
v 0.189459 -0.310474 1.586484
v 0.490122 -0.517165 1.499539
v -0.016378 0.172200 1.287806
v 0.033096 0.045242 1.275394
v 0.160923 0.085993 1.310065
v 0.062383 0.008907 1.284708
v 0.099665 0.628802 -0.834137
v -0.725210 -0.830642 -1.889668
v -0.848956 -0.797117 -1.834456
v -0.854672 -0.826721 -1.782349
v 0.129498 0.945327 -0.003515
v -0.016378 0.961411 -0.119071
v 0.139204 1.018863 -0.111914
v 0.100171 1.075485 -0.182837
v 0.390717 -0.498363 -1.697242
v 0.248568 -0.641216 -1.752581
v 0.244969 -0.494862 -1.712214
v 0.346421 -0.573063 -1.719965
v -1.363386 -0.214088 -1.281043
v -1.401080 -0.257199 -1.336086
v -1.455303 -0.280391 -1.263787
v 0.103242 0.621689 0.623373
v -0.900979 0.728807 -0.646761
v -0.845539 0.800725 -0.670204
v -0.933195 0.754814 -0.676028
v -0.313690 0.279073 1.149326
v -0.466424 0.168272 1.159621
v -0.381388 0.118112 1.168970
v -0.367494 0.415459 1.159454
v -0.383491 0.475335 1.135519
v -0.416208 0.431920 1.104386
v -0.375345 0.940088 -0.245050
v -1.288226 -0.143864 -1.363330
v -1.218992 -0.118298 -1.395651
v -1.301882 -0.188964 -1.438078
v -1.496472 0.065473 0.946650
v -1.400651 0.056921 0.780580
v -1.466015 -0.532890 1.350208
v -1.472255 -0.719494 1.235215
v -1.357858 -0.766394 1.333579
v -1.439205 -0.625819 1.334677
v 0.767920 0.578193 -0.964531
v 0.746818 0.531901 -1.029111
v 0.715972 0.632011 -0.941565
v 0.891705 0.522412 -0.937013
v 0.971962 0.474945 -0.900569
v 0.994655 0.206212 -0.110527
v 0.957037 0.295143 -0.148786
v -1.047325 0.435162 -0.772812
v -0.921488 0.590804 -0.851958
v -1.000121 0.554510 -0.781967
v -0.881955 0.717894 -0.822729
v 0.371634 -0.614180 1.522279
v 0.204983 -0.380458 1.585154
v 0.228727 -0.202829 1.557894
v -1.452354 -0.075573 -0.475443
v -1.427406 -0.038936 -0.575207
v -0.016378 0.742250 0.642408
v 0.107252 0.721070 0.773992
v -0.190644 0.762142 0.599532
v -0.273316 0.777098 0.627837
v 0.586413 -0.529716 1.464652
v 0.657656 -0.466602 1.433511
v 0.583362 -0.550123 1.425780
v 1.579991 -0.559148 -0.035329
v 0.200713 0.114863 1.382609
v 0.261519 0.129413 1.353388
v 1.552938 -0.617078 -0.112176
v 1.541916 -0.564200 -0.106295
v 1.592118 -0.527025 -0.086995
v -0.223261 -0.522212 1.557925
v -0.428806 -0.283189 1.432542
v -0.464013 -0.461264 1.532796
v -0.970673 0.672224 -0.221310
v -1.061280 0.683077 -0.299751
v -1.164026 0.574915 -0.280743
v -0.990630 0.703042 -0.155256
v 1.150060 0.174914 -0.561994
v 1.124731 0.269703 -0.609184
v -1.735692 -0.232376 0.743587
v -1.770630 -0.367681 0.760798
v -1.703554 -0.430422 1.007489
v -1.749690 -0.390340 0.901599
v -1.734361 -0.459313 0.872700
v 0.729562 0.725534 0.600651
v 0.706482 0.790642 0.805011
v 0.780607 0.654881 0.604234
v 0.644803 0.837737 0.733079
v 0.560063 0.907963 0.765149
v 1.346742 -0.378638 0.706801
v -0.461809 0.936767 -0.282754
v -0.294925 0.964545 -0.270379
v 1.529746 -0.743259 -0.476913
v 1.577629 -0.683311 -0.545302
v -0.283833 0.982472 -0.360802
v -0.314502 0.916803 -0.485803
v 0.169269 0.880590 0.121113
v -0.016378 0.862025 0.149619
v 0.087700 0.864444 0.130103
v -1.247970 0.332521 -0.378664
v -1.124362 0.573395 -0.168034
v -1.178415 0.533448 -0.215370
v -0.016378 0.400429 -1.083465
v -0.130695 0.133649 -1.166920
v -0.077279 0.256773 -1.138766
v -0.628793 -0.782304 -1.924314
v -0.660006 -0.829253 -1.872391
v -0.287973 -0.322979 -1.609821
v -0.495226 -0.217036 -1.525797
v 1.759322 -0.709668 -1.309065
v -1.681883 -0.742181 -0.887562
v -1.636736 -0.785881 -1.039584
v -1.656863 -0.692678 -1.025496
v 1.427393 -0.766599 0.135242
v 1.443594 -0.800279 0.051770
v -0.209126 0.023643 1.309885
v -0.230710 0.010358 1.336689
v 0.838219 0.585315 -0.144038
v 0.874880 0.487410 -0.072214
v 0.834164 0.514872 -0.031022
v 0.807793 0.502581 0.070738
v 0.467750 0.890210 0.530400
v 0.344196 0.841297 0.587475
v 0.407211 0.869171 0.636328
v -0.058843 0.566957 -1.035035
v 0.175432 0.635771 -0.980384
v -0.545278 -0.825321 1.211282
v 0.319186 0.670245 -0.853549
v 0.152418 0.256202 1.232375
v 0.217102 0.272531 1.224822
v -1.814482 -0.648309 -0.035478
v 0.618326 0.336324 -1.258617
v 0.743687 0.412608 -1.102250
v 0.928151 0.454833 -1.060444
v 0.767146 0.448638 -1.100716
v 0.842685 0.531240 -0.972862
v -1.690147 -0.497682 0.966316
v -1.623919 -0.542776 1.063237
v -0.629086 0.252997 1.161539
v -0.420465 0.227159 1.175023
v -0.489514 0.267480 1.163745
v -0.294177 0.778321 0.098988
v -0.248920 0.692629 0.129454
v -0.244919 0.838747 0.020556
v -0.016054 0.081782 -1.302669
v -0.146577 0.052208 -1.278085
v -0.016378 0.142890 -1.221787
v -0.016378 0.377036 -1.113902
v -1.490322 -0.334805 -1.051352
v -1.481706 -0.241296 -1.063422
v 1.149396 -0.026571 0.421653
v 1.106328 0.021625 0.301978
v 1.107982 0.006826 0.464259
v 1.200856 -0.049809 0.501447
v -1.081064 -0.820082 -1.760339
v -0.988982 -0.824531 -1.793388
v -0.289239 -0.380447 -1.579552
v -1.218788 -0.160748 -1.454496
v -1.017584 0.730402 -0.412264
v -0.958042 0.656007 -0.415970
v -0.866207 0.721758 -0.310568
v -0.852979 0.766212 -0.429784
v -0.016378 0.923329 -0.073665
v -0.015891 0.893187 -0.010879
v -0.170780 0.280637 -1.116442
v -0.317687 0.682569 1.115669
v -0.539994 0.472681 1.124381
v -0.484245 0.561124 1.094611
v 0.253460 -0.031372 1.522725
v -0.417165 0.592558 1.104718
v -0.470265 0.467258 1.129721
v -0.431301 0.505858 1.148821
v 1.318610 0.188814 -1.011774
v 1.193041 0.285683 -0.995132
v 1.216792 0.280280 -0.948255
v 1.158218 -0.099537 0.831233
v 1.158676 -0.228362 0.899955
v -1.416149 0.396922 1.048275
v -0.845572 0.812254 -0.367577
v -0.765524 0.873176 -0.276266
v -1.287957 0.111068 -0.237528
v -1.452565 -0.054460 -0.316715
v -0.371782 -0.815581 -1.967960
v -1.655173 -0.560355 0.781542
v -1.691379 -0.645133 0.657302
v 1.447281 -0.432906 -1.375364
v 1.031049 -0.490555 -1.439513
v -0.935552 0.688585 -0.540203
v -0.895969 0.740790 -0.490286
v -0.783277 -0.253855 -1.465621
v 0.655495 0.593258 -1.019930
v 0.606905 0.600295 -0.968846
v -1.300303 -0.126378 0.153926
v -1.327791 -0.196423 0.211606
v -1.285890 -0.146093 0.294542
v 0.026419 0.566644 -1.034814
v 0.518490 0.666432 -0.557970
v 0.555810 0.693845 -0.522943
v 0.612852 0.716326 -0.561888
v -1.166645 0.245578 -0.963798
v -1.198642 0.365933 -0.845495
v -0.016378 -0.690906 -1.923602
v -0.130431 -0.624992 -1.904484
v -0.016378 -0.619946 -1.843641
v 0.122849 -0.609749 -1.829979
v 0.690477 0.329581 1.278114
v -1.768010 -0.522073 -0.156905
v -1.740142 -0.553390 -0.166829
v -1.574324 -0.207050 0.058849
v -1.653510 -0.326935 -0.156695
v -1.644885 -0.070633 0.825643
v -1.572823 0.027128 0.859168
v 0.457640 0.285566 -1.289906
v 0.619913 0.280625 -1.309194
v 0.620912 0.363196 -1.169699
v -0.918991 0.550271 -0.014675
v -0.845651 0.600974 0.013849
v -0.378242 0.141060 -1.253340
v -0.259658 0.043104 -1.326890
v -0.487096 0.029341 -1.324587
v -0.230862 0.067193 -1.271362
v -0.272297 0.104521 -1.232832
v 0.368715 0.858990 0.532690
v -0.959038 0.714617 -0.741435
v -1.007369 0.586686 -0.764643
v -0.882824 0.793276 -0.707306
v 0.886925 -0.700938 -1.422432
v 0.901177 -0.795767 -1.320292
v 1.613848 -0.535873 -0.512010
v 0.787143 0.471658 0.535761
v 0.835992 0.338620 0.307118
v 0.047546 0.399080 1.278754
v -0.132342 0.453319 1.182660
v -0.016378 0.456946 1.219171
v 1.368554 -0.120582 -0.410349
v 1.382527 -0.051295 -0.455315
v -0.016378 0.368026 1.264373
v -0.107915 0.117490 1.278757
v -0.130899 0.285423 1.265788
v -0.734507 -0.063389 1.338545
v -0.607906 0.109608 1.240176
v 1.267767 -0.179415 0.386893
v 1.291850 -0.191017 0.487227
v 1.229252 -0.126638 0.704109
v 1.278881 -0.155593 0.520499
v 1.233307 -0.076428 0.516810
v -1.164284 -0.124769 -1.414456
v -0.225360 0.044699 -1.368460
v -0.115358 0.051335 -1.317413
v 0.053105 0.781893 0.775245
v 0.742270 -0.401186 1.307574
v 0.885814 -0.337093 1.190528
v 0.887764 -0.220817 1.168968
v 0.992091 -0.399338 1.096286
v -0.762163 0.753721 -0.621437
v -0.797010 0.808730 -0.653027
v -0.896760 0.723253 -0.568659
v -0.794138 0.801653 -0.453261
v 1.460871 -0.299093 -1.375628
v 1.539954 -0.294744 -1.340064
v 1.411453 -0.766046 -1.406014
v 1.405193 0.057426 -1.022532
v -0.593962 -0.502775 -1.627060
v 0.804351 0.608715 -0.862812
v 0.988535 0.523179 -0.824973
v 0.869459 0.571116 -0.910022
v 0.080976 -0.397367 1.557577
v -0.016378 -0.531194 1.603526
v -0.114003 -0.494727 1.581264
v -1.488004 -0.296545 -0.845567
v -1.539882 -0.377636 -0.843424
v 0.471137 0.850175 1.025536
v 0.405560 0.852616 0.970379
v 0.162809 0.877294 0.878446
v 1.149093 -0.200146 0.852259
v -1.221441 0.431526 -0.172330
v 0.438911 0.702667 -0.585522
v -1.159618 0.184476 1.169519
v -1.319318 -0.210657 -1.414179
v -1.389615 -0.273213 -1.411509
v -1.313932 -0.222468 -1.363980
v -0.407588 -0.826736 -1.150603
v -1.363963 0.042118 0.590576
v -1.392715 0.082140 0.662378
v -1.242471 0.687709 0.847690
v -1.224558 0.710774 0.746934
v -0.518754 -0.102774 1.375513
v -0.622651 -0.188110 1.411021
v -0.406581 -0.171739 1.412036
v -0.380792 -0.115477 1.378853
v -0.016378 0.732247 1.176797
v -0.016330 0.792368 1.110298
v -0.990990 0.012757 -1.286449
v -1.274823 0.183421 -0.748807
v -1.332729 0.102346 -0.920786
v -1.257033 0.178956 -0.863707
v -1.649689 -0.415811 -0.002834
v -1.700676 -0.460123 -0.103367
v 1.406667 -0.361658 0.026281
v 1.509748 -0.481224 0.013992
v 1.567610 -0.512731 -0.033375
v 0.428913 -0.828407 1.309052
v 0.192645 -0.828628 1.403934
v 0.883451 -0.539639 1.236673
v 0.963492 -0.669438 1.189092
v 0.960213 -0.725342 1.204684
v 0.911130 -0.820514 1.150470
v 0.169409 0.011579 -1.412722
v -0.016378 -0.222418 -1.533341
v 0.950133 -0.688384 -1.379315
v 0.972933 -0.797390 -1.246806
v 0.761278 -0.800287 -1.340947
v -0.016378 -0.825985 -0.733922
v -1.575467 -0.590849 -1.115941
v -0.537258 0.929564 -0.692325
v -0.699031 0.882051 -0.712482
v -0.851088 0.826777 -0.744896
v -0.016378 -0.194860 -1.496890
v 0.104393 -0.229817 -1.571256
v -0.102045 -0.085498 -1.442060
v -0.261435 -0.544855 -1.678673
v 1.615513 -0.462462 -0.459163
v 1.598621 -0.552078 -0.482027
v 1.600350 -0.473103 -0.418824
v 0.688964 0.707183 -0.432525
v -0.842221 -0.033604 1.364443
v -0.877593 -0.142546 1.412357
v -0.651921 0.778262 0.210952
v -0.563205 0.777289 0.123389
v -0.646717 0.772606 0.132895
v -0.503786 0.822009 0.060030
v -0.621903 0.809924 0.037013
v -0.459225 0.769312 0.100954
v -1.452432 -0.773244 1.205287
v -1.258685 -0.807547 1.303051
v -0.262144 0.689429 0.190474
v -0.246548 0.690857 0.263612
v -0.225252 0.709463 0.309368
v -0.195932 0.590451 0.300076
v -0.603185 0.015303 -1.243189
v -0.605630 0.085551 -1.218998
v -0.532382 0.091358 -1.250997
v -0.456121 -0.046728 -1.416263
v -0.553651 -0.058177 -1.344142
v -0.016424 0.271707 1.280309
v 0.184251 0.850308 0.849074
v -0.016378 0.488920 -1.080513
v 0.125942 0.444543 -1.075371
v 0.102473 0.420645 -1.122873
v 0.914732 0.348892 -0.145987
v 1.111993 0.172834 -0.434172
v 1.153643 0.029890 -0.168588
v 1.178357 0.056006 -0.349021
v -0.717843 -0.635022 -1.718184
v 0.458274 0.633001 -0.750797
v 0.451981 0.677552 -0.741594
v 0.471537 0.651940 -0.645511
v 1.206349 -0.094139 0.340645
v 1.175470 -0.013799 0.499939
v 1.480955 -0.791191 -0.489210
v 0.617955 0.836979 0.892633
v -0.563093 0.757161 0.240348
v -0.503131 0.752649 0.199516
v -0.241925 0.240313 1.159898
v -0.240560 0.369541 1.219789
v 0.536624 0.352074 -1.251307
v -0.597770 -0.394177 -1.577800
v -0.553569 -0.728004 1.659228
v -0.586592 -0.647736 -1.859952
v 0.421966 0.736138 1.254073
v 0.712999 -0.167518 -1.513868
v 1.094449 -0.011239 -1.393658
v -0.520727 0.682508 1.078610
v -0.590384 0.672973 1.074241
v 0.886102 -0.005153 -1.439269
v 0.924038 -0.753010 1.127726
v 0.963083 -0.666266 1.136221
v -0.755391 0.721519 0.121129
v -0.724035 0.752604 0.227138
v -0.670610 0.775057 0.033284
v -1.278881 0.191896 -0.917687
v -0.772437 0.792199 0.245879
v -1.542084 -0.159367 0.012764
v -1.505865 -0.077001 0.000531
v 0.491171 0.883662 0.607644
v 0.551074 0.899161 0.710194
v -0.502826 0.310039 1.114445
v -0.435180 0.330172 1.084360
v -0.507646 0.418934 1.145280
v -0.442577 0.295837 1.151855
v -0.361861 0.286099 1.154518
v -0.016378 0.621251 0.475342
v 0.041384 0.666124 0.575204
v 0.134017 0.572774 0.517694
v 0.073297 0.597186 0.476052
v 0.548398 -0.192948 -1.544912
v -0.443961 0.493221 -0.979357
v -0.398559 0.517994 -0.928825
v -0.735265 -0.742233 1.655906
v -1.535101 -0.326245 0.419388
v -1.659516 -0.415798 0.290215
v 0.936709 0.339968 0.728858
v 1.001703 0.326518 0.670186
v 0.933626 0.357209 0.646090
v -1.045467 0.696636 -0.388464
v -0.511227 0.812412 1.007490
v -0.518815 0.782496 1.024843
v -1.291612 0.078319 -1.037400
v -1.296418 0.052074 -1.095930
v 1.077380 0.223871 -0.510098
v -1.416872 -0.284502 0.280130
v -0.536959 0.212464 -1.101850
v -0.606206 0.163016 -1.170590
v -0.498661 -0.423950 -1.504598
v -0.501034 0.857277 -0.019921
v -0.405794 0.828283 0.078356
v -0.297021 0.865423 0.004878
v 0.850152 0.608004 -0.814848
v -1.663252 -0.402459 -0.808810
v 1.174060 -0.581259 0.914383
v 1.075687 -0.681320 0.859007
v 1.072913 -0.724576 0.852657
v -0.711742 0.873132 -0.643743
v -0.193802 0.623251 -0.894844
v -0.900236 0.309959 -0.820347
v 1.256962 -0.158058 0.495248
v -1.425885 -0.297157 0.401445
v -1.871894 -0.751705 -0.011495
v -0.103816 0.655905 0.483018
v 0.987095 -0.743481 0.841616
v 0.314458 0.763023 0.467950
v 0.320641 0.821467 0.548088
v -0.941640 -0.175096 -1.416386
v -0.317575 0.950874 -0.666422
v -0.325340 0.964612 -0.600737
v -0.265745 0.950568 -0.617010
v -0.455196 0.946858 -0.664315
v -1.742407 -0.461225 -0.591536
v -0.016378 -0.738674 1.641817
v 0.084503 -0.788720 1.567963
v 1.823685 -0.536328 -1.113316
v 1.687441 -0.362863 -1.099366
v 1.551703 -0.577064 0.200320
v -1.529072 0.021485 1.076501
v -1.780569 -0.791019 0.452949
v -0.666927 0.882343 -0.249002
v 0.540054 1.030945 -0.199991
v 0.490231 1.048981 -0.121370
v -1.239745 0.141987 -1.060866
v -0.169290 0.869972 1.065428
v -1.276029 0.133487 -0.180135
v -1.310188 0.143429 -0.045301
v 0.282893 0.985366 -0.048517
v 0.247462 0.995738 0.001891
v 1.102673 -0.401053 0.971864
v 1.235121 -0.390998 0.843364
v 0.169678 0.431978 -1.114925
v -0.016378 -0.827474 -0.915478
v 1.317055 -0.255857 0.496009
v 1.356323 -0.265772 0.595264
v -0.613241 0.791507 0.544255
v -0.570562 0.797030 0.691321
v -0.401570 0.815382 0.646659
v -0.239625 0.589053 -0.959132
v 0.748377 0.669021 0.591692
v 0.768624 0.722236 0.378086
v 0.729218 0.784334 0.470232
v -1.183904 0.343974 0.023489
v -1.176266 0.344512 -0.070095
v 0.735178 0.753826 0.573418
v 0.723567 0.714943 0.550056
v 0.922566 0.558447 -0.385847
v 0.934496 0.461049 -0.359319
v 1.570750 -0.495931 -0.129836
v 0.059246 0.017793 -1.397111
v 1.014061 0.268711 0.620942
v 0.749841 0.661805 0.968338
v -0.363955 -0.419081 1.514294
v -0.396500 -0.499906 1.551406
v -1.706346 -0.451031 -0.818743
v -1.773643 -0.683309 -0.595097
v -1.714666 -0.774618 -0.541115
v -0.761575 -0.032125 -1.202886
v -0.673501 0.039470 -1.178066
v -1.501530 -0.517898 -1.594816
v -1.417134 -0.488172 -1.630702
v 0.667494 -0.352399 1.394168
v -0.529876 0.227025 1.128752
v -0.502011 0.196220 1.153312
v -0.959694 0.686753 -0.119315
v -0.872112 0.713204 -0.164408
v 0.065015 0.545676 -1.050443
v 0.163833 0.510526 -1.078313
v -0.755532 -0.377942 1.499868
v -0.671218 -0.350260 1.502291
v -0.725060 -0.170346 1.426656
v -0.832908 -0.273414 1.462674
v 1.368802 0.091381 -1.155442
v -1.294315 -0.115025 0.335048
v 0.466964 -0.594474 1.499758
v 0.811976 0.575862 -0.129196
v 0.815499 0.584704 -0.052217
v 0.794055 0.544479 -0.019997
v 0.085422 0.638928 -0.963756
v 0.097342 0.632779 -0.890037
v 0.143244 0.622182 -1.007154
v 1.465935 -0.451459 0.558438
v 1.004172 0.120648 0.964632
v 0.968772 0.244831 1.006873
v 0.945071 0.164989 0.996204
v 0.714362 -0.457496 -1.539198
v 0.625027 -0.553030 -1.578097
v -1.533676 -0.755785 -1.553502
v 1.347385 0.042370 -1.240755
v 0.368709 0.847705 0.464416
v 0.438197 0.873048 0.405744
v -1.774369 -0.346604 0.681414
v -1.736369 -0.257679 0.676732
v 0.055475 -0.660029 -1.891096
v -0.016490 -0.776722 -1.937065
v 0.088634 -0.636625 -1.850559
v -0.016378 0.801902 0.765623
v -0.041921 0.878267 0.828295
v -1.368364 0.063629 -0.733485
v -1.399092 0.021333 -0.660421
v -1.045472 0.613424 1.081524
v -1.017471 0.739534 0.999073
v 1.027449 0.463928 -0.859655
v -1.110910 0.547830 -0.143892
v -0.286959 0.762977 1.127070
v -0.265717 0.829866 1.116876
v 1.280384 -0.293983 0.777404
v 1.253307 -0.164899 0.779144
v 1.497394 -0.631729 0.455875
v -1.577052 -0.577807 -1.248133
v -0.260062 0.700226 0.351628
v -1.318226 0.474956 1.087095
v -1.318620 0.387005 1.113095
v -1.749193 -0.574665 -0.224313
v -0.280144 -0.267650 1.457357
v 0.915518 0.047247 1.077444
v 0.465721 -0.795696 1.401624
v 0.372832 0.838763 1.110930
v 1.184558 -0.290488 0.840575
v 0.762765 0.339308 1.283491
v -0.447652 0.814267 0.602284
v 0.328437 0.869776 -0.606756
v 0.836329 0.389716 0.470586
v 0.812914 0.401340 0.296932
v 1.556580 -0.669838 -0.423890
v 1.309235 -0.486244 -1.383175
v -1.175166 0.691733 0.511520
v -1.381432 0.422250 0.797731
v 0.742213 0.500663 0.241804
v 0.353430 -0.726291 -1.688266
v 1.529175 -0.503691 0.049665
v -0.649506 0.111965 1.282081
v -0.720289 0.063415 1.296812
v -1.364362 0.018771 -0.951775
v 0.150618 -0.464824 -1.673110
v 0.055638 0.621857 1.188036
v -0.745668 0.799751 0.369625
v 1.192376 -0.346639 0.884753
v -0.712476 -0.262453 -1.473723
v 0.463335 0.673885 -0.941222
v 0.455111 0.665278 -0.996190
v 0.175876 1.002741 -0.610188
v 0.268069 0.915527 -0.593739
v -1.098222 0.484481 -0.753731
v 1.689114 -0.348334 -1.126163
v -1.400019 -0.001672 0.094059
v -1.231745 0.206543 -0.572061
v -1.254951 0.186751 -0.735805
v 0.194073 -0.216892 -1.570483
v 0.235843 -0.186869 -1.533120
v 0.781805 0.686118 0.241967
v -1.372891 -0.833653 -1.603206
v -1.493679 -0.800967 -1.570243
v 0.490416 0.669926 -0.592960
v -0.603861 0.762491 -0.795906
v -0.838355 0.662168 -0.847053
v -0.368780 0.631615 -0.866404
v 0.883051 -0.802860 -0.851861
v -1.229397 0.502848 0.364272
v -1.242813 0.407500 0.307739
v 0.286038 0.937170 0.157646
v 0.324942 0.983891 0.048948
v -0.536971 -0.050844 -1.405590
v -0.538607 -0.145327 -1.459573
v -0.256552 0.624795 -0.885523
v 1.408915 -0.139019 -0.392232
v 1.333406 -0.089618 -0.341367
v 1.358580 -0.144066 -0.365077
v -1.215278 0.442558 -0.282731
v -1.156936 0.551711 -0.355439
v -1.197825 0.412546 -0.373167
v 0.390249 0.974601 0.014182
v -0.316619 0.840044 0.722215
v 0.114533 -0.351232 1.549676
v -0.521990 0.843354 -0.761595
v -1.481871 -0.216347 -0.833567
v -0.085726 -0.704153 1.686719
v -0.016378 -0.613913 1.645154
v -0.044627 -0.686016 1.663386
v 0.483032 0.702221 -0.581191
v -0.372700 0.336355 1.140078
v 0.498550 -0.512933 -1.658280
v -0.572483 0.804152 0.981799
v -0.187179 0.037186 -1.317823
v -0.264233 0.023046 -1.409118
v -1.171031 -0.843709 -1.422807
v 0.743496 0.496846 0.129235
v 0.626307 0.954604 -0.091908
v 0.575035 0.982981 -0.106069
v -1.554153 -0.670027 1.108811
v 0.585950 -0.710056 -1.600423
v -1.238648 -0.802368 1.420001
v -0.944111 -0.820217 1.150464
v -0.095232 0.414546 1.187581
v 0.623655 -0.731677 -1.527966
v 0.649157 -0.609087 -1.554393
v 0.593025 -0.761176 -1.563883
v -1.560474 -0.815525 -1.004094
v 0.474643 -0.606193 1.465775
v 0.373798 -0.676235 1.497805
v -0.753591 0.713284 0.045256
v -0.682116 0.758755 0.006632
v -0.685033 0.730127 0.075655
v -0.716988 0.731234 0.080522
v 0.127852 0.963491 -0.628274
v -0.906126 0.755621 -0.748660
v 0.320529 0.031731 1.501214
v -0.123135 0.378786 1.224377
v -1.109927 0.436982 -0.786414
v 1.033927 0.189636 0.916020
v 1.231251 -0.013725 -0.305106
v 0.926921 0.505582 -0.979663
v -1.409692 -0.534644 1.393012
v -1.405106 -0.466051 1.397765
v -1.775933 -0.407208 0.468081
v -1.688046 -0.423389 0.434461
v -1.547300 -0.408723 1.253088
v -1.577043 -0.304194 1.228400
v -0.571268 0.351572 1.157534
v -1.132164 -0.801713 1.488315
v -1.515035 -0.142783 -0.578192
v -1.464072 -0.059725 -0.566739
v -1.475418 -0.128121 -0.521934
v -0.112406 0.114702 -1.205844
v -0.109646 1.037843 -0.449392
v -1.161021 -0.305314 -1.574608
v 0.791883 0.542140 -0.940809
v -0.105615 0.312779 -1.108002
v 0.427041 0.270373 1.263701
v -1.293844 0.163664 -0.248052
v -1.647126 -0.200510 1.097237
v -1.585321 -0.226899 1.205876
v 0.661783 0.817118 0.553458
v 0.673646 0.811839 0.621582
v 1.097813 0.015407 0.171051
v 1.011766 0.093914 0.158361
v 0.799528 -0.827571 1.159828
v 0.908770 -0.814120 1.096693
v -0.695130 -0.821720 1.125452
v -0.185186 0.256175 1.232295
v -0.644570 -0.149000 1.404472
v 0.686144 0.846693 0.463279
v 0.698607 0.806727 0.591702
v 1.139694 0.323782 -0.650550
v 1.158525 0.343292 -0.964389
v -0.426799 -0.099883 1.358087
v 1.475869 -0.280235 -0.292418
v 0.147816 0.966428 -0.052848
v -1.793196 -0.547839 -0.603038
v -1.753994 -0.663565 -0.623537
v 1.581209 -0.535393 -0.466585
v -0.157372 0.338550 -1.087553
v -1.655145 -0.799700 0.758379
v -1.576189 -0.755464 0.978906
v -1.742584 -0.617817 -0.719574
v -0.623617 0.046600 -1.185347
v -0.211892 -0.471444 1.539794
v -1.129608 -0.075015 -1.395947
v 0.215121 0.762232 -0.781293
v 0.052723 -0.169861 -1.509170
v 0.172572 -0.181279 -1.505773
v -1.331334 -0.018136 0.501545
v -1.369556 0.003483 0.545989
v -0.016378 0.979274 -0.158060
v -1.694918 -0.407471 -0.137079
v 0.677230 -0.479511 1.405503
v -0.805761 0.685054 0.023024
v -1.458623 0.034572 1.052223
v -1.401285 -0.787642 -1.639450
v -0.849205 0.093477 1.222969
v -0.767212 0.664590 0.083593
v -0.681577 0.656772 1.092616
v -0.769525 0.605233 1.073952
v -0.519074 0.059647 1.177544
v -1.497079 -0.347669 -1.098573
v -1.528444 -0.626733 -1.574375
v 1.337049 0.060973 -0.659627
v 1.419716 -0.076004 -0.475328
v -1.408517 0.042571 0.054473
v -0.404948 0.661250 1.079263
v -0.587231 0.600329 1.071320
v -0.086985 0.009409 1.283637
v -1.483464 -0.174178 -1.083649
v -1.350570 -0.250872 0.275820
v -1.387216 -0.233648 0.303247
v -1.351710 -0.178349 0.294539
v 0.075470 1.079232 -0.355409
v -0.016361 1.104598 -0.260126
v 0.959061 0.334357 0.786382
v -1.375992 0.017405 -0.270709
v -1.506667 -0.123711 -0.286814
v 0.294190 0.879822 0.804278
v 0.908910 0.380828 0.828349
v -1.405217 -0.258902 0.262166
v -1.383104 -0.205446 0.118820
v -1.334398 -0.239680 0.178264
v -0.792742 -0.705653 -1.876809
v -0.016378 1.107137 -0.305794
v -0.110226 1.079641 -0.354059
v -1.132937 0.144401 1.213772
v 0.165604 0.852761 0.276567
v -1.543103 -0.225662 -0.324400
v -1.549027 -0.218249 -0.366198
v 1.355006 -0.024636 -1.338192
v 1.434826 -0.213297 -1.374569
v 1.514740 -0.636064 0.387860
v 1.220720 0.289858 -0.900608
v -0.466004 0.759249 0.159865
v -0.846235 0.569872 1.106712
v -1.616568 -0.033010 0.814697
v -1.644604 -0.000415 0.917490
v -0.548513 -0.196240 -1.467976
v 1.160793 -0.006953 0.561789
v -0.552513 0.485229 -0.974196
v 0.776527 0.526242 0.061697
v 0.817674 0.605724 -0.008075
v 0.796946 0.578269 0.101816
v -1.627854 -0.357818 0.453860
v -1.534783 -0.299607 0.473944
v -0.016378 -0.112242 1.468199
v 0.080945 -0.059768 1.484027
v -0.198348 1.044924 -0.390391
v -0.284344 1.008496 -0.277581
v 0.622241 0.912753 0.179032
v -1.671878 -0.692677 0.554963
v 1.379914 -0.383798 0.297189
v -1.064405 0.669439 -0.364948
v -0.152084 0.896545 0.867117
v -1.823583 -0.727148 -0.218470
v -1.744237 -0.322888 0.516448
v 0.216963 0.829221 0.342487
v 0.186466 0.776181 0.332000
v -0.460864 0.144680 -1.237070
v 1.115463 -0.287111 -1.410632
v 1.102792 -0.123943 -1.393731
v -1.807559 -0.618125 -0.122342
v -0.123654 -0.613022 1.647819
v -0.113136 -0.571218 1.594243
v 0.483831 -0.710367 1.446999
v 0.769205 0.635814 0.190999
v 1.506808 -0.775664 -0.042410
v -1.188537 0.063744 -1.181713
v -1.296418 0.063427 -1.102970
v -1.665462 -0.491746 0.984689
v 0.737492 0.627716 -0.379901
v -0.016378 -0.329008 -1.593735
v 0.079123 -0.656686 1.621951
v -0.695759 0.267609 1.211217
v 1.138736 0.343916 -1.036694
v 0.906592 0.090909 1.054394
v 1.256660 -0.612639 0.834128
v -0.905500 -0.465104 1.515132
v 0.787086 0.632439 0.124119
v 0.785971 0.712629 0.193149
v -0.379892 0.852804 -0.016179
v -1.503642 -0.408233 -1.152382
v -1.217419 0.440375 -0.229232
v -1.050264 0.460270 -0.755951
v -1.002334 0.554183 -0.811667
v -0.491519 0.750870 0.133088
v 0.115800 1.082100 -0.360434
v -1.497637 -0.147443 -0.511000
v -1.223734 -0.771439 1.466468
v -1.295601 -0.779045 1.415875
v -1.291316 -0.800127 1.338633
v 1.054489 0.474343 -0.781721
v 0.628469 0.857252 -0.276806
v -1.331823 -0.207131 0.130449
v 0.212544 0.087118 -1.349269
v -1.398706 -0.696506 1.360598
v -0.935948 0.292217 -0.792995
v -0.588559 -0.684869 1.650833
v -1.320904 0.063912 -0.950630
v -1.699265 -0.269287 0.592309
v 0.073285 -0.127863 1.483343
v 0.369241 0.664260 -0.892445
v -0.372390 -0.564877 1.578863
v 1.034598 0.048322 -1.377356
v -1.541564 -0.199042 0.078588
v -0.016378 0.815096 -0.740321
v -0.083053 0.878888 -0.681433
v -0.579769 -0.827642 0.955924
v 0.088176 -0.357796 1.562295
v 0.191521 0.254988 1.209800
v -1.841492 -0.623291 -0.055413
v 1.314727 -0.466297 -1.391348
v 1.134532 -0.266885 -1.415053
v -1.313059 0.192964 -0.225547
v 0.296615 1.024700 -0.072476
v -1.478292 -0.195719 -0.781113
v 0.262021 0.420935 1.299465
v -0.033836 -0.478183 -1.729013
v 0.977990 0.029659 1.019285
v 1.071337 0.099490 0.914108
v -1.213558 0.066132 1.155570
v 1.041368 0.059536 0.977751
v 0.372600 0.434827 1.291509
v 0.784148 -0.114659 1.297402
v -0.596176 0.122769 -1.219765
v 1.008643 0.046882 -1.405099
v -1.399542 -0.613414 1.405405
v 0.016910 -0.284442 -1.591976
v -0.549163 0.199938 -1.159905
v -0.896188 0.786553 -0.776897
v 1.163355 0.019994 0.574725
v 1.478622 -0.736460 -0.164077
v -0.580173 0.690343 1.036695
v -0.450605 0.069912 1.181730
v -0.537466 0.778626 0.993168
v -1.570248 -0.177125 1.138315
v -0.613478 0.365710 -1.041625
v -0.262997 0.578166 -0.887660
v -0.352101 0.669973 -0.853394
v -1.473037 -0.629371 -1.637464
v 0.863552 0.444658 -1.114395
v 1.745706 -0.782176 -0.836209
v 1.305009 -0.177960 0.519480
v 1.554095 -0.368736 -0.337809
v -1.414426 0.010167 -0.612668
v -1.491382 -0.747835 1.132961
v -0.266246 0.368358 -1.080498
v -0.237937 0.124697 -1.214002
v -0.234031 0.332504 -1.127040
v 0.469970 0.870658 0.992070
v 0.126978 -0.392940 1.587302
v -0.188082 -0.717091 1.676522
v 0.049218 0.984464 -0.093447
v -1.445709 -0.058774 -0.232115
v -0.400666 0.073999 1.158372
v -1.678586 -0.471328 1.010915
v -1.081401 0.390162 -0.033650
v -1.112267 0.353173 -0.047671
v -1.158435 0.122905 1.171864
v -1.355730 -0.486961 -1.640555
v 0.743262 0.628907 0.988381
v -0.693330 0.783469 -0.077273
v -1.342478 0.080620 -0.726509
v 0.355363 -0.695104 1.486736
v -1.448721 -0.014841 -0.637155
vt 0.279028 0.773435
vt 0.276959 0.785521
vt 0.274774 0.786264
vt 0.760580 0.988591
vt 0.763609 0.980598
vt 0.766719 0.988083
vt 0.385973 0.371903
vt 0.397061 0.373512
vt 0.401883 0.382323
vt 0.463954 0.623613
vt 0.454492 0.625294
vt 0.452569 0.618839
vt 0.449732 0.630984
vt 0.398823 0.794447
vt 0.392718 0.793474
vt 0.392371 0.786964
vt 0.406019 0.364239
vt 0.550702 0.398972
vt 0.557806 0.388835
vt 0.567254 0.378681
vt 0.549482 0.388789
vt 0.546739 0.396827
vt 0.549347 0.385898
vt 0.545245 0.387037
vt 0.547355 0.383124
vt 0.549067 0.383254
vt 0.549840 0.381485
vt 0.557421 0.386176
vt 0.545779 0.379459
vt 0.199857 0.103299
vt 0.194028 0.104841
vt 0.194729 0.097023
vt 0.112768 0.328300
vt 0.109794 0.335122
vt 0.098402 0.336038
vt 0.441794 0.748403
vt 0.433651 0.747442
vt 0.458630 0.745325
vt 0.192641 0.086743
vt 0.550310 0.379431
vt 0.554046 0.380180
vt 0.708650 1.000000
vt 0.700695 1.000000
vt 0.702166 0.985528
vt 0.551418 0.374762
vt 0.547955 0.377313
vt 0.146464 0.897650
vt 0.145473 0.892060
vt 0.147611 0.892942
vt 0.134936 0.861821
vt 0.127242 0.879954
vt 0.121119 0.878404
vt 0.142364 0.890926
vt 0.145282 0.884914
vt 0.127944 0.140004
vt 0.137015 0.153181
vt 0.124168 0.144595
vt 0.370721 0.739084
vt 0.390541 0.738979
vt 0.377966 0.744953
vt 0.368013 0.754547
vt 0.157291 0.136125
vt 0.153891 0.132773
vt 0.162952 0.134005
vt 0.461338 0.642382
vt 0.474943 0.650258
vt 0.471594 0.655458
vt 0.476725 0.660853
vt 0.123636 0.333493
vt 0.156517 0.140285
vt 0.135474 0.161865
vt 0.133025 0.186916
vt 0.132240 0.166855
vt 0.120295 0.180217
vt 0.921616 0.338605
vt 0.915709 0.324714
vt 0.928228 0.338404
vt 0.160804 0.127766
vt 0.408531 0.609721
vt 0.411279 0.617104
vt 0.406332 0.611838
vt 0.412466 0.615627
vt 0.413539 0.619820
vt 0.412529 0.610877
vt 0.401042 0.611962
vt 0.403259 0.620206
vt 0.365367 0.605014
vt 0.374061 0.612413
vt 0.354634 0.612456
vt 0.471275 0.576279
vt 0.455634 0.584973
vt 0.461420 0.576554
vt 0.465700 0.575009
vt 0.465441 0.571248
vt 0.149686 0.893862
vt 0.138608 0.888580
vt 0.138116 0.880062
vt 0.133657 0.885976
vt 0.131401 0.891462
vt 0.128743 0.885377
vt 0.125381 0.891146
vt 0.125911 0.881894
vt 0.526250 0.628887
vt 0.528237 0.602104
vt 0.542550 0.624091
vt 0.238967 0.289205
vt 0.236457 0.273668
vt 0.244271 0.281779
vt 0.507613 0.587999
vt 0.490619 0.581111
vt 0.489204 0.572399
vt 0.417218 0.614524
vt 0.304328 0.801378
vt 0.326263 0.799860
vt 0.310719 0.816730
vt 0.559865 0.367748
vt 0.374687 0.563431
vt 0.394332 0.560726
vt 0.379485 0.574771
vt 0.206184 0.075747
vt 0.184793 0.050977
vt 0.224121 0.071212
vt 0.321663 0.639722
vt 0.306544 0.651003
vt 0.308660 0.623704
vt 0.205519 0.904410
vt 0.189591 0.895700
vt 0.203227 0.890042
vt 0.153960 0.241922
vt 0.154959 0.230075
vt 0.164552 0.244292
vt 0.503944 0.639675
vt 0.496316 0.632409
vt 0.501896 0.622474
vt 0.488718 0.793231
vt 0.512476 0.792574
vt 0.494154 0.799265
vt 0.155415 0.034526
vt 0.149331 0.026400
vt 0.167378 0.028936
vt 0.400459 0.629125
vt 0.409635 0.625648
vt 0.671004 0.922997
vt 0.664362 0.907024
vt 0.677912 0.909421
vt 0.127503 0.203742
vt 0.137715 0.204133
vt 0.143207 0.210895
vt 0.121527 0.883980
vt 0.158511 0.869788
vt 0.155799 0.848676
vt 0.175652 0.865780
vt 0.055504 0.859431
vt 0.066876 0.838339
vt 0.079803 0.857444
vt 0.283471 0.378268
vt 0.298125 0.381269
vt 0.285724 0.388018
vt 0.408053 0.604084
vt 0.524401 0.382043
vt 0.525108 0.403097
vt 0.512867 0.404435
vt 0.471917 0.444470
vt 0.478127 0.459715
vt 0.456270 0.448182
vt 0.093567 0.404299
vt 0.115760 0.402424
vt 0.110408 0.415443
vt 0.184902 0.418642
vt 0.189341 0.405799
vt 0.204582 0.402012
vt 0.338073 0.380685
vt 0.339724 0.376306
vt 0.346838 0.387900
vt 0.296997 0.369519
vt 0.283490 0.364747
vt 0.299251 0.356059
vt 0.517363 0.776195
vt 0.497993 0.780527
vt 0.517829 0.757698
vt 0.133535 0.191065
vt 0.136635 0.196363
vt 0.452611 0.582261
vt 0.446959 0.594855
vt 0.133074 0.215035
vt 0.278553 0.610171
vt 0.297150 0.625393
vt 0.287923 0.637749
vt 0.396350 0.217194
vt 0.400369 0.231287
vt 0.385054 0.228682
vt 0.137885 0.895577
vt 0.287973 0.107116
vt 0.263363 0.107778
vt 0.272824 0.088814
vt 0.667640 0.334005
vt 0.112777 0.800326
vt 0.092979 0.799061
vt 0.117307 0.783577
vt 0.152359 0.658741
vt 0.165760 0.668645
vt 0.162680 0.683692
vt 0.407729 0.562017
vt 0.426360 0.572034
vt 0.414629 0.576712
vt 0.496407 0.611801
vt 0.496170 0.599213
vt 0.507226 0.608127
vt 0.144882 0.204933
vt 0.072261 0.891119
vt 0.065850 0.885037
vt 0.076107 0.877268
vt 0.741987 0.280657
vt 0.830513 0.196139
vt 0.741989 0.330643
vt 0.674377 0.732855
vt 0.674512 0.727881
vt 0.682959 0.726401
vt 0.086715 0.337630
vt 0.092163 0.346711
vt 0.085204 0.361307
vt 0.149750 0.201159
vt 0.145463 0.205757
vt 0.616197 0.117542
vt 0.638583 0.117679
vt 0.620682 0.138791
vt 0.189345 0.826266
vt 0.181363 0.804431
vt 0.201751 0.815180
vt 0.218651 0.176377
vt 0.215041 0.189172
vt 0.204376 0.172855
vt 0.092197 0.270568
vt 0.099128 0.284629
vt 0.087664 0.303877
vt 0.264567 0.798179
vt 0.279233 0.793040
vt 0.278649 0.806258
vt 0.159270 0.875135
vt 0.158428 0.899701
vt 0.163270 0.231617
vt 0.439377 0.680778
vt 0.453088 0.664152
vt 0.460318 0.678920
vt 0.167537 0.465809
vt 0.151797 0.475275
vt 0.131898 0.463491
vt 0.311099 0.379213
vt 0.318565 0.343996
vt 0.114925 0.897265
vt 0.131214 0.905195
vt 0.098528 0.911762
vt 0.550167 0.767758
vt 0.527632 0.767663
vt 0.521996 0.754451
vt 0.209468 0.317721
vt 0.203045 0.322399
vt 0.198025 0.306396
vt 0.727079 0.974525
vt 0.746351 0.980202
vt 0.731520 0.992125
vt 0.349050 0.153234
vt 0.313496 0.139417
vt 0.364533 0.140792
vt 0.292726 0.053528
vt 0.301776 0.065162
vt 0.271699 0.063745
vt 0.718918 0.970338
vt 0.721464 0.993878
vt 0.137098 0.812681
vt 0.149597 0.801436
vt 0.146700 0.833162
vt 0.378449 0.704222
vt 0.390189 0.706564
vt 0.382547 0.712588
vt 0.460007 0.599954
vt 0.482316 0.599958
vt 0.444666 0.610328
vt 0.187546 0.188671
vt 0.195531 0.201635
vt 0.169923 0.202737
vt 0.480052 0.579955
vt 0.486643 0.584722
vt 0.476153 0.591305
vt 0.215701 0.259961
vt 0.230026 0.249747
vt 0.225307 0.261397
vt 0.102274 0.309892
vt 0.152312 0.827549
vt 0.168265 0.818368
vt 0.122652 0.191743
vt 0.433335 0.586892
vt 0.435735 0.577639
vt 0.096065 0.771484
vt 0.089777 0.787427
vt 0.082283 0.772507
vt 0.630357 0.206426
vt 0.674104 0.231052
vt 0.630223 0.252118
vt 0.929860 0.327731
vt 0.149221 0.015065
vt 0.163076 0.003864
vt 0.160931 0.019943
vt 0.250911 0.216313
vt 0.238146 0.226082
vt 0.249629 0.201753
vt 0.139542 0.032963
vt 0.155871 0.062801
vt 0.136691 0.058202
vt 0.094929 0.833519
vt 0.112177 0.831340
vt 0.122550 0.856112
vt 0.547126 0.348886
vt 0.362067 0.331898
vt 0.383315 0.321702
vt 0.375697 0.341000
vt 0.385375 0.618822
vt 0.382471 0.630395
vt 0.354157 0.620142
vt 0.147384 0.223695
vt 0.182882 0.234751
vt 0.180379 0.215524
vt 0.208270 0.213101
vt 0.616436 0.733996
vt 0.603139 0.719087
vt 0.630271 0.710370
vt 0.449126 0.569586
vt 0.135095 0.996367
vt 0.138110 0.984418
vt 0.181077 0.989573
vt 0.202940 0.121229
vt 0.209966 0.129099
vt 0.200584 0.137707
vt 0.385308 0.591545
vt 0.378728 0.597195
vt 0.366079 0.584584
vt 0.415735 0.628823
vt 0.400945 0.636934
vt 0.125410 0.821263
vt 0.137391 0.833734
vt 0.129252 0.844738
vt 0.391554 0.617769
vt 0.391156 0.605679
vt 0.368975 0.302383
vt 0.369715 0.288570
vt 0.380638 0.281999
vt 0.139350 0.190370
vt 0.140961 0.219262
vt 0.374302 0.167463
vt 0.231628 0.831972
vt 0.229590 0.821988
vt 0.241570 0.818763
vt 0.647476 0.145043
vt 0.677409 0.123366
vt 0.699253 0.161842
vt 0.238207 0.379817
vt 0.224131 0.381886
vt 0.233157 0.360749
vt 0.866177 0.338668
vt 0.900400 0.334609
vt 0.882487 0.356965
vt 0.255218 0.783093
vt 0.268019 0.775227
vt 0.265169 0.786341
vt 0.594046 0.156286
vt 0.615402 0.180036
vt 0.587294 0.207006
vt 0.428280 0.266975
vt 0.444567 0.288541
vt 0.428324 0.281332
vt 0.179941 0.093282
vt 0.147468 0.085543
vt 0.137085 0.977453
vt 0.139432 0.953072
vt 0.159115 0.970469
vt 0.429036 0.579233
vt 0.420444 0.598969
vt 0.418885 0.584941
vt 0.192235 0.876349
vt 0.180991 0.879251
vt 0.180035 0.870056
vt 0.200399 0.047787
vt 0.182937 0.448779
vt 0.174522 0.424782
vt 0.189146 0.424676
vt 0.170439 0.294476
vt 0.156726 0.309261
vt 0.161243 0.287609
vt 0.141958 0.184739
vt 0.144531 0.173898
vt 0.371871 0.355241
vt 0.371062 0.401034
vt 0.231931 0.858685
vt 0.222120 0.844040
vt 0.233133 0.835749
vt 0.608832 0.650346
vt 0.617222 0.645923
vt 0.607844 0.657557
vt 0.147281 0.129798
vt 0.106869 0.192834
vt 0.122055 0.207700
vt 0.104779 0.227223
vt 0.032487 0.812194
vt 0.042197 0.804491
vt 0.047594 0.808133
vt 0.200282 0.159647
vt 0.182525 0.158332
vt 0.198053 0.145153
vt 0.355767 0.362202
vt 0.095212 0.853668
vt 0.543030 0.797645
vt 0.551945 0.807563
vt 0.538672 0.815143
vt 0.358782 0.184897
vt 0.376623 0.185344
vt 0.369698 0.198142
vt 0.290475 0.224614
vt 0.261822 0.222626
vt 0.283217 0.215090
vt 0.175050 0.680738
vt 0.190605 0.704544
vt 0.173445 0.694706
vt 0.260320 0.805581
vt 0.253203 0.801957
vt 0.232638 0.195888
vt 0.253682 0.166229
vt 0.249462 0.197108
vt 0.282646 0.140355
vt 0.274287 0.129479
vt 0.286410 0.127182
vt 0.522736 0.690783
vt 0.530555 0.677073
vt 0.534992 0.688072
vt 0.462540 0.732063
vt 0.456614 0.726382
vt 0.475503 0.716713
vt 0.351262 0.315817
vt 0.341031 0.302531
vt 0.348494 0.291408
vt 0.318180 0.240041
vt 0.311362 0.245831
vt 0.307906 0.238273
vt 0.262395 0.610052
vt 0.242943 0.598010
vt 0.254000 0.593988
vt 0.223155 0.672467
vt 0.224424 0.689297
vt 0.201532 0.678171
vt 0.465866 0.709395
vt 0.451490 0.723253
vt 0.444478 0.709115
vt 0.430003 0.653588
vt 0.421983 0.675919
vt 0.420921 0.662553
vt 0.214101 0.137922
vt 0.209760 0.145401
vt 0.248109 0.156788
vt 0.253704 0.149207
vt 0.260450 0.161060
vt 0.824906 0.292221
vt 0.880487 0.313942
vt 0.191512 0.603192
vt 0.187677 0.627380
vt 0.176407 0.609668
vt 0.233146 0.205165
vt 0.206374 0.230875
vt 0.214784 0.222225
vt 0.069639 0.253661
vt 0.079807 0.256078
vt 0.073759 0.261310
vt 0.749078 0.957940
vt 0.759327 0.956073
vt 0.757353 0.969887
vt 0.741638 0.121716
vt 0.742007 0.176682
vt 0.296660 0.566220
vt 0.263406 0.579938
vt 0.292678 0.504495
vt 0.740175 0.964045
vt 0.327671 0.813594
vt 0.335587 0.829989
vt 0.138320 0.000000
vt 0.648063 0.717115
vt 0.642008 0.705579
vt 0.649090 0.697766
vt 0.563616 0.421330
vt 0.569239 0.410877
vt 0.576712 0.432357
vt 0.585878 0.454071
vt 0.588006 0.417702
vt 0.611608 0.432243
vt 0.100295 0.710870
vt 0.113539 0.672791
vt 0.131748 0.686338
vt 0.129108 0.723704
vt 0.137289 0.312892
vt 0.124898 0.301952
vt 0.134600 0.302063
vt 0.218100 0.359621
vt 0.200347 0.358639
vt 0.215054 0.343866
vt 0.557476 0.612799
vt 0.541930 0.605138
vt 0.506658 0.574421
vt 0.434499 0.666244
vt 0.456988 0.656651
vt 0.562791 0.395500
vt 0.631211 0.407293
vt 0.427832 0.200863
vt 0.469020 0.237715
vt 0.436210 0.243671
vt 0.442436 0.270102
vt 0.450105 0.284157
vt 0.252082 0.352977
vt 0.241672 0.320964
vt 0.261359 0.326870
vt 0.226514 0.280045
vt 0.129227 0.159938
vt 0.113598 0.155819
vt 0.097754 0.169691
vt 0.214118 0.201378
vt 0.211088 0.198456
vt 0.318963 0.693901
vt 0.311457 0.705094
vt 0.292660 0.681662
vt 0.348949 0.705594
vt 0.341853 0.728603
vt 0.325600 0.715431
vt 0.128532 0.220788
vt 0.119019 0.221811
vt 0.132424 0.224472
vt 0.117690 0.226073
vt 0.170463 0.241853
vt 0.164454 0.255189
vt 0.194363 0.244090
vt 0.177041 0.258478
vt 0.042395 0.845765
vt 0.057295 0.843112
vt 0.465177 0.478700
vt 0.248702 0.668370
vt 0.218977 0.639360
vt 0.271067 0.646589
vt 0.249168 0.714072
vt 0.277468 0.679724
vt 0.272327 0.703041
vt 0.101957 0.727761
vt 0.093555 0.724832
vt 0.096674 0.686722
vt 0.921070 0.185537
vt 0.915980 0.245146
vt 0.859483 0.265323
vt 0.309315 0.760289
vt 0.327653 0.769581
vt 0.306030 0.774035
vt 0.276307 0.742170
vt 0.293266 0.727387
vt 0.285086 0.755080
vt 0.156137 0.115238
vt 0.167823 0.125231
vt 0.168017 0.120089
vt 0.166389 0.110030
vt 0.182412 0.119845
vt 0.539561 0.333928
vt 0.562647 0.284962
vt 0.538318 0.298020
vt 0.530222 0.831115
vt 0.102948 0.235770
vt 0.104076 0.254566
vt 0.093375 0.253300
vt 0.265923 0.715268
vt 0.244126 0.733528
vt 0.235650 0.726363
vt 0.212786 0.728160
vt 0.230223 0.733427
vt 0.139047 0.427728
vt 0.122770 0.423374
vt 0.128828 0.413174
vt 0.148711 0.448298
vt 0.103975 0.323016
vt 0.088900 0.323886
vt 0.136748 0.401063
vt 0.171151 0.403494
vt 0.144971 0.414972
vt 0.263605 0.097079
vt 0.245688 0.098331
vt 0.231164 0.073249
vt 0.250704 0.057020
vt 0.259284 0.066884
vt 0.300856 0.779923
vt 0.310152 0.788603
vt 0.297942 0.785939
vt 0.272682 0.310780
vt 0.260126 0.303530
vt 0.269495 0.296122
vt 0.321186 0.247316
vt 0.316162 0.253922
vt 0.805585 0.424299
vt 0.829145 0.458220
vt 0.800849 0.470220
vt 0.880132 0.393853
vt 0.867971 0.405501
vt 0.834630 0.408046
vt 0.307029 0.271751
vt 0.306532 0.253020
vt 0.315048 0.265456
vt 0.295827 0.246029
vt 0.291309 0.239025
vt 0.296882 0.239990
vt 0.929755 0.228269
vt 0.132547 0.661941
vt 0.118289 0.669251
vt 0.117647 0.644095
vt 0.470359 0.353508
vt 0.429348 0.366357
vt 0.439522 0.346586
vt 0.834453 0.437322
vt 0.848007 0.412027
vt 0.843267 0.436802
vt 0.427995 0.624801
vt 0.466531 0.612848
vt 0.480927 0.621997
vt 0.143083 0.154272
vt 0.167223 0.177016
vt 0.159921 0.186127
vt 0.082840 0.384256
vt 0.107634 0.395353
vt 0.084594 0.393198
vt 0.383956 0.861348
vt 0.394999 0.842969
vt 0.404425 0.863435
vt 0.377435 0.812971
vt 0.400244 0.814129
vt 0.401551 0.826923
vt 0.391564 0.831609
vt 0.376898 0.846046
vt 0.378163 0.829169
vt 0.896427 0.383352
vt 0.917566 0.351906
vt 0.495171 0.433113
vt 0.500512 0.464584
vt 0.028290 0.286433
vt 0.034509 0.280694
vt 0.032716 0.299573
vt 0.490248 0.808008
vt 0.914479 0.163662
vt 0.865548 0.175113
vt 0.134151 0.650326
vt 0.491498 0.662038
vt 0.505445 0.665058
vt 0.499118 0.677312
vt 0.499191 0.706245
vt 0.503203 0.713213
vt 0.487112 0.712720
vt 0.256945 0.169534
vt 0.273586 0.172453
vt 0.266369 0.178112
vt 0.277435 0.198418
vt 0.283684 0.188601
vt 0.288899 0.210505
vt 0.310887 0.167968
vt 0.326916 0.160808
vt 0.284547 0.157113
vt 0.267417 0.164310
vt 0.419089 0.621559
vt 0.547836 0.270489
vt 0.532141 0.277783
vt 0.532868 0.259749
vt 0.616187 0.688828
vt 0.639366 0.694140
vt 0.629099 0.702506
vt 0.206533 0.286381
vt 0.215543 0.273935
vt 0.222570 0.279662
vt 0.194560 0.263242
vt 0.673491 0.946006
vt 0.684427 0.932507
vt 0.549536 0.741009
vt 0.557367 0.757581
vt 0.539960 0.750417
vt 0.330214 0.867621
vt 0.343348 0.848540
vt 0.346023 0.868957
vt 0.304825 0.855282
vt 0.330937 0.848584
vt 0.327968 0.862913
vt 0.205588 0.414134
vt 0.257293 0.388418
vt 0.266729 0.380165
vt 0.269796 0.395579
vt 0.169990 0.315868
vt 0.182736 0.314390
vt 0.185903 0.332130
vt 0.183102 0.359329
vt 0.173008 0.358741
vt 0.183523 0.349367
vt 0.213138 0.447184
vt 0.201945 0.452666
vt 0.203460 0.445221
vt 0.184331 0.897655
vt 0.195431 0.914420
vt 0.177905 0.930294
vt 0.518917 0.619506
vt 0.515980 0.605675
vt 0.492803 0.585642
vt 0.573699 0.439977
vt 0.564993 0.429731
vt 0.344359 0.131820
vt 0.313873 0.130469
vt 0.345138 0.119343
vt 0.131385 0.088773
vt 0.152725 0.095263
vt 0.134642 0.102265
vt 0.681444 0.924458
vt 0.266598 0.330809
vt 0.285827 0.336577
vt 0.275390 0.349012
vt 0.588698 0.684120
vt 0.576849 0.696646
vt 0.572732 0.686017
vt 0.577622 0.659750
vt 0.570003 0.650444
vt 0.581992 0.639879
vt 0.149641 0.164538
vt 0.265348 0.843042
vt 0.277239 0.846218
vt 0.269300 0.854381
vt 0.090839 0.422620
vt 0.077384 0.443419
vt 0.074871 0.408504
vt 0.053626 0.288471
vt 0.042015 0.278394
vt 0.067164 0.280829
vt 0.039581 0.298386
vt 0.066907 0.290704
vt 0.039254 0.319317
vt 0.436402 0.635304
vt 0.424003 0.632125
vt 0.426091 0.645019
vt 0.417112 0.640435
vt 0.151074 0.143382
vt 0.217606 0.840813
vt 0.226248 0.829426
vt 0.204523 0.834848
vt 0.220945 0.824001
vt 0.125049 0.352254
vt 0.125348 0.368887
vt 0.112801 0.359680
vt 0.142796 0.348933
vt 0.161010 0.354406
vt 0.152802 0.361551
vt 0.344870 0.364900
vt 0.334098 0.331096
vt 0.343840 0.342803
vt 0.334135 0.344299
vt 0.338685 0.627377
vt 0.372242 0.629224
vt 0.384234 0.650204
vt 0.288281 0.312504
vt 0.310871 0.334100
vt 0.321936 0.329022
vt 0.059110 0.755000
vt 0.075375 0.738185
vt 0.061704 0.768102
vt 0.090553 0.753390
vt 0.293006 0.821271
vt 0.283062 0.842945
vt 0.268942 0.825707
vt 0.288830 0.832121
vt 0.300419 0.847724
vt 0.296275 0.833457
vt 0.310504 0.836262
vt 0.390544 0.598983
vt 0.413559 0.585294
vt 0.416716 0.596105
vt 0.376746 0.580916
vt 0.617999 0.674391
vt 0.594939 0.660396
vt 0.598073 0.654308
vt 0.148973 0.902858
vt 0.158248 0.902077
vt 0.155873 0.914769
vt 0.514896 0.703177
vt 0.208733 0.779153
vt 0.225986 0.782420
vt 0.215710 0.797837
vt 0.151661 0.692817
vt 0.193145 0.736898
vt 0.176348 0.752432
vt 0.166050 0.155456
vt 0.162357 0.139219
vt 0.162946 0.159796
vt 0.287324 0.782769
vt 0.291416 0.772212
vt 0.294136 0.751441
vt 0.310416 0.738159
vt 0.295754 0.765068
vt 0.136530 0.702291
vt 0.151661 0.708286
vt 0.143523 0.729119
vt 0.126035 0.799976
vt 0.132069 0.790170
vt 0.147455 0.788226
vt 0.608817 0.688783
vt 0.585797 0.714587
vt 0.585219 0.704895
vt 0.560974 0.733526
vt 0.558812 0.747333
vt 0.548928 0.730871
vt 0.187626 0.865076
vt 0.215654 0.883692
vt 0.210873 0.872213
vt 0.218899 0.867797
vt 0.242913 0.382018
vt 0.236111 0.397884
vt 0.235648 0.384963
vt 0.546013 0.635724
vt 0.543262 0.640726
vt 0.533010 0.640903
vt 0.565332 0.664623
vt 0.384146 0.355535
vt 0.395401 0.344367
vt 0.399918 0.364608
vt 0.391863 0.338819
vt 0.386546 0.346120
vt 0.413627 0.715320
vt 0.417646 0.720682
vt 0.407537 0.723041
vt 0.391136 0.723911
vt 0.523326 0.375140
vt 0.517714 0.369141
vt 0.522671 0.347498
vt 0.533565 0.372884
vt 0.533485 0.381243
vt 0.374079 0.140257
vt 0.385803 0.165011
vt 0.359711 0.125962
vt 0.182662 0.126513
vt 0.172795 0.137325
vt 0.582679 0.151047
vt 0.577048 0.187276
vt 0.554371 0.279459
vt 0.542687 0.292256
vt 0.232202 0.260354
vt 0.228237 0.262986
vt 0.232691 0.790977
vt 0.241878 0.810993
vt 0.244488 0.787803
vt 0.250284 0.809162
vt 0.512508 0.666958
vt 0.517371 0.680722
vt 0.502872 0.676121
vt 0.529660 0.665789
vt 0.525304 0.663181
vt 0.534998 0.655883
vt 0.377901 0.354074
vt 0.385660 0.363242
vt 0.112771 0.143730
vt 0.119692 0.153577
vt 0.099662 0.445987
vt 0.084540 0.439963
vt 0.091175 0.429775
vt 0.148218 0.435210
vt 0.130856 0.435602
vt 0.162266 0.635687
vt 0.165213 0.658516
vt 0.937987 0.165570
vt 0.674334 0.720846
vt 0.674334 0.728815
vt 0.671053 0.730097
vt 0.600048 0.748936
vt 0.621065 0.753531
vt 0.215093 0.311314
vt 0.210653 0.300788
vt 0.227785 0.302936
vt 0.235777 0.322550
vt 0.232036 0.337980
vt 0.355046 0.673407
vt 0.370017 0.682657
vt 0.355825 0.681888
vt 0.325995 0.699617
vt 0.339948 0.693245
vt 0.348419 0.698848
vt 0.242023 0.693154
vt 0.208023 0.704098
vt 0.057125 0.768493
vt 0.050495 0.760081
vt 0.899558 0.268132
vt 0.908610 0.302943
vt 0.245783 0.118149
vt 0.217551 0.105294
vt 0.261306 0.136643
vt 0.328613 0.331527
vt 0.300430 0.309770
vt 0.305858 0.321710
vt 0.295090 0.321038
vt 0.667092 0.873344
vt 0.672427 0.874421
vt 0.664260 0.697444
vt 0.660208 0.704653
vt 0.539192 0.391428
vt 0.321291 0.321035
vt 0.329582 0.312319
vt 0.333656 0.292074
vt 0.342943 0.292375
vt 0.429860 0.615862
vt 0.439458 0.614803
vt 0.433126 0.619202
vt 0.433251 0.609999
vt 0.432438 0.592819
vt 0.330318 0.286444
vt 0.335229 0.276847
vt 0.343685 0.284331
vt 0.304389 0.277042
vt 0.314512 0.270517
vt 0.201615 0.108307
vt 0.211852 0.115969
vt 0.227169 0.118867
vt 0.185634 0.939667
vt 0.188548 0.955527
vt 0.166666 0.952043
vt 0.162620 0.910520
vt 0.498779 0.757941
vt 0.483291 0.718063
vt 0.487138 0.723602
vt 0.466452 0.736732
vt 0.221958 0.767744
vt 0.205896 0.756533
vt 0.213920 0.755806
vt 0.225937 0.748091
vt 0.221612 0.758808
vt 0.288830 0.801493
vt 0.897407 0.329918
vt 0.059293 0.790354
vt 0.038498 0.786503
vt 0.050128 0.773057
vt 0.451066 0.316049
vt 0.463271 0.305646
vt 0.458560 0.326639
vt 0.440719 0.341748
vt 0.172513 0.851720
vt 0.172528 0.839629
vt 0.179945 0.856595
vt 0.187568 0.843531
vt 0.188603 0.858613
vt 0.151235 0.266520
vt 0.165713 0.270089
vt 0.133881 0.234435
vt 0.135695 0.251649
vt 0.122461 0.232993
vt 0.179073 0.411295
vt 0.395282 0.581977
vt 0.392769 0.587382
vt 0.169911 0.213230
vt 0.157036 0.204486
vt 0.144703 0.296523
vt 0.117027 0.239966
vt 0.407945 0.741169
vt 0.395812 0.735013
vt 0.409283 0.733249
vt 0.327981 0.781270
vt 0.311046 0.775974
vt 0.126577 0.782621
vt 0.108071 0.740629
vt 0.135731 0.749831
vt 0.127164 0.767434
vt 0.766296 0.956356
vt 0.763058 0.968660
vt 0.276973 0.656029
vt 0.261001 0.677781
vt 0.311193 0.666339
vt 0.295206 0.669888
vt 0.249877 0.296649
vt 0.261037 0.284237
vt 0.254682 0.306595
vt 0.240154 0.306602
vt 0.246154 0.302226
vt 0.679731 0.501380
vt 0.635666 0.484323
vt 0.681654 0.492188
vt 0.422751 0.234197
vt 0.407559 0.196157
vt 0.342723 0.434853
vt 0.344888 0.406300
vt 0.346933 0.415114
vt 0.288112 0.377851
vt 0.264371 0.363668
vt 0.272086 0.363114
vt 0.270575 0.375339
vt 0.380317 0.611550
vt 0.274927 0.716892
vt 0.257876 0.735518
vt 0.235159 0.741253
vt 0.236278 0.756718
vt 0.687831 0.832966
vt 0.682903 0.844397
vt 0.679289 0.827091
vt 0.330678 0.600511
vt 0.354198 0.597441
vt 0.345887 0.604773
vt 0.562320 0.185598
vt 0.542949 0.593912
vt 0.296824 0.595813
vt 0.268172 0.593819
vt 0.325655 0.578656
vt 0.337652 0.567089
vt 0.339140 0.574017
vt 0.778465 0.134317
vt 0.320500 0.572573
vt 0.306944 0.576042
vt 0.318560 0.563911
vt 0.532262 0.366375
vt 0.530701 0.346511
vt 0.538504 0.345446
vt 0.536172 0.367220
vt 0.130923 0.376187
vt 0.150024 0.375187
vt 0.135907 0.380541
vt 0.124893 0.404816
vt 0.446493 0.378836
vt 0.468188 0.391255
vt 0.461000 0.414501
vt 0.408849 0.397947
vt 0.422982 0.415290
vt 0.391924 0.402895
vt 0.546565 0.784854
vt 0.561211 0.779708
vt 0.560580 0.788369
vt 0.552587 0.799712
vt 0.484059 0.396339
vt 0.467716 0.415249
vt 0.545656 0.688740
vt 0.549477 0.671506
vt 0.569748 0.679708
vt 0.257709 0.124809
vt 0.237189 0.129170
vt 0.363892 0.274259
vt 0.358311 0.255399
vt 0.382077 0.265863
vt 0.338571 0.244883
vt 0.690929 0.798410
vt 0.675604 0.778729
vt 0.686620 0.784419
vt 0.684259 0.994594
vt 0.429628 0.704943
vt 0.438682 0.726534
vt 0.452865 0.728494
vt 0.411644 0.356678
vt 0.409493 0.375839
vt 0.405172 0.395419
vt 0.330273 0.206445
vt 0.352487 0.210712
vt 0.339932 0.221016
vt 0.708900 0.207892
vt 0.477086 0.795665
vt 0.479705 0.786096
vt 0.485361 0.770245
vt 0.586019 0.674210
vt 0.604724 0.674569
vt 0.574008 0.674659
vt 0.283457 0.852420
vt 0.297190 0.848210
vt 0.398222 0.436388
vt 0.389074 0.422815
vt 0.416469 0.419292
vt 0.375799 0.440942
vt 0.392839 0.456092
vt 0.355306 0.449783
vt 0.050002 0.796337
vt 0.057684 0.802114
vt 0.295818 0.744128
vt 0.298217 0.725838
vt 0.333551 0.746372
vt 0.318414 0.749056
vt 0.328739 0.737113
vt 0.741990 0.399961
vt 0.742293 0.458209
vt 0.700606 0.488307
vt 0.149989 0.235532
vt 0.141479 0.247464
vt 0.300950 0.327693
vt 0.286780 0.348145
vt 0.824306 0.385630
vt 0.345089 0.332848
vt 0.332389 0.321705
vt 0.348185 0.328349
vt 0.349499 0.342186
vt 0.474450 0.666379
vt 0.467739 0.671106
vt 0.466164 0.659858
vt 0.474079 0.636160
vt 0.159995 0.980595
vt 0.259822 0.404119
vt 0.315541 0.214714
vt 0.315188 0.233079
vt 0.303740 0.230827
vt 0.313553 0.206908
vt 0.310670 0.208166
vt 0.495575 0.643305
vt 0.465176 0.616415
vt 0.270752 0.190796
vt 0.271464 0.179083
vt 0.272463 0.207408
vt 0.260031 0.213173
vt 0.258427 0.198543
vt 0.079547 0.846726
vt 0.115137 0.812005
vt 0.064335 0.820648
vt 0.073727 0.806995
vt 0.301440 0.725450
vt 0.318859 0.728181
vt 0.321073 0.706088
vt 0.557769 0.699473
vt 0.561781 0.698593
vt 0.553982 0.714916
vt 0.560579 0.685567
vt 0.258706 0.587101
vt 0.239421 0.589671
vt 0.255400 0.577074
vt 0.877390 0.164622
vt 0.891239 0.157781
vt 0.421327 0.266221
vt 0.404726 0.266241
vt 0.406210 0.219704
vt 0.218206 0.238959
vt 0.222046 0.214140
vt 0.228816 0.201237
vt 0.055648 0.814889
vt 0.065193 0.801970
vt 0.330319 0.725827
vt 0.330435 0.757779
vt 0.400093 0.748047
vt 0.382870 0.756051
vt 0.534703 0.283122
vt 0.668746 0.742087
vt 0.681795 0.739535
vt 0.682959 0.748223
vt 0.292107 0.164145
vt 0.524977 0.677829
vt 0.253659 0.853712
vt 0.242571 0.825004
vt 0.252345 0.815365
vt 0.566479 0.777600
vt 0.563246 0.766631
vt 0.165161 0.311978
vt 0.179016 0.301175
vt 0.147991 0.336708
vt 0.140668 0.329775
vt 0.152994 0.324979
vt 0.278751 0.584764
vt 0.270280 0.577519
vt 0.291429 0.573380
vt 0.588522 0.244772
vt 0.518888 0.656317
vt 0.515874 0.643634
vt 0.512669 0.621543
vt 0.566375 0.255641
vt 0.564214 0.239854
vt 0.567010 0.222930
vt 0.564063 0.629638
vt 0.554970 0.624007
vt 0.570088 0.622184
vt 0.581946 0.782027
vt 0.576529 0.774520
vt 0.597111 0.778822
vt 0.088806 0.160333
vt 0.460239 0.686349
vt 0.490690 0.693637
vt 0.490103 0.706047
vt 0.162421 0.042762
vt 0.182231 0.049076
vt 0.175553 0.077397
vt 0.168677 0.074442
vt 0.337682 0.784627
vt 0.340954 0.800953
vt 0.362491 0.805171
vt 0.347840 0.828051
vt 0.756703 0.977644
vt 0.405479 0.760103
vt 0.390426 0.767612
vt 0.260842 0.242958
vt 0.248384 0.252552
vt 0.252184 0.226399
vt 0.286969 0.241188
vt 0.275835 0.229415
vt 0.483941 0.706620
vt 0.471647 0.691922
vt 0.481810 0.670462
vt 0.486651 0.683589
vt 0.548236 0.648924
vt 0.565811 0.652057
vt 0.571789 0.638019
vt 0.576158 0.626899
vt 0.375723 0.797910
vt 0.395280 0.807374
vt 0.374222 0.769574
vt 0.380659 0.783932
vt 0.362495 0.790271
vt 0.141969 0.234623
vt 0.147893 0.245275
vt 0.158420 0.247915
vt 0.674406 0.851893
vt 0.667507 0.852671
vt 0.664260 0.798410
vt 0.330229 0.560649
vt 0.358198 0.764537
vt 0.370290 0.767229
vt 0.359364 0.779577
vt 0.347806 0.845000
vt 0.362519 0.833147
vt 0.362704 0.856017
vt 0.354695 0.820254
vt 0.362085 0.828758
vt 0.142016 0.652836
vt 0.138707 0.665415
vt 0.157223 0.649364
vt 0.150494 0.631234
vt 0.286856 0.153563
vt 0.266203 0.132052
vt 0.281202 0.144370
vt 0.186836 0.171960
vt 0.172991 0.168453
vt 0.292511 0.744826
vt 0.421155 0.733019
vt 0.424534 0.745070
vt 0.433792 0.740273
vt 0.525472 0.824450
vt 0.520590 0.825862
vt 0.500550 0.815423
vt 0.507922 0.806785
vt 0.508097 0.820696
vt 0.419956 0.729104
vt 0.169826 0.104159
vt 0.185515 0.112192
vt 0.160031 0.079436
vt 0.165532 0.097151
vt 0.155798 0.095933
vt 0.360741 0.408461
vt 0.354785 0.424209
vt 0.387077 0.432204
vt 0.399674 0.447674
vt 0.349823 0.436529
vt 0.348150 0.422175
vt 0.148974 0.920181
vt 0.330318 0.879481
vt 0.303472 0.859117
vt 0.314476 0.868788
vt 0.317037 0.879055
vt 0.542588 0.409880
vt 0.542594 0.417711
vt 0.536345 0.413879
vt 0.546718 0.427798
vt 0.545227 0.401744
vt 0.340291 0.354615
vt 0.335528 0.352883
vt 0.168948 0.330781
vt 0.173812 0.338131
vt 0.160822 0.340725
vt 0.157911 0.336126
vt 0.164302 0.325742
vt 0.403502 0.206206
vt 0.366939 0.211459
vt 0.376505 0.196263
vt 0.381968 0.212466
vt 0.586246 0.762257
vt 0.593153 0.741018
vt 0.333021 0.581799
vt 0.329820 0.591462
vt 0.292392 0.646681
vt 0.186923 0.179997
vt 0.480931 0.711968
vt 0.488890 0.716646
vt 0.743128 0.987096
vt 0.753257 0.995265
vt 0.737848 0.992954
vt 0.108889 0.454554
vt 0.111912 0.441122
vt 0.124658 0.454101
vt 0.077088 0.240060
vt 0.082294 0.249348
vt 0.102507 0.263448
vt 0.057991 0.732978
vt 0.055192 0.747977
vt 0.043486 0.755673
vt 0.089894 0.721193
vt 0.067893 0.710012
vt 0.092108 0.683040
vt 0.207916 0.692876
vt 0.230266 0.696889
vt 0.230646 0.716524
vt 0.214028 0.701791
vt 0.429686 0.565610
vt 0.443245 0.564936
vt 0.688685 0.102731
vt 0.741666 0.109161
vt 0.247124 0.632627
vt 0.248326 0.604960
vt 0.226711 0.617411
vt 0.181342 0.280327
vt 0.169155 0.280430
vt 0.485191 0.467993
vt 0.497168 0.485796
vt 0.474352 0.487143
vt 0.460652 0.671870
vt 0.568536 0.745962
vt 0.569113 0.755533
vt 0.159044 0.832820
vt 0.148897 0.840807
vt 0.135771 0.844281
vt 0.075178 0.284315
vt 0.062233 0.318178
vt 0.047935 0.315458
vt 0.538336 0.697759
vt 0.545538 0.694312
vt 0.532332 0.712887
vt 0.531911 0.728013
vt 0.528132 0.737325
vt 0.190210 0.759709
vt 0.182876 0.756020
vt 0.196691 0.752298
vt 0.158492 0.785867
vt 0.146367 0.775596
vt 0.168324 0.772322
vt 0.269209 0.280217
vt 0.282536 0.275057
vt 0.281924 0.285406
vt 0.271118 0.234703
vt 0.275281 0.241815
vt 0.269495 0.244131
vt 0.212310 0.162678
vt 0.234024 0.168163
vt 0.228111 0.183216
vt 0.223628 0.172792
vt 0.198324 0.268336
vt 0.198185 0.256763
vt 0.208955 0.257958
vt 0.204950 0.246994
vt 0.486804 0.593101
vt 0.861563 0.155989
vt 0.191228 0.625961
vt 0.212432 0.608172
vt 0.370677 0.660554
vt 0.377630 0.674769
vt 0.373682 0.678139
vt 0.379258 0.655240
vt 0.353798 0.637724
vt 0.334245 0.687924
vt 0.338742 0.639523
vt 0.134212 0.330174
vt 0.140350 0.337030
vt 0.133426 0.342861
vt 0.120199 0.345941
vt 0.110256 0.343332
vt 0.130336 0.337895
vt 0.551987 0.240844
vt 0.560331 0.220525
vt 0.543975 0.235142
vt 0.682959 0.737305
vt 0.137922 0.123548
vt 0.124442 0.128556
vt 0.321376 0.276847
vt 0.321761 0.308107
vt 0.316507 0.311607
vt 0.305549 0.308938
vt 0.386986 0.669911
vt 0.398925 0.670836
vt 0.394329 0.684101
vt 0.421028 0.651080
vt 0.287948 0.145020
vt 0.307830 0.137980
vt 0.293761 0.120005
vt 0.380550 0.658729
vt 0.376067 0.662617
vt 0.340121 0.665374
vt 0.332280 0.669346
vt 0.328824 0.658243
vt 0.322533 0.672863
vt 0.383254 0.877873
vt 0.396373 0.884549
vt 0.376429 0.884394
vt 0.347282 0.887497
vt 0.337503 0.885577
vt 0.343366 0.883492
vt 0.288937 0.827579
vt 0.304650 0.829430
vt 0.285674 0.821523
vt 0.235484 0.134710
vt 0.236578 0.149992
vt 0.231585 0.141341
vt 0.228044 0.163708
vt 0.220666 0.155157
vt 0.000000 0.851617
vt 0.019203 0.831385
vt 0.017592 0.850851
vt 0.055438 0.821812
vt 0.046501 0.835779
vt 0.043230 0.814625
vt 0.065111 0.731467
vt 0.222401 0.340221
vt 0.215406 0.333972
vt 0.222649 0.324803
vt 0.153631 0.344538
vt 0.172378 0.351031
vt 0.222746 0.319575
vt 0.227325 0.307087
vt 0.235757 0.300451
vt 0.089014 0.264567
vt 0.244207 0.168805
vt 0.199055 0.243523
vt 0.593356 0.708628
vt 0.615489 0.697915
vt 0.201848 0.789367
vt 0.174341 0.773360
vt 0.177587 0.759564
vt 0.184573 0.770326
vt 0.098852 0.662337
vt 0.109878 0.663803
vt 0.512458 0.596161
vt 0.549704 0.362786
vt 0.541111 0.355310
vt 0.338331 0.387568
vt 0.234461 0.294991
vt 0.224497 0.285798
vt 0.219503 0.292554
vt 0.028341 0.837194
vt 0.486792 0.478649
vt 0.226910 0.232132
vt 0.237590 0.242630
vt 0.174456 0.381921
vt 0.161123 0.390698
vt 0.161547 0.376581
vt 0.170300 0.367750
vt 0.401652 0.677155
vt 0.410069 0.704307
vt 0.153004 0.302038
vt 0.143990 0.322704
vt 0.039337 0.283903
vt 0.031980 0.306103
vt 0.147369 0.290533
vt 0.144294 0.265037
vt 0.159890 0.277122
vt 0.496404 0.745985
vt 0.508782 0.749060
vt 0.515750 0.725652
vt 0.507636 0.732239
vt 0.401302 0.333459
vt 0.409148 0.343011
vt 0.405969 0.328056
vt 0.387245 0.289610
vt 0.422497 0.313946
vt 0.313175 0.294323
vt 0.326212 0.293698
vt 0.331763 0.306729
vt 0.330400 0.294441
vt 0.346707 0.784826
vt 0.439930 0.557788
vt 0.455011 0.564912
vt 0.459922 0.559453
vt 0.119742 0.371997
vt 0.102205 0.356795
vt 0.103561 0.377296
vt 0.091209 0.375448
vt 0.303339 0.608754
vt 0.318605 0.586736
vt 0.321274 0.606632
vt 0.307374 0.598183
vt 0.512767 0.656714
vt 0.513764 0.650111
vt 0.524317 0.651745
vt 0.191323 0.344529
vt 0.029936 0.245306
vt 0.025268 0.254568
vt 0.024863 0.242907
vt 0.289291 0.269463
vt 0.293455 0.251829
vt 0.300859 0.257707
vt 0.275103 0.271544
vt 0.268672 0.271423
vt 0.271016 0.265927
vt 0.080092 0.313224
vt 0.500359 0.657089
vt 0.492063 0.657605
vt 0.499237 0.648428
vt 0.226997 0.146767
vt 0.205285 0.145408
vt 0.307640 0.107887
vt 0.313323 0.079986
vt 0.333229 0.085443
vt 0.315816 0.098275
vt 0.264863 0.762995
vt 0.267712 0.754425
vt 0.270880 0.768835
vt 0.249148 0.760643
vt 0.238342 0.760757
vt 0.170938 0.833865
vt 0.182745 0.833735
vt 0.664260 0.978297
vt 0.688305 0.969491
vt 0.677119 0.964738
vt 0.699491 0.957085
vt 0.428354 0.296605
vt 0.395126 0.287716
vt 0.377926 0.298649
vt 0.569700 0.728498
vt 0.559114 0.723470
vt 0.195621 0.329813
vt 0.206425 0.341715
vt 0.189248 0.313902
vt 0.190609 0.305094
vt 0.427538 0.324431
vt 0.424705 0.335365
vt 0.432573 0.325052
vt 0.064159 0.785078
vt 0.340009 0.311135
vt 0.337964 0.317945
vt 0.060654 0.773778
vt 0.066792 0.774727
vt 0.069586 0.780387
vt 0.386414 0.237709
vt 0.348949 0.229896
vt 0.367876 0.216130
vt 0.481091 0.740928
vt 0.514474 0.817635
vt 0.512665 0.805817
vt 0.524264 0.796383
vt 0.520831 0.817883
vt 0.183737 0.779528
vt 0.195787 0.778707
vt 0.219359 0.097147
vt 0.225797 0.080593
vt 0.258450 0.088564
vt 0.243766 0.086120
vt 0.245411 0.076547
vt 0.029260 0.820353
vt 0.219938 0.431834
vt 0.241741 0.414952
vt 0.224286 0.442009
vt 0.229420 0.409139
vt 0.228257 0.395507
vt 0.445635 0.466009
vt 0.075816 0.352711
vt 0.077850 0.333717
vt 0.074792 0.302827
vt 0.077276 0.324255
vt 0.065014 0.723443
vt 0.076377 0.717941
vt 0.065191 0.324660
vt 0.059384 0.322605
vt 0.048354 0.320686
vt 0.136721 0.371202
vt 0.135886 0.350879
vt 0.136171 0.362074
vt 0.536880 0.770912
vt 0.530771 0.805687
vt 0.531581 0.798079
vt 0.358447 0.737102
vt 0.371167 0.706079
vt 0.365521 0.719095
vt 0.682577 0.812696
vt 0.673218 0.097163
vt 0.669334 0.104936
vt 0.386761 0.632533
vt 0.408946 0.646815
vt 0.945188 0.181980
vt 0.946226 0.207003
vt 0.942933 0.167317
vt 0.551378 0.215695
vt 0.558677 0.198925
vt 0.576856 0.633227
vt 0.906180 0.331835
vt 0.906870 0.322209
vt 0.325405 0.267166
vt 0.327545 0.264406
vt 0.215770 0.848501
vt 0.201746 0.851584
vt 0.204151 0.858861
vt 0.197875 0.869457
vt 0.197462 0.393545
vt 0.199227 0.375919
vt 0.207482 0.382122
vt 0.363561 0.757850
vt 0.335162 0.768472
vt 0.682387 0.453105
vt 0.318696 0.786401
vt 0.313440 0.314577
vt 0.313969 0.321585
vt 0.666457 0.852671
vt 0.670744 0.868214
vt 0.664260 0.860731
vt 0.282010 0.720504
vt 0.267659 0.739308
vt 0.248098 0.744517
vt 0.264813 0.743186
vt 0.256010 0.758696
vt 0.259751 0.078560
vt 0.275921 0.081767
vt 0.279119 0.239773
vt 0.289415 0.257972
vt 0.284294 0.254141
vt 0.128816 0.315821
vt 0.139171 0.318135
vt 0.118207 0.323588
vt 0.356312 0.691538
vt 0.371498 0.690814
vt 0.357955 0.702804
vt 0.357754 0.732704
vt 0.544816 0.662296
vt 0.537224 0.668674
vt 0.113727 0.874420
vt 0.126770 0.864253
vt 0.117591 0.882217
vt 0.103394 0.880758
vt 0.483658 0.570923
vt 0.473032 0.569126
vt 0.388044 0.625719
vt 0.490827 0.650347
vt 0.497666 0.801213
vt 0.496529 0.809081
vt 0.069875 0.245727
vt 0.056472 0.252005
vt 0.065238 0.231296
vt 0.109298 0.354858
vt 0.117048 0.352145
vt 0.376360 0.722375
vt 0.251095 0.285891
vt 0.261181 0.257109
vt 0.254797 0.265878
vt 0.362173 0.308877
vt 0.255004 0.273238
vt 0.264655 0.263391
vt 0.263582 0.269146
vt 0.199785 0.729062
vt 0.213379 0.738331
vt 0.209115 0.741897
vt 0.406902 0.443357
vt 0.421024 0.432907
vt 0.223370 0.183549
vt 0.054363 0.240160
vt 0.064228 0.256297
vt 0.074291 0.266443
vt 0.566631 0.766918
vt 0.579792 0.743635
vt 0.677298 0.798410
vt 0.674406 0.812158
vt 0.530744 0.410601
vt 0.535997 0.394837
vt 0.179536 0.651265
vt 0.222040 0.629710
vt 0.481293 0.800335
vt 0.042183 0.238846
vt 0.048734 0.246325
vt 0.443454 0.645423
vt 0.278232 0.760324
vt 0.284031 0.766385
vt 0.134881 0.119416
vt 0.141813 0.112532
vt 0.148497 0.119885
vt 0.352978 0.758193
vt 0.283340 0.815216
vt 0.278539 0.819230
vt 0.271348 0.814943
vt 0.664260 0.798410
vt 0.499072 0.735529
vt 0.353711 0.571188
vt 0.367702 0.577406
vt 0.354163 0.583816
vt 0.337963 0.585712
vt 0.496791 0.717150
vt 0.492636 0.739072
vt 0.329777 0.375754
vt 0.329081 0.392871
vt 0.639741 0.714867
vt 0.640496 0.710452
vt 0.625302 0.761364
vt 0.621491 0.732171
vt 0.633732 0.743099
vt 0.220854 0.119846
vt 0.220671 0.133419
vt 0.300430 0.714004
vt 0.281908 0.712075
vt 0.281282 0.730700
vt 0.107257 0.227393
vt 0.111959 0.237596
vt 0.398170 0.698694
vt 0.383904 0.685269
vt 0.409843 0.683101
vt 0.380774 0.692325
vt 0.385401 0.698129
vt 0.193793 0.381185
vt 0.469297 0.778219
vt 0.477579 0.764125
vt 0.020847 0.250098
vt 0.405147 0.850852
vt 0.039164 0.326838
vt 0.230489 0.600549
vt 0.832496 0.155585
vt 0.844964 0.152579
vt 0.845015 0.167217
vt 0.091743 0.729799
vt 0.174112 0.915895
vt 0.169965 0.886108
vt 0.295008 0.310021
vt 0.280438 0.295001
vt 0.285118 0.306054
vt 0.138152 0.773622
vt 0.145891 0.769267
vt 0.294967 0.302743
vt 0.313909 0.283709
vt 0.298122 0.289196
vt 0.309607 0.211746
vt 0.295737 0.233791
vt 0.093908 0.860092
vt 0.085629 0.869861
vt 0.083258 0.898678
vt 0.087751 0.875582
vt 0.097883 0.880014
vt 0.486078 0.656433
vt 0.379378 0.680916
vt 0.367429 0.687082
vt 0.209457 0.335293
vt 0.423110 0.355475
vt 0.422859 0.379816
vt 0.410383 0.385957
vt 0.435522 0.395434
vt 0.035359 0.261517
vt 0.027476 0.260265
vt 0.038914 0.245783
vt 0.053905 0.260511
vt 0.183071 0.665697
vt 0.174786 0.669850
vt 0.289834 0.858559
vt 0.167416 0.617747
vt 0.186696 0.719677
vt 0.422456 0.611255
vt 0.258953 0.773848
vt 0.236018 0.770081
vt 0.252020 0.766286
vt 0.389472 0.273748
vt 0.399526 0.257505
vt 0.389916 0.249962
vt 0.557310 0.679787
vt 0.564473 0.673410
vt 0.253769 0.375388
vt 0.245039 0.370178
vt 0.226838 0.345753
vt 0.089212 0.916267
vt 0.418260 0.438943
vt 0.543623 0.793732
vt 0.292755 0.815447
vt 0.255917 0.186480
vt 0.502762 0.648472
vt 0.510685 0.643279
vt 0.506071 0.651833
vt 0.697834 0.186439
vt 0.181846 0.139320
vt 0.191324 0.144113
vt 0.204294 0.208169
vt 0.195451 0.210410
vt 0.324823 0.229596
vt 0.329174 0.214966
vt 0.338443 0.237890
vt 0.332738 0.243798
vt 0.258678 0.316889
vt 0.249698 0.319034
vt 0.471052 0.677749
vt 0.523301 0.727642
vt 0.519217 0.706849
vt 0.514524 0.719191
vt 0.955526 0.201538
vt 0.944058 0.225239
vt 0.640735 0.739082
vt 0.637515 0.725749
vt 0.669419 0.900852
vt 0.088869 0.807114
vt 0.072493 0.796401
vt 0.069538 0.787131
vt 0.792217 0.464094
vt 0.765514 0.474289
vt 0.766804 0.487616
vt 0.446865 0.367326
vt 0.467943 0.370941
vt 0.854523 0.456677
vt 0.844528 0.463452
vt 0.845879 0.446917
vt 0.333141 0.678124
vt 0.354055 0.646550
vt 0.852508 0.155873
vt 0.853751 0.175576
vt 0.829851 0.164946
vt 0.741995 0.233490
vt 0.559121 0.636134
vt 0.020781 0.293699
vt 0.019079 0.273925
vt 0.015914 0.254980
vt 0.353852 0.651823
vt 0.339560 0.643357
vt 0.364748 0.665388
vt 0.383498 0.604460
vt 0.097779 0.740070
vt 0.088030 0.732453
vt 0.094091 0.744982
vt 0.254150 0.830168
vt 0.302697 0.201087
vt 0.312276 0.191915
vt 0.138470 0.268448
vt 0.128159 0.282047
vt 0.127629 0.270577
vt 0.118609 0.291979
vt 0.114670 0.276949
vt 0.128015 0.295530
vt 0.588154 0.467577
vt 0.577952 0.452417
vt 0.600665 0.463886
vt 0.145064 0.315847
vt 0.152824 0.315049
vt 0.157553 0.315485
vt 0.160605 0.323467
vt 0.426443 0.686971
vt 0.424378 0.694987
vt 0.415784 0.693454
vt 0.405328 0.669315
vt 0.418294 0.673708
vt 0.304229 0.298923
vt 0.222728 0.349173
vt 0.358209 0.747477
vt 0.342314 0.742491
vt 0.343833 0.736304
vt 0.189602 0.837545
vt 0.178800 0.793584
vt 0.150518 0.813573
vt 0.160791 0.794933
vt 0.436915 0.593098
vt 0.293821 0.796198
vt 0.298001 0.798821
vt 0.290194 0.806716
vt 0.107961 0.860454
vt 0.108047 0.883664
vt 0.064539 0.704965
vt 0.058021 0.720237
vt 0.046040 0.726103
vt 0.246772 0.398316
vt 0.143223 0.280017
vt 0.139166 0.287802
vt 0.295570 0.273922
vt 0.285301 0.281860
vt 0.291460 0.722428
vt 0.424113 0.623386
vt 0.394942 0.190156
vt 0.420495 0.578923
vt 0.277340 0.360404
vt 0.268298 0.657279
vt 0.228617 0.683253
vt 0.241684 0.267720
vt 0.239682 0.260641
vt 0.251074 0.679213
vt 0.482750 0.373129
vt 0.469823 0.378319
vt 0.125640 0.255518
vt 0.138904 0.258315
vt 0.113823 0.269335
vt 0.511706 0.713733
vt 0.144893 0.255788
vt 0.616868 0.761998
vt 0.607953 0.767447
vt 0.207332 0.393109
vt 0.221648 0.396670
vt 0.278320 0.254110
vt 0.277968 0.260777
vt 0.267950 0.257050
vt 0.283226 0.258561
vt 0.286559 0.265412
vt 0.177243 0.334869
vt 0.188155 0.337361
vt 0.183276 0.346551
vt 0.178906 0.343138
vt 0.287214 0.651560
vt 0.473339 0.366047
vt 0.488097 0.365280
vt 0.384854 0.134065
vt 0.402313 0.182989
vt 0.411574 0.749967
vt 0.406544 0.756282
vt 0.384486 0.170685
vt 0.170029 0.090754
vt 0.160699 0.069602
vt 0.072424 0.389295
vt 0.144565 0.934033
vt 0.139245 0.923813
vt 0.149221 0.924695
vt 0.502952 0.800859
vt 0.227463 0.274325
vt 0.230667 0.272272
vt 0.509812 0.696730
vt 0.508064 0.689895
vt 0.188692 0.789484
vt 0.593251 0.635976
vt 0.579558 0.622575
vt 0.151523 0.099836
vt 0.421795 0.714568
vt 0.424360 0.704052
vt 0.412184 0.624207
vt 0.108067 0.293820
vt 0.121569 0.303576
vt 0.113968 0.317617
vt 0.252798 0.777797
vt 0.577454 0.671172
vt 0.468573 0.424423
vt 0.488320 0.415668
vt 0.493868 0.417479
vt 0.027094 0.272728
vt 0.774484 0.995790
vt 0.382257 0.773529
vt 0.765372 1.000000
vt 0.472534 0.745719
vt 0.669905 1.000000
vt 0.090549 0.872857
vt 0.163042 0.101064
vt 0.131827 0.003450
vt 0.138479 0.008050
vt 0.131258 0.023141
vt 0.177485 0.326369
vt 0.500720 0.408096
vt 0.493180 0.375965
vt 0.134560 0.640998
vt 0.183240 0.370519
vt 0.193782 0.373681
vt 0.461749 0.655277
vt 0.024685 0.320478
vt 0.032506 0.318673
vt 0.031583 0.326202
vt 0.024140 0.303607
vt 0.600371 0.682333
vt 0.129393 0.071106
vt 0.421838 0.247179
vt 0.434569 0.256215
vt 0.130621 0.669768
vt 0.147200 0.684334
vt 0.049750 0.811084
vt 0.244421 0.142446
vt 0.234926 0.579766
vt 0.542415 0.366067
vt 0.078089 0.276965
vt 0.105274 0.431141
vt 0.111631 0.421127
vt 0.501853 0.700902
vt 0.236828 0.306115
vt 0.568240 0.772982
vt 0.577826 0.784708
vt 0.116877 0.392255
vt 0.122355 0.387242
vt 0.440744 0.417317
vt 0.444712 0.441691
vt 0.336512 0.738834
vt 0.741991 0.212989
vt 0.051807 0.884623
vt 0.038257 0.868898
vt 0.077727 0.866833
vt 0.068803 0.875981
vt 0.177073 0.270067
vt 0.192850 0.272652
vt 0.191184 0.290921
vt 0.195991 0.924342
vt 0.385002 0.764285
vt 0.220497 0.439018
vt 0.195128 0.445417
vt 0.202478 0.432171
vt 0.111506 0.186115
vt 0.100518 0.186744
vt 0.767159 0.950333
vt 0.774484 0.949435
vt 0.770366 0.956324
vt 0.215106 0.430221
vt 0.214465 0.435450
vt 0.221924 0.817795
vt 0.210430 0.817443
vt 0.075952 0.776838
vt 0.346265 0.679309
vt 0.355329 0.469675
vt 0.135783 0.915249
vt 0.192689 0.979399
vt 0.177650 0.975013
vt 0.368146 0.228679
vt 0.375687 0.220943
vt 0.581702 0.666591
vt 0.537543 0.247619
vt 0.549031 0.254803
vt 0.444703 0.685415
vt 0.435445 0.692998
vt 0.516225 0.612954
vt 0.508723 0.613751
vt 0.413633 0.343860
vt 0.284605 0.248568
vt 0.289322 0.249693
vt 0.522724 0.821736
vt 0.087236 0.245077
vt 0.348411 0.754871
vt 0.336630 0.749091
vt 0.343402 0.190609
vt 0.345461 0.200450
vt 0.323269 0.204940
vt 0.328335 0.188861
vt 0.198095 0.710797
vt 0.152471 0.122843
vt 0.429145 0.307747
vt 0.216668 0.852027
vt 0.213089 0.860905
vt 0.207260 0.863676
vt 0.345577 0.769708
vt 0.345738 0.778290
vt 0.338828 0.764746
vt 0.047984 0.860773
vt 0.034506 0.858514
vt 0.373937 0.424432
vt 0.358029 0.422413
vt 0.366637 0.418262
vt 0.261783 0.623654
vt 0.270717 0.609758
vt 0.530008 0.597015
vt 0.567769 0.614837
vt 0.201033 0.701421
vt 0.185029 0.382758
vt 0.180260 0.394468
vt 0.215382 0.081249
vt 0.212318 0.092534
vt 0.346037 0.576783
vt 0.351517 0.561284
vt 0.341921 0.581783
vt 0.208646 0.328062
vt 0.217287 0.323292
vt 0.537463 0.717884
vt 0.547029 0.720369
vt 0.228143 0.218825
vt 0.217730 0.225901
vt 0.231123 0.762756
vt 0.533881 0.807222
vt 0.245343 0.291937
vt 0.240139 0.295622
vt 0.059600 0.898197
vt 0.074306 0.904681
vt 0.474192 0.504495
vt 0.487034 0.502851
vt 0.547535 0.628304
vt 0.161489 0.312023
vt 0.779603 0.480421
vt 0.225853 0.193649
vt 0.231308 0.188788
vt 0.637802 0.704220
vt 0.355879 0.245161
vt 0.378237 0.405110
vt 0.796097 0.475232
vt 0.456689 0.301872
vt 0.476952 0.336480
vt 0.075329 0.234381
vt 0.090606 0.237916
vt 0.258639 0.361756
vt 0.433273 0.454309
vt 0.429783 0.440729
vt 0.417080 0.454777
vt 0.330602 0.384425
vt 0.185816 0.286851
vt 0.313149 0.827512
vt 0.166561 0.905706
vt 0.177244 0.888298
vt 0.469112 0.563048
vt 0.071513 0.731825
vt 0.192184 0.639996
vt 0.174896 0.213102
vt 0.202097 0.182635
vt 0.191697 0.888033
vt 0.300387 0.580022
vt 0.067327 0.798250
vt 0.296407 0.227541
vt 0.297825 0.217961
vt 0.523681 0.697721
vt 0.333506 0.612076
vt 0.271793 0.319187
vt 0.157012 0.257270
vt 0.437224 0.434887
vt 0.435066 0.643995
vt 0.301690 0.774034
vt 0.303664 0.768279
vt 0.335754 0.841825
vt 0.320799 0.833879
vt 0.490654 0.754744
vt 0.689920 0.777267
vt 0.149814 0.682642
vt 0.666153 0.766151
vt 0.666153 0.758849
vt 0.678180 0.758849
vt 0.532010 0.745929
vt 0.522753 0.730250
vt 0.329625 0.644989
vt 0.324838 0.650578
vt 0.211417 0.896863
vt 0.573957 0.153483
vt 0.588790 0.135369
vt 0.574643 0.138953
vt 0.287316 0.812166
vt 0.000000 0.280920
vt 0.700578 0.965910
vt 0.749039 0.988062
vt 0.526929 0.339196
vt 0.843589 0.220173
vt 0.158685 0.196276
vt 0.151250 0.187603
vt 0.142858 0.386574
vt 0.129963 0.395250
vt 0.414265 0.668462
vt 0.414693 0.657897
vt 0.759472 0.995797
vt 0.689992 0.091103
vt 0.426764 0.561085
vt 0.133848 0.770904
vt 0.139025 0.782766
vt 0.134159 0.777422
vt 0.534790 0.786771
vt 0.520029 0.789849
vt 0.529665 0.777957
vt 0.514920 0.409485
vt 0.128978 0.404484
vt 0.200955 0.298406
vt 0.386763 0.280153
vt 0.007726 0.292694
vt 0.753421 0.946006
vt 0.552782 0.686833
vt 0.414676 0.240936
vt 0.409043 0.252902
vt 0.414833 0.246148
vt 0.288599 0.815231
vt 0.281518 0.266968
vt 0.289461 0.610137
vt 0.155133 0.619686
vt 0.223637 0.268279
vt 0.376249 0.686849
vt 0.383844 0.676036
vt 0.611608 0.155702
vt 0.196487 0.878104
vt 0.123995 0.438387
vt 0.119198 0.432550
vt 0.293680 0.073031
vt 0.273060 0.590307
vt 0.603092 0.477456
vt 0.637292 0.446265
vt 0.285174 0.297087
vt 0.262840 0.588216
vt 0.265517 0.603486
vt 0.268632 0.584755
vt 0.729493 0.962660
vt 0.567754 0.203020
vt 0.433228 0.309622
vt 0.436103 0.294738
vt 0.115100 0.254981
vt 0.110766 0.266311
vt 0.119528 0.264245
vt 0.120096 0.259936
vt 0.343007 0.836578
vt 0.462138 0.789529
vt 0.463469 0.782899
vt 0.470462 0.787857
vt 0.001513 0.247902
vt 0.358320 0.317800
vt 0.288750 0.292883
vt 0.491521 0.747987
vt 0.367558 0.433030
vt 0.149434 0.794441
vt 0.246275 0.754807
vt 0.314685 0.113565
vt 0.309148 0.120454
vt 0.191356 0.070662
vt 0.181270 0.073197
vt 0.285874 0.110466
vt 0.275278 0.117153
vt 0.271026 0.249246
vt 0.366114 0.123026
vt 0.569651 0.712802
vt 0.562201 0.720115
vt 0.570962 0.720487
vt 0.369075 0.701878
vt 0.375093 0.860854
vt 0.483857 0.632176
vt 0.259740 0.763728
vt 0.368886 0.726392
vt 0.241789 0.054468
vt 0.324141 0.341918
vt 0.035815 0.240907
vt 0.560934 0.769255
vt 0.255279 0.117863
vt 0.268484 0.122358
vt 0.209198 0.419269
vt 0.217621 0.418338
vt 0.134270 0.850615
vt 0.146747 0.855799
vt 0.833706 0.447359
vt 0.845946 0.441129
vt 0.665392 0.443442
vt 0.297465 0.282385
vt 0.324304 0.214522
vt 0.198385 0.423648
vt 0.214453 0.422454
vt 0.202514 0.775164
vt 0.218048 0.744427
vt 0.327825 0.240190
vt 0.111771 0.772546
vt 0.113722 0.375752
vt 0.607340 0.673873
vt 0.611902 0.662192
vt 0.088009 0.736081
vt 0.375215 0.729996
vt 0.557832 0.402030
vt 0.562328 0.426570
vt 0.519151 0.580200
vt 0.616077 0.661995
vt 0.601420 0.659469
vt 0.430014 0.693415
vt 0.381421 0.241292
vt 0.483220 0.662156
vt 0.331780 0.802722
vt 0.345899 0.654738
vt 0.332614 0.653115
vt 0.170652 0.132502
vt 0.177660 0.133546
vt 0.096912 0.357509
vt 0.630334 0.726391
vt 0.642566 0.683488
vt 0.427697 0.338563
vt 0.066631 0.397443
vt 0.002086 0.860054
vt 0.110910 0.248175
vt 0.536956 0.828172
vt 0.242585 0.151135
vt 0.898416 0.391800
vt 0.136264 0.635843
vt 0.529068 0.590540
vt 0.516870 0.586833
vt 0.282640 0.209363
vt 0.332678 0.544754
vt 0.342767 0.553128
vt 0.120809 0.249478
vt 0.238241 0.251440
vt 0.239600 0.241576
vt 0.301410 0.243815
vt 0.542622 0.657597
vt 0.361710 0.561006
vt 0.522534 0.606246
vt 0.169205 0.756474
vt 0.143235 0.764517
vt 0.101984 0.150967
vt 0.113300 0.138798
vt 0.671053 0.727591
vt 0.670543 0.734997
vt 0.667567 0.724533
vt 0.248786 0.276873
vt 0.246565 0.258408
vt 0.325642 0.279633
vt 0.531062 0.671768
vt 0.221749 0.603323
vt 0.147698 0.107207
vt 0.152416 0.106438
vt 0.150471 0.113180
vt 0.353089 0.875515
vt 0.365224 0.886678
vt 0.678830 0.852671
vt 0.139153 0.939595
vt 0.102723 0.156037
vt 0.574547 0.755223
vt 0.589615 0.739457
vt 0.667014 0.748223
vt 0.532711 0.313481
vt 0.222744 0.363684
vt 0.147045 0.947536
vt 0.148495 0.101693
vt 0.683774 0.939575
vt 0.138987 0.108132
vt 0.443912 0.573639
vt 0.364782 0.880967
vt 0.375802 0.873799
vt 0.189994 0.934389
vt 0.263522 0.186439
vt 0.154408 0.366866
vt 0.596018 0.728282
vt 0.592432 0.725009
vt 0.201989 0.689797
vt 0.188689 0.673239
vt 0.034999 0.832050
vt 0.206452 0.746407
vt 0.134833 0.294249
vt 0.491627 0.370576
vt 0.239675 0.233055
vt 0.218267 0.124347
vt 0.229055 0.128185
vt 0.415812 0.652319
vt 0.106404 0.891160
vt 0.719282 1.000000
vt 0.737918 1.000000
vt 0.201878 0.871639
vt 0.213490 0.866581
vt 0.206409 0.877894
vt 0.179486 0.083513
vt 0.175046 0.094972
vt 0.354851 0.278938
vt 0.355262 0.291153
vt 0.386548 0.867626
vt 0.400311 0.868818
vt 0.400250 0.879836
vt 0.074032 0.329525
vt 0.158674 0.426322
vt 0.597999 0.783912
vt 0.667530 0.748223
vt 0.539870 0.384274
vt 0.073434 0.837334
vt 0.507651 0.800415
vt 0.219236 0.312146
vt 0.423254 0.749215
vt 0.652114 0.691223
vt 0.194951 0.081270
vt 0.648377 0.684880
vt 0.164169 0.369652
vt 0.164323 0.362972
vt 0.407727 0.699613
vt 0.129297 0.030393
vt 0.219181 0.655392
vt 0.225350 0.671815
vt 0.654690 0.714875
vt 0.651451 0.707933
vt 0.403744 0.242047
vt 0.397273 0.245981
vt 0.445671 0.306468
vt 0.208280 0.889449
vt 0.177522 1.000000
vt 0.348251 0.463204
vt 0.914624 0.311993
vt 0.493824 0.687097
vt 0.506784 0.690257
vt 0.691235 0.504495
vt 0.263123 0.080658
vt 0.241875 0.831325
vt 0.353963 0.631369
vt 0.418113 0.261104
vt 0.274987 0.232854
vt 0.503318 0.424200
vt 0.222745 0.738008
vt 0.683842 1.000000
vt 0.372883 0.408283
vt 0.475415 0.441381
vt 0.343784 0.170929
vt 0.032014 0.842364
vt 0.661970 0.102985
vt 0.647368 0.115103
vt 0.211068 0.882472
vt 0.173822 0.456829
vt 0.109904 0.308225
vt 0.028678 0.234765
vt 0.542156 0.649268
vt 0.538687 0.790858
vt 0.129745 0.106585
vt 0.691015 0.774074
vt 0.687001 0.769651
vt 0.700301 0.766151
vt 0.677555 0.968228
vt 0.526605 0.252752
vt 0.132034 0.290901
vt 0.348323 0.875861
vt 0.574218 0.719193
vt 0.356323 0.115667
vt 0.351643 0.104937
vt 0.357641 0.096150
vt 0.225991 0.770416
vt 0.602760 0.484123
vt 0.596868 0.468142
vt 0.095893 0.455544
vt 0.260158 0.857205
vt 0.134392 0.110592
vt 0.328817 0.689645
vt 0.595320 0.477377
vt 0.579385 0.472313
vt 0.696972 0.796584
vt 0.478116 0.746704
vt 0.676347 0.766151
vt 0.118348 0.115535
vt 0.198570 0.962529
vt 0.388051 0.189061
vt 0.665170 0.926392
vt 0.518322 0.701643
vt 0.201784 0.090923
vt 0.361127 0.286784
vt 0.313417 0.781430
vt 0.383943 0.220208
vt 0.235420 0.688732
vt 0.664260 0.942655
vt 0.668238 0.929574
vt 0.613346 0.773314
vt 0.624840 0.765758
vt 0.673998 0.737305
vt 0.123520 0.005451
vt 0.740548 0.997313
vt 0.363143 0.812109
vt 0.370513 0.823876
vt 0.601881 0.129935
vt 0.678396 0.424300
vt 0.386348 0.276922
vt 0.314359 0.318686
vt 0.918705 0.343697
vt 0.666014 0.868201
vt 0.191741 0.642365
vt 0.217720 0.658169
vt 0.559444 0.773483
vt 0.112096 0.395333
vt 0.555435 0.692349
vt 0.302117 0.332907
vt 0.356531 0.604862
vt 0.383194 0.414783
vt 0.379346 0.433501
vt 0.259779 0.174814
vt 0.382513 0.424507
vt 0.199584 0.912852
vt 0.305253 0.343827
vt 0.390110 0.368274
vt 0.422134 0.698247
vt 0.238689 0.686896
vt 0.564350 0.485296
vt 0.572761 0.481126
vt 0.591747 0.490821
vt 0.118430 0.136787
vt 0.332804 0.405830
vt 0.337009 0.411937
vt 0.349602 0.636497
vt 0.419345 0.708869
vt 0.456862 0.773532
vt 0.459092 0.782339
vt 0.454971 0.788603
vt 0.108319 0.894424
vt 0.039540 0.774169
vt 0.038238 0.763929
vt 0.046823 0.761575
vt 0.236470 0.263186
vt 0.302960 0.249480
vt 0.345660 0.448122
vt 0.081179 0.452413
vt 0.231220 0.267606
vt 0.260390 0.126089
vt 0.429083 0.732903
vt 0.756156 1.000000
vt 0.389644 0.774223
vt 0.751828 0.985449
vt 0.134047 0.473810
vt 0.111044 0.465060
vt 0.516548 0.602709
vt 0.254749 0.738898
vt 0.555900 0.801033
vt 0.538394 0.423783
vt 0.396782 0.835392
vt 0.941025 0.221940
vt 0.530181 0.294879
vt 0.674377 0.737305
vt 0.682959 0.751682
vt 0.084129 0.873961
vt 0.306483 0.061174
vt 0.101034 0.761224
vt 0.552180 0.723359
vt 0.306331 0.067861
vt 0.316774 0.072340
vt 0.387944 0.732753
vt 0.768704 0.966558
vt 0.404123 0.808503
vt 0.322843 0.106695
vt 0.741518 0.957395
vt 0.381884 0.701355
vt 0.508430 0.410271
vt 0.384096 0.726636
vt 0.249323 0.376874
vt 0.392649 0.278774
vt 0.326636 0.094681
vt 0.411749 0.230502
vt 0.105515 0.365250
vt 0.586237 0.750785
vt 0.344648 0.894632
vt 0.303223 0.253953
vt 0.744307 0.946006
vt 0.263104 0.085019
vt 0.564526 0.788785
vt 0.078089 0.363492
vt 0.105072 0.200504
vt 0.555737 0.808208
vt 0.621771 0.117008
vt 0.260005 0.182050
vt 0.683186 0.774958
vt 0.503122 0.613807
vt 0.173774 0.977255
vt 0.100489 0.266912
vt 0.688587 0.720846
vt 0.689339 0.724110
vt 0.676237 0.721244
vt 0.674377 0.724110
vt 0.206068 0.455127
vt 0.189327 0.989897
vt 0.103319 0.194470
vt 0.658938 0.712002
vt 0.535360 0.720662
vt 0.552384 0.812067
vt 0.359290 0.108761
vt 0.659283 0.691197
vt 0.106071 0.458600
vt 0.216397 0.893134
vt 0.671053 0.720846
vt 0.664260 0.752273
vt 0.664260 1.000000
vt 0.180958 0.456924
vt 0.191129 0.455623
vt 0.508430 0.401336
vt 0.477094 0.759749
vt 0.438247 0.292071
vt 0.393066 0.769739
vt 0.130761 0.098465
vt 0.553772 0.718306
vn -0.1695 0.9721 -0.1623
vn -0.4093 0.9117 0.0363
vn -0.4861 0.8635 -0.1344
vn 0.3996 0.7258 -0.5600
vn 0.5758 0.4181 -0.7025
vn 0.2526 0.7317 -0.6331
vn 0.8432 0.1807 0.5063
vn 0.8563 -0.1315 0.4995
vn 0.7480 -0.0251 0.6633
vn -0.0299 0.4842 -0.8744
vn -0.0026 0.5053 -0.8629
vn 0.0688 0.5978 -0.7987
vn 0.1708 0.6127 -0.7716
vn 0.0283 0.3636 -0.9311
vn 0.7462 -0.0468 0.6641
vn -0.6714 -0.7353 0.0927
vn -0.3155 -0.9479 0.0448
vn -0.1318 -0.9910 0.0221
vn -0.7346 -0.6010 -0.3148
vn -0.9120 -0.1470 -0.3829
vn -0.7901 -0.6117 -0.0391
vn -0.9431 0.2354 -0.2349
vn -0.9193 -0.3930 0.0221
vn -0.6844 -0.7205 0.1115
vn -0.7334 -0.6778 0.0521
vn -0.4972 -0.8622 -0.0971
vn -0.8497 -0.2292 0.4749
vn -0.8028 0.3738 -0.4646
vn -0.6031 0.4966 -0.6242
vn -0.8220 0.5488 -0.1524
vn 0.1137 0.9174 0.3815
vn -0.1950 0.8608 0.4701
vn -0.0860 0.8283 0.5537
vn -0.5649 0.2783 -0.7768
vn -0.4654 0.4460 -0.7645
vn -0.5873 0.6545 -0.4761
vn -0.6360 0.4738 -0.6091
vn -0.7076 -0.6886 0.1585
vn -0.5352 -0.8407 0.0819
vn -0.3187 0.1181 -0.9405
vn -0.3537 -0.8461 0.3987
vn -0.6109 -0.5829 0.5357
vn 0.1972 0.5152 -0.8341
vn 0.5980 0.3256 -0.7324
vn 0.6305 0.3136 -0.7100
vn 0.6830 0.7304 -0.0031
vn 0.8392 0.5436 0.0151
vn 0.5958 0.7584 -0.2641
vn 0.5024 0.3856 -0.7739
vn 0.8015 0.5980 -0.0023
vn -0.8098 -0.1203 0.5743
vn -0.9457 0.3052 0.1117
vn -0.8360 0.4082 0.3668
vn -0.1380 0.2737 -0.9519
vn -0.0530 0.6540 -0.7547
vn -0.2371 0.3538 -0.9048
vn -0.1813 0.4465 -0.8762
vn -0.9862 -0.0783 -0.1458
vn -0.9752 -0.1095 -0.1922
vn -0.9451 0.1798 -0.2727
vn 0.1669 0.7377 -0.6542
vn 0.0841 0.7796 -0.6205
vn 0.0177 0.6042 -0.7966
vn -0.0122 0.3344 -0.9424
vn -0.3351 0.8614 0.3816
vn -0.9685 -0.2487 0.0120
vn -0.9225 0.1609 -0.3509
vn -0.5147 0.8565 -0.0390
vn -0.7983 0.5752 -0.1782
vn -0.6491 0.7603 -0.0221
vn 0.7089 -0.7033 0.0528
vn 0.7671 -0.6334 0.1023
vn 0.9639 -0.2080 0.1661
vn -0.9428 0.2300 -0.2412
vn -0.6227 0.2450 -0.7431
vn -0.5892 0.6379 -0.4960
vn -0.7005 0.3835 -0.6018
vn -0.3153 0.7513 -0.5797
vn 0.1416 0.5941 -0.7919
vn -0.2133 0.7028 -0.6786
vn -0.3828 0.5307 -0.7562
vn -0.4673 0.6948 -0.5467
vn -0.2654 0.8333 -0.4850
vn -0.3086 0.5749 -0.7578
vn -0.1775 0.6478 -0.7409
vn -0.1386 -0.0226 -0.9901
vn 0.0860 0.4726 -0.8771
vn -0.3719 0.4640 -0.8040
vn -0.1567 -0.0458 -0.9866
vn -0.2074 -0.3651 -0.9076
vn 0.6005 0.5542 -0.5764
vn 0.5374 0.5047 -0.6756
vn 0.7979 0.6022 0.0256
vn 0.7036 0.3580 -0.6139
vn 0.5172 0.2062 -0.8306
vn 0.5087 0.4256 -0.7484
vn 0.7245 0.3517 -0.5927
vn 0.5421 0.6394 -0.5453
vn -0.9009 0.3616 -0.2399
vn -0.9506 0.0290 -0.3092
vn -0.9337 0.3018 -0.1925
vn -0.2690 0.3438 0.8997
vn -0.5076 0.3438 0.7900
vn -0.2480 -0.0951 0.9641
vn -0.5459 -0.4347 -0.7163
vn -0.1572 -0.6393 -0.7527
vn -0.0654 -0.8888 -0.4535
vn 0.4418 0.4915 -0.7505
vn 0.5945 0.7320 -0.3327
vn 0.1282 0.6524 -0.7470
vn 0.6984 0.6426 -0.3151
vn -0.1376 -0.9805 0.1404
vn 0.0484 0.3495 -0.9357
vn -0.1081 0.2204 -0.9694
vn -0.0664 0.8537 -0.5165
vn -0.9438 0.3192 -0.0857
vn -0.8704 0.4441 -0.2128
vn -0.9121 -0.1097 0.3950
vn 0.0234 0.4776 -0.8783
vn -0.0308 0.4517 -0.8917
vn 0.0559 0.4704 -0.8807
vn 0.9930 0.1139 -0.0314
vn 0.9799 -0.0759 -0.1843
vn 0.9931 -0.1142 -0.0256
vn -0.8037 0.4371 -0.4037
vn -0.1687 0.7000 -0.6939
vn -0.5366 0.7506 -0.3856
vn -0.6390 0.5536 -0.5341
vn -0.3512 0.5078 -0.7866
vn -0.4407 0.5552 -0.7054
vn -0.2726 0.9521 -0.1388
vn -0.8118 0.5718 0.1184
vn -0.0944 0.9892 0.1118
vn -0.8785 0.4554 -0.1444
vn -0.8925 0.4311 -0.1327
vn -0.9300 0.3674 -0.0105
vn -0.3384 -0.0283 -0.9406
vn -0.4018 0.0825 -0.9120
vn -0.4992 0.0074 0.8665
vn -0.8762 0.2109 0.4334
vn -0.7671 0.4702 0.4365
vn -0.8023 0.5736 -0.1649
vn -0.7383 0.5751 -0.3524
vn -0.7605 0.6168 -0.2028
vn 0.6248 0.2897 -0.7251
vn 0.7713 0.6356 0.0340
vn 0.7318 0.6593 0.1726
vn 0.8512 0.4917 0.1834
vn 0.8435 0.5335 -0.0626
vn 0.6979 0.6862 -0.2054
vn 0.8208 0.5605 -0.1103
vn 0.4655 0.6962 0.5465
vn 0.8082 0.4149 0.4179
vn 0.6931 0.5252 0.4937
vn -0.2650 0.5743 -0.7745
vn -0.9009 -0.4245 0.0898
vn -0.6740 -0.4845 0.5577
vn 0.3015 -0.1831 0.9357
vn 0.6562 -0.2038 0.7265
vn 0.6916 0.1624 0.7038
vn 0.0931 0.8583 0.5046
vn -0.1851 0.8783 0.4407
vn 0.0910 0.8899 0.4471
vn 0.2472 0.9689 -0.0144
vn -0.0755 0.9846 -0.1575
vn 0.1033 0.9942 0.0288
vn 0.2610 -0.2177 0.9405
vn 0.3808 -0.1707 0.9088
vn 0.7401 -0.1975 0.6428
vn 0.1880 0.2172 0.9578
vn 0.1132 0.4867 0.8662
vn -0.0286 0.0259 0.9993
vn -0.9078 0.4148 -0.0618
vn -0.8368 0.5054 -0.2104
vn -0.9225 0.3754 -0.0897
vn -0.4140 0.8946 -0.1683
vn -0.6616 0.6690 -0.3388
vn -0.1211 0.7885 -0.6030
vn 0.2068 0.3990 -0.8933
vn -0.8367 0.5162 -0.1829
vn 0.5537 0.1231 -0.8236
vn 0.2912 0.3334 -0.8967
vn 0.2839 0.2797 -0.9172
vn -0.0288 0.4679 0.8833
vn -0.0135 0.4944 0.8692
vn -0.0355 0.5603 0.8276
vn 0.4907 0.4157 -0.7657
vn -0.7954 -0.1100 0.5960
vn -0.8621 -0.0560 0.5036
vn -0.8777 -0.2268 0.4221
vn 0.0002 -1.0000 0.0010
vn 0.8263 0.5114 0.2360
vn 0.8004 0.5627 0.2067
vn 0.7513 0.5727 0.3279
vn 0.6196 0.3806 -0.6865
vn 0.6510 0.5092 -0.5629
vn 0.8007 0.5609 -0.2104
vn -0.2338 0.0860 -0.9685
vn -0.1601 0.5249 -0.8360
vn -0.0099 0.8506 -0.5258
vn -0.2611 0.5490 -0.7940
vn -0.3888 0.3212 -0.8635
vn -0.4657 0.2824 -0.8387
vn -0.8256 0.3121 -0.4701
vn 0.8510 0.4679 0.2385
vn 0.7797 0.5019 0.3743
vn 0.8456 0.5286 0.0749
vn 0.0172 -0.9999 0.0001
vn 0.0236 -0.9997 -0.0115
vn 0.0082 -1.0000 -0.0021
vn -0.9329 0.1181 0.3402
vn -0.1677 0.6541 0.7376
vn -0.2026 0.6727 0.7116
vn -0.2792 0.5987 0.7507
vn -0.3173 0.4864 -0.8141
vn -0.6443 0.4726 -0.6013
vn -0.0038 -0.9669 -0.2552
vn -0.0038 -0.9983 -0.0577
vn 0.8155 0.4906 0.3071
vn 0.8197 0.5620 0.1104
vn 0.8810 0.4366 0.1821
vn -0.9388 0.3415 0.0456
vn -0.8639 0.5033 -0.0167
vn -0.9195 0.3436 -0.1911
vn -0.4099 0.8199 0.3997
vn -0.2156 0.9516 0.2189
vn -0.2077 0.9371 0.2807
vn -0.3081 0.8004 -0.5143
vn -0.0817 0.9865 -0.1422
vn -0.1529 0.9073 -0.3918
vn 0.7715 0.6352 0.0361
vn 0.7300 0.4104 -0.5466
vn -0.0167 0.6199 -0.7845
vn -0.2369 0.8253 -0.5127
vn 0.0106 0.7235 -0.6902
vn 0.4309 0.7767 -0.4594
vn 0.9972 0.0446 0.0592
vn 0.9543 0.2986 -0.0118
vn 0.8532 0.4992 -0.1512
vn 0.3796 0.2440 0.8924
vn 0.0034 -0.1782 0.9840
vn 0.8634 0.4872 -0.1308
vn 0.8156 0.5518 -0.1739
vn 0.9154 0.4013 0.0320
vn -0.9780 0.1332 -0.1604
vn -0.9269 0.3745 -0.0234
vn -0.9796 0.1848 -0.0783
vn 0.1454 0.8210 -0.5521
vn 0.1600 0.8580 -0.4881
vn 0.1523 0.8470 -0.5094
vn -0.1013 0.5828 -0.8063
vn 0.2064 0.4096 -0.8886
vn 0.1727 0.3020 -0.9375
vn -0.0892 0.3523 0.9316
vn -0.0194 0.3356 0.9418
vn -0.2550 -0.2217 0.9412
vn -0.7022 -0.6779 0.2175
vn -0.5657 -0.4579 0.6858
vn -0.8183 -0.2882 0.4973
vn -0.1459 0.6182 -0.7724
vn -0.0402 0.2660 -0.9631
vn 0.7266 0.6727 0.1394
vn 0.7345 0.6639 0.1407
vn 0.8087 0.5659 0.1605
vn 0.2546 0.7314 -0.6326
vn 0.2424 0.4646 -0.8517
vn 0.2417 0.3700 -0.8970
vn 0.1466 0.4256 -0.8930
vn -0.0182 0.5355 -0.8443
vn 0.0974 0.5267 -0.8444
vn -0.8938 0.4239 -0.1466
vn -0.8470 0.5141 -0.1352
vn -0.7236 0.5706 -0.3884
vn 0.1476 -0.2254 -0.9630
vn 0.0161 -0.0826 -0.9965
vn 0.1232 0.3147 -0.9412
vn -0.1313 0.9353 0.3286
vn -0.0733 0.6027 0.7946
vn -0.2727 0.8704 0.4100
vn -0.1242 0.9325 0.3392
vn 0.8096 0.5239 0.2645
vn 0.8385 0.5270 0.1385
vn -0.4834 0.8711 -0.0866
vn -0.5820 0.7674 -0.2690
vn -0.2781 0.8919 -0.3566
vn 0.7625 0.5854 0.2755
vn 0.7025 0.6305 0.3299
vn 0.9343 0.2225 0.2784
vn 0.0042 -0.9998 0.0178
vn 0.0080 -0.9999 0.0070
vn -0.0022 -0.9999 0.0139
vn 0.9818 -0.0476 -0.1839
vn -0.9929 0.0977 0.0682
vn -0.4818 -0.8763 0.0006
vn -0.9932 0.0254 -0.1133
vn 0.1475 0.1872 0.9712
vn 0.0174 0.3011 0.9534
vn -0.1384 0.1772 0.9744
vn -0.7415 0.6466 -0.1789
vn -0.6844 0.7269 -0.0568
vn -0.6256 0.7271 -0.2826
vn 0.8383 0.5252 0.1463
vn 0.8334 0.5301 0.1565
vn 0.6979 0.7148 0.0439
vn -0.0910 -0.9946 0.0490
vn 0.2264 0.3058 0.9248
vn 0.1933 0.1437 0.9706
vn 0.2089 0.3094 0.9277
vn -0.0215 0.3332 -0.9426
vn -0.0699 0.1783 -0.9815
vn -0.0451 0.4695 -0.8818
vn -0.5932 0.8050 0.0029
vn -0.1641 0.9807 -0.1063
vn -0.5213 0.8258 -0.2152
vn -0.4676 0.8418 0.2696
vn -0.8352 0.5252 -0.1630
vn -0.8467 0.5284 -0.0630
vn -0.8988 0.4165 -0.1363
vn -0.4592 -0.0561 -0.8866
vn 0.7814 0.2594 0.5676
vn 0.8724 0.3869 0.2988
vn 0.8106 0.5049 0.2965
vn -0.6230 0.7263 -0.2903
vn -0.5533 0.8313 -0.0531
vn -0.4339 0.9006 -0.0241
vn -0.0254 0.8883 -0.4585
vn -0.2885 0.7669 -0.5733
vn -0.0867 0.8767 -0.4732
vn 0.0942 0.1234 -0.9879
vn -0.2109 0.0395 -0.9767
vn 0.7664 0.6266 0.1415
vn 0.6564 0.7448 0.1195
vn 0.5154 0.8566 0.0239
vn 0.1000 0.6813 -0.7252
vn 0.1555 0.4435 -0.8827
vn -0.0953 0.2191 0.9710
vn -0.3623 0.3082 0.8797
vn -0.2642 0.2130 0.9407
vn -0.3507 0.6952 -0.6274
vn -0.6481 0.7613 0.0197
vn -0.1119 0.4100 0.9052
vn 0.4926 0.8365 0.2401
vn 0.4846 0.7365 0.4720
vn 0.1871 0.8282 0.5283
vn 0.0061 -0.9997 -0.0254
vn 0.0150 -0.9998 -0.0143
vn 0.0159 -0.9999 -0.0003
vn -0.4339 0.8993 0.0547
vn -0.1991 0.9798 0.0178
vn -0.0111 0.9894 0.1446
vn 0.0334 -0.9994 -0.0062
vn 0.3230 -0.9435 -0.0743
vn 0.0553 -0.9985 -0.0054
vn 0.2600 0.9312 -0.2555
vn 0.1257 0.9859 -0.1107
vn -0.0450 0.9908 -0.1279
vn -0.0401 -0.9990 -0.0191
vn -0.0070 -1.0000 0.0022
vn -0.0623 -0.9980 0.0084
vn 0.3478 -0.2163 0.9123
vn 0.3669 -0.4334 0.8231
vn 0.3711 -0.1805 0.9109
vn -0.1021 0.3380 -0.9356
vn -0.5750 0.8151 -0.0713
vn 0.9038 0.3224 0.2816
vn 0.6566 0.7391 0.1505
vn 0.8712 0.4361 0.2254
vn -0.3178 0.8247 -0.4679
vn 0.0994 0.7721 -0.6276
vn 0.2931 0.8806 -0.3724
vn 0.7161 0.6332 0.2935
vn 0.9166 0.3966 -0.0498
vn 0.8443 0.4175 0.3359
vn 0.8440 0.5363 0.0110
vn 0.5261 0.8462 0.0839
vn 0.6496 0.7590 -0.0452
vn 0.2638 0.9388 -0.2213
vn 0.0245 0.9952 -0.0950
vn 0.2799 0.9374 -0.2073
vn -0.3934 0.6574 -0.6427
vn -0.6870 0.5284 -0.4988
vn 0.6083 0.3920 0.6902
vn 0.8418 0.0625 0.5362
vn 0.8991 0.4200 -0.1231
vn 0.6816 0.7290 -0.0638
vn 0.8048 0.5806 -0.1232
vn -0.8035 -0.5850 -0.1101
vn -0.6333 -0.7642 -0.1221
vn -0.9969 0.0768 -0.0182
vn -0.9990 -0.0367 -0.0273
vn -0.2065 0.9644 0.1655
vn -0.7795 0.5939 -0.1993
vn -0.6961 0.5194 0.4957
vn 0.7758 -0.5981 0.2008
vn 0.8193 0.4595 0.3429
vn -0.9691 -0.0514 -0.2414
vn -0.9726 -0.1126 -0.2033
vn -0.9543 0.2931 -0.0590
vn 0.4805 0.2886 0.8281
vn 0.8442 0.5203 -0.1288
vn -0.5281 0.6635 0.5300
vn -0.4827 0.3254 0.8131
vn -0.4735 0.3987 0.7854
vn -0.0540 0.3551 0.9333
vn -0.0664 0.4887 0.8699
vn -0.2018 0.4506 0.8696
vn 0.0313 0.7393 0.6727
vn -0.1196 0.3579 0.9261
vn -0.2322 0.6460 0.7272
vn 0.7329 0.4708 -0.4911
vn 0.7413 0.6125 -0.2745
vn 0.8243 0.5515 -0.1278
vn -0.1445 0.8782 -0.4560
vn 0.3021 0.8827 -0.3599
vn -0.2303 0.2173 0.9486
vn -0.1483 0.6752 0.7226
vn -0.2945 0.1369 0.9458
vn -0.6622 0.3420 0.6668
vn -0.5911 0.4041 0.6981
vn -0.6818 0.1605 0.7138
vn -0.7770 0.6261 -0.0652
vn -0.9121 0.3166 0.2606
vn -0.8524 0.5229 0.0005
vn -0.3570 0.8029 -0.4774
vn -0.3963 0.5965 -0.6980
vn -0.0788 0.7536 -0.6526
vn -0.1651 0.6591 0.7337
vn -0.5130 0.8306 0.2165
vn -0.3090 0.5519 0.7745
vn 0.5159 0.7107 0.4782
vn 0.3579 0.7746 0.5215
vn 0.5751 0.7623 0.2968
vn 0.4430 -0.1041 -0.8905
vn 0.4011 -0.4902 -0.7738
vn 0.4453 -0.4021 -0.8000
vn -0.3395 0.0106 -0.9406
vn 0.1233 0.2502 -0.9603
vn 0.2089 0.1594 -0.9649
vn -0.0776 0.5286 -0.8453
vn -0.2381 0.4844 -0.8418
vn -0.1239 0.4479 -0.8854
vn -0.2116 0.6189 -0.7564
vn -0.2744 0.6499 -0.7087
vn -0.4995 0.5957 -0.6290
vn -0.3095 0.9459 -0.0969
vn -0.7638 0.5566 -0.3268
vn -0.4718 0.7024 0.5330
vn -0.5073 0.6340 0.5837
vn -0.2904 0.8638 0.4118
vn 0.0163 -0.9998 -0.0103
vn 0.0267 -0.9996 -0.0058
vn -0.3508 -0.4781 -0.8052
vn -0.2626 0.0828 -0.9613
vn -0.1656 -0.6615 -0.7314
vn -0.1413 0.3684 0.9189
vn -0.2469 0.9656 0.0815
vn -0.3208 0.8100 0.4909
vn -0.9189 0.3937 -0.0263
vn -0.6322 0.7236 0.2770
vn -0.5704 0.8186 0.0666
vn -0.0085 0.6924 -0.7214
vn 0.1279 0.6756 -0.7261
vn 0.4451 0.5972 -0.6673
vn 0.0420 -0.9988 -0.0249
vn 0.0255 -0.9996 -0.0120
vn 0.1609 -0.9367 -0.3108
vn 0.5653 -0.7508 -0.3416
vn -0.1588 0.6456 -0.7470
vn 0.3161 0.4908 -0.8119
vn 0.1593 0.6756 -0.7199
vn -0.6869 -0.7218 0.0847
vn -0.8541 0.5197 0.0214
vn -0.8813 0.4725 -0.0060
vn -0.8139 0.5080 -0.2822
vn -0.6447 -0.7120 0.2781
vn -0.2201 -0.9641 0.1487
vn -0.2588 -0.9531 0.1570
vn -0.2966 -0.9201 0.2558
vn -0.0256 -0.9989 0.0398
vn -0.0100 -0.9990 0.0425
vn 0.9185 0.2201 0.3286
vn 0.9225 0.0705 0.3796
vn 0.8454 0.5136 0.1465
vn 0.8738 0.4304 0.2264
vn 0.0912 0.7758 0.6244
vn 0.0791 0.6249 0.7767
vn 0.3411 0.7696 0.5398
vn -0.4048 0.8846 -0.2314
vn -0.6434 0.6583 -0.3907
vn -0.1496 0.6957 -0.7026
vn -0.9122 -0.3322 -0.2397
vn -0.9514 -0.2333 -0.2012
vn -0.1337 -0.9552 -0.2640
vn -0.1668 0.6918 -0.7026
vn 0.3208 0.6040 -0.7295
vn -0.2316 -0.9725 0.0228
vn -0.0009 -0.9999 0.0117
vn 0.0260 -0.9897 0.1406
vn 0.0083 -0.9994 0.0333
vn 0.1027 -0.9765 0.1895
vn 0.2126 -0.8045 0.5546
vn 0.2444 -0.8221 0.5143
vn -0.0551 0.9155 0.3985
vn 0.0463 0.7959 0.6037
vn -0.1340 0.5469 0.8264
vn -0.4564 0.8403 0.2924
vn -0.9431 0.2910 -0.1608
vn -0.8505 0.5247 0.0356
vn -0.8832 0.4561 0.1093
vn -0.6298 0.6525 0.4214
vn -0.8445 0.5270 0.0951
vn -0.2082 0.5376 -0.8171
vn -0.2987 0.6261 -0.7202
vn -0.0564 0.4400 -0.8962
vn -0.2986 0.5099 -0.8068
vn -0.1854 0.4759 -0.8597
vn -0.2037 0.4161 -0.8862
vn -0.3819 0.8215 -0.4235
vn -0.4651 0.8063 -0.3656
vn -0.2757 0.9375 -0.2125
vn -0.3322 0.9373 -0.1052
vn -0.2645 0.9196 -0.2906
vn -0.0395 0.9986 0.0353
vn 0.0722 0.9504 -0.3027
vn -0.0003 0.9973 -0.0737
vn 0.9891 0.1232 0.0808
vn 0.8218 0.5696 -0.0145
vn 0.8666 0.1626 0.4718
vn 0.2484 0.1421 -0.9582
vn 0.2442 0.0166 -0.9696
vn 0.2311 0.1371 -0.9632
vn 0.1189 0.6282 -0.7689
vn 0.0577 0.4107 -0.9099
vn 0.0470 0.4683 -0.8823
vn 0.8488 0.5218 0.0853
vn 0.4386 -0.0411 0.8977
vn 0.8964 -0.1998 0.3956
vn 0.0604 -0.9968 -0.0527
vn 0.2571 -0.9544 0.1521
vn 0.0219 -0.9997 -0.0126
vn 0.1312 0.6329 -0.7630
vn -0.1896 0.9240 -0.3322
vn 0.3052 0.9459 -0.1099
vn 0.2928 0.4760 -0.8293
vn 0.0413 0.8339 -0.5503
vn -0.2019 0.7755 -0.5982
vn -0.7728 0.6085 -0.1804
vn -0.7401 0.3132 -0.5951
vn -0.5196 0.5602 -0.6452
vn -0.6350 0.4996 -0.5892
vn -0.2350 0.5864 -0.7752
vn -0.0589 -0.9980 -0.0239
vn -0.4432 -0.8599 -0.2532
vn -0.5964 0.5868 0.5477
vn -0.5884 0.7296 0.3484
vn -0.6066 0.6579 0.4463
vn 0.0239 0.6994 -0.7143
vn 0.1538 0.8303 -0.5357
vn 0.3091 0.8074 -0.5025
vn 0.6510 0.7454 -0.1438
vn 0.5495 0.7878 -0.2783
vn 0.3325 0.8867 0.3212
vn 0.3904 0.8577 0.3346
vn 0.0300 0.6408 0.7671
vn 0.7850 0.6171 0.0542
vn 0.0076 0.8926 0.4508
vn -0.1659 0.9098 0.3805
vn 0.1684 0.9420 0.2904
vn 0.0375 0.9731 0.2274
vn 0.1236 0.9701 0.2091
vn -0.8850 -0.0999 0.4548
vn -0.9483 0.0722 0.3091
vn -0.8623 -0.3439 0.3717
vn -0.9468 0.2884 -0.1426
vn -0.9391 -0.1269 0.3192
vn 0.2038 0.9646 0.1674
vn 0.1475 0.9365 -0.3182
vn 0.3577 0.9220 0.1480
vn -0.1949 0.2079 0.9585
vn -0.1645 0.0902 0.9822
vn -0.1339 0.2665 0.9545
vn -0.0268 0.8929 0.4495
vn -0.0237 0.8961 0.4431
vn 0.0104 -0.9999 -0.0045
vn 0.1888 -0.9090 0.3716
vn 0.0485 -0.8694 0.4916
vn 0.2077 -0.9214 0.3283
vn 0.2446 -0.7698 0.5896
vn 0.1122 -0.9920 0.0585
vn -0.4580 -0.0556 0.8872
vn 0.2005 0.5805 0.7892
vn -0.1052 0.7768 0.6210
vn 0.2649 0.1046 0.9586
vn 0.0932 0.4279 0.8990
vn 0.6338 0.2388 0.7357
vn 0.1456 -0.9832 0.1097
vn 0.9430 0.1176 -0.3112
vn 0.9828 0.0662 0.1724
vn 0.5253 -0.7933 -0.3077
vn 0.5805 -0.3580 0.7313
vn 0.5677 0.3004 0.7664
vn 0.5698 0.0965 0.8161
vn 0.1439 -0.9845 -0.1002
vn 0.3202 -0.8818 0.3461
vn 0.5025 -0.7845 -0.3633
vn 0.0112 0.8366 -0.5477
vn 0.0389 0.6971 -0.7159
vn -0.0121 0.5666 -0.8239
vn -0.9922 -0.1235 0.0151
vn -0.8788 0.3706 -0.3006
vn -0.7123 0.4928 -0.4997
vn -0.2536 0.8448 0.4711
vn -0.0436 0.8667 0.4969
vn 0.1019 0.8726 0.4776
vn -0.2709 0.9304 -0.2470
vn -0.3726 0.9273 -0.0364
vn 0.0219 0.8685 -0.4952
vn -0.1287 0.4962 -0.8586
vn 0.4290 0.6617 -0.6150
vn 0.4571 0.3643 -0.8114
vn -0.1888 0.7250 -0.6623
vn -0.0271 0.8975 -0.4403
vn -0.0325 0.6975 -0.7159
vn 0.3211 -0.9317 0.1699
vn 0.8432 -0.5148 0.1552
vn 0.3872 -0.6238 0.6790
vn 0.4559 -0.7193 0.5242
vn -0.2958 0.8975 0.3271
vn -0.3191 0.6446 0.6947
vn -0.1765 0.7355 0.6542
vn -0.2970 0.8538 0.4276
vn 0.1675 -0.9184 -0.3584
vn -0.0617 -0.9566 -0.2848
vn 0.8974 -0.0941 -0.4311
vn -0.3862 0.6255 -0.6779
vn -0.6705 0.5623 -0.4839
vn -0.5554 0.6792 -0.4798
vn -0.6898 0.6384 -0.3416
vn -0.6769 0.7113 -0.1891
vn 0.2133 0.9548 -0.2070
vn -0.1696 0.6731 0.7198
vn -0.3312 0.7211 0.6085
vn -0.5066 0.8382 0.2018
vn -0.0078 0.7536 0.6573
vn -0.0384 0.7350 0.6769
vn -0.0852 0.8416 0.5334
vn -0.0984 0.3240 0.9409
vn -0.0906 0.3352 0.9378
vn -0.3694 0.5023 0.7818
vn -0.3987 0.7741 0.4917
vn 0.6218 0.3233 -0.7133
vn -0.5140 -0.8385 -0.1809
vn -0.9925 -0.1082 -0.0567
vn -0.8729 -0.4360 -0.2192
vn -0.8897 0.4127 0.1950
vn -0.8513 0.5245 0.0134
vn -0.9091 0.4127 0.0563
vn -0.1673 0.9777 -0.1273
vn -0.1807 0.9831 -0.0298
vn -0.2854 0.9571 -0.0505
vn -0.0131 0.9466 -0.3222
vn -0.4101 0.1338 0.9022
vn -0.5489 0.4727 0.6894
vn -0.7193 0.6936 -0.0396
vn -0.5868 0.7993 0.1300
vn -0.8633 0.4888 -0.1259
vn -0.0971 0.8895 -0.4465
vn -0.4673 0.6173 -0.6329
vn -0.5722 0.7870 -0.2305
vn 0.6352 0.4528 -0.6256
vn 0.1348 0.5222 -0.8421
vn 0.1488 0.7956 -0.5872
vn 0.6310 0.7648 0.1299
vn 0.3926 0.8404 0.3736
vn 0.3578 0.9268 0.1142
vn 0.5082 0.8064 0.3024
vn 0.5196 0.7882 -0.3297
vn 0.2089 0.7735 -0.5983
vn 0.3127 0.7693 -0.5571
vn -0.6909 0.7131 0.1191
vn -0.4643 0.6415 0.6106
vn -0.7544 0.6519 0.0765
vn 0.7442 0.6573 0.1188
vn 0.9615 0.2576 -0.0962
vn 0.8340 0.5307 0.1509
vn 0.9450 0.2795 -0.1700
vn 0.9820 0.0651 -0.1772
vn 0.9210 0.3127 -0.2322
vn -0.9293 0.3623 -0.0716
vn -0.5708 0.1777 -0.8017
vn -0.4531 -0.1700 -0.8751
vn -0.5219 -0.7647 0.3780
vn -0.4297 0.0227 0.9027
vn -0.5532 0.1534 0.8188
vn -0.5827 -0.2565 0.7712
vn -0.5828 0.5473 0.6007
vn -0.3470 0.8444 0.4081
vn -0.5828 0.7478 0.3181
vn -0.2535 0.4406 0.8612
vn -0.1444 0.1947 0.9702
vn -0.1720 0.5414 0.8230
vn -0.8198 0.5572 -0.1321
vn -0.8080 0.5891 -0.0086
vn -0.7615 0.3176 -0.5651
vn -0.7037 0.4534 -0.5470
vn -0.7129 0.4057 -0.5721
vn -0.9006 0.0316 -0.4336
vn -0.9357 0.1907 -0.2968
vn 0.8029 0.4948 -0.3325
vn 0.7142 0.2958 -0.6343
vn 0.8965 0.3990 -0.1927
vn 0.4032 0.9137 0.0506
vn 0.5579 0.4976 -0.6642
vn 0.3478 0.9304 -0.1158
vn -0.2977 0.9013 -0.3146
vn -0.3299 0.9422 -0.0584
vn -0.2769 0.9518 -0.1318
vn -0.2679 0.8529 0.4481
vn -0.2876 0.9572 -0.0321
vn -0.1751 0.8525 0.4926
vn 0.3301 0.6709 -0.6641
vn -0.0082 0.5536 -0.8327
vn -0.2824 0.3363 -0.8984
vn -0.3789 0.1073 -0.9192
vn -0.9478 -0.3188 -0.0047
vn 0.6923 0.7188 0.0638
vn 0.3134 0.9035 0.2923
vn 0.8973 0.3799 0.2248
vn 0.7633 0.5402 0.3544
vn -0.1567 0.9492 0.2729
vn -0.3538 0.8005 0.4837
vn -0.2899 0.8355 0.4667
vn -0.3151 0.7625 0.5651
vn -0.3051 0.6381 0.7070
vn -0.1910 0.7601 0.6211
vn 0.1549 0.7608 0.6303
vn -0.1601 0.8472 0.5066
vn -0.1367 0.9397 0.3136
vn -0.1284 0.7170 0.6852
vn -0.0479 0.4632 -0.8850
vn -0.0349 0.4135 -0.9098
vn 0.0886 0.4603 -0.8833
vn -0.3420 0.3322 0.8790
vn -0.0693 -0.2179 0.9735
vn -0.1486 0.0703 0.9864
vn 0.9372 -0.3328 -0.1044
vn 0.8998 -0.2688 0.3437
vn 0.8973 0.1555 -0.4131
vn 0.9974 0.0512 0.0515
vn 0.6862 0.6782 -0.2629
vn 0.2337 0.0913 -0.9680
vn 0.0978 0.8213 -0.5620
vn 0.3538 0.1611 -0.9214
vn 0.7328 0.1810 -0.6559
vn 0.6039 -0.0488 -0.7956
vn 0.5825 0.2392 -0.7768
vn 0.0287 0.6631 -0.7480
vn 0.1544 0.9309 -0.3310
vn -0.0300 0.8950 -0.4451
vn -0.1687 0.9763 -0.1356
vn -0.9812 0.1532 -0.1171
vn -0.9703 0.0711 -0.2314
vn -0.9712 -0.0130 -0.2379
vn 0.5243 0.6293 -0.5737
vn 0.4552 0.3926 -0.7992
vn 0.5926 0.6485 -0.4779
vn -0.8257 0.1482 -0.5443
vn 0.8088 0.5232 0.2686
vn 0.7711 0.6347 0.0502
vn 0.8650 0.4015 0.3009
vn 0.7875 0.6127 0.0663
vn 0.8128 0.5557 0.1748
vn 0.7830 0.6016 0.1582
vn -0.9279 -0.3151 -0.1994
vn -0.9978 -0.0234 -0.0618
vn -0.9639 -0.1898 -0.1870
vn 0.2264 0.9681 0.1074
vn 0.4234 0.8789 -0.2197
vn -0.0890 0.6801 -0.7277
vn 0.1450 0.5888 -0.7951
vn 0.3442 0.6000 -0.7222
vn 0.8393 0.5328 0.1080
vn 0.7478 0.6618 -0.0528
vn 0.7670 0.6376 0.0719
vn 0.7590 0.6120 0.2224
vn 0.6965 0.6588 0.2845
vn 0.5932 0.7546 0.2806
vn -0.9572 0.2725 0.0975
vn -0.8195 0.5576 0.1325
vn -0.7717 0.6134 0.1677
vn -0.8926 0.4508 -0.0074
vn -0.8279 0.5608 0.0131
vn -0.8653 0.5008 -0.0211
vn 0.8412 0.2807 0.4621
vn 0.9790 -0.0284 0.2019
vn -0.0436 0.9949 0.0905
vn 0.5095 0.8309 0.2238
vn -0.2794 0.9349 0.2190
vn -0.9063 0.4160 -0.0747
vn -0.7679 0.5875 -0.2552
vn -0.9385 0.3432 -0.0386
vn -0.6462 0.6780 -0.3503
vn 0.8954 0.1533 0.4180
vn 0.7137 -0.3254 0.6203
vn 0.8166 -0.3556 0.4546
vn 0.3808 -0.1269 0.9159
vn 0.5242 -0.0789 0.8480
vn -0.6166 0.5971 -0.5131
vn -0.6495 0.3677 -0.6655
vn -0.2286 0.5814 -0.7809
vn 0.0935 0.5086 -0.8559
vn -0.9747 0.0826 0.2077
vn -0.5807 -0.0270 0.8136
vn -0.6515 -0.5682 0.5027
vn -0.1289 -0.8595 0.4946
vn -0.1078 -0.6857 0.7199
vn -0.4521 -0.5926 0.6666
vn -0.3033 0.6439 -0.7024
vn -0.8363 0.0758 -0.5430
vn -0.1534 -0.9879 -0.0242
vn -0.2099 -0.9774 -0.0261
vn -0.2005 -0.9742 -0.1036
vn -0.3811 -0.8856 -0.2653
vn 0.2576 0.3252 0.9099
vn 0.1302 0.4786 0.8683
vn 0.7656 0.6415 -0.0475
vn 0.6250 0.7580 0.1866
vn 0.5636 0.7899 -0.2419
vn 0.3804 0.9245 -0.0244
vn -0.6325 0.5349 -0.5602
vn -0.6456 0.6754 -0.3565
vn -0.6794 0.6353 -0.3673
vn -0.9490 0.1121 -0.2945
vn -0.8941 0.2569 -0.3670
vn -0.9613 0.2552 -0.1041
vn 0.6309 0.5864 0.5080
vn 0.9027 0.2660 0.3381
vn -0.8741 0.4350 -0.2160
vn -0.8824 0.4390 0.1691
vn 0.8673 0.4878 -0.0993
vn 0.7650 0.5894 -0.2596
vn 0.6437 0.7625 -0.0650
vn 0.7442 0.6648 0.0655
vn 0.6802 0.7035 0.2060
vn 0.1524 0.0047 -0.9883
vn 0.3507 0.2651 -0.8982
vn 0.6073 -0.6677 -0.4306
vn -0.4980 0.6649 0.5568
vn -0.5602 0.6525 0.5103
vn -0.8114 0.5632 -0.1566
vn -0.8656 0.4969 0.0615
vn -0.0735 0.9027 -0.4238
vn 0.0160 0.9672 -0.2537
vn -0.1328 0.9886 0.0704
vn 0.1201 0.9320 0.3420
vn 0.0520 0.9982 0.0285
vn -0.0982 0.5967 -0.7964
vn 0.0367 0.8181 -0.5739
vn -0.1159 0.7474 -0.6542
vn -0.1536 0.6594 -0.7360
vn -0.2443 0.7191 -0.6506
vn -0.2131 0.6254 -0.7506
vn 0.0915 0.4198 -0.9030
vn 0.7270 0.5458 -0.4165
vn 0.9154 0.0416 -0.4004
vn 0.8073 -0.5781 -0.1185
vn 0.2226 -0.9732 0.0580
vn 0.4781 -0.8679 -0.1352
vn -0.8612 0.2511 0.4419
vn -0.8939 0.4218 -0.1519
vn -0.5769 0.4069 0.7083
vn -0.0501 0.3986 0.9158
vn 0.0713 -0.0797 0.9943
vn -0.2582 -0.3304 0.9078
vn -0.0634 0.0056 0.9980
vn -0.6773 0.5811 0.4513
vn -0.6622 0.6346 0.3984
vn -0.9827 0.1202 -0.1407
vn -0.9025 0.4264 0.0610
vn -0.9828 0.0173 -0.1839
vn -0.1778 0.3093 0.9342
vn -0.1658 0.7856 0.5962
vn -0.3656 0.9301 -0.0356
vn -0.3735 0.9106 0.1769
vn 0.1235 0.7340 -0.6679
vn 0.1004 0.8202 -0.5633
vn -0.0602 0.8235 -0.5641
vn 0.1993 0.5126 -0.8352
vn -0.2034 0.7119 -0.6722
vn 0.0207 0.8429 0.5376
vn -0.0358 0.9442 0.3275
vn -0.2875 0.7869 0.5460
vn -0.7260 -0.0937 0.6813
vn -0.3745 0.4159 0.8287
vn -0.7873 0.5030 -0.3567
vn -0.7658 0.6323 -0.1171
vn -0.8754 0.4626 -0.1403
vn 0.8862 0.4586 -0.0663
vn 0.8655 0.4990 0.0448
vn 0.8981 0.4279 0.1019
vn 0.6755 0.5987 -0.4305
vn -0.7786 0.5730 -0.2558
vn 0.2574 0.9227 -0.2871
vn -0.1531 0.9882 -0.0037
vn -0.4262 0.8985 -0.1053
vn 0.7860 0.6179 0.0199
vn 0.7721 0.6014 0.2055
vn 0.7941 0.6039 0.0679
vn 0.6327 0.7540 -0.1763
vn 0.7167 0.6967 -0.0318
vn 0.4501 0.8612 -0.2361
vn 0.1440 -0.9887 0.0411
vn 0.9825 0.0090 0.1862
vn 0.9059 -0.4201 -0.0538
vn 0.3087 -0.2978 0.9034
vn 0.3053 -0.3878 0.8697
vn 0.4760 -0.1454 0.8673
vn 0.7935 0.5521 0.2560
vn 0.8243 0.5077 0.2505
vn 0.9307 0.2361 0.2795
vn 0.9217 0.3406 0.1857
vn 0.9385 0.1831 0.2928
vn 0.1345 0.9899 0.0442
vn -0.0293 0.9995 -0.0067
vn -0.4032 0.8623 -0.3065
vn -0.7305 0.5149 -0.4486
vn -0.5852 0.7783 -0.2276
vn 0.0367 0.9916 0.1237
vn -0.1423 0.9724 -0.1849
vn -0.0368 0.9521 -0.3035
vn -0.3474 0.6493 -0.6765
vn -0.2155 0.5482 -0.8081
vn 0.3623 0.9314 0.0349
vn -0.7187 0.6953 -0.0095
vn -0.0504 0.7321 -0.6793
vn 0.0155 0.7698 -0.6381
vn -0.2549 0.8214 -0.5102
vn -0.2167 0.9743 -0.0612
vn -0.1600 0.9871 -0.0112
vn 0.9481 0.3062 -0.0853
vn 0.8565 0.4500 0.2527
vn 0.8493 0.4803 0.2191
vn 0.7295 0.5654 0.3849
vn 0.7593 0.3160 -0.5688
vn 0.7609 0.4950 -0.4196
vn 0.1073 0.2887 -0.9514
vn 0.0928 0.3646 -0.9265
vn -0.0605 0.4156 -0.9076
vn -0.0472 0.4052 -0.9130
vn -0.0377 0.2958 0.9545
vn -0.1711 0.2445 0.9544
vn -0.1404 0.2950 0.9451
vn 0.1050 0.2774 0.9550
vn 0.1690 0.5523 0.8163
vn -0.0831 -0.7250 0.6837
vn -0.0464 -0.9899 0.1336
vn -0.0219 -0.9814 0.1907
vn 0.0807 -0.7837 0.6159
vn -0.0581 -0.6766 0.7341
vn 0.8428 0.1126 0.5264
vn 0.3953 0.4566 0.7970
vn 0.8374 0.5424 -0.0672
vn -0.0041 0.8545 0.5195
vn -0.3855 0.7261 0.5693
vn 0.3252 0.8764 0.3552
vn -0.1515 0.5406 -0.8275
vn 0.0324 0.6905 -0.7226
vn -0.0137 0.7284 -0.6850
vn 0.4337 0.8356 -0.3372
vn 0.4354 0.8987 -0.0525
vn 0.2766 -0.1826 -0.9435
vn 0.0876 -0.5214 -0.8488
vn -0.0137 0.6651 -0.7466
vn 0.1625 0.6655 -0.7285
vn 0.1443 0.7124 -0.6867
vn -0.6150 -0.7780 -0.1283
vn -0.5303 -0.8445 -0.0748
vn 0.3723 -0.1609 -0.9141
vn 0.8201 -0.2537 -0.5129
vn 0.7678 -0.0816 -0.6355
vn 0.5186 -0.4972 -0.6956
vn 0.4826 0.1593 -0.8612
vn 0.6344 -0.4725 -0.6118
vn 0.4337 -0.4795 -0.7629
vn 0.3448 -0.8408 -0.4172
vn -0.9304 -0.0341 0.3651
vn -0.9835 -0.1778 -0.0345
vn -0.5918 -0.8049 0.0437
vn -0.7132 -0.4262 0.5565
vn -0.5638 0.7188 0.4068
vn -0.3938 0.8794 0.2674
vn -0.3766 0.8506 0.3670
vn -0.0174 0.8524 0.5227
vn 0.7010 0.0561 0.7109
vn 0.7567 -0.3372 0.5601
vn 0.9589 0.1090 0.2619
vn 0.5324 0.3021 0.7908
vn 0.7100 0.1885 0.6785
vn 0.3061 0.1146 0.9451
vn -0.9230 0.3836 0.0320
vn -0.9568 0.0518 0.2861
vn -0.8146 0.3622 0.4530
vn -0.5327 0.4413 0.7221
vn 0.6437 -0.7372 0.2053
vn 0.7808 -0.3121 0.5412
vn -0.9402 0.3276 0.0935
vn -0.9487 0.3122 -0.0501
vn -0.5755 0.4182 -0.7027
vn -0.4388 -0.1394 0.8877
vn -0.8086 0.4629 0.3632
vn -0.1705 0.2558 0.9516
vn -0.1846 0.2751 0.9435
vn -0.1249 0.3066 0.9436
vn -0.3134 0.4788 0.8201
vn -0.0101 0.9283 -0.3717
vn -0.0874 0.7688 -0.6335
vn 0.4136 0.4968 -0.7630
vn -0.4412 0.0084 -0.8974
vn -0.5294 0.5302 -0.6623
vn -0.2033 0.3996 -0.8939
vn -0.4178 0.5636 -0.7126
vn 0.6423 0.2728 0.7162
vn 0.5589 0.2330 0.7958
vn 0.2649 0.3860 0.8836
vn 0.0625 0.3860 0.9204
vn 0.0109 0.3907 0.9205
vn 0.0896 0.3875 0.9175
vn 0.0037 -0.9999 -0.0136
vn -0.1346 0.9734 0.1856
vn -0.5175 0.8484 -0.1115
vn -0.7725 0.4955 -0.3973
vn -0.7692 0.6224 -0.1447
vn -0.7697 0.5098 -0.3843
vn -0.4550 0.8009 -0.3892
vn 0.7147 0.1988 -0.6705
vn 0.7098 0.1195 -0.6942
vn 0.8056 0.2194 0.5504
vn 0.6792 0.0276 0.7334
vn 0.8685 0.2132 0.4475
vn 0.8743 0.4200 0.2432
vn 0.8376 0.5361 0.1053
vn 0.8251 0.5647 0.0201
vn -0.2439 0.6605 -0.7101
vn 0.1726 0.9719 -0.1602
vn -0.4357 0.4675 -0.7692
vn -0.0973 0.6136 -0.7836
vn -0.2919 0.5351 -0.7927
vn 0.0014 -1.0000 -0.0007
vn -0.6179 0.7327 -0.2853
vn -0.6709 0.4699 -0.5737
vn -0.3341 -0.2159 0.9175
vn -0.1045 0.1919 0.9758
vn 0.0164 -0.9998 -0.0082
vn -0.1889 0.9268 0.3246
vn -0.2953 0.8814 0.3687
vn -0.0954 0.7519 0.6524
vn 0.1695 0.5553 0.8142
vn 0.0623 0.5825 -0.8104
vn 0.5834 0.6527 -0.4834
vn 0.3980 0.3988 -0.8262
vn 0.0248 0.5568 -0.8303
vn 0.8552 0.4570 0.2447
vn 0.6414 0.7224 0.2582
vn -0.0195 0.5786 0.8154
vn 0.2820 0.5582 0.7803
vn 0.2535 0.7318 0.6327
vn -0.0087 0.7093 0.7048
vn 0.1667 0.7089 0.6853
vn -0.4260 0.6403 -0.6392
vn -0.0034 0.7721 -0.6354
vn 0.0514 0.3826 0.9225
vn -0.2075 0.9339 0.2910
vn -0.0057 0.2739 0.9617
vn 0.0283 0.2157 0.9761
vn -0.0214 0.2579 0.9659
vn 0.7919 0.5932 -0.1450
vn 0.8364 0.5242 0.1600
vn 0.7626 0.6467 0.0123
vn 0.8020 0.5586 0.2115
vn 0.0267 0.6906 -0.7227
vn -0.0877 0.4266 -0.9002
vn -0.2770 0.6020 -0.7489
vn -0.5594 0.5930 -0.5792
vn -0.6509 0.6179 -0.4410
vn -0.8205 0.4778 -0.3136
vn -0.6741 0.3785 -0.6343
vn 0.1094 -0.6646 -0.7392
vn 0.3111 -0.7455 -0.5895
vn 0.2386 -0.9489 -0.2066
vn 0.4345 0.1448 0.8889
vn 0.0855 0.1820 0.9796
vn 0.0496 0.0054 0.9988
vn -0.0936 0.8468 0.5236
vn -0.3217 0.6216 0.7142
vn -0.2719 0.5146 0.8132
vn 0.8005 0.5782 0.1577
vn 0.7920 0.4483 0.4144
vn -0.3374 0.2721 -0.9012
vn -0.1231 0.6385 -0.7597
vn -0.2892 0.5617 -0.7751
vn -0.3488 0.4539 -0.8200
vn -0.9053 -0.3945 -0.1575
vn -0.9764 -0.1828 0.1153
vn -0.8751 -0.1651 -0.4548
vn -0.1206 0.3425 0.9317
vn -0.8803 0.4743 -0.0147
vn 0.8055 0.5426 -0.2383
vn 0.0759 0.7993 0.5961
vn 0.2191 0.9286 0.2996
vn -0.9653 -0.2605 0.0149
vn -0.9021 0.2773 0.3307
vn 0.8880 0.4128 0.2025
vn 0.2936 0.8954 -0.3347
vn -0.5823 0.4227 0.6944
vn -0.3626 0.5401 0.7595
vn -0.0491 0.7784 0.6259
vn 0.3753 -0.5139 -0.7714
vn 0.3061 -0.4778 -0.8234
vn 0.1861 -0.5369 -0.8229
vn -0.0081 -1.0000 0.0009
vn -0.6296 0.5791 -0.5179
vn -0.7343 0.5866 -0.3416
vn -0.6920 0.5693 -0.4440
vn -0.1537 -0.9880 -0.0136
vn -0.2371 -0.9699 -0.0553
vn -0.2238 -0.9739 -0.0374
vn -0.9313 0.3633 -0.0259
vn -0.9467 0.3221 0.0023
vn -0.9947 0.0295 -0.0984
vn -0.7958 0.5666 -0.2135
vn -0.6777 0.7187 -0.1553
vn -0.7224 0.6731 0.1580
vn 0.3567 0.6842 -0.6361
vn -0.3280 0.5634 -0.7583
vn -0.3272 0.6532 -0.6828
vn -0.8258 0.5635 0.0228
vn -0.5370 0.7870 -0.3037
vn -0.6236 0.7250 -0.2924
vn -0.6096 0.7874 0.0917
vn -0.1223 0.8757 -0.4671
vn -0.0033 0.4785 -0.8781
vn -0.0617 0.4955 -0.8664
vn -0.0328 0.7027 -0.7108
vn 0.6399 0.3898 -0.6622
vn 0.0443 0.4250 -0.9041
vn -0.5264 0.7802 -0.3380
vn -0.0305 0.3470 0.9374
vn 0.0280 0.2224 0.9746
vn 0.1068 0.2753 0.9554
vn 0.2733 0.5771 0.7696
vn 0.0068 0.2228 0.9748
vn 0.3824 0.6642 -0.6424
vn 0.5963 0.6952 -0.4014
vn -0.1144 0.8006 -0.5882
vn -0.1871 0.7619 -0.6201
vn -0.7896 0.4744 -0.3892
vn -0.8576 0.4556 -0.2389
vn -0.8142 0.2482 -0.5248
vn -0.8768 0.1531 -0.4558
vn -0.1339 0.3740 -0.9177
vn 0.1465 0.6140 -0.7756
vn -0.0047 0.9125 -0.4091
vn -0.1283 0.8705 -0.4751
vn 0.0103 0.4826 -0.8758
vn -0.5862 0.7985 -0.1371
vn -0.8781 0.4404 -0.1871
vn -0.7180 0.6085 -0.3380
vn 0.7060 -0.6560 -0.2669
vn 0.0944 -0.9807 -0.1713
vn -0.0677 -0.9268 -0.3695
vn 0.3177 -0.9244 -0.2111
vn -0.0534 0.9535 -0.2966
vn 0.8110 0.4850 0.3272
vn 0.1874 0.8269 -0.5303
vn -0.4709 0.5900 -0.6559
vn -0.0316 0.8577 -0.5131
vn -0.0824 0.8993 -0.4296
vn 0.4528 0.2583 -0.8534
vn -0.2187 0.7730 -0.5956
vn 0.6963 0.1362 -0.7047
vn 0.8475 0.4502 -0.2812
vn 0.3648 0.0903 -0.9267
vn 0.2958 -0.3439 -0.8912
vn -0.2529 0.5669 0.7840
vn -0.6001 0.6086 0.5191
vn -0.3454 0.9030 0.2557
vn -0.9464 0.2853 -0.1514
vn -0.9789 0.0870 -0.1849
vn -0.5600 0.6131 -0.5572
vn -0.0698 0.5695 -0.8191
vn -0.1881 0.6762 -0.7123
vn -0.3910 0.6029 -0.6954
vn -0.1299 0.6705 0.7305
vn -0.1423 0.9539 0.2643
vn -0.1348 0.9843 0.1144
vn 0.2437 0.9689 -0.0426
vn -0.2788 0.9503 -0.1389
vn -0.3031 0.4487 -0.8407
vn -0.4878 0.4407 -0.7535
vn -0.4052 0.4104 -0.8170
vn -0.4486 0.8508 0.2738
vn -0.2562 0.9076 -0.3325
vn -0.3991 0.8983 0.1835
vn 0.8252 -0.0212 0.5644
vn 0.8403 0.2009 0.5035
vn 0.7860 0.2345 0.5720
vn 0.8931 0.3146 0.3215
vn 0.6029 0.7915 0.1004
vn 0.4077 0.8758 0.2582
vn 0.2604 0.9649 -0.0330
vn -0.0994 0.9860 -0.1339
vn 0.4508 0.7096 -0.5415
vn 0.3344 0.8415 -0.4244
vn -0.9389 0.2799 0.2001
vn -0.9632 0.1253 0.2379
vn -0.9999 0.0051 -0.0093
vn -0.2397 0.9697 0.0478
vn -0.1211 0.5519 0.8251
vn -0.1140 0.9839 -0.1378
vn -0.2978 0.9341 0.1970
vn -0.5383 0.5745 0.6166
vn -0.5455 0.5015 0.6715
vn 0.2188 0.9724 0.0814
vn -0.0577 -0.0454 0.9973
vn 0.0446 0.4786 0.8769
vn -0.5422 0.4459 0.7122
vn 0.0954 0.5464 0.8321
vn -0.7304 0.6603 -0.1749
vn -0.8419 0.5339 -0.0777
vn 0.5581 0.3427 -0.7557
vn 0.4477 0.4974 -0.7431
vn 0.0418 0.4230 -0.9052
vn -0.9142 0.3887 -0.1152
vn 0.5782 0.6843 -0.4444
vn -0.0685 0.9755 0.2089
vn 0.4025 0.3311 -0.8535
vn 0.1173 0.4308 -0.8948
vn 0.4100 0.2243 -0.8841
vn 0.8474 0.4560 -0.2719
vn 0.7746 0.6231 -0.1083
vn 0.8398 0.5311 -0.1126
vn -0.9012 0.4332 -0.0147
vn -0.8465 0.4438 0.2939
vn -0.1304 0.9243 0.3588
vn 0.5524 -0.8038 0.2207
vn 0.8953 -0.4433 -0.0431
vn 0.7818 -0.6082 -0.1373
vn 0.4575 -0.4487 0.7677
vn 0.6492 -0.6783 0.3443
vn 0.6801 -0.6140 0.4006
vn 0.5270 0.4205 -0.7385
vn 0.1734 0.4707 -0.8651
vn 0.3203 0.6463 -0.6926
vn 0.4425 0.6019 -0.6648
vn -0.1943 0.1586 -0.9680
vn -0.3343 -0.1906 -0.9230
vn 0.2759 -0.0148 -0.9611
vn 0.4309 -0.1890 -0.8824
vn 0.4316 -0.3311 -0.8391
vn -0.0328 0.9926 -0.1166
vn 0.0895 0.9839 -0.1544
vn 0.6968 -0.3280 0.6379
vn 0.8353 -0.5180 0.1841
vn 0.9399 0.1017 0.3261
vn 0.6120 0.6790 -0.4056
vn -0.8777 0.4770 -0.0462
vn -0.7332 0.4128 0.5403
vn 0.5877 0.7011 0.4038
vn 0.6806 0.7059 0.1960
vn 0.5625 0.8253 0.0487
vn 0.0810 0.8620 0.5004
vn 0.0540 0.9725 -0.2265
vn 0.0623 0.9622 -0.2652
vn -0.8327 0.5455 -0.0949
vn -0.8692 0.4871 -0.0849
vn -0.8512 0.5150 -0.1009
vn -0.7477 0.6639 -0.0138
vn -0.9747 0.1761 0.1380
vn 0.6504 0.5806 0.4898
vn 0.6490 0.5552 0.5202
vn 0.7034 0.6179 0.3512
vn 0.6272 0.7467 0.2215
vn 0.6270 0.6310 0.4568
vn 0.3445 0.8729 0.3455
vn -0.1746 0.2127 0.9614
vn -0.3966 -0.1181 0.9103
vn -0.1392 0.3454 0.9281
vn 0.2282 0.3129 0.9220
vn 0.4326 0.0996 0.8961
vn 0.2049 0.0875 0.9749
vn -0.9851 -0.0041 -0.1722
vn -0.7170 0.0261 0.6965
vn -0.5677 0.1445 0.8104
vn -0.9274 0.0416 0.3719
vn 0.0493 0.9920 -0.1164
vn -0.0372 0.9555 -0.2926
vn 0.0006 0.9836 0.1805
vn -0.0998 0.9854 0.1383
vn -0.1385 0.3916 -0.9097
vn 0.0048 -0.5095 -0.8604
vn -0.1930 -0.0623 -0.9792
vn 0.2668 0.4834 -0.8337
vn 0.4400 0.6910 -0.5735
vn 0.2804 0.5360 -0.7963
vn 0.3833 0.2425 -0.8912
vn -0.1145 0.4788 -0.8704
vn 0.0687 0.5299 -0.8453
vn 0.1329 0.1102 -0.9850
vn -0.5277 0.5939 0.6073
vn -0.6854 0.4933 0.5356
vn -0.4213 0.8666 0.2673
vn -0.2344 0.9420 0.2401
vn -0.3028 0.8723 0.3840
vn -0.5994 0.7565 0.2617
vn -0.5085 -0.8595 -0.0517
vn -0.5287 0.0059 0.8488
vn -0.9086 0.0743 0.4111
vn -0.5944 0.5236 0.6103
vn 0.1240 0.3059 0.9440
vn 0.3262 0.2192 0.9196
vn 0.1762 -0.3579 0.9170
vn -0.1524 0.6213 -0.7686
vn -0.2104 0.7222 -0.6589
vn -0.1015 0.3164 -0.9432
vn -0.2620 0.5601 -0.7859
vn -0.4076 0.4349 0.8030
vn -0.2894 0.2799 0.9154
vn -0.7156 0.1538 0.6813
vn 0.1205 0.2560 -0.9591
vn 0.4005 0.2727 -0.8748
vn -0.0551 0.5204 -0.8521
vn -0.0474 0.4891 -0.8710
vn -0.1172 0.4390 -0.8908
vn -0.1055 0.5020 -0.8584
vn -0.3562 0.9343 0.0158
vn -0.4560 0.5397 0.7077
vn -0.2442 0.8874 0.3910
vn -0.5582 0.8152 -0.1544
vn -0.4051 0.9099 0.0897
vn -0.8494 0.5278 -0.0023
vn 0.3976 0.3434 -0.8509
vn 0.8434 0.3049 -0.4425
vn 0.2088 0.7886 -0.5784
vn -0.5604 0.7715 0.3013
vn -0.5265 0.6766 0.5148
vn -0.2335 0.9722 0.0198
vn -0.9276 0.0435 0.3709
vn -0.9870 0.0415 -0.1550
vn 0.6360 -0.7714 0.0184
vn 0.8744 0.4843 0.0293
vn 0.9969 0.0237 0.0755
vn 0.8078 0.1793 0.5615
vn 0.5697 -0.6117 0.5488
vn 0.1028 0.8226 -0.5592
vn 0.3143 0.6639 -0.6786
vn 0.2884 0.9489 -0.1280
vn -0.3671 0.5203 0.7711
vn -0.3090 0.7052 0.6381
vn 0.1424 0.9752 -0.1697
vn -0.1483 0.9862 0.0740
vn 0.2367 0.7722 0.5896
vn -0.4471 0.7625 0.4677
vn -0.4956 0.0374 0.8677
vn -0.1628 0.9758 -0.1459
vn -0.8015 0.5679 0.1874
vn -0.8331 0.5305 0.1563
vn 0.8529 0.2785 0.4417
vn 0.5897 0.7525 0.2932
vn 0.5799 0.7203 0.3808
vn 0.7837 0.4829 0.3906
vn 0.5311 -0.8425 0.0898
vn 0.9088 -0.4153 0.0391
vn -0.6020 -0.0854 -0.7939
vn -0.1931 -0.9590 0.2075
vn -0.4631 -0.8603 0.2129
vn 0.6088 -0.3014 0.7339
vn -0.0617 0.8648 0.4982
vn -0.1507 0.9806 -0.1252
vn -0.2435 0.9630 -0.1152
vn 0.9666 -0.2291 0.1148
vn 0.8840 -0.0795 0.4606
vn -0.0751 0.5137 0.8547
vn -0.0265 0.0722 0.9970
vn -0.3154 0.8409 0.4399
vn -0.0614 0.9386 0.3395
vn -0.3174 0.8467 0.4271
vn -0.6033 0.5771 0.5504
vn -0.2251 0.7965 -0.5611
vn -0.1678 0.5046 -0.8469
vn 0.2610 0.9609 -0.0928
vn -0.2636 0.7728 0.5773
vn -0.1157 0.9040 0.4115
vn -0.2112 0.8490 0.4843
vn 0.5591 0.8094 0.1795
vn 0.0575 0.9579 -0.2812
vn 0.1136 0.9922 -0.0509
vn -0.5696 0.7766 -0.2693
vn -0.8897 0.4424 -0.1131
vn -0.6590 0.7252 -0.1993
vn -0.9718 0.2087 -0.1094
vn 0.5621 -0.1808 0.8071
vn 0.7093 0.3138 0.6312
vn 0.4297 -0.0333 0.9024
vn -0.0919 0.0813 0.9924
vn 0.3225 -0.1576 0.9334
vn 0.0312 0.0425 0.9986
vn 0.1519 0.1318 0.9796
vn -0.4751 0.8014 0.3633
vn -0.3804 0.6514 0.6565
vn -0.1313 0.8097 -0.5719
vn -0.1271 -0.7857 -0.6054
vn -0.3466 -0.6748 -0.6515
vn -0.1163 -0.9643 -0.2380
vn -0.3953 0.8039 0.4445
vn -0.4229 0.7488 0.5103
vn -0.1831 0.7141 0.6757
vn -0.3392 0.6298 0.6988
vn 0.2476 0.2467 -0.9369
vn 0.4936 0.0475 -0.8684
vn 0.0050 0.4272 -0.9041
vn 0.3008 0.0128 -0.9536
vn -0.5240 0.5637 -0.6385
vn 0.3578 0.9075 -0.2199
vn -0.9279 0.3416 -0.1494
vn 0.0052 0.8853 -0.4650
vn -0.3727 0.7983 0.4731
vn -0.4182 0.8104 0.4104
vn -0.4490 0.8681 0.2117
vn -0.1446 -0.0767 0.9865
vn -0.0266 0.0908 0.9955
vn -0.0934 0.1024 0.9904
vn -0.5448 0.0232 0.8382
vn -0.3415 -0.2684 0.9007
vn -0.2362 -0.2137 0.9479
vn -0.2303 0.9303 0.2855
vn -0.7178 0.5222 -0.4606
vn -0.3551 0.6073 -0.7107
vn -0.6787 0.6650 -0.3117
vn -0.6120 0.7773 -0.1457
vn -0.8529 0.5036 -0.1379
vn -0.7286 0.0341 0.6841
vn -0.7665 -0.4255 0.4811
vn -0.5725 -0.7228 0.3872
vn -0.7850 -0.3365 0.5201
vn 0.5723 0.6830 -0.4538
vn 0.3299 0.6282 -0.7046
vn 0.2181 0.8873 -0.4063
vn 0.4831 0.7627 -0.4301
vn 0.4521 0.8860 -0.1028
vn 0.5870 0.5501 0.5940
vn 0.7262 0.5563 0.4039
vn -0.1262 0.3199 -0.9390
vn -0.4722 0.1742 -0.8641
vn -0.6995 0.4860 -0.5239
vn -0.3154 0.4254 -0.8482
vn 0.3533 -0.2187 0.9096
vn 0.1159 0.0714 0.9907
vn 0.0380 0.2007 0.9789
vn -0.8310 0.5490 -0.0895
vn -0.6072 0.6242 0.4916
vn 0.3668 0.8122 -0.4537
vn -0.0778 0.7447 -0.6629
vn 0.1498 0.8734 -0.4634
vn 0.1352 0.8969 -0.4211
vn 0.5427 -0.4640 0.7001
vn 0.6649 -0.1548 0.7307
vn 0.5098 -0.4461 0.7356
vn 0.9715 -0.0487 0.2318
vn -0.3625 0.9026 0.2320
vn -0.2141 0.9720 0.0967
vn 0.7021 0.2738 -0.6573
vn 0.7710 -0.1733 -0.6128
vn 0.9747 0.1127 -0.1931
vn 0.0111 0.4533 0.8913
vn 0.0316 0.3381 0.9406
vn 0.2096 0.5399 0.8152
vn 0.4125 0.8869 -0.2082
vn -0.3848 0.9225 -0.0300
vn -0.8210 0.5707 -0.0182
vn -0.0742 0.9670 0.2438
vn 0.7891 0.5302 0.3102
vn 0.7793 0.3038 0.5480
vn -0.9449 0.3242 -0.0459
vn -0.9820 0.0916 0.1650
vn -0.8009 -0.2430 0.5472
vn -0.9653 -0.1406 0.2201
vn -0.9564 -0.2325 0.1766
vn 0.9225 0.3845 -0.0354
vn 0.7292 0.6810 0.0673
vn 0.8069 0.5902 -0.0233
vn 0.5995 0.7997 0.0331
vn 0.2441 0.9689 0.0418
vn 0.7862 0.2537 0.5634
vn -0.2542 0.8950 0.3666
vn -0.4888 0.8128 0.3169
vn 0.6833 -0.6159 0.3923
vn 0.7789 -0.4930 0.3876
vn -0.4827 0.8475 -0.2207
vn 0.0464 0.9848 -0.1673
vn -0.4711 0.8144 0.3389
vn -0.7125 0.6773 0.1835
vn -0.0840 0.9556 0.2826
vn -0.9203 0.3791 -0.0963
vn -0.6883 0.4942 0.5311
vn -0.8406 0.4063 0.3582
vn -0.1918 0.4394 -0.8776
vn -0.1028 0.5739 -0.8125
vn -0.2306 0.3814 -0.8952
vn -0.1831 -0.2975 -0.9370
vn 0.0589 -0.9479 -0.3130
vn -0.0210 0.0234 -0.9995
vn -0.2879 0.4940 -0.8204
vn 0.6621 -0.4061 -0.6299
vn -0.8313 -0.5377 -0.1406
vn -0.7439 -0.6419 -0.1858
vn -0.6762 0.2031 -0.7081
vn 0.4979 -0.8649 0.0642
vn 0.3796 -0.9011 0.2098
vn -0.1438 0.9853 0.0922
vn -0.2440 0.8000 0.5482
vn 0.3876 0.8916 0.2343
vn 0.8727 0.4092 0.2665
vn 0.7453 0.5571 0.3663
vn 0.6447 0.6552 0.3937
vn -0.2455 0.9660 -0.0815
vn -0.4371 0.8910 -0.1224
vn -0.1936 0.9803 -0.0398
vn 0.0289 0.7541 -0.6561
vn -0.0481 0.9501 -0.3082
vn -0.0155 -0.9999 -0.0029
vn -0.0165 0.8723 -0.4886
vn 0.3011 0.0169 0.9535
vn -0.4689 -0.1160 0.8756
vn -0.7457 0.5117 0.4267
vn 0.0324 0.8224 -0.5680
vn -0.0028 0.6932 -0.7208
vn 0.2456 0.8163 -0.5228
vn -0.0830 0.3744 -0.9235
vn 0.2954 0.8275 -0.4776
vn -0.7214 -0.3275 0.6102
vn -0.8778 -0.3065 0.3681
vn 0.4144 0.3979 0.8185
vn 0.1641 -0.1580 0.9737
vn -0.4219 0.3171 0.8494
vn -0.0392 0.5037 0.8630
vn -0.1959 0.7688 0.6087
vn 0.1021 0.8666 0.4884
vn -0.2315 0.6955 -0.6802
vn -0.0754 0.8478 -0.5249
vn -0.4361 0.5980 -0.6724
vn -0.3710 0.6113 -0.6991
vn -0.9166 0.3935 -0.0713
vn -0.9947 0.0927 0.0453
vn 0.5701 0.8195 -0.0575
vn 0.4773 0.8725 0.1046
vn 0.7466 0.4728 -0.4680
vn 0.6825 0.5755 -0.4506
vn -0.0150 -0.3312 -0.9435
vn -0.0995 -0.7708 -0.6293
vn -0.3319 0.1727 -0.9274
vn -0.1220 0.7798 -0.6140
vn -0.1165 0.7581 0.6417
vn 0.0451 0.7141 0.6986
vn -0.9167 0.3824 -0.1157
vn -0.7126 0.6989 -0.0612
vn -0.3534 0.8113 0.4658
vn -0.7121 0.6857 0.1509
vn -0.0108 0.5478 -0.8365
vn -0.3167 0.0677 0.9461
vn -0.0065 0.2883 0.9575
vn -0.1474 0.3154 0.9374
vn -0.0132 0.2655 0.9640
vn -0.3181 0.3721 0.8720
vn -0.1484 -0.2828 0.9476
vn -0.3729 0.0536 0.9263
vn 0.7575 0.6527 0.0127
vn 0.6944 0.7130 -0.0972
vn 0.6918 0.7109 -0.1264
vn 0.8340 0.0499 0.5495
vn 0.8868 0.1681 0.4305
vn -0.7960 0.4098 0.4455
vn -0.7651 0.6207 -0.1714
vn -0.3441 0.9350 0.0860
vn -0.8592 0.4228 0.2880
vn -0.8172 0.5760 0.0172
vn -0.0821 -0.7680 -0.6352
vn -0.9843 -0.1527 -0.0881
vn -0.9062 -0.1700 0.3871
vn 0.0666 0.0686 -0.9954
vn 0.2167 -0.1883 -0.9579
vn -0.1455 0.9873 0.0644
vn -0.5624 0.8252 -0.0524
vn 0.1145 0.7610 -0.6386
vn 0.0793 0.8041 -0.5892
vn -0.0426 0.9037 -0.4261
vn -0.6941 0.1428 0.7056
vn -0.9167 0.3956 -0.0571
vn -0.8580 0.4579 -0.2329
vn -0.0990 0.6986 -0.7087
vn 0.1228 0.9598 -0.2525
vn -0.4052 0.8185 -0.4074
vn -0.4016 0.8002 -0.4453
vn -0.3155 0.7356 -0.5994
vn -0.8302 0.5143 -0.2148
vn 0.2850 0.4381 -0.8526
vn 0.0786 0.8233 -0.5621
vn 0.1047 0.7244 -0.6814
vn 0.2505 0.5952 -0.7636
vn 0.0043 -0.0372 0.9993
vn -0.9675 0.0604 -0.2454
vn -0.9453 -0.0305 -0.3249
vn -0.7357 0.4539 0.5028
vn -0.7811 0.3204 -0.5359
vn -0.7353 0.5905 -0.3327
vn -0.4150 0.8366 -0.3575
vn -0.1659 0.5680 -0.8061
vn 0.0006 0.5683 -0.8228
vn 0.1142 0.7765 -0.6197
vn -0.7099 0.6894 0.1440
vn -0.7002 0.4969 0.5127
vn 0.0177 0.6731 -0.7393
vn 0.0674 0.9493 -0.3072
vn -0.2911 0.5631 -0.7734
vn 0.1548 0.8151 -0.5582
vn 0.2752 0.6570 -0.7019
vn -0.4443 0.8958 -0.0122
vn -0.7338 0.5600 -0.3847
vn -0.6565 0.3743 -0.6550
vn -0.6175 0.7732 0.1443
vn 0.3748 -0.5372 -0.7556
vn 0.2834 -0.8598 -0.4247
vn 0.6811 -0.3551 0.6403
vn 0.8936 0.2403 -0.3792
vn 0.8817 0.4716 -0.0157
vn -0.2485 0.3217 0.9136
vn -0.0463 0.1992 0.9789
vn -0.3756 0.2937 0.8790
vn 0.4308 0.6016 0.6727
vn 0.5712 0.6631 0.4838
vn -0.3101 0.3305 0.8914
vn -0.3656 -0.0476 0.9295
vn -0.3970 0.2119 0.8930
vn 0.3779 0.5098 0.7728
vn 0.4598 0.6778 0.5737
vn 0.8375 0.5081 -0.2012
vn 0.7888 0.5488 -0.2767
vn 0.8814 0.4643 0.0869
vn 0.7196 0.6445 -0.2585
vn 0.8124 0.5742 -0.1017
vn -0.0049 0.5965 -0.8026
vn 0.0760 0.9512 -0.2989
vn -0.0444 0.9575 -0.2849
vn 0.4428 0.5397 -0.7160
vn 0.6363 0.2516 0.7292
vn 0.6274 0.1915 0.7548
vn 0.2492 0.6938 0.6757
vn 0.7238 0.1615 0.6708
vn -0.3329 0.8253 0.4560
vn -0.2908 0.7044 0.6475
vn -0.4574 0.8886 -0.0331
vn -0.4415 0.8419 -0.3101
vn 0.1596 0.0873 -0.9833
vn 0.5646 0.4058 -0.7187
vn 0.1103 -0.4865 -0.8667
vn 0.8363 0.5413 0.0873
vn 0.6052 0.3833 -0.6978
vn 0.5612 0.6821 -0.4688
vn 0.6189 0.7332 -0.2819
vn 0.2652 0.8435 -0.4670
vn -0.3340 0.2536 0.9078
vn -0.1354 0.4026 0.9053
vn -0.1931 0.2632 0.9452
vn -0.9029 0.3201 -0.2869
vn -0.6670 0.6125 -0.4242
vn 0.2241 0.9060 0.3591
vn -0.0760 0.9886 0.1296
vn -0.1115 0.9272 -0.3575
vn 0.9492 0.0627 0.3085
vn -0.5683 0.7632 0.3076
vn 0.4563 0.8613 -0.2235
vn -0.5791 0.1325 0.8044
vn -0.8260 0.5599 -0.0655
vn -0.4993 0.7913 -0.3529
vn -0.7873 0.5962 -0.1573
vn 0.0097 -1.0000 -0.0010
vn -0.8023 0.2979 -0.5173
vn -0.8654 0.2755 -0.4185
vn -0.7554 0.6536 0.0471
vn -0.6366 0.7653 -0.0953
vn 0.1004 0.3216 0.9415
vn 0.0414 0.4854 0.8733
vn -0.1301 0.3771 0.9170
vn -0.2585 0.5995 0.7574
vn -0.2034 0.4041 0.8918
vn -0.0809 0.7350 0.6732
vn 0.4131 0.7546 -0.5098
vn -0.5345 0.8451 0.0106
vn -0.8591 0.4637 -0.2164
vn -0.3921 0.9154 0.0916
vn -0.7540 0.2334 0.6139
vn -0.8161 0.4990 0.2915
vn 0.8771 0.4519 -0.1628
vn 0.7077 0.6777 0.1997
vn 0.7742 0.4438 0.4513
vn -0.0017 -0.9934 0.1145
vn -0.0318 -0.9832 0.1796
vn 0.7109 0.0978 0.6964
vn 0.9574 0.1447 0.2500
vn 0.9428 -0.2085 0.2602
vn 0.6039 -0.7952 0.0539
vn -0.0646 0.5051 -0.8607
vn -0.0043 0.6870 -0.7267
vn 0.3809 -0.5656 -0.7315
vn 0.1063 -0.9548 -0.2777
vn 0.1294 -0.9531 -0.2737
vn 0.0239 -0.9997 -0.0051
vn -0.9516 0.1554 -0.2652
vn -0.0871 0.8910 -0.4455
vn -0.2958 0.8541 -0.4278
vn -0.3588 0.8847 -0.2976
vn 0.1206 0.6560 -0.7451
vn 0.0108 0.3763 -0.9264
vn 0.0098 0.5558 -0.8313
vn 0.1327 0.6599 -0.7395
vn 0.8900 0.1706 0.4227
vn 0.8332 -0.2106 0.5113
vn 0.9885 0.0030 0.1514
vn 0.6749 0.7266 0.1288
vn 0.1047 0.4276 0.8979
vn -0.0390 0.3696 0.9284
vn -0.0055 0.9676 -0.2522
vn 0.1283 0.9647 0.2299
vn -0.3064 0.9518 0.0124
vn -0.2144 0.7411 0.6362
vn -0.3125 0.8815 0.3540
vn -0.1410 0.6939 0.7061
vn -0.6605 -0.6517 0.3728
vn -0.1128 -0.9908 0.0747
vn 0.1421 0.9880 0.0607
vn 0.1729 0.9656 -0.1943
vn 0.4572 0.8680 0.1937
vn 0.5606 0.6714 0.4846
vn -0.7191 0.4793 -0.5032
vn -0.8004 0.2605 -0.5399
vn -0.3148 0.4931 -0.8110
vn -0.3129 0.7134 -0.6271
vn -0.3130 0.7344 -0.6022
vn -0.0270 0.0652 0.9975
vn -0.3029 0.7925 -0.5294
vn -0.0869 0.2220 -0.9712
vn -0.2743 0.5234 -0.8068
vn -0.1902 0.7424 -0.6424
vn 0.8617 0.4202 0.2846
vn 0.7566 0.6328 0.1647
vn 0.6213 0.7794 0.0810
vn 0.7659 0.6245 0.1529
vn -0.1444 0.5528 -0.8207
vn 0.7520 0.6485 0.1182
vn 0.9093 0.4160 -0.0076
vn 0.7738 0.5723 -0.2716
vn 0.8391 0.5372 -0.0852
vn 0.5874 0.7143 -0.3803
vn 0.3637 -0.8852 0.2900
vn 0.4534 0.8547 0.2526
vn 0.2149 0.9368 -0.2761
vn 0.2603 0.9649 0.0338
vn -0.4768 -0.0657 0.8765
vn -0.3781 0.1738 0.9093
vn -0.0099 0.8398 -0.5429
vn 0.1422 0.8018 -0.5805
vn -0.0929 -0.0546 0.9942
vn 0.0996 0.7635 -0.6380
vn -0.1020 0.5962 0.7964
vn 0.1870 0.1830 -0.9652
vn -0.0003 0.1254 -0.9921
vn -0.2286 0.1791 0.9569
vn 0.1215 0.4521 0.8836
vn 0.1490 0.2314 -0.9614
vn 0.8964 -0.4323 -0.0979
vn 0.8673 -0.2033 0.4544
vn -0.8041 0.5748 -0.1517
vn -0.4776 0.4982 -0.7237
vn -0.7802 0.5814 0.2308
vn -0.5511 0.8344 -0.0126
vn -0.5018 0.6785 -0.5366
vn -0.8449 0.5169 0.1378
vn -0.8454 0.5186 0.1276
vn -0.2269 0.9708 0.0781
vn 0.1640 0.9847 -0.0596
vn 0.0952 0.2158 0.9718
vn -0.0740 0.2943 0.9528
vn 0.2384 0.1527 0.9591
vn -0.0284 0.6894 0.7238
vn 0.0182 0.3353 0.9419
vn 0.1665 0.8137 -0.5570
vn 0.5324 0.7627 -0.3673
vn -0.2953 0.9535 0.0598
vn 0.0221 0.9664 0.2560
vn 0.1334 0.1976 -0.9712
vn 0.2165 0.6662 -0.7137
vn -0.0191 0.4385 -0.8985
vn -0.0915 -0.0105 0.9957
vn -0.5309 0.7911 -0.3037
vn -0.5983 0.7995 -0.0536
vn 0.5986 0.7947 0.1002
vn 0.7925 0.6099 -0.0068
vn 0.2183 0.9700 0.1073
vn -0.3081 0.8529 0.4216
vn -0.4167 0.7054 0.5734
vn -0.5533 0.3902 0.7360
vn -0.7100 0.6602 -0.2452
vn -0.8874 0.3828 -0.2569
vn 0.7987 0.5078 0.3227
vn -0.4390 0.7419 0.5068
vn -0.5785 0.5900 -0.5633
vn -0.7321 0.6143 -0.2943
vn 0.0907 0.4324 -0.8971
vn -0.1179 0.9512 0.2853
vn 0.0628 0.8286 0.5563
vn 0.0866 0.9046 0.4174
vn 0.3858 0.8731 -0.2981
vn -0.4577 0.8556 -0.2417
vn 0.6844 -0.2695 0.6775
vn 0.1639 -0.5949 0.7869
vn 0.1065 -0.5096 0.8538
vn -0.5178 0.7552 0.4019
vn -0.1743 0.9748 -0.1396
vn -0.6054 0.6138 -0.5067
vn 0.8095 0.5111 -0.2890
vn -0.4999 0.8100 -0.3066
vn -0.9707 0.1368 0.1974
vn 0.2364 0.7514 -0.6160
vn 0.3722 -0.7853 0.4947
vn -0.7157 0.6632 0.2189
vn -0.6627 0.7096 -0.2393
vn 0.3985 0.6593 -0.6376
vn 0.4146 0.6546 -0.6321
vn 0.0177 0.9828 0.1840
vn 0.3296 0.8888 -0.3185
vn -0.1219 0.9288 -0.3500
vn -0.8661 0.4983 -0.0387
vn 0.3117 -0.3989 0.8624
vn 0.1926 -0.8331 0.5184
vn 0.8777 0.4780 0.0331
vn 0.7872 0.5839 0.1982
vn 0.4983 0.6476 0.5765
vn -0.3732 0.7212 0.5836
vn -0.4879 -0.7499 0.4469
vn 0.0153 0.9442 0.3289
vn 0.7155 0.6904 0.1067
vn 0.4251 0.8654 0.2653
vn -0.7396 0.3587 -0.5696
vn 0.0653 0.5085 0.8586
vn -0.9825 0.1418 -0.1206
vn -0.9680 0.1681 -0.1865
vn -0.1324 0.9350 0.3290
vn -0.1941 0.9760 0.0987
vn 0.7411 -0.0166 0.6712
vn 0.6716 0.1641 0.7225
vn -0.4430 0.5310 -0.7224
vn 0.7084 -0.7058 -0.0017
vn 0.8795 0.4660 -0.0965
vn 0.7915 0.6067 0.0739
vn -0.0566 0.9923 -0.1104
vn -0.0572 0.9788 -0.1967
vn 0.0634 0.9712 -0.2298
vn -0.7210 0.5275 -0.4493
vn 0.6582 0.6821 -0.3186
vn 0.8686 0.4913 0.0649
vn 0.8857 0.4591 0.0683
vn -0.3329 0.9429 -0.0132
vn -0.5713 0.5722 0.5884
vn 0.9712 0.1666 0.1702
vn 0.9738 0.2228 0.0451
vn 0.7974 0.4633 0.3868
vn 0.9182 0.3715 0.1376
vn 0.9786 0.1592 0.1300
vn -0.2131 0.5930 -0.7765
vn 0.8766 0.4771 -0.0630
vn 0.7533 0.4361 0.4923
vn -0.0498 0.4311 0.9009
vn 0.0839 0.5080 0.8572
vn -0.8416 0.4681 -0.2693
vn -0.8969 -0.3195 -0.3057
vn -0.5988 -0.7922 -0.1180
vn -0.2282 0.8504 -0.4741
vn -0.2314 0.6595 -0.7152
vn -0.8557 0.3836 -0.3472
vn -0.3017 0.6188 -0.7253
vn 0.6135 0.4602 0.6417
vn -0.0795 0.3758 0.9233
vn -0.0534 0.2223 0.9735
vn 0.0004 0.8468 0.5320
vn -0.7842 0.5024 0.3642
vn -0.0478 0.4388 -0.8973
vn -0.3960 0.3937 -0.8295
vn -0.0937 0.3468 0.9332
vn -0.0621 0.3863 0.9203
vn 0.1010 0.3603 0.9274
vn -0.0344 0.3241 0.9454
vn 0.7481 0.6121 -0.2562
vn -0.8585 0.4137 -0.3031
vn 0.5581 -0.4900 0.6697
vn 0.6299 0.7421 0.2291
vn 0.9838 0.1721 0.0506
vn 0.8779 0.2180 0.4264
vn -0.2672 0.9398 -0.2132
vn -0.1961 0.9785 0.0646
vn -0.0754 0.7843 -0.6158
vn 0.9275 0.3313 0.1729
vn 0.6196 0.2511 0.7437
vn 0.7399 0.0987 0.6655
vn 0.6669 -0.0841 0.7404
vn 0.3362 0.0174 -0.9416
vn 0.5364 0.0601 -0.8418
vn -0.8167 -0.3165 -0.4825
vn 0.7524 0.5079 -0.4195
vn -0.5896 0.8076 0.0108
vn -0.1597 0.9851 0.0645
vn -0.9610 0.2756 -0.0219
vn -0.8700 0.4269 -0.2466
vn 0.2648 0.5454 -0.7953
vn 0.3108 -0.5077 -0.8035
vn 0.2064 0.5682 -0.7966
vn 0.2161 0.7357 -0.6419
vn 0.0059 0.8341 -0.5515
vn -0.7035 0.7076 -0.0662
vn -0.7901 0.5921 -0.1586
vn -0.1701 0.4935 0.8529
vn -0.2677 0.7764 0.5705
vn 0.5538 0.8063 -0.2081
vn -0.6376 0.3788 0.6708
vn -0.1101 0.0900 0.9898
vn 0.1601 0.4165 0.8949
vn 0.7517 0.2406 0.6140
vn 0.8363 0.3151 0.4487
vn 0.9614 -0.0827 -0.2623
vn -0.8778 0.4763 0.0501
vn 0.5335 0.8270 0.1772
vn -0.4652 0.4998 0.7306
vn -0.2823 0.1347 0.9498
vn -0.9244 0.3744 0.0731
vn -0.2062 0.2626 0.9426
vn 0.7460 0.2087 0.6324
vn 0.1807 -0.7219 0.6680
vn -0.1237 0.8440 0.5219
vn 0.7580 0.2774 0.5903
vn 0.2630 -0.0756 0.9618
vn 0.0456 0.9799 -0.1940
vn 0.7205 0.6364 -0.2754
vn 0.8676 0.4852 -0.1086
vn 0.8947 0.4434 -0.0546
vn 0.6288 -0.3366 0.7009
vn -0.5644 0.0677 -0.8227
vn -0.5824 0.7043 -0.4058
vn -0.8878 0.4452 -0.1166
vn 0.9927 0.1201 -0.0066
vn 0.4545 -0.4405 -0.7742
vn 0.7748 0.4188 0.4736
vn 0.1322 0.7942 0.5932
vn 0.0201 0.3463 0.9379
vn -0.8192 0.5585 -0.1299
vn -0.0922 0.5040 -0.8588
vn -0.3547 0.2157 0.9098
vn -0.1369 0.9888 0.0593
vn 0.7962 0.1863 0.5756
vn -0.0229 0.5586 -0.8291
vn 0.4908 0.8665 -0.0907
vn 0.3798 0.7107 -0.5922
vn 0.0508 0.6059 -0.7939
vn 0.5598 0.5927 -0.5791
vn -0.5366 0.4543 -0.7112
vn 0.7843 0.6020 0.1496
vn -0.8709 0.0147 0.4912
vn -0.9479 0.2972 -0.1142
vn -0.6521 0.7537 -0.0820
vn 0.0181 0.4526 -0.8915
vn 0.0109 0.5373 -0.8433
vn 0.9913 0.1310 0.0119
vn -0.1989 -0.9218 -0.3328
vn -0.5874 -0.6550 -0.4753
vn 0.3822 0.7634 -0.5208
vn -0.1617 0.6012 -0.7826
vn -0.1258 0.3702 -0.9204
vn 0.4375 0.6275 -0.6441
vn 0.0269 -0.9996 -0.0108
vn -0.6076 0.4838 -0.6299
vn -0.3042 0.4605 -0.8339
vn -0.1386 0.9304 0.3395
vn 0.0619 0.9199 0.3873
vn -0.3807 0.8336 -0.4003
vn -0.0049 0.3016 -0.9534
vn -0.2190 0.6764 -0.7033
vn 0.3885 0.6222 0.6797
vn 0.7969 0.5678 0.2065
vn 0.7411 0.6179 0.2625
vn -0.9024 0.4059 -0.1449
vn -0.8831 0.4534 -0.1202
vn -0.8968 0.4293 -0.1068
vn 0.2050 0.7201 0.6629
vn -0.0022 0.9541 -0.2995
vn 0.0232 0.2333 0.9721
vn -0.0663 0.6364 -0.7685
vn -0.9726 0.2251 -0.0583
vn 0.1795 -0.0629 0.9817
vn 0.1232 0.2218 0.9673
vn 0.4168 0.1162 0.9016
vn 0.4379 0.7761 -0.4537
vn -0.5596 -0.0553 0.8269
vn 0.4353 0.1415 -0.8891
vn -0.2137 0.9661 0.1449
vn -0.3758 0.9158 0.1420
vn -0.1519 0.7678 -0.6225
vn -0.0095 -0.9984 -0.0553
vn 0.9060 0.3028 0.2959
vn 0.6945 0.7170 0.0589
vn 0.5865 0.8076 0.0619
vn -0.7988 -0.2970 0.5232
vn 0.4454 -0.3302 -0.8322
vn -0.4664 -0.8083 0.3593
vn -0.0134 -0.9997 0.0218
vn -0.1042 0.3731 0.9219
vn 0.6531 -0.4408 -0.6158
vn 0.5712 -0.1504 -0.8069
vn 0.4144 -0.5802 -0.7011
vn -0.2386 -0.9697 -0.0527
vn 0.4960 -0.3713 0.7849
vn 0.3321 -0.4579 0.8246
vn -0.5811 0.7231 0.3735
vn -0.6555 0.6821 0.3241
vn -0.3824 0.9240 -0.0060
vn -0.4295 0.9006 -0.0669
vn -0.3486 0.7165 -0.6042
vn -0.6950 0.6934 0.1903
vn 0.1727 0.2524 0.9521
vn -0.1283 0.4797 0.8680
vn 0.0002 0.7716 -0.6361
vn 0.8506 0.3445 0.3972
vn 0.6864 0.6834 0.2488
vn 0.1600 0.9186 -0.3615
vn -0.6287 0.0250 0.7772
vn -0.6982 0.0671 0.7127
vn -0.7350 0.4078 -0.5418
vn -0.2359 0.4620 -0.8549
vn -0.7372 -0.1137 0.6660
vn -0.7360 0.0120 0.6769
vn 0.0482 -0.2920 0.9552
vn -0.1959 -0.9281 0.3167
vn -0.8357 0.5229 0.1681
vn -0.6082 0.6147 0.5022
vn -0.7755 0.6151 0.1424
vn -0.2210 0.9018 -0.3713
vn -0.0074 0.9237 -0.3830
vn -0.0745 0.4595 -0.8851
vn 0.5227 0.8403 -0.1438
vn -0.1751 0.4245 -0.8883
vn -0.0770 -0.1448 0.9865
vn -0.9826 -0.1818 -0.0384
vn -0.7438 0.1742 0.6453
vn -0.7286 0.3821 0.5684
vn 0.5128 0.8283 0.2259
vn 0.6607 0.7489 0.0505
vn 0.5608 0.8278 0.0160
vn 0.7595 0.6468 0.0701
vn 0.0491 -0.9979 -0.0424
vn 0.6495 -0.5786 -0.4933
vn -0.0164 -0.9998 0.0127
vn -0.5912 0.0157 0.8064
vn 0.0275 0.2788 0.9599
vn 0.6583 0.7519 0.0351
vn 0.6249 0.7158 0.3117
vn 0.8184 0.4448 0.3638
vn 0.7119 0.6911 -0.1251
vn 0.0544 0.6002 0.7980
vn 0.7831 0.5551 0.2803
vn -0.2306 0.8579 0.4591
vn -0.9283 0.2729 -0.2527
vn -0.9282 0.3338 -0.1642
vn 0.7921 -0.2521 0.5560
vn -0.0040 0.4072 -0.9133
vn -0.4003 -0.8877 0.2272
vn -0.9051 -0.4121 0.1048
vn -0.9873 0.0909 -0.1300
vn -0.5856 0.5326 -0.6110
vn -0.1600 0.3597 0.9192
vn 0.0369 0.4422 -0.8961
vn 0.0975 0.4693 -0.8776
vn -0.1097 0.0730 -0.9913
vn -0.1100 0.5642 -0.8183
vn -0.8347 0.1379 -0.5331
vn -0.4753 0.5445 -0.6911
vn -0.4035 0.7433 0.5335
vn -0.9026 0.4284 0.0425
vn 0.6442 -0.0661 0.7620
vn -0.6203 0.4511 0.6417
vn -0.3859 0.7603 0.5225
vn -0.5030 -0.5354 -0.6785
vn -0.1646 0.6747 0.7195
vn -0.7257 0.6439 0.2424
vn -0.0291 0.2717 0.9619
vn 0.1465 -0.1147 0.9825
vn 0.3230 0.5558 0.7660
vn -0.7781 0.6002 -0.1851
vn -0.9496 0.1409 -0.2800
vn 0.6356 0.7631 0.1169
vn 0.7323 0.6106 0.3014
vn -0.9534 0.2967 0.0551
vn -0.2542 0.0592 0.9653
vn 0.1483 0.1906 0.9704
vn 0.0310 0.7081 0.7054
vn -0.9634 0.2236 0.1478
vn -0.6035 0.6797 -0.4169
vn -0.7282 0.5939 -0.3420
vn -0.4270 0.8492 -0.3106
vn -0.1322 0.9448 -0.2998
vn -0.2028 0.9225 0.3283
vn 0.4113 0.9049 0.1098
vn -0.7295 0.6799 0.0750
vn -0.8337 0.5436 0.0968
vn -0.1019 0.9943 -0.0314
vn 0.9260 0.3454 0.1524
vn -0.4592 0.8874 0.0414
vn -0.3432 0.2045 0.9167
vn -0.7111 0.6780 0.1860
vn -0.3170 0.6218 -0.7161
vn 0.0071 0.9926 -0.1212
vn -0.1587 0.9501 -0.2684
vn -0.4691 0.3371 0.8163
vn -0.3075 0.8162 0.4891
vn -0.8878 0.4593 0.0301
vn -0.8795 0.4755 0.0216
vn 0.5839 0.4527 -0.6739
vn 0.3038 0.1989 -0.9317
vn 0.8897 0.0164 0.4563
vn 0.4019 0.9128 -0.0722
vn -0.2235 0.8625 0.4540
vn 0.1503 0.2180 0.9643
vn -0.6971 0.6675 -0.2618
vn -0.7280 0.6609 -0.1825
vn -0.2148 0.5575 -0.8019
vn 0.8353 0.5368 -0.1185
vn -0.1145 0.5734 -0.8113
vn 0.9044 0.2741 0.3269
vn 0.9694 0.1263 0.2103
vn 0.9885 -0.1469 0.0356
vn -0.3284 0.4357 -0.8380
vn -0.2820 0.4558 -0.8442
vn -0.2049 0.2449 0.9477
vn -0.2781 0.1932 0.9409
vn -0.4370 0.8667 -0.2406
vn -0.7739 0.5815 0.2509
vn 0.4827 0.8674 0.1213
vn -0.9574 -0.0631 0.2818
vn 0.7591 0.6339 -0.1481
vn -0.6517 0.7443 0.1461
vn -0.2359 0.8899 -0.3905
vn -0.8331 0.4925 -0.2517
vn -0.7232 0.6132 -0.3178
vn -0.6156 0.5947 0.5170
vn -0.5633 0.5463 0.6199
vn -0.0826 0.4991 -0.8626
vn 0.0999 0.0376 -0.9943
vn -0.2815 0.0233 -0.9593
vn -0.7146 0.6236 -0.3170
vn -0.0350 0.5375 0.8425
vn -0.1613 0.5875 0.7930
vn 0.3612 -0.3178 0.8767
vn 0.9990 -0.0415 0.0191
vn 0.7652 -0.6438 0.0036
vn -0.4031 0.6399 -0.6542
vn -0.7759 0.5745 -0.2607
vn -0.7678 -0.4120 0.4906
vn 0.4957 0.8630 0.0976
vn -0.0237 0.3851 -0.9226
vn 0.3776 0.0145 0.9259
vn 0.2984 -0.1088 0.9482
vn 0.6548 0.7438 -0.1341
vn 0.8302 0.1743 0.5295
vn 0.2719 -0.3611 0.8920
vn -0.0705 0.3400 0.9378
vn 0.9734 -0.1519 0.1717
vn 0.9037 0.4204 0.0809
vn -0.0262 0.9834 -0.1796
vn -0.9609 0.2492 -0.1209
vn -0.8494 0.5137 0.1212
vn -0.3726 0.2821 -0.8840
vn -0.6996 0.4814 -0.5280
vn 0.0381 0.9457 0.3229
vn -0.6787 0.7274 -0.1018
vn -0.7541 0.6542 0.0575
vn -0.4915 -0.6235 0.6080
vn -0.4395 -0.7416 0.5069
vn -0.3531 -0.9349 0.0367
vn 0.7594 0.6447 -0.0870
vn 0.8484 0.4236 -0.3174
vn -0.6066 0.4163 0.6773
vn -0.0046 0.5519 -0.8339
vn -0.8138 -0.4605 0.3546
vn -0.3321 0.5653 -0.7551
vn -0.0994 0.3387 0.9356
vn -0.7543 0.4359 -0.4909
vn -0.8601 0.4673 -0.2048
vn -0.2104 0.2046 0.9560
vn -0.4793 0.8347 0.2711
vn 0.0945 0.5891 0.8025
vn 0.2321 0.2856 -0.9298
vn -0.5515 0.3310 0.7657
vn -0.1816 0.6573 -0.7314
vn 0.3518 0.7445 -0.5674
vn -0.0044 -0.9999 0.0107
vn -0.0637 0.1613 0.9849
vn 0.0770 0.2940 0.9527
vn -0.7279 0.5034 0.4656
vn -0.0846 -0.0646 -0.9943
vn -0.0745 -0.0024 -0.9972
vn -0.9634 -0.2673 -0.0219
vn 0.0261 0.8409 0.5406
vn -0.8506 0.3373 -0.4033
vn -0.1511 0.0124 0.9884
vn 0.0766 0.8563 -0.5108
vn 0.6582 0.1873 0.7292
vn 0.8292 0.2961 0.4742
vn -0.5524 0.6782 0.4846
vn 0.6447 0.1762 0.7439
vn 0.0379 -0.0170 0.9991
vn 0.8498 0.1125 0.5150
vn -0.6201 0.3620 -0.6960
vn 0.3451 0.4019 -0.8482
vn -0.6580 -0.1488 0.7382
vn -0.1272 0.3924 -0.9110
vn -0.5638 0.7388 -0.3692
vn -0.5405 0.6862 -0.4868
vn 0.9574 0.2496 -0.1451
vn 0.7587 -0.6515 -0.0008
vn 0.0701 0.6894 0.7209
vn 0.1699 0.5263 0.8332
vn -0.3730 -0.3279 0.8680
vn -0.4771 0.2768 0.8341
vn -0.1976 0.3971 -0.8963
vn -0.4831 0.6077 -0.6304
vn 0.2037 -0.1739 -0.9635
vn -0.4184 0.2622 -0.8696
vn -0.0377 0.8840 -0.4660
vn 0.3543 -0.9036 0.2409
vn 0.8293 0.5265 -0.1873
vn 0.7379 0.6385 -0.2188
vn -0.7784 0.6163 0.1193
vn -0.7344 -0.4568 0.5021
vn 0.1316 0.6081 -0.7829
vn 0.3064 0.6608 -0.6852
vn 0.1186 0.4490 -0.8856
vn 0.0117 0.9356 0.3530
vn -0.1469 0.3812 0.9127
vn -0.0146 -0.1484 0.9888
vn -0.3217 0.8469 0.4234
vn -0.8458 0.5316 -0.0453
vn -0.3805 0.3202 0.8676
vn -0.8702 -0.4250 0.2493
vn -0.6484 0.5983 0.4707
vn -0.5462 0.6684 0.5049
vn -0.7084 0.3481 0.6140
vn -0.3757 0.5757 -0.7262
vn 0.7922 0.4247 0.4382
vn -0.5408 0.7494 0.3820
vn -0.7485 0.6588 -0.0753
vn 0.3343 -0.4406 0.8331
vn -0.8287 0.5269 -0.1887
usemtl Default_1
s 1
f 1/1/1 2/2/2 3/3/3
f 4/4/4 5/5/5 6/6/6
f 7/7/7 8/8/8 9/9/9
f 10/10/10 11/11/11 12/12/12
f 13/13/13 12/12/12 11/11/11
f 5/14/5 14/15/14 6/16/6
f 8/8/8 15/17/15 9/9/9
f 16/18/16 17/19/17 18/20/18
f 17/19/17 16/18/16 19/21/19
f 16/18/16 20/22/20 19/21/19
f 21/23/21 19/21/19 22/24/22
f 21/23/21 17/19/17 19/21/19
f 23/25/23 21/23/21 22/24/22
f 24/26/24 25/27/25 26/28/26
f 21/23/21 23/25/23 24/26/24
f 25/27/25 24/26/24 23/25/23
f 27/29/27 25/27/25 23/25/23
f 28/30/28 29/31/29 30/32/30
f 31/33/31 32/34/32 33/35/33
f 34/36/34 35/37/35 36/38/36
f 28/30/28 30/32/30 37/39/37
f 38/40/38 25/27/25 27/29/27
f 39/41/39 25/27/25 38/40/38
f 35/42/35 34/43/34 40/44/40
f 37/39/37 30/32/30 29/31/29
f 41/45/41 38/40/38 42/46/42
f 43/47/43 44/48/44 45/49/45
f 46/50/46 47/51/47 48/52/48
f 49/53/49 50/54/50 44/48/44
f 51/55/51 52/56/52 53/57/53
f 54/58/54 55/59/55 56/60/56
f 54/58/54 56/60/56 57/61/57
f 58/62/58 59/63/59 60/64/60
f 61/65/61 62/66/62 63/67/63
f 62/66/62 64/68/64 63/67/63
f 32/34/32 31/33/31 65/69/65
f 58/62/58 60/64/60 66/70/66
f 59/63/59 58/62/58 66/70/66
f 67/71/67 68/72/68 69/73/69
f 70/74/70 69/73/69 68/72/68
f 71/75/71 72/76/72 73/77/73
f 60/64/60 59/63/59 74/78/74
f 75/79/75 76/80/76 77/81/77
f 76/80/76 78/82/78 79/83/79
f 75/79/75 78/82/78 76/80/76
f 80/84/80 78/82/78 75/79/75
f 81/85/81 76/80/76 82/86/82
f 77/81/77 76/80/76 81/85/81
f 83/87/83 84/88/84 85/89/85
f 86/90/86 87/91/87 88/92/88
f 89/93/89 86/90/86 88/92/88
f 88/92/88 90/94/90 89/93/89
f 44/48/44 50/54/50 45/49/45
f 45/49/45 50/54/50 91/95/91
f 43/47/43 45/49/45 91/95/91
f 49/53/49 92/96/92 50/54/50
f 92/96/92 93/97/93 50/54/50
f 94/98/94 95/99/95 96/100/96
f 94/98/94 93/97/93 92/96/92
f 97/101/97 98/102/98 96/100/96
f 93/97/93 94/98/94 96/100/96
f 47/51/47 96/100/96 98/102/98
f 46/50/46 96/100/96 47/51/47
f 48/52/48 47/51/47 98/102/98
f 99/103/99 100/104/100 101/105/101
f 102/106/102 103/107/103 104/108/104
f 105/109/105 106/110/106 107/111/107
f 78/82/78 108/112/108 79/83/79
f 109/113/109 110/114/110 111/115/111
f 112/116/112 18/20/18 39/41/39
f 80/84/80 108/112/108 78/82/78
f 113/117/113 114/118/114 115/119/115
f 116/120/116 117/121/117 118/122/118
f 119/123/119 120/124/120 121/125/121
f 122/126/122 123/127/123 124/128/124
f 125/129/125 126/130/126 127/131/127
f 128/132/128 129/133/129 130/134/130
f 131/135/131 132/136/132 133/137/133
f 134/138/134 135/139/135 136/140/136
f 137/141/137 76/80/76 138/142/138
f 139/143/139 140/144/140 141/145/141
f 142/146/142 143/147/143 144/148/144
f 98/102/98 97/101/97 145/149/145
f 146/150/146 147/151/147 148/152/148
f 149/153/149 150/154/150 151/155/151
f 152/156/152 153/157/153 154/158/154
f 81/85/81 155/159/155 77/81/77
f 156/160/156 157/161/157 118/162/118
f 158/163/158 159/164/159 160/165/160
f 161/166/161 162/167/162 163/168/163
f 164/169/164 165/170/165 166/171/166
f 167/172/167 168/173/168 169/174/169
f 170/175/170 171/176/171 172/177/172
f 173/178/173 174/179/174 175/180/175
f 142/146/142 176/181/176 177/182/177
f 178/183/178 87/91/87 179/184/179
f 180/185/180 142/146/142 144/148/144
f 181/186/181 182/187/182 183/188/183
f 24/26/24 26/28/26 21/23/21
f 184/189/184 185/190/185 186/191/186
f 44/48/44 43/47/43 187/192/187
f 188/193/188 189/194/189 190/195/190
f 26/28/26 39/41/39 18/20/18
f 191/196/191 18/20/18 112/116/112
f 192/197/192 193/198/193 194/199/194
f 112/116/112 38/40/38 41/45/41
f 195/200/195 196/201/196 197/202/197
f 198/203/198 199/204/199 200/205/200
f 201/206/201 202/207/202 203/208/203
f 177/182/177 204/209/204 143/147/143
f 205/210/205 206/211/206 207/212/207
f 50/54/50 46/50/46 146/150/146
f 208/213/208 209/214/209 210/215/210
f 51/216/51 53/217/53 211/218/211
f 212/219/212 213/220/213 214/221/214
f 215/222/215 216/223/216 204/209/204
f 107/224/107 217/225/217 218/226/218
f 219/227/219 220/228/220 221/229/221
f 222/230/222 223/231/223 224/232/224
f 225/233/225 226/234/226 227/235/227
f 228/236/228 229/237/229 230/238/230
f 231/239/231 232/240/232 50/54/50
f 144/148/144 233/241/233 126/130/126
f 216/223/216 233/241/233 144/148/144
f 234/242/234 235/243/235 236/244/236
f 26/28/26 18/20/18 17/19/17
f 237/245/237 238/246/238 239/247/239
f 240/248/240 172/177/172 241/249/241
f 242/250/242 243/251/243 244/252/244
f 23/25/23 22/24/22 27/29/27
f 245/253/245 246/254/246 247/255/247
f 248/256/248 249/257/249 250/258/250
f 251/259/251 252/260/252 253/261/253
f 254/262/254 255/263/255 256/264/256
f 257/265/257 258/266/258 259/267/259
f 260/268/260 261/269/261 40/44/40
f 262/270/262 263/271/263 264/272/264
f 90/94/90 86/90/86 89/93/89
f 265/273/265 266/274/266 267/275/267
f 268/276/268 269/277/269 270/278/270
f 271/279/271 272/280/272 273/281/273
f 274/282/274 275/283/275 276/284/276
f 277/285/277 278/286/278 279/287/279
f 226/234/226 280/288/280 227/235/227
f 112/116/112 39/41/39 38/40/38
f 219/227/219 281/289/281 282/290/282
f 176/181/176 283/291/283 68/72/68
f 178/183/178 284/292/284 285/293/285
f 21/23/21 26/28/26 17/19/17
f 187/192/187 94/98/94 92/96/92
f 286/294/286 287/295/287 288/296/288
f 289/297/289 290/298/290 291/299/291
f 72/76/72 292/300/292 73/77/73
f 293/301/293 294/302/294 295/303/295
f 296/304/296 297/305/297 298/306/298
f 299/307/299 300/308/300 301/309/301
f 302/310/302 303/311/303 304/312/304
f 305/313/305 191/196/191 112/116/112
f 306/314/306 307/315/307 308/316/308
f 309/317/309 310/318/310 311/319/311
f 93/97/93 46/50/46 50/54/50
f 126/130/126 312/320/312 144/148/144
f 143/147/143 216/223/216 144/148/144
f 216/223/216 143/147/143 204/209/204
f 313/321/313 314/322/314 315/323/315
f 290/298/290 191/196/191 291/299/291
f 316/324/316 317/325/317 318/326/318
f 88/92/88 319/327/319 90/94/90
f 320/328/320 321/329/321 322/330/322
f 323/331/323 324/332/324 325/333/325
f 326/334/326 327/335/327 328/336/328
f 329/337/329 330/338/330 137/141/137
f 331/339/331 332/340/332 333/341/333
f 334/342/334 335/343/335 81/85/81
f 268/276/268 270/278/270 179/184/179
f 336/344/336 337/345/337 338/346/338
f 177/182/177 339/347/339 204/209/204
f 340/348/340 180/185/180 144/148/144
f 254/262/254 256/264/256 341/349/341
f 283/291/283 176/181/176 142/146/142
f 342/350/342 343/351/343 344/352/344
f 345/353/345 346/354/346 347/355/347
f 348/356/348 349/357/349 350/358/350
f 351/359/351 352/360/352 353/361/353
f 354/362/354 355/363/355 356/364/356
f 357/365/357 358/366/358 359/367/359
f 360/368/360 361/369/361 362/370/362
f 363/371/363 37/39/37 29/31/29
f 364/372/364 301/309/301 300/308/300
f 365/373/365 366/374/366 367/375/367
f 368/376/368 369/377/369 370/378/370
f 371/379/371 372/380/372 373/381/373
f 70/74/70 68/72/68 283/291/283
f 117/121/117 156/382/156 118/122/118
f 177/182/177 143/147/143 142/146/142
f 374/383/374 375/384/375 376/385/376
f 93/97/93 96/100/96 46/50/46
f 377/386/377 378/387/378 379/388/379
f 380/389/380 381/390/381 204/209/204
f 382/391/382 7/7/7 383/392/383
f 39/41/39 26/28/26 25/27/25
f 76/80/76 137/141/137 82/86/82
f 384/393/384 385/394/385 386/395/386
f 387/396/387 388/397/388 389/398/389
f 51/55/51 390/399/390 52/56/52
f 391/400/391 392/401/392 393/402/393
f 394/403/394 73/404/73 395/405/395
f 396/406/396 397/407/397 398/408/398
f 177/182/177 176/181/176 339/347/339
f 169/174/169 168/173/168 399/409/399
f 302/310/302 304/312/304 400/410/400
f 401/411/401 402/412/402 403/413/403
f 20/22/20 22/24/22 19/21/19
f 404/414/404 405/415/405 406/416/406
f 407/417/407 408/418/408 409/419/409
f 410/420/410 411/421/411 412/422/412
f 354/362/354 413/423/413 414/424/414
f 415/425/415 416/426/416 417/427/417
f 418/428/418 419/429/419 420/430/420
f 421/431/421 422/432/422 423/433/423
f 424/434/424 425/435/425 426/436/426
f 427/437/427 428/438/428 429/439/429
f 430/440/430 431/441/431 432/442/432
f 433/443/433 434/444/434 435/445/435
f 436/446/436 437/447/437 438/448/438
f 439/449/439 440/450/440 441/451/441
f 442/452/442 443/453/443 444/454/444
f 325/333/325 445/455/445 446/456/446
f 447/457/447 448/458/448 449/459/449
f 450/460/450 451/461/451 351/359/351
f 452/462/452 453/463/453 454/464/454
f 455/465/455 415/425/415 417/427/417
f 456/466/456 315/323/315 457/467/457
f 458/468/458 459/469/459 460/470/460
f 461/471/461 462/472/462 463/473/463
f 464/474/464 465/475/465 346/354/346
f 466/476/466 467/477/467 465/478/465
f 463/473/463 252/260/252 468/479/468
f 111/115/111 469/480/469 470/481/470
f 293/301/293 471/482/471 294/302/294
f 472/483/472 473/484/473 474/485/474
f 475/486/475 476/487/476 477/488/477
f 478/489/478 479/490/479 480/491/480
f 481/492/481 482/493/482 483/494/483
f 484/495/484 481/492/481 483/494/483
f 485/496/485 486/497/486 487/498/487
f 488/499/488 489/500/489 490/501/490
f 491/502/491 101/105/101 492/503/492
f 105/109/105 107/111/107 493/504/493
f 442/452/442 494/505/494 443/453/443
f 494/505/494 442/452/442 495/506/495
f 496/507/496 191/196/191 497/508/497
f 498/509/498 499/510/499 500/511/500
f 450/460/450 351/359/351 210/215/210
f 361/369/361 501/512/501 502/513/502
f 503/514/503 504/515/504 505/516/505
f 102/106/102 506/517/506 103/107/103
f 52/56/52 507/518/507 53/57/53
f 508/519/508 69/73/69 509/520/509
f 315/323/315 510/521/510 457/467/457
f 271/279/271 511/522/511 272/280/272
f 512/523/512 513/524/513 514/525/514
f 515/526/515 516/527/516 517/528/517
f 392/401/392 518/529/518 519/530/519
f 520/531/520 521/532/521 518/529/518
f 313/321/313 522/533/522 314/322/314
f 523/534/523 524/535/524 525/536/525
f 526/537/526 527/538/527 149/153/149
f 528/539/528 160/165/160 159/164/159
f 529/540/529 530/541/530 531/542/531
f 532/543/532 533/544/533 534/545/534
f 535/546/535 536/547/536 537/548/537
f 538/549/538 539/550/539 540/551/540
f 541/552/541 542/553/542 543/554/543
f 544/555/544 545/556/545 546/557/546
f 547/558/547 548/559/548 74/78/74
f 549/560/549 550/561/550 551/562/551
f 294/563/294 552/564/552 191/196/191
f 553/565/553 552/564/552 294/563/294
f 403/413/403 402/412/402 554/566/554
f 554/567/554 555/568/555 556/569/556
f 557/570/557 558/571/558 559/572/559
f 560/573/560 559/572/559 561/574/561
f 562/575/562 563/576/563 564/577/564
f 374/383/374 565/578/565 375/384/375
f 566/579/566 33/35/33 567/580/567
f 568/581/568 569/582/569 570/583/570
f 571/584/571 189/194/189 572/585/572
f 573/586/573 574/587/574 575/588/575
f 576/589/576 577/590/577 578/591/578
f 3/3/3 356/364/356 355/363/355
f 579/592/579 580/593/580 581/594/581
f 431/441/431 582/595/582 583/596/583
f 584/597/584 585/598/585 586/599/586
f 587/600/587 588/601/588 589/602/589
f 590/603/590 591/604/591 592/605/592
f 593/606/593 594/607/594 595/608/595
f 539/550/539 538/549/538 596/609/596
f 597/610/597 598/611/598 599/612/599
f 600/613/600 601/614/601 602/615/602
f 603/616/603 604/617/604 605/618/605
f 13/13/13 606/619/606 12/12/12
f 607/620/607 269/277/269 608/621/608
f 507/518/507 609/622/609 67/71/67
f 610/623/610 273/281/273 611/624/611
f 612/625/612 613/626/613 614/627/614
f 615/628/615 616/629/616 617/630/617
f 618/631/618 619/632/619 620/633/620
f 621/634/621 622/635/622 623/636/623
f 624/637/624 352/360/352 625/638/625
f 626/639/626 627/640/627 159/164/159
f 628/641/628 629/642/629 630/643/630
f 133/137/133 631/644/631 131/135/131
f 632/645/632 538/549/538 633/646/633
f 597/610/597 599/612/599 634/647/634
f 635/648/635 636/649/636 637/650/637
f 638/651/638 639/652/639 640/653/640
f 641/654/641 642/655/642 643/656/643
f 644/657/644 645/658/645 646/659/646
f 647/660/647 255/263/255 648/661/648
f 649/662/649 650/663/650 448/458/448
f 138/142/138 76/80/76 79/83/79
f 651/664/651 79/83/79 108/112/108
f 652/665/652 653/666/653 654/667/654
f 655/668/655 656/669/656 657/670/657
f 658/671/658 659/672/659 660/673/660
f 661/674/661 525/536/525 524/535/524
f 662/675/662 139/143/139 663/676/663
f 664/677/664 665/678/665 666/679/666
f 667/680/667 668/681/668 669/682/669
f 670/683/670 671/684/671 672/685/672
f 166/171/166 673/686/673 164/169/164
f 674/687/674 675/688/675 676/689/676
f 677/690/677 678/691/678 679/692/679
f 680/693/680 681/694/681 682/695/682
f 683/696/683 684/697/684 685/698/685
f 686/699/686 687/700/687 688/701/688
f 99/103/99 689/702/689 100/104/100
f 690/703/690 203/208/203 691/704/691
f 477/488/477 692/705/692 257/706/257
f 693/707/693 694/708/694 695/709/695
f 696/710/696 697/711/697 698/712/698
f 696/713/696 663/676/663 139/143/139
f 699/714/699 700/715/700 701/716/701
f 505/516/505 701/716/701 503/514/503
f 702/717/702 703/718/703 704/719/704
f 705/720/705 706/721/706 707/722/707
f 381/390/381 67/71/67 708/723/708
f 381/390/381 380/389/380 67/71/67
f 709/724/709 710/725/710 711/726/711
f 712/727/712 713/728/713 714/729/714
f 715/730/715 716/731/716 717/732/717
f 718/733/718 719/734/719 720/735/720
f 721/736/721 606/619/606 13/13/13
f 722/737/722 723/738/723 724/739/724
f 725/740/725 52/56/52 390/399/390
f 708/723/708 610/623/610 381/390/381
f 342/350/342 726/741/726 727/742/727
f 726/741/726 728/743/728 729/744/729
f 730/745/730 731/746/731 732/747/732
f 733/748/733 734/749/734 735/750/735
f 736/751/736 399/409/399 168/173/168
f 737/752/737 738/753/738 739/754/739
f 119/123/119 121/125/121 740/755/740
f 741/756/741 310/318/310 742/757/742
f 700/715/700 699/714/699 743/758/743
f 744/759/744 745/760/745 241/249/241
f 746/761/746 747/762/747 748/763/748
f 288/296/288 749/764/749 286/294/286
f 750/765/750 109/113/109 111/115/111
f 751/766/751 752/767/752 753/768/753
f 754/769/754 753/768/753 755/770/755
f 670/683/670 756/771/756 671/684/671
f 757/772/757 758/773/758 759/774/759
f 328/336/328 760/775/760 326/334/326
f 656/669/656 655/668/655 761/776/761
f 762/777/762 705/720/705 763/778/763
f 764/779/764 765/780/765 766/781/766
f 243/251/243 187/192/187 764/779/764
f 245/253/245 247/255/247 666/679/666
f 767/782/767 639/652/639 638/651/638
f 768/783/768 769/784/769 770/785/770
f 771/786/771 772/787/772 773/788/773
f 774/789/774 66/70/66 775/790/775
f 776/791/776 609/622/609 725/740/725
f 777/792/777 778/793/778 578/591/578
f 779/794/779 780/795/780 781/796/781
f 782/797/782 783/798/783 784/799/784
f 785/800/785 786/801/786 787/802/787
f 788/803/788 789/804/789 790/805/790
f 791/806/791 792/807/792 793/808/793
f 371/379/371 373/381/373 794/809/794
f 237/810/237 795/811/795 238/812/238
f 796/813/796 797/814/797 798/815/798
f 348/356/348 798/815/798 349/357/349
f 799/816/799 800/817/800 801/818/801
f 706/721/706 705/720/705 802/819/802
f 217/225/217 345/353/345 218/226/218
f 346/354/346 345/353/345 217/225/217
f 803/820/803 804/821/804 805/822/805
f 307/315/307 806/823/806 807/824/807
f 757/772/757 759/774/759 155/159/155
f 757/772/757 155/159/155 81/85/81
f 808/825/808 809/826/809 810/827/810
f 266/274/266 810/827/810 811/828/811
f 812/829/812 117/830/117 136/831/136
f 813/832/813 814/833/814 812/829/812
f 256/264/256 815/834/815 816/835/816
f 695/709/695 817/836/817 693/707/693
f 818/837/818 548/559/548 551/562/551
f 775/790/775 819/838/819 774/789/774
f 820/839/820 359/367/359 821/840/821
f 652/665/652 822/841/822 823/842/823
f 297/305/297 455/465/455 298/306/298
f 278/286/278 824/843/824 825/844/825
f 770/785/770 826/845/826 827/846/827
f 826/845/826 828/847/828 829/848/829
f 830/849/830 831/850/831 832/851/832
f 833/852/833 834/853/834 835/854/835
f 836/855/836 837/856/837 382/391/382
f 306/314/306 308/316/308 399/409/399
f 838/857/838 53/57/53 508/519/508
f 507/518/507 508/519/508 839/858/839
f 840/859/840 841/860/841 842/861/842
f 843/862/843 565/578/565 844/863/844
f 845/864/845 453/463/453 846/865/846
f 538/549/538 632/645/632 847/866/847
f 662/867/662 848/868/848 849/869/849
f 850/870/850 316/324/316 851/871/851
f 852/872/852 853/873/853 854/874/854
f 855/875/855 503/514/503 856/876/856
f 857/877/857 858/878/858 859/879/859
f 860/880/860 861/881/861 862/882/862
f 533/544/533 532/543/532 863/883/863
f 560/573/560 864/884/864 559/572/559
f 865/885/865 866/886/866 746/761/746
f 540/551/540 867/887/867 868/888/868
f 869/889/869 870/890/870 572/585/572
f 649/662/649 448/458/448 871/891/871
f 739/754/739 745/760/745 872/892/872
f 873/893/873 874/894/874 875/895/875
f 141/145/141 876/896/876 877/897/877
f 878/898/878 879/899/879 474/485/474
f 880/900/880 156/160/156 814/833/814
f 880/900/880 22/24/22 20/22/20
f 872/892/872 881/901/881 882/902/882
f 883/903/883 884/904/884 428/438/428
f 145/149/145 97/101/97 242/250/242
f 97/101/97 243/251/243 242/250/242
f 885/905/885 886/906/886 887/907/887
f 270/278/270 888/908/888 889/909/889
f 890/910/890 891/911/891 892/912/892
f 893/913/893 590/603/590 894/914/894
f 895/915/895 870/890/870 896/916/896
f 869/889/869 897/917/897 870/890/870
f 898/918/898 899/919/899 900/920/900
f 688/701/688 766/781/766 901/921/901
f 174/179/174 902/922/902 175/180/175
f 903/923/903 904/924/904 905/925/905
f 906/926/906 768/783/768 907/927/907
f 908/928/908 909/929/909 910/930/910
f 777/792/777 578/591/578 229/237/229
f 229/237/229 911/931/911 230/238/230
f 451/461/451 912/932/912 351/359/351
f 913/933/913 72/934/72 914/935/914
f 915/936/915 586/937/586 916/938/916
f 915/936/915 916/938/916 917/939/917
f 918/940/918 147/151/147 919/941/919
f 920/942/920 921/943/921 922/944/922
f 923/945/923 523/534/523 924/946/924
f 925/947/925 926/948/926 927/949/927
f 565/578/565 843/862/843 375/384/375
f 569/582/569 928/950/928 570/583/570
f 198/203/198 200/205/200 115/119/115
f 929/951/929 200/205/200 930/952/930
f 233/241/233 216/223/216 931/953/931
f 216/223/216 932/954/932 931/953/931
f 485/496/485 487/498/487 933/955/933
f 934/956/934 927/949/927 926/948/926
f 935/957/935 936/958/936 937/959/937
f 542/553/542 938/960/938 939/961/939
f 786/801/786 785/800/785 940/962/940
f 941/963/941 942/964/942 943/965/943
f 462/472/462 944/966/944 463/473/463
f 945/967/945 463/473/463 944/966/944
f 946/968/946 533/544/533 947/969/947
f 948/970/948 949/971/949 120/124/120
f 950/972/950 951/973/951 580/593/580
f 952/974/952 953/975/953 954/976/954
f 955/977/955 956/978/956 957/979/957
f 498/509/498 958/980/958 959/981/959
f 169/174/169 382/391/382 383/392/383
f 366/982/366 960/983/960 961/984/961
f 171/176/171 170/175/170 962/985/962
f 963/986/963 964/987/964 965/988/965
f 335/343/335 334/342/334 966/989/966
f 309/317/309 311/319/311 84/88/84
f 558/571/558 967/990/967 968/991/968
f 910/930/910 969/992/969 970/993/970
f 113/994/113 971/995/971 972/996/972
f 973/997/973 974/998/974 975/999/975
f 976/1000/976 820/839/820 821/840/821
f 492/503/492 977/1001/977 491/502/491
f 978/1002/978 181/186/181 979/1003/979
f 980/1004/980 981/1005/981 982/1006/982
f 464/474/464 466/1007/466 465/475/465
f 983/1008/983 984/1009/984 985/1010/985
f 775/790/775 60/64/60 819/838/819
f 66/70/66 60/64/60 775/790/775
f 812/829/812 136/831/136 986/1011/986
f 987/1012/987 988/1013/988 989/1014/989
f 990/1015/990 991/1016/991 992/1017/992
f 162/167/162 993/1018/993 163/168/163
f 994/1019/994 995/1020/995 996/1021/996
f 997/1022/997 998/1023/998 999/1024/999
f 1000/1025/1000 1001/1026/1001 1002/1027/1002
f 1003/1028/1003 402/412/402 401/411/401
f 626/639/626 159/164/159 158/163/158
f 1004/1029/1004 1005/1030/1005 995/1020/995
f 1006/1031/1006 422/432/422 1007/1032/1007
f 1008/1033/1008 702/717/702 704/719/704
f 189/194/189 869/889/869 572/585/572
f 1009/1034/1009 1010/1035/1010 869/889/869
f 1011/1036/1011 1012/1037/1012 1013/1038/1013
f 1014/1039/1014 892/912/892 891/911/891
f 1015/1040/1015 1016/1041/1016 1017/1042/1017
f 34/43/34 1018/1043/1018 40/44/40
f 1019/1044/1019 440/450/440 1020/1045/1020
f 35/37/35 1021/1046/1021 424/434/424
f 15/17/15 1022/1047/1022 1023/1048/1023
f 999/1024/999 1024/1049/1024 997/1022/997
f 892/912/892 1014/1039/1014 1012/1037/1012
f 1025/1050/1025 1026/1051/1026 1027/1052/1027
f 1028/1053/1028 208/213/208 191/196/191
f 346/354/346 465/475/465 347/355/347
f 1029/1054/1029 1030/1055/1030 131/135/131
f 1031/1056/1031 902/922/902 174/179/174
f 702/717/702 1032/1057/1032 1033/1058/1033
f 702/717/702 1034/1059/1034 1032/1057/1032
f 710/725/710 1035/1060/1035 711/726/711
f 753/768/753 1036/1061/1036 751/766/751
f 1037/1062/1037 1038/1063/1038 1039/1064/1039
f 1040/1065/1040 244/1066/244 1041/1067/1041
f 146/150/146 231/239/231 50/54/50
f 292/1068/292 913/933/913 1042/1069/1042
f 292/1068/292 1042/1069/1042 73/404/73
f 1043/1070/1043 1044/1071/1044 780/795/780
f 1045/1072/1045 1046/1073/1046 1047/1074/1047
f 1048/1075/1048 499/1076/499 498/1077/498
f 1048/1075/1048 584/597/584 499/1076/499
f 1049/1078/1049 312/320/312 126/130/126
f 925/947/925 1050/1079/1050 926/948/926
f 1051/1080/1051 875/895/875 874/894/874
f 1052/1081/1052 172/177/172 171/176/171
f 603/616/603 589/602/589 604/617/604
f 1053/1082/1053 584/597/584 1048/1075/1048
f 1054/1083/1054 1055/1084/1055 1056/1085/1056
f 399/409/399 736/751/736 1057/1086/1057
f 1058/1087/1058 1059/1088/1059 1060/1089/1060
f 61/65/61 11/11/11 1061/1090/1061
f 1062/1091/1062 322/330/322 321/329/321
f 1063/1092/1063 674/687/674 676/689/676
f 1064/1093/1064 1065/1094/1065 1066/1095/1066
f 1067/1096/1067 1064/1093/1064 1068/1097/1068
f 129/133/129 128/132/128 1069/1098/1069
f 608/621/608 10/10/10 1070/1099/1070
f 1071/1100/1071 1072/1101/1072 644/657/644
f 1073/1102/1073 1074/1103/1074 1075/1104/1075
f 150/154/150 1076/1105/1076 151/155/151
f 1077/1106/1077 1078/1107/1078 1079/1108/1079
f 1080/1109/1080 1081/1110/1081 780/795/780
f 513/524/513 512/523/512 1082/1111/1082
f 1083/1112/1083 1084/1113/1084 1085/1114/1085
f 704/719/704 1086/1115/1086 1008/1033/1008
f 1087/1116/1087 1088/1117/1088 1089/1118/1089
f 633/646/633 452/1119/452 454/1120/454
f 1090/1121/1090 362/370/362 1091/1122/1091
f 184/189/184 1092/1123/1092 185/190/185
f 1093/1124/1093 278/286/278 277/285/277
f 455/465/455 1094/1125/1094 1095/1126/1095
f 1042/1069/1042 395/405/395 73/404/73
f 1096/1127/1096 1097/1128/1097 1078/1107/1078
f 517/528/517 1081/1110/1081 1080/1109/1080
f 517/528/517 516/527/516 1098/1129/1098
f 1045/1072/1045 1099/1130/1099 541/552/541
f 56/60/56 1100/1131/1100 1101/1132/1101
f 1102/1133/1102 652/665/652 823/842/823
f 1103/1134/1103 1104/1135/1104 553/1136/553
f 644/657/644 1072/1101/1072 645/658/645
f 642/655/642 1105/1137/1105 645/658/645
f 1106/1138/1106 421/431/421 831/850/831
f 1106/1138/1106 831/850/831 830/849/830
f 1107/1139/1107 386/395/386 709/724/709
f 1108/1140/1108 344/352/344 1109/1141/1109
f 1002/1027/1002 1001/1026/1001 1110/1142/1110
f 1111/1143/1111 245/253/245 666/679/666
f 677/690/677 1112/1144/1112 1113/1145/1113
f 1114/1146/1114 1115/1147/1115 1116/1148/1116
f 466/476/466 1117/1149/1117 1118/1150/1118
f 978/1002/978 1117/1149/1117 1119/1151/1119
f 359/367/359 289/297/289 291/299/291
f 1120/1152/1120 291/299/291 191/196/191
f 1121/1153/1121 1106/1138/1106 830/849/830
f 1122/1154/1122 128/132/128 1123/1155/1123
f 1124/1156/1124 1120/1152/1120 191/196/191
f 1125/1157/1125 1126/1158/1126 1120/1152/1120
f 1127/1159/1127 1128/1160/1128 1129/1161/1129
f 799/816/799 801/818/801 101/105/101
f 1130/1162/1130 1131/1163/1131 1132/1164/1132
f 1110/1165/1110 508/519/508 509/520/509
f 1133/1166/1133 439/449/439 441/451/441
f 1134/1167/1134 638/651/638 1135/1168/1135
f 1136/1169/1136 136/140/136 1137/1170/1137
f 1138/1171/1138 1139/1172/1139 1137/1170/1137
f 542/553/542 1140/1173/1140 938/960/938
f 1141/1174/1141 1142/1175/1142 1143/1176/1143
f 4/4/4 1144/1177/1144 5/5/5
f 1101/1132/1101 1145/1178/1145 1146/1179/1146
f 1147/1180/1147 1148/1181/1148 1149/1182/1149
f 1150/1183/1150 1151/1184/1151 407/417/407
f 1134/1167/1134 1152/1185/1152 1153/1186/1153
f 1154/1187/1154 1155/1188/1155 1153/1186/1153
f 1156/1189/1156 1157/1190/1157 802/819/802
f 1158/1191/1158 1127/1159/1127 1159/1192/1159
f 1160/1193/1160 1161/1194/1161 618/631/618
f 1162/1195/1162 1163/1196/1163 1164/1197/1164
f 1165/1198/1165 1049/1078/1049 1166/1199/1166
f 125/129/125 1167/1200/1167 1166/1199/1166
f 1168/1201/1168 1169/1202/1169 1170/1203/1170
f 981/1005/981 983/1008/983 1171/1204/1171
f 56/60/56 1101/1132/1101 57/61/57
f 1172/1205/1172 1173/1206/1173 1174/1207/1174
f 1175/1208/1175 1176/1209/1176 1177/1210/1177
f 1178/1211/1178 1179/1212/1179 1143/1176/1143
f 634/647/634 1180/1213/1180 1181/1214/1181
f 845/864/845 1182/1215/1182 1183/1216/1183
f 255/263/255 647/660/647 1105/1137/1105
f 1184/1217/1184 1185/1218/1185 1186/1219/1186
f 1187/1220/1187 397/407/397 396/406/396
f 610/623/610 708/723/708 1188/1221/1188
f 355/363/355 1/1/1 3/3/3
f 545/556/545 1189/1222/1189 546/557/546
f 935/957/935 1190/1223/1190 1191/1224/1191
f 1192/1225/1192 1020/1045/1020 1021/1046/1021
f 1193/1226/1193 554/566/554 1194/1227/1194
f 1195/1228/1195 1196/1229/1196 1197/1230/1197
f 809/826/809 1198/1231/1198 810/827/810
f 810/827/810 937/959/937 936/958/936
f 1199/1232/1199 1200/1233/1200 550/561/550
f 1201/1234/1201 1202/1235/1202 1203/1236/1203
f 960/983/960 1204/1237/1204 1205/1238/1205
f 1206/1239/1206 1207/1240/1207 1040/1065/1040
f 1208/1241/1208 366/982/366 1209/1242/1209
f 1210/1243/1210 243/251/243 764/779/764
f 1211/1244/1211 667/680/667 669/682/669
f 1212/1245/1212 1213/1246/1213 714/1247/714
f 1214/1248/1214 1215/1249/1215 574/1250/574
f 16/18/16 259/1251/259 1216/1252/1216
f 168/173/168 1217/1253/1217 736/751/736
f 167/172/167 1218/1254/1218 168/173/168
f 1219/1255/1219 1220/1256/1220 1221/1257/1221
f 1222/1258/1222 1116/1148/1116 1223/1259/1223
f 184/189/184 1224/1260/1224 1092/1123/1092
f 1225/1261/1225 1226/1262/1226 1227/1263/1227
f 1131/1163/1131 1228/1264/1228 1132/1164/1132
f 850/870/850 1229/1265/1229 316/324/316
f 1136/1169/1136 1137/1170/1137 1139/1172/1139
f 134/138/134 300/308/300 299/307/299
f 1143/1176/1143 470/481/470 469/480/469
f 671/684/671 668/681/668 667/680/667
f 980/1004/980 1230/1266/1230 1231/1267/1231
f 121/125/121 1232/1268/1232 182/187/182
f 271/279/271 273/281/273 610/623/610
f 610/623/610 1233/1269/1233 271/279/271
f 1234/1270/1234 1153/1186/1153 1152/1185/1152
f 903/923/903 640/653/640 1235/1271/1235
f 1236/1272/1236 1237/1273/1237 1238/1274/1238
f 1236/1272/1236 1238/1274/1238 253/261/253
f 1239/1275/1239 1240/1276/1240 1241/1277/1241
f 384/393/384 386/395/386 1107/1139/1107
f 458/468/458 1242/1278/1242 1243/1279/1243
f 556/569/556 555/568/555 1244/1280/1244
f 1245/1281/1245 1246/1282/1246 1247/1283/1247
f 1248/1284/1248 1249/1285/1249 1250/1286/1250
f 438/448/438 437/447/437 1251/1287/1251
f 1252/1288/1252 1253/1289/1253 1254/1290/1254
f 1255/1291/1255 1256/1292/1256 199/204/199
f 346/354/346 1170/1293/1170 1169/1294/1169
f 1257/1295/1257 531/542/531 530/541/530
f 1258/1296/1258 1257/1295/1257 1259/1297/1259
f 1260/1298/1260 377/386/377 1261/1299/1261
f 852/872/852 250/258/250 853/873/853
f 1262/1300/1262 627/640/627 1263/1301/1263
f 1264/1302/1264 528/539/528 1262/1300/1262
f 1265/1303/1265 1060/1089/1060 1059/1088/1059
f 1133/1166/1133 1153/1186/1153 1234/1270/1234
f 1266/1304/1266 792/807/792 791/806/791
f 1267/1305/1267 1111/1143/1111 792/807/792
f 1268/1306/1268 147/151/147 1269/1307/1269
f 332/340/332 1270/1308/1270 333/341/333
f 1271/1309/1271 225/233/225 227/235/227
f 1272/1310/1272 1273/1311/1273 719/734/719
f 1274/1312/1274 1275/1313/1275 1276/1314/1276
f 1277/1315/1277 664/677/664 1278/1316/1278
f 1279/1317/1279 1280/1318/1280 1281/1319/1281
f 1282/1320/1282 1283/1321/1283 1284/1322/1284
f 1285/1323/1285 1286/1324/1286 1287/1325/1287
f 1288/1326/1288 1289/1327/1289 1290/1328/1290
f 222/230/222 224/232/224 1291/1329/1291
f 1292/1330/1292 1293/1331/1293 1294/1332/1294
f 1295/1333/1295 1296/1334/1296 1297/1335/1297
f 1093/1124/1093 277/285/277 1298/1336/1298
f 691/704/691 203/208/203 202/207/202
f 275/283/275 1299/1337/1299 276/284/276
f 1300/1338/1300 452/1119/452 633/646/633
f 1301/1339/1301 452/462/452 1300/1340/1300
f 1302/1341/1302 1303/1342/1303 1304/1343/1304
f 741/756/741 1305/1344/1305 1306/1345/1306
f 861/881/861 860/880/860 1307/1346/1307
f 119/123/119 740/755/740 1308/1347/1308
f 1309/1348/1309 1310/1349/1310 1311/1350/1311
f 1312/1351/1312 1313/1352/1313 1314/1353/1314
f 1125/1157/1125 388/1354/388 1126/1158/1126
f 1315/1355/1315 388/1354/388 387/1356/387
f 51/216/51 211/218/211 1316/1357/1316
f 1317/1358/1317 51/55/51 1316/1359/1316
f 1318/1360/1318 893/913/893 894/914/894
f 1319/1361/1319 1320/1362/1320 1321/1363/1321
f 583/596/583 592/605/592 591/604/591
f 592/605/592 583/596/583 1318/1360/1318
f 1322/1364/1322 1323/1365/1323 1324/1366/1324
f 442/452/442 444/454/444 1325/1367/1325
f 255/263/255 1184/1217/1184 1326/1368/1326
f 1327/1369/1327 1326/1368/1326 1328/1370/1328
f 1329/1371/1329 1323/1365/1323 1322/1364/1322
f 1329/1371/1329 1330/1372/1330 1302/1341/1302
f 1331/1373/1331 1332/1374/1332 1333/1375/1333
f 1334/1376/1334 949/971/949 948/970/948
f 1335/1377/1335 1336/1378/1336 1337/1379/1337
f 1338/1380/1338 1339/1381/1339 1340/1382/1340
f 1341/1383/1341 750/765/750 1342/1384/1342
f 1343/1385/1343 1341/1383/1341 752/767/752
f 1344/1386/1344 1345/1387/1345 1346/1388/1346
f 1347/1389/1347 1294/1332/1294 1348/1390/1348
f 624/1391/624 1349/1392/1349 1263/1393/1263
f 1350/1394/1350 1351/1395/1351 1352/1396/1352
f 1246/1282/1246 1353/1397/1353 747/762/747
f 1245/1281/1245 1353/1397/1353 1246/1282/1246
f 1354/1398/1354 1355/1399/1355 1356/1400/1356
f 856/876/856 1356/1400/1356 855/875/855
f 733/748/733 1357/1401/1357 734/749/734
f 734/749/734 1221/1257/1221 1358/1402/1358
f 855/875/855 1359/1403/1359 1360/1404/1360
f 953/975/953 1361/1405/1361 954/976/954
f 459/469/459 1362/1406/1362 460/470/460
f 1362/1406/1362 459/469/459 556/569/556
f 449/459/449 416/426/416 447/457/447
f 1293/1331/1293 1363/1407/1363 416/426/416
f 661/674/661 524/535/524 1296/1334/1296
f 313/321/313 315/323/315 1364/1408/1364
f 1365/1409/1365 318/326/318 317/325/317
f 1366/1410/1366 657/670/657 1365/1409/1365
f 498/509/498 500/511/500 958/980/958
f 501/512/501 361/369/361 360/368/360
f 768/783/768 770/785/770 1367/1411/1367
f 1368/1412/1368 1369/1413/1369 1370/1414/1370
f 1371/1415/1371 599/612/599 1372/1416/1372
f 481/492/481 537/548/537 482/493/482
f 101/105/101 100/104/100 492/503/492
f 1373/1417/1373 691/704/691 105/109/105
f 1374/1418/1374 305/313/305 112/116/112
f 1375/1419/1375 989/1014/989 988/1013/988
f 1376/1420/1376 169/174/169 960/983/960
f 169/174/169 1204/1237/1204 960/983/960
f 102/106/102 1377/1421/1377 506/517/506
f 658/671/658 1378/1422/1378 1379/1423/1379
f 1349/1392/1349 1380/1424/1380 1263/1393/1263
f 1264/1302/1264 1262/1300/1262 1381/1425/1381
f 278/286/278 1382/1426/1382 1383/1427/1383
f 1093/1124/1093 1382/1426/1382 278/286/278
f 1384/1428/1384 1385/1429/1385 1386/1430/1386
f 1387/1431/1387 681/694/681 680/693/680
f 1323/1365/1323 1388/1432/1388 1324/1366/1324
f 266/274/266 1389/1433/1389 810/827/810
f 485/496/485 933/955/933 1390/1434/1390
f 1116/1148/1116 1309/1348/1309 1391/1435/1391
f 1392/1436/1392 718/733/718 630/643/630
f 1393/1437/1393 718/733/718 720/735/720
f 1394/1438/1394 1395/1439/1395 1396/1440/1396
f 933/955/933 379/388/379 1390/1434/1390
f 1397/1441/1397 1398/1442/1398 902/922/902
f 1399/1443/1399 1400/1444/1400 639/652/639
f 1401/1445/1401 1402/1446/1402 15/17/15
f 1403/1447/1403 1404/1448/1404 1405/1449/1405
f 1406/1450/1406 1407/1451/1407 1319/1361/1319
f 1408/1452/1408 1409/1453/1409 428/438/428
f 1141/1174/1141 1410/1454/1410 1142/1175/1142
f 1174/1207/1174 1162/1195/1162 1164/1197/1164
f 1256/1292/1256 1255/1291/1255 1411/1455/1411
f 1412/1456/1412 1411/1455/1411 1413/1457/1413
f 1414/1458/1414 732/747/732 731/746/731
f 1415/1459/1415 1416/1460/1416 1417/1461/1417
f 1418/1462/1418 1419/1463/1419 1420/1464/1420
f 1421/1465/1421 984/1009/984 1419/1463/1419
f 1422/1466/1422 1423/1467/1423 1121/1153/1121
f 1424/1468/1424 801/818/801 800/817/800
f 29/31/29 1200/1233/1200 1199/1232/1199
f 1200/1233/1200 323/331/323 818/837/818
f 846/865/846 196/201/196 195/200/195
f 1183/1216/1183 1182/1215/1182 1180/1213/1180
f 489/500/489 1425/1469/1425 490/501/490
f 681/694/681 1358/1402/1358 682/695/682
f 1426/1470/1426 1427/1471/1427 1428/1472/1428
f 468/479/468 252/260/252 251/259/251
f 1429/1473/1429 1430/1474/1430 1431/1475/1431
f 1432/1476/1432 1433/1477/1433 1434/1478/1434
f 368/376/368 889/909/889 369/377/369
f 369/377/369 889/909/889 888/908/888
f 227/235/227 280/288/280 567/580/567
f 1435/1479/1435 1271/1309/1271 227/235/227
f 1422/1466/1422 1121/1153/1121 830/849/830
f 1436/1480/1436 1437/1481/1437 1438/1482/1438
f 1347/1389/1347 1348/1390/1348 1439/1483/1439
f 396/406/396 398/408/398 1440/1484/1440
f 1441/1485/1441 190/195/190 1442/1486/1442
f 1443/1487/1443 1444/1488/1444 1442/1486/1442
f 1445/1489/1445 1446/1490/1446 1447/1491/1447
f 970/993/970 1448/1492/1448 1449/1493/1449
f 921/943/921 918/940/918 919/941/919
f 1450/1494/1450 281/289/281 1451/1495/1451
f 161/166/161 163/168/163 712/727/712
f 562/575/562 844/863/844 563/576/563
f 1452/1496/1452 1453/1497/1453 1018/1043/1018
f 1454/1498/1454 1455/1499/1455 1453/1497/1453
f 1091/1122/1091 1456/1500/1456 1457/1501/1457
f 336/344/336 338/346/338 1458/1502/1458
f 1459/1503/1459 791/806/791 1460/1504/1460
f 1459/1503/1459 1266/1304/1266 791/806/791
f 1425/1469/1425 1461/1505/1461 1462/1506/1462
f 249/257/249 1463/1507/1463 1464/1508/1464
f 1465/1509/1465 1466/1510/1466 1403/1447/1403
f 1467/1511/1467 915/936/915 917/939/917
f 749/764/749 288/296/288 748/763/748
f 865/885/865 1468/1512/1468 914/935/914
f 1469/1513/1469 427/437/427 1470/1514/1470
f 882/902/882 1469/1513/1469 1470/1514/1470
f 1471/1515/1471 1472/1516/1472 1473/1517/1473
f 746/761/746 748/763/748 865/885/865
f 186/191/186 185/190/185 1474/1518/1474
f 1475/1519/1475 1027/1052/1027 1476/1520/1476
f 804/821/804 1401/1445/1401 805/822/805
f 307/315/307 1401/1445/1401 806/823/806
f 904/924/904 1015/1521/1015 905/925/905
f 905/925/905 36/38/36 35/37/35
f 524/535/524 313/321/313 1364/1408/1364
f 522/533/522 313/321/313 524/535/524
f 1477/1522/1477 1197/1230/1197 1196/1229/1196
f 1478/1523/1478 1479/1524/1479 1480/1525/1480
f 220/228/220 219/227/219 282/290/282
f 1481/1526/1481 1370/1414/1370 1482/1527/1482
f 572/585/572 1483/1528/1483 1484/1529/1484
f 1485/1530/1485 1486/1531/1486 1487/1532/1487
f 624/1391/624 625/1533/625 1349/1392/1349
f 1380/1424/1380 1349/1392/1349 625/1533/625
f 1488/1534/1488 1489/1535/1489 1490/1536/1490
f 797/814/797 1491/1537/1491 1492/1538/1492
f 1493/1539/1493 160/165/160 528/539/528
f 1206/1239/1206 1037/1062/1037 1207/1240/1207
f 212/219/212 1337/1540/1337 1336/1541/1336
f 1272/1310/1272 1494/1542/1494 1495/1543/1495
f 1496/1544/1496 1249/1285/1249 1497/1545/1497
f 540/551/540 539/550/539 867/887/867
f 1498/1546/1498 1272/1310/1272 1495/1543/1495
f 617/1547/617 1499/1548/1499 1272/1310/1272
f 1500/1549/1500 991/1016/991 990/1015/990
f 1501/1550/1501 735/750/735 1502/1551/1502
f 245/253/245 1000/1025/1000 1503/1552/1503
f 1504/1553/1504 1479/1524/1479 1505/1554/1505
f 54/58/54 57/61/57 1506/1555/1506
f 1507/1556/1507 267/275/267 1508/1557/1508
f 114/1558/114 113/994/113 972/996/972
f 1509/1559/1509 1170/1293/1170 1510/1560/1510
f 1511/1561/1511 330/338/330 742/757/742
f 1512/1562/1512 1323/1365/1323 1329/1371/1329
f 306/314/306 1458/1502/1458 307/315/307
f 307/315/307 1404/1448/1404 1401/1445/1401
f 538/549/538 599/1563/599 1371/1564/1371
f 538/549/538 1513/1565/1513 599/1563/599
f 1315/1355/1315 1514/1566/1514 1515/1567/1515
f 1158/1191/1158 1516/1568/1516 707/722/707
f 1517/1569/1517 72/76/72 71/75/71
f 72/76/72 1517/1569/1517 1518/1570/1518
f 1318/1360/1318 583/596/583 1519/1571/1519
f 583/596/583 582/595/582 1520/1572/1520
f 728/743/728 1521/1573/1521 1522/1574/1522
f 1523/1575/1523 1524/1576/1524 794/809/794
f 1525/1577/1525 1526/1578/1526 1527/1579/1527
f 1526/1578/1526 488/499/488 1527/1579/1527
f 1528/1580/1528 1173/1206/1173 1172/1205/1172
f 541/552/541 1099/1130/1099 1529/1581/1529
f 1530/1582/1530 1048/1075/1048 498/1077/498
f 956/978/956 1530/1582/1530 957/979/957
f 1531/1583/1531 110/114/110 109/113/109
f 1531/1583/1531 1140/1173/1140 110/114/110
f 873/893/873 1532/1584/1532 874/894/874
f 1051/1080/1051 874/894/874 1533/1585/1533
f 878/1586/878 1534/1587/1534 879/1588/879
f 293/301/293 295/303/295 135/139/135
f 968/991/968 1535/1589/1535 1536/1590/1536
f 1537/1591/1537 1538/1592/1538 1539/1593/1539
f 1487/1532/1487 575/588/575 1540/1594/1540
f 259/267/259 258/266/258 1541/1595/1541
f 1542/1596/1542 1151/1184/1151 1150/1183/1150
f 1543/1597/1543 1544/1598/1544 1430/1474/1430
f 1309/1348/1309 1545/1599/1545 1546/1600/1546
f 31/33/31 1547/1601/1547 65/69/65
f 1548/1602/1548 1549/1603/1549 1550/1604/1550
f 1550/1604/1550 1551/1605/1551 515/526/515
f 1156/1189/1156 802/819/802 1552/1606/1552
f 1007/1032/1007 1553/1607/1553 1552/1606/1552
f 1554/1608/1554 1555/1609/1555 48/52/48
f 1556/1610/1556 1557/1611/1557 1554/1608/1554
f 1558/1612/1558 86/90/86 1559/1613/1559
f 1558/1612/1558 275/283/275 274/282/274
f 330/338/330 1511/1561/1511 137/141/137
f 1560/1614/1560 334/342/334 137/141/137
f 1069/1098/1069 1438/1482/1438 1561/1615/1561
f 61/65/61 1061/1090/1061 1561/1615/1561
f 631/644/631 1562/1616/1562 1563/1617/1563
f 1564/1618/1564 1565/1619/1565 1195/1620/1195
f 213/220/213 567/580/567 33/35/33
f 1566/1621/1566 1313/1352/1313 1567/1622/1567
f 267/275/267 811/828/811 1568/1623/1568
f 811/828/811 267/275/267 266/274/266
f 950/972/950 1569/1624/1569 951/973/951
f 1148/1181/1148 1570/1625/1570 1571/1626/1571
f 427/437/427 429/439/429 1572/1627/1572
f 306/314/306 1572/1627/1572 1458/1502/1458
f 1573/1628/1573 1574/1629/1574 1575/1630/1575
f 1575/1630/1575 1574/1629/1574 1434/1478/1434
f 1576/1631/1576 1577/1632/1577 1578/1633/1578
f 1280/1318/1280 772/787/772 1281/1319/1281
f 1579/1634/1579 1037/1062/1037 1580/1635/1580
f 1039/1064/1039 1580/1635/1580 1037/1062/1037
f 1094/1125/1094 510/521/510 1095/1126/1095
f 222/230/222 1581/1636/1581 223/231/223
f 1195/1620/1195 1565/1619/1565 631/1637/631
f 716/731/716 1582/1638/1582 1583/1639/1583
f 1584/1640/1584 1267/1305/1267 1585/1641/1585
f 1585/1641/1585 1266/1304/1266 1459/1503/1459
f 1170/1203/1170 198/1642/198 1586/1643/1586
f 1168/1201/1168 1170/1203/1170 1586/1643/1586
f 1214/1248/1214 1587/1644/1587 1588/1645/1588
f 118/162/118 157/161/157 1587/1644/1587
f 436/446/436 438/448/438 1589/1646/1589
f 1590/1647/1590 1301/1339/1301 1300/1340/1300
f 1591/1648/1591 131/135/131 631/644/631
f 1591/1649/1591 631/1637/631 1592/1650/1592
f 61/65/61 1561/1615/1561 62/66/62
f 1593/1651/1593 61/65/61 495/506/495
f 1446/1490/1446 1594/1652/1594 1447/1491/1447
f 1594/1652/1594 1595/1653/1595 1447/1491/1447
f 1316/1359/1316 1596/1654/1596 1317/1358/1317
f 1597/1655/1597 547/558/547 1598/1656/1598
f 57/61/57 1528/1580/1528 1599/1657/1599
f 1600/1658/1600 1601/1659/1601 1602/1660/1602
f 771/786/771 783/798/783 782/797/782
f 1181/1214/1181 195/200/195 197/202/197
f 1603/1661/1603 1016/1041/1016 1015/1040/1015
f 1400/1444/1400 1604/1662/1604 639/652/639
f 1605/1663/1605 1606/1664/1606 1607/1665/1607
f 1608/1666/1608 974/998/974 973/997/973
f 640/653/640 639/652/639 1235/1271/1235
f 1603/1667/1603 639/652/639 1016/1668/1016
f 240/248/240 241/249/241 1609/1669/1609
f 320/1670/320 154/158/154 153/157/153
f 1368/1412/1368 1284/1322/1284 1369/1413/1369
f 771/786/771 773/788/773 783/798/783
f 472/483/472 1610/1671/1610 1611/1672/1611
f 1612/1673/1612 1613/1674/1613 140/1675/140
f 1614/1676/1614 870/890/870 897/917/897
f 1344/1386/1344 1346/1388/1346 1615/1677/1615
f 1147/1180/1147 408/418/408 1288/1326/1288
f 407/417/407 1151/1184/1151 408/418/408
f 1616/1678/1616 1617/1679/1617 514/525/514
f 1535/1589/1535 1618/1680/1618 1536/1590/1536
f 1619/1681/1619 521/532/521 1620/1682/1620
f 392/401/392 519/530/519 1619/1681/1619
f 1621/1683/1621 1622/1684/1622 1623/1685/1623
f 1624/1686/1624 1621/1683/1621 1625/1687/1625
f 1384/1428/1384 569/582/569 1385/1429/1385
f 165/170/165 1626/1688/1626 1525/1577/1525
f 1031/1056/1031 1627/1689/1627 1628/1690/1628
f 1629/1691/1629 1428/1472/1428 1427/1471/1427
f 616/629/616 1499/1692/1499 617/630/617
f 616/1693/616 1393/1437/1393 720/735/720
f 1259/1297/1259 1630/1694/1630 434/444/434
f 1088/1695/1088 1630/1696/1630 1631/1697/1631
f 1632/1698/1632 1497/1545/1497 1248/1284/1248
f 1248/1284/1248 1497/1545/1497 1249/1285/1249
f 901/921/901 1633/1699/1633 688/701/688
f 231/239/231 1634/1700/1634 232/240/232
f 743/758/743 1635/1701/1635 875/895/875
f 581/594/581 1636/1702/1636 1637/1703/1637
f 1638/1704/1638 1639/1705/1639 1283/1321/1283
f 1283/1321/1283 1639/1705/1639 1284/1322/1284
f 1635/1701/1635 1637/1703/1637 1640/1706/1640
f 1641/1707/1641 1406/1450/1406 1642/1708/1642
f 1439/1483/1439 1348/1390/1348 446/456/446
f 446/456/446 1615/1677/1615 1439/1483/1439
f 1064/1093/1064 1066/1095/1066 1643/1709/1643
f 1644/1710/1644 1150/1183/1150 407/417/407
f 228/236/228 413/423/413 354/362/354
f 1600/1658/1600 413/423/413 228/236/228
f 1076/1105/1076 1645/1711/1645 1646/1712/1646
f 1647/1713/1647 1648/1714/1648 1649/1715/1649
f 1650/1716/1650 64/68/64 62/66/62
f 635/648/635 1437/1481/1437 1436/1480/1436
f 541/552/541 781/796/781 780/795/780
f 780/795/780 1081/1110/1081 1046/1073/1046
f 1621/1683/1621 1624/1686/1624 1622/1684/1622
f 1651/1717/1651 1549/1603/1549 1652/1718/1652
f 1462/1506/1462 1461/1505/1461 1653/1719/1653
f 1355/1399/1355 1354/1398/1354 490/501/490
f 1654/1720/1654 1655/1721/1655 1023/1048/1023
f 1656/1722/1656 1655/1721/1655 1657/1723/1657
f 1658/1724/1658 1659/1725/1659 1660/1726/1660
f 1658/1724/1658 1660/1726/1660 1661/1727/1661
f 1662/1728/1662 1663/1729/1663 846/865/846
f 1662/1728/1662 846/865/846 1589/1646/1589
f 751/766/751 1036/1061/1036 1035/1060/1035
f 713/1730/713 1212/1245/1212 714/1247/714
f 1183/1216/1183 1664/1731/1664 845/864/845
f 453/463/453 845/864/845 1664/1731/1664
f 559/572/559 532/543/532 557/570/557
f 1252/1288/1252 532/543/532 1253/1289/1253
f 1576/1631/1576 560/573/560 1577/1632/1577
f 412/422/412 411/421/411 1665/1732/1665
f 1666/1733/1666 369/377/369 888/908/888
f 651/664/651 1666/1733/1666 885/905/885
f 1667/1734/1667 1445/1489/1445 1447/1491/1447
f 1668/1735/1668 1449/1493/1449 1669/1736/1669
f 1670/1737/1670 1013/1038/1013 1671/1738/1671
f 1012/1037/1012 1672/1739/1672 1013/1038/1013
f 1552/1606/1552 802/819/802 1007/1032/1007
f 1673/1740/1673 1674/1741/1674 1086/1115/1086
f 963/986/963 965/988/965 1675/1742/1675
f 1676/1743/1676 1677/1744/1677 503/514/503
f 1649/1715/1649 1207/1745/1207 1647/1713/1647
f 1579/1634/1579 1580/1635/1580 1678/1746/1678
f 69/73/69 70/74/70 509/520/509
f 1002/1027/1002 1003/1028/1003 1679/1747/1679
f 750/765/750 1341/1383/1341 1343/1385/1343
f 109/113/109 750/765/750 1680/1748/1680
f 1681/1749/1681 417/427/417 416/426/416
f 1073/1102/1073 1075/1104/1075 1071/1100/1071
f 1682/1750/1682 1683/1751/1683 1684/1752/1684
f 1682/1750/1682 1684/1752/1684 1436/1480/1436
f 289/297/289 358/366/358 1685/1753/1685
f 358/366/358 289/297/289 359/367/359
f 397/407/397 1686/1754/1686 1687/1755/1687
f 1687/1755/1687 818/837/818 323/331/323
f 1688/1756/1688 510/521/510 315/323/315
f 314/322/314 1689/1757/1689 315/323/315
f 1690/1758/1690 1691/1759/1691 1692/1760/1692
f 1693/1761/1693 1014/1039/1014 891/911/891
f 952/974/952 1694/1762/1694 1695/1763/1695
f 579/592/579 1694/1762/1694 580/593/580
f 236/244/236 1696/1764/1696 1153/1186/1153
f 1696/1764/1696 1154/1187/1154 1153/1186/1153
f 1697/1765/1697 1698/1766/1698 1276/1314/1276
f 1399/1443/1399 639/652/639 1699/1767/1699
f 1371/1564/1371 1372/1768/1372 1250/1769/1250
f 596/609/596 1250/1769/1250 539/550/539
f 1163/1196/1163 1142/1175/1142 1164/1197/1164
f 1410/1454/1410 1164/1197/1164 1142/1175/1142
f 1700/1770/1700 1701/1771/1701 472/483/472
f 141/145/141 1700/1772/1700 876/896/876
f 1702/1773/1702 193/198/193 1077/1106/1077
f 1703/1774/1703 1704/1775/1704 287/295/287
f 499/1076/499 584/597/584 1705/1776/1705
f 499/1076/499 1706/1777/1706 501/1778/501
f 748/763/748 747/762/747 749/764/749
f 1632/1698/1632 536/547/536 535/546/535
f 1707/1779/1707 600/613/600 1708/1780/1708
f 1709/1781/1709 600/1782/600 1710/1783/1710
f 1331/1373/1331 857/877/857 1711/1784/1711
f 1302/1341/1302 1712/1785/1712 1305/1344/1305
f 1713/1786/1713 1714/1787/1714 1631/1697/1631
f 1715/1788/1715 209/214/209 1716/1789/1716
f 800/817/800 799/816/799 1156/1189/1156
f 1157/1190/1157 1156/1189/1156 1717/1790/1717
f 630/643/630 1718/1791/1718 628/641/628
f 1427/1471/1427 1719/1792/1719 1720/1793/1720
f 779/794/779 1595/1653/1595 546/557/546
f 779/794/779 781/796/781 1595/1653/1595
f 1712/1785/1712 1721/1794/1721 1722/1795/1722
f 1712/1785/1712 1723/1796/1723 1721/1794/1721
f 930/952/930 758/773/758 757/772/757
f 326/334/326 757/772/757 1724/1797/1724
f 1725/1798/1725 1726/1799/1726 535/546/535
f 943/965/943 1727/1800/1727 941/963/941
f 1601/1659/1601 1343/1385/1343 752/767/752
f 1728/1801/1728 752/767/752 709/724/709
f 646/659/646 645/658/645 1729/1802/1729
f 1730/1803/1730 645/658/645 1105/1137/1105
f 1731/1804/1731 1732/1805/1732 1733/1806/1733
f 1734/1807/1734 1735/1808/1735 1736/1809/1736
f 1443/1810/1443 1737/1811/1737 478/489/478
f 480/491/480 1738/1812/1738 478/489/478
f 1116/1148/1116 1739/1813/1739 1740/1814/1740
f 1741/1815/1741 1742/1816/1742 1116/1148/1116
f 1389/1433/1389 808/825/808 810/827/810
f 1743/1817/1743 1744/1818/1744 443/453/443
f 1744/1818/1744 1745/1819/1745 443/453/443
f 1746/1820/1746 1747/1821/1747 1388/1432/1388
f 1635/1701/1635 1640/1706/1640 1748/1822/1748
f 873/893/873 1321/1363/1321 1532/1584/1532
f 1749/1823/1749 490/501/490 1677/1744/1677
f 350/358/350 1677/1744/1677 1676/1743/1676
f 1750/1824/1750 1751/1825/1751 1506/1555/1506
f 1551/1605/1551 1752/1826/1752 515/526/515
f 281/289/281 219/227/219 1451/1495/1451
f 1753/1827/1753 728/743/728 1522/1574/1522
f 282/290/282 1754/1828/1754 220/228/220
f 282/290/282 1755/1829/1755 1756/1830/1756
f 284/292/284 178/183/178 1757/1831/1757
f 270/278/270 889/909/889 1757/1831/1757
f 1758/1832/1758 1759/1833/1759 1760/1834/1760
f 578/591/578 1758/1832/1758 229/237/229
f 1645/1711/1645 1761/1835/1761 1557/1611/1557
f 1649/1715/1649 1762/1836/1762 1207/1745/1207
f 1245/1281/1245 1496/1544/1496 1353/1397/1353
f 539/1837/539 1763/1838/1763 867/1839/867
f 736/751/736 738/753/738 1057/1086/1057
f 1217/1253/1217 738/753/738 736/751/736
f 867/1839/867 1763/1838/1763 1245/1281/1245
f 867/1839/867 1245/1281/1245 1247/1283/1247
f 1598/1656/1598 1317/1358/1317 1597/1655/1597
f 51/55/51 1317/1358/1317 390/399/390
f 1062/1091/1062 365/373/365 367/375/367
f 1764/1840/1764 1489/1535/1489 1491/1537/1491
f 1394/1438/1394 1765/1841/1765 1395/1439/1395
f 1731/1804/1731 1766/1842/1766 1732/1805/1732
f 1429/1473/1429 1431/1475/1431 590/603/590
f 1286/1324/1286 1767/1843/1767 1768/1844/1768
f 1357/1401/1357 733/748/733 1114/1146/1114
f 1222/1258/1222 1114/1146/1114 1116/1148/1116
f 1616/1678/1616 517/528/517 1080/1109/1080
f 1616/1678/1616 1080/1109/1080 1769/1845/1769
f 651/664/651 885/905/885 1770/1846/1770
f 329/337/329 722/737/722 724/739/724
f 1224/1260/1224 959/981/959 958/980/958
f 1771/1847/1771 1224/1260/1224 184/189/184
f 1723/1796/1723 857/877/857 1721/1794/1721
f 858/878/858 857/877/857 1723/1796/1723
f 369/377/369 758/773/758 370/378/370
f 1772/1848/1772 368/376/368 370/378/370
f 701/716/701 1052/1081/1052 1773/1849/1773
f 701/716/701 1773/1849/1773 963/986/963
f 947/969/947 529/540/529 1774/1850/1774
f 436/446/436 1775/1851/1775 437/447/437
f 104/108/104 103/107/103 1776/1852/1776
f 1777/1853/1777 824/843/824 278/286/278
f 629/642/629 1659/1725/1659 1658/1724/1658
f 716/731/716 1658/1724/1658 1661/1727/1661
f 947/969/947 1778/1854/1778 529/540/529
f 947/969/947 533/544/533 863/883/863
f 895/915/895 896/916/896 323/331/323
f 323/331/323 1200/1233/1200 29/31/29
f 121/125/121 1418/1462/1418 1420/1464/1420
f 1420/1464/1420 740/755/740 121/125/121
f 995/1020/995 1779/1855/1779 1004/1029/1004
f 1707/1779/1707 1708/1780/1708 1780/1856/1780
f 1781/1857/1781 1782/1858/1782 1733/1806/1733
f 225/233/225 1783/1859/1783 1735/1808/1735
f 1784/1860/1784 639/652/639 767/782/767
f 1276/1314/1276 1698/1766/1698 1274/1312/1274
f 1785/1861/1785 1782/1858/1782 926/948/926
f 926/948/926 1782/1858/1782 1781/1857/1781
f 1735/1808/1735 1783/1859/1783 1733/1806/1733
f 1735/1808/1735 1733/1806/1733 1732/1805/1732
f 1228/1264/1228 850/870/850 1132/1164/1132
f 1786/1862/1786 1787/1863/1787 850/870/850
f 1788/1864/1788 1789/1865/1789 166/171/166
f 1789/1865/1789 1491/1537/1491 166/171/166
f 1790/1866/1790 1791/1867/1791 1792/1868/1792
f 1793/1869/1793 1794/1870/1794 1791/1867/1791
f 578/591/578 577/590/577 109/113/109
f 1759/1833/1759 1758/1832/1758 578/591/578
f 1219/1255/1219 1795/1871/1795 1220/1256/1220
f 1796/1872/1796 1797/1873/1797 1798/1874/1798
f 523/534/523 522/533/522 524/535/524
f 522/533/522 127/131/127 126/130/126
f 121/125/121 120/124/120 1232/1268/1232
f 120/124/120 949/971/949 1799/1875/1799
f 1779/1855/1779 1780/1856/1780 1708/1780/1708
f 1709/1876/1709 1710/1877/1710 1779/1855/1779
f 956/1878/956 955/1879/955 816/835/816
f 1224/1260/1224 1771/1847/1771 959/981/959
f 200/205/200 758/773/758 930/952/930
f 1772/1848/1772 370/378/370 758/773/758
f 1100/1131/1100 1145/1178/1145 1101/1132/1101
f 935/957/935 1800/1880/1800 1801/1881/1801
f 191/196/191 496/507/496 18/20/18
f 496/507/496 16/18/16 18/20/18
f 405/415/405 254/262/254 341/349/341
f 1771/1847/1771 1802/1882/1802 955/1879/955
f 1201/1234/1201 1139/1172/1139 1803/1883/1803
f 1136/1169/1136 1139/1172/1139 1804/1884/1804
f 1339/1885/1339 612/625/612 614/627/614
f 712/727/712 714/729/714 614/627/614
f 1805/1886/1805 1806/1887/1806 1210/1243/1210
f 766/781/766 688/701/688 1807/1888/1807
f 132/136/132 1808/1889/1808 133/137/133
f 1563/1617/1563 1562/1616/1562 1808/1889/1808
f 506/517/506 1809/1890/1809 103/107/103
f 1776/1852/1776 103/107/103 1810/1891/1810
f 831/850/831 421/431/421 1811/1892/1811
f 831/850/831 1812/1893/1812 832/851/832
f 1481/1526/1481 1482/1527/1482 1813/1894/1813
f 1367/1411/1367 221/229/221 1813/1894/1813
f 389/398/389 763/778/763 1514/1895/1514
f 1514/1895/1514 707/722/707 1515/1896/1515
f 1814/1897/1814 550/561/550 549/560/549
f 1201/1234/1201 1203/1236/1203 697/711/697
f 1020/1045/1020 1815/1898/1815 1019/1044/1019
f 1019/1044/1019 1815/1898/1815 1816/1899/1816
f 1347/1389/1347 1439/1483/1439 1345/1387/1345
f 1363/1407/1363 447/457/447 416/426/416
f 329/337/329 137/141/137 138/142/138
f 1817/1900/1817 138/142/138 79/83/79
f 1818/1901/1818 1819/1902/1819 1820/1903/1820
f 1545/1599/1545 1309/1348/1309 1547/1601/1547
f 414/424/414 828/847/828 354/362/354
f 1668/1735/1668 1669/1736/1669 1821/1904/1821
f 1034/1059/1034 802/819/802 1822/1905/1822
f 1008/1033/1008 1086/1115/1086 1674/1741/1674
f 588/601/588 604/617/604 589/602/589
f 1823/1906/1823 1824/1907/1824 1825/1908/1825
f 1526/1578/1526 1525/1577/1525 1626/1688/1626
f 489/500/489 680/693/680 682/695/682
f 1826/1909/1826 1659/1725/1659 629/642/629
f 1659/1725/1659 1826/1909/1826 1719/1792/1719
f 14/15/14 1160/1193/1160 1163/1196/1163
f 6/6/6 1163/1910/1163 4/4/4
f 381/390/381 215/222/215 204/209/204
f 610/623/610 611/624/611 381/390/381
f 1162/1195/1162 1827/1911/1827 1163/1196/1163
f 1827/1912/1827 4/4/4 1163/1910/1163
f 36/38/36 905/925/905 1828/1913/1828
f 1828/1914/1828 1452/1496/1452 1018/1043/1018
f 1829/1915/1829 1645/1711/1645 1649/1715/1649
f 1645/1711/1645 1557/1611/1557 1649/1715/1649
f 722/737/722 606/619/606 721/736/721
f 1770/1846/1770 722/737/722 329/337/329
f 550/561/550 1830/1916/1830 1199/1232/1199
f 1814/1897/1814 1830/1916/1830 550/561/550
f 1103/1917/1103 471/482/471 1831/1918/1831
f 1831/1918/1831 1534/1919/1534 1103/1917/1103
f 1219/1255/1219 1223/1259/1223 1832/1920/1832
f 1222/1258/1222 1223/1259/1223 1219/1255/1219
f 1824/1907/1824 1833/1921/1833 1825/1908/1825
f 605/1922/605 1833/1921/1833 1004/1029/1004
f 1180/1213/1180 1513/1923/1513 1183/1216/1183
f 847/866/847 1513/1565/1513 538/549/538
f 1834/1924/1834 1384/1428/1384 1387/1431/1387
f 1835/1925/1835 680/693/680 489/500/489
f 891/911/891 1318/1360/1318 1519/1571/1519
f 891/911/891 1520/1572/1520 1693/1761/1693
f 495/506/495 61/65/61 1836/1926/1836
f 235/243/235 1836/1926/1836 1265/1303/1265
f 1837/1927/1837 1838/1928/1838 1839/1929/1839
f 1837/1927/1837 1840/1930/1840 1838/1928/1838
f 1841/1931/1841 702/717/702 1033/1058/1033
f 702/717/702 1841/1931/1841 790/805/790
f 141/1932/141 364/372/364 696/710/696
f 141/145/141 696/713/696 139/143/139
f 1842/1933/1842 958/980/958 1843/1934/1843
f 1092/1123/1092 1224/1260/1224 958/980/958
f 598/611/598 1844/1935/1844 483/494/483
f 483/494/483 1844/1935/1844 1845/1936/1845
f 1188/1221/1188 1187/1220/1187 610/623/610
f 1187/1220/1187 1233/1269/1233 610/623/610
f 1096/1127/1096 1352/1396/1352 1846/1937/1846
f 1096/1127/1096 1846/1937/1846 1042/1069/1042
f 448/458/448 1010/1035/1010 871/891/871
f 1344/1386/1344 1847/1938/1847 1345/1387/1345
f 1715/1788/1715 1088/1695/1088 1631/1697/1631
f 1631/1697/1631 1714/1787/1714 1715/1788/1715
f 1547/1601/1547 1819/1902/1819 1545/1599/1545
f 1545/1599/1545 1819/1902/1819 485/496/485
f 1089/1118/1089 1088/1117/1088 1715/1939/1715
f 465/478/465 1089/1118/1089 1715/1939/1715
f 27/29/27 814/833/814 813/832/813
f 42/46/42 989/1014/989 1848/1940/1848
f 716/731/716 1583/1639/1583 717/732/717
f 1583/1639/1583 225/233/225 1849/1941/1849
f 1850/1942/1850 842/861/842 1851/1943/1851
f 842/861/842 1850/1942/1850 840/859/840
f 1852/1944/1852 638/651/638 1134/1167/1134
f 1852/1944/1852 767/782/767 638/651/638
f 1377/1421/1377 1379/1423/1379 1378/1422/1378
f 1360/1404/1360 1853/1945/1853 855/875/855
f 1110/1142/1110 1854/1946/1854 1855/1947/1855
f 1111/1143/1111 1267/1305/1267 1584/1640/1584
f 1856/1948/1856 1857/1949/1857 993/1018/993
f 569/582/569 568/581/568 1385/1429/1385
f 1858/1950/1858 1823/1906/1823 1859/1951/1859
f 994/1019/994 996/1021/996 1657/1723/1657
f 1551/1605/1551 1751/1825/1751 1752/1826/1752
f 1047/1074/1047 516/527/516 1860/1952/1860
f 1028/1053/1028 1861/1953/1861 1716/1789/1716
f 1716/1789/1716 465/475/465 1715/1788/1715
f 1493/1954/1493 528/1955/528 206/211/206
f 149/153/149 1862/1956/1862 1863/1957/1863
f 1864/1958/1864 1865/1959/1865 1260/1298/1260
f 1295/1333/1295 659/672/659 1866/1960/1866
f 554/566/554 1193/1226/1193 403/413/403
f 1504/1553/1504 1480/1525/1480 1479/1524/1479
f 898/918/898 1807/1888/1807 688/701/688
f 683/1961/683 688/701/688 687/700/687
f 599/612/599 598/611/598 1372/1416/1372
f 483/494/483 482/493/482 598/611/598
f 1222/1258/1222 1219/1255/1219 1221/1257/1221
f 1114/1146/1114 1222/1258/1222 1357/1401/1357
f 1867/1962/1867 1162/1195/1162 57/61/57
f 1867/1962/1867 1827/1911/1827 1162/1195/1162
f 1868/1963/1868 1488/1534/1488 1490/1536/1490
f 685/698/685 1869/1964/1869 1870/1965/1870
f 70/74/70 283/291/283 1871/1966/1871
f 509/520/509 70/74/70 1872/1967/1872
f 1443/1810/1443 478/489/478 1738/1812/1738
f 817/836/817 815/834/815 256/264/256
f 1837/1968/1837 1839/1969/1839 620/1970/620
f 620/633/620 621/634/621 623/636/623
f 807/824/807 804/821/804 803/820/803
f 308/316/308 836/855/836 382/391/382
f 166/171/166 1491/1537/1491 673/686/673
f 1870/1965/1870 1873/1971/1873 1874/1972/1874
f 1875/1973/1875 827/846/827 343/351/343
f 1876/1974/1876 1367/1411/1367 1875/1973/1875
f 1473/1517/1473 1877/1975/1877 287/295/287
f 1473/1517/1473 1472/1516/1472 1877/1975/1877
f 862/882/862 861/881/861 1878/1976/1878
f 1878/1976/1878 861/881/861 1307/1346/1307
f 1041/1067/1041 244/1066/244 1879/1977/1879
f 1210/1243/1210 1806/1887/1806 1879/1978/1879
f 1063/1979/1063 1880/1980/1880 899/919/899
f 900/920/900 899/919/899 1880/1980/1880
f 1476/1520/1476 1881/1981/1881 1475/1519/1475
f 1227/1263/1227 1882/1982/1882 1476/1520/1476
f 397/407/397 774/789/774 1686/1754/1686
f 1187/1220/1187 1188/1221/1188 397/407/397
f 1033/1058/1033 1883/1983/1883 762/777/762
f 654/667/654 1884/1984/1884 1885/1985/1885
f 443/453/443 494/505/494 1743/1817/1743
f 234/242/234 1886/1986/1886 1887/1987/1887
f 1707/1779/1707 1780/1856/1780 994/1019/994
f 601/614/601 994/1019/994 1657/1723/1657
f 689/702/689 1888/1988/1888 100/104/100
f 1888/1988/1888 1123/1155/1123 1889/1989/1889
f 1466/1510/1466 1890/1990/1890 1403/1447/1403
f 601/614/601 1654/1720/1654 602/615/602
f 1544/1598/1544 1891/1991/1891 1892/1992/1892
f 1790/1866/1790 1793/1869/1793 1791/1867/1791
f 1194/1227/1194 1197/1230/1197 1893/1993/1893
f 1894/1994/1894 1243/1279/1243 1242/1278/1242
f 1860/1952/1860 1045/1072/1045 1047/1074/1047
f 1895/1995/1895 1896/1996/1896 1751/1825/1751
f 517/528/517 1616/1678/1616 1082/1111/1082
f 1082/1111/1082 862/882/862 517/528/517
f 1897/1997/1897 1898/1998/1898 1025/1050/1025
f 1899/1999/1899 1900/2000/1900 1025/1050/1025
f 560/573/560 1901/2001/1901 864/884/864
f 1576/1631/1576 411/421/411 560/573/560
f 59/63/59 725/740/725 390/399/390
f 1902/2002/1902 390/399/390 1317/1358/1317
f 130/134/130 129/133/129 201/206/201
f 608/621/608 269/277/269 201/206/201
f 1457/1501/1457 1456/1500/1456 1903/2003/1903
f 1465/1509/1465 1467/1511/1467 1466/1510/1466
f 1904/2004/1904 384/393/384 1905/2005/1905
f 1523/1575/1523 1905/2005/1905 1906/2006/1906
f 1907/2007/1907 1172/1205/1172 1908/2008/1908
f 1599/1657/1599 1172/1205/1172 1909/2009/1909
f 1910/2010/1910 528/1955/528 1264/2011/1264
f 206/211/206 528/1955/528 1910/2010/1910
f 1174/1207/1174 1164/1197/1164 1410/1454/1410
f 1172/1205/1172 1174/1207/1174 1908/2008/1908
f 1911/2012/1911 1912/2013/1912 1913/2014/1913
f 999/1024/999 998/1023/998 1038/1063/1038
f 1914/2015/1914 1258/1296/1258 433/443/433
f 183/188/183 1914/2015/1914 1915/2016/1915
f 100/104/100 1916/2017/1916 492/503/492
f 492/503/492 1916/2017/1916 977/1001/977
f 396/406/396 446/456/446 1348/1390/1348
f 1291/1329/1291 1348/1390/1348 1294/1332/1294
f 491/502/491 977/1001/977 976/2018/976
f 491/502/491 1129/1161/1129 1128/1160/1128
f 1251/1287/1251 1252/1288/1252 1254/1290/1254
f 1251/1287/1251 864/884/864 1917/2019/1917
f 700/715/700 743/758/743 875/895/875
f 700/715/700 875/895/875 1051/1080/1051
f 1296/1334/1296 1298/1336/1298 1297/1335/1297
f 1296/1334/1296 524/535/524 1364/1408/1364
f 1834/1924/1834 1918/2020/1918 1384/1428/1384
f 1919/2021/1919 1384/1428/1384 1918/2020/1918
f 1483/1528/1483 1920/2022/1920 118/122/118
f 1483/1528/1483 895/915/895 1921/2023/1921
f 422/432/422 1553/1607/1553 1007/1032/1007
f 422/432/422 421/431/421 1106/1138/1106
f 1922/2024/1922 982/1006/982 1923/2025/1923
f 1924/2026/1924 1922/2024/1922 1607/1665/1607
f 1925/2027/1925 1926/2028/1926 1355/1399/1355
f 490/501/490 1653/1719/1653 1355/1399/1355
f 1425/1469/1425 1797/1873/1797 1796/1872/1796
f 489/500/489 682/695/682 1425/1469/1425
f 1927/2029/1927 1275/1313/1275 1928/2030/1928
f 664/677/664 1277/1315/1277 793/808/793
f 455/465/455 297/305/297 1929/2031/1929
f 455/465/455 1929/2031/1929 1094/1125/1094
f 1841/1931/1841 761/776/761 655/668/655
f 788/803/788 1366/1410/1366 1365/1409/1365
f 1930/2032/1930 1382/1426/1382 1093/1124/1093
f 457/467/457 1093/1124/1093 456/466/456
f 908/928/908 910/930/910 906/926/906
f 910/930/910 970/993/970 1931/2033/1931
f 403/413/403 1932/2034/1932 401/411/401
f 1193/1226/1193 1932/2034/1932 403/413/403
f 1933/2035/1933 102/106/102 1569/1624/1569
f 954/976/954 1361/1405/1361 1934/2036/1934
f 1935/2037/1935 206/211/206 205/210/205
f 1647/1713/1647 1207/1745/1207 1936/2038/1936
f 210/215/210 1053/1082/1053 1048/1075/1048
f 208/213/208 210/215/210 191/196/191
f 526/2039/526 1381/1425/1381 1937/2040/1937
f 1350/1394/1350 526/537/526 1351/1395/1351
f 340/348/340 144/148/144 312/320/312
f 520/531/520 312/320/312 1049/1078/1049
f 137/141/137 334/342/334 82/86/82
f 81/85/81 82/86/82 334/342/334
f 636/649/636 1436/1480/1436 1422/1466/1422
f 1436/1480/1436 636/649/636 635/648/635
f 1717/1790/1717 1156/1189/1156 799/816/799
f 1127/1159/1127 799/816/799 1938/2041/1938
f 1039/1064/1039 998/1023/998 1580/1635/1580
f 1038/1063/1038 998/1023/998 1039/1064/1039
f 99/103/99 1424/1468/1424 1122/1154/1122
f 99/103/99 1122/1154/1122 1123/1155/1123
f 1739/1813/1739 1390/1434/1390 1740/1814/1740
f 1939/2042/1939 378/387/378 377/386/377
f 234/242/234 236/244/236 1886/1986/1886
f 1886/1986/1886 1133/1166/1133 441/451/441
f 502/2043/502 501/1778/501 1706/1777/1706
f 584/597/584 586/599/586 1705/1776/1705
f 1940/2044/1940 510/521/510 1581/1636/1581
f 416/426/416 1941/2045/1941 1293/1331/1293
f 318/326/318 1611/1672/1611 1610/1671/1610
f 1942/2046/1942 318/326/318 656/669/656
f 183/188/183 1915/2016/1915 181/186/181
f 979/1003/979 181/186/181 1915/2016/1915
f 1475/1519/1475 1943/2047/1943 1692/1760/1692
f 1943/2047/1943 1475/1519/1475 1881/1981/1881
f 344/352/344 343/351/343 827/846/827
f 827/846/827 826/845/826 829/848/829
f 7/7/7 1024/1049/1024 1944/2048/1944
f 9/9/9 1023/1048/1023 1024/1049/1024
f 803/820/803 805/822/805 837/856/837
f 7/7/7 9/9/9 1024/1049/1024
f 1886/1986/1886 236/244/236 1133/1166/1133
f 236/244/236 1153/1186/1153 1133/1166/1133
f 1945/2049/1945 1705/1776/1705 586/599/586
f 586/937/586 915/936/915 1945/2050/1945
f 1902/2002/1902 74/78/74 390/399/390
f 547/558/547 74/78/74 1902/2002/1902
f 585/2051/585 916/938/916 586/937/586
f 600/1782/600 585/598/585 1710/1783/1710
f 1894/1994/1894 1197/2052/1197 1194/2053/1194
f 554/567/554 1894/1994/1894 1194/2053/1194
f 701/716/701 963/986/963 503/514/503
f 1676/1743/1676 503/514/503 1946/2054/1946
f 652/665/652 1885/1985/1885 1124/1156/1124
f 654/667/654 1885/1985/1885 652/665/652
f 1859/1951/1859 1935/2055/1935 1947/2056/1947
f 1936/2057/1936 1579/1634/1579 1947/2056/1947
f 320/1670/320 240/248/240 1948/2058/1948
f 320/1670/320 1376/1420/1376 960/983/960
f 205/210/205 1936/2038/1936 1935/2037/1935
f 1936/2057/1936 1947/2056/1947 1935/2055/1935
f 1099/1130/1099 1909/2009/1909 1529/1581/1529
f 1907/2007/1907 1140/1173/1140 1529/1581/1529
f 1260/1298/1260 1865/1959/1865 1949/2059/1949
f 377/386/377 1260/1298/1260 1949/2059/1949
f 1608/1666/1608 1607/1665/1607 974/998/974
f 328/336/328 327/335/327 83/87/83
f 1950/2060/1950 111/115/111 470/481/470
f 111/115/111 1950/2060/1950 750/765/750
f 1633/1699/1633 686/699/686 688/701/688
f 1951/2061/1951 1952/2062/1952 1633/1699/1633
f 1559/1613/1559 217/2063/217 1558/1612/1558
f 90/94/90 1412/1456/1412 217/2063/217
f 1953/2064/1953 1496/1544/1496 1497/1545/1497
f 1726/1799/1726 1953/2064/1953 1497/1545/1497
f 1590/1647/1590 1257/1295/1257 530/541/530
f 1954/2065/1954 1590/1647/1590 530/541/530
f 522/533/522 1955/2066/1955 314/322/314
f 314/322/314 273/281/273 272/280/272
f 1287/1325/1287 951/973/951 1285/1323/1285
f 1573/1628/1573 1575/1630/1575 951/973/951
f 271/279/271 1956/2067/1956 511/522/511
f 1581/1636/1581 510/521/510 223/231/223
f 1272/1310/1272 1499/1548/1499 1273/1311/1273
f 720/735/720 1499/1548/1499 616/1693/616
f 1262/1300/1262 1263/1301/1263 1381/1425/1381
f 1381/1425/1381 1263/1301/1263 1937/2040/1937
f 1789/1865/1789 1788/1864/1788 798/815/798
f 1492/1538/1492 798/815/798 797/814/797
f 1952/2062/1952 686/699/686 1633/1699/1633
f 1957/2068/1957 1952/2062/1952 371/379/371
f 984/1009/984 466/476/466 985/1010/985
f 1119/1151/1119 1958/2069/1958 978/1002/978
f 913/933/913 914/935/914 1468/1512/1468
f 1959/2070/1959 913/933/913 1468/1512/1468
f 561/574/561 559/572/559 969/992/969
f 909/929/909 969/992/969 910/930/910
f 1960/2071/1960 646/659/646 1961/2072/1961
f 646/659/646 1729/1802/1729 1068/1097/1068
f 423/433/423 1274/1312/1274 1962/2073/1962
f 1698/1766/1698 1962/2073/1962 1274/1312/1274
f 927/949/927 520/531/520 925/947/925
f 1165/1198/1165 520/531/520 1049/1078/1049
f 311/319/311 85/89/85 84/88/84
f 975/999/975 1963/2074/1963 973/997/973
f 505/516/505 1695/1763/1695 1694/1762/1694
f 1694/1762/1694 1964/2075/1964 505/516/505
f 1167/1200/1167 1965/2076/1965 1785/1861/1785
f 1395/1439/1395 1731/1804/1731 1785/1861/1785
f 1966/2077/1966 1858/1950/1858 1859/1951/1859
f 1966/2077/1966 1859/1951/1859 1947/2056/1947
f 1967/2078/1967 495/506/495 442/452/442
f 1967/2078/1967 723/738/723 722/737/722
f 1968/2079/1968 543/554/543 577/590/577
f 1969/2080/1969 541/552/541 543/554/543
f 668/681/668 671/684/671 1970/2081/1970
f 1971/2082/1971 1970/2081/1970 671/684/671
f 1031/1056/1031 1628/1690/1628 1972/2083/1972
f 1452/2084/1452 1015/1040/1015 1017/1042/1017
f 1845/1936/1845 1844/1935/1844 1973/2085/1973
f 771/786/771 412/422/412 1665/1732/1665
f 1316/2086/1316 1974/2087/1974 848/2088/848
f 1787/1863/1787 1132/1164/1132 850/870/850
f 1899/1999/1899 1730/1803/1730 1900/2000/1900
f 1068/1097/1068 1730/1803/1730 1067/1096/1067
f 1278/1316/1278 1697/1765/1697 1277/1315/1277
f 1975/2089/1975 247/255/247 1976/2090/1976
f 1308/1347/1308 1977/2091/1977 119/123/119
f 120/124/120 119/123/119 1978/2092/1978
f 124/128/124 1979/2093/1979 122/126/122
f 1869/1964/1869 374/383/374 376/385/376
f 977/2094/977 820/839/820 976/1000/976
f 1980/2095/1980 977/2094/977 1981/2096/1981
f 1554/1608/1554 304/312/304 1555/1609/1555
f 400/410/400 304/312/304 1761/1835/1761
f 1600/1658/1600 1343/1385/1343 1601/1659/1601
f 911/931/911 1982/2097/1982 230/238/230
f 1719/1792/1719 1983/2098/1983 1720/1793/1720
f 1453/1497/1453 1455/1499/1455 1984/2099/1984
f 1237/1273/1237 1236/1272/1236 1985/2100/1985
f 252/260/252 1144/1177/1144 4/4/4
f 988/1013/988 305/313/305 1375/1419/1375
f 988/1013/988 295/2101/295 294/563/294
f 209/214/209 450/460/450 210/215/210
f 209/214/209 538/549/538 1986/2102/1986
f 600/613/600 602/615/602 916/938/916
f 600/613/600 916/938/916 585/2051/585
f 1832/1920/1832 1223/1259/1223 677/690/677
f 1742/1816/1742 1112/1144/1112 677/690/677
f 1987/2103/1987 931/953/931 932/954/932
f 1988/2104/1988 215/222/215 381/390/381
f 992/1017/992 1989/2105/1989 1990/2106/1990
f 991/1016/991 1989/2105/1989 992/1017/992
f 581/594/581 1637/1703/1637 579/592/579
f 743/758/743 699/714/699 1964/2075/1964
f 1991/2107/1991 1746/1820/1746 1992/2108/1992
f 1746/1820/1746 1991/2107/1991 1747/1821/1747
f 397/407/397 1188/1221/1188 774/789/774
f 776/791/776 1188/1221/1188 708/723/708
f 1827/1911/1827 1867/1962/1867 1146/1179/1146
f 1827/1912/1827 1993/2109/1993 4/4/4
f 1509/1559/1509 198/2110/198 1170/1293/1170
f 1509/2111/1509 199/204/199 198/203/198
f 1692/1760/1692 1025/1050/1025 1027/1052/1027
f 1692/1760/1692 1027/1052/1027 1475/1519/1475
f 1638/1704/1638 1994/2112/1994 1639/1705/1639
f 1995/2113/1995 940/962/940 1996/2114/1996
f 1997/2115/1997 1998/2116/1998 1999/2117/1999
f 175/180/175 246/254/246 173/178/173
f 118/162/118 1587/1644/1587 573/2118/573
f 1484/1529/1484 1483/1528/1483 118/122/118
f 1221/1257/1221 1220/1256/1220 1358/1402/1358
f 1797/1873/1797 1358/1402/1358 1798/1874/1798
f 1290/1328/1290 1570/1625/1570 1148/1181/1148
f 1792/1868/1792 1434/1478/1434 1570/1625/1570
f 568/581/568 1990/2106/1990 1989/2105/1989
f 564/577/564 2000/2119/2000 562/575/562
f 854/874/854 1379/1423/1379 1377/1421/1377
f 2001/2120/2001 1379/1423/1379 854/874/854
f 1404/1448/1404 338/346/338 2002/2121/2002
f 1404/1448/1404 1457/1501/1457 1405/1449/1405
f 1983/2098/1983 1719/1792/1719 2003/2122/2003
f 461/471/461 1840/2123/1840 462/472/462
f 1275/1313/1275 1083/1112/1083 1928/2030/1928
f 1086/1115/1086 2004/2124/2004 1673/1740/1673
f 1842/1933/1842 2005/2125/2005 958/980/958
f 2006/2126/2006 2007/2127/2007 1842/1933/1842
f 2008/2128/2008 750/765/750 1343/1385/1343
f 1600/1658/1600 2008/2128/2008 1343/1385/1343
f 1546/1600/1546 1391/1435/1391 1309/1348/1309
f 1739/1813/1739 485/496/485 1390/1434/1390
f 2009/2129/2009 1434/1478/1434 1791/1867/1791
f 1791/1867/1791 1434/1478/1434 1792/1868/1792
f 581/594/581 951/973/951 1287/1325/1287
f 580/593/580 951/973/951 581/594/581
f 1421/1465/1421 978/1002/978 1958/2069/1958
f 2010/2130/2010 978/1002/978 1421/1465/1421
f 119/123/119 1977/2091/1977 1978/2092/1978
f 1977/2091/1977 1721/1794/1721 1978/2092/1978
f 80/84/80 759/774/759 108/112/108
f 155/159/155 759/774/759 80/84/80
f 454/1120/454 632/645/632 633/646/633
f 1664/1731/1664 1183/1216/1183 632/2131/632
f 660/673/660 659/672/659 2011/2132/2011
f 2011/2132/2011 1809/1890/1809 660/673/660
f 2012/2133/2012 1651/1717/1651 1622/1684/1622
f 1651/1717/1651 2013/2134/2013 1324/1366/1324
f 194/199/194 943/965/943 1996/2114/1996
f 286/294/286 194/199/194 287/295/287
f 2014/2135/2014 345/353/345 347/355/347
f 218/226/218 345/353/345 2014/2135/2014
f 1447/1491/1447 1595/1653/1595 1/1/1
f 1595/1653/1595 778/793/778 777/792/777
f 451/461/451 1518/1570/1518 912/932/912
f 914/935/914 866/886/866 865/885/865
f 2015/2136/2015 124/128/124 1957/2068/1957
f 1524/1576/1524 371/379/371 794/809/794
f 255/263/255 693/707/693 256/264/256
f 817/836/817 256/264/256 693/707/693
f 659/672/659 277/285/277 2011/2132/2011
f 659/672/659 1295/1333/1295 1297/1335/1297
f 2016/2137/2016 1241/1277/1241 1240/1276/1240
f 563/576/563 844/863/844 2017/2138/2017
f 1442/1486/1442 190/195/190 2018/2139/2018
f 1737/1811/1737 692/705/692 478/489/478
f 1118/1150/1118 1117/1149/1117 2019/2140/2019
f 1117/1149/1117 978/1002/978 2019/2140/2019
f 816/835/816 815/834/815 956/1878/956
f 956/978/956 2020/2141/2020 2021/2142/2021
f 1637/1703/1637 2022/2143/2022 1640/1706/1640
f 581/594/581 1287/1325/1287 1636/1702/1636
f 1138/1171/1138 1803/1883/1803 1139/1172/1139
f 363/371/363 29/31/29 1199/1232/1199
f 1960/2071/1960 407/417/407 646/659/646
f 409/419/409 646/659/646 407/417/407
f 2023/2144/2023 979/1003/979 2024/2145/2024
f 467/477/467 2025/2146/2025 2023/2144/2023
f 1984/2099/1984 1455/1499/1455 1983/2147/1983
f 468/479/468 251/259/251 1983/2147/1983
f 821/840/821 359/367/359 2026/2148/2026
f 1515/1567/1515 821/840/821 2026/2148/2026
f 2027/2149/2027 1456/1500/1456 2028/2150/2028
f 1456/1500/1456 2027/2149/2027 1903/2003/1903
f 1244/1280/1244 2029/2151/2029 2030/2152/2030
f 2031/2153/2031 2032/2154/2032 1733/1806/1733
f 1113/1145/1113 377/386/377 1949/2059/1949
f 1113/1145/1113 1939/2042/1939 377/386/377
f 1871/1966/1871 283/291/283 391/400/391
f 391/400/391 283/291/283 392/401/392
f 1486/1531/1486 1484/1529/1484 1487/1532/1487
f 575/588/575 1487/1532/1487 573/586/573
f 1970/2081/1970 2033/2155/2033 668/681/668
f 1176/1209/1176 1175/1208/1175 1143/1176/1143
f 1235/1271/1235 639/652/639 1603/1667/1603
f 1015/1521/1015 904/924/904 1603/1667/1603
f 859/879/859 862/882/862 1878/1976/1878
f 1550/1604/1550 515/526/515 1548/1602/1548
f 406/416/406 1026/1051/1026 404/414/404
f 406/416/406 1226/1262/1226 1225/1261/1225
f 247/255/247 1400/1444/1400 1976/2090/1976
f 1397/1441/1397 1400/1444/1400 1398/1442/1398
f 1629/2156/1629 2034/2157/2034 1428/2158/1428
f 1720/1793/1720 1983/2098/1983 1455/2159/1455
f 696/710/696 364/372/364 697/711/697
f 364/372/364 1804/1884/1804 697/711/697
f 190/195/190 1541/1595/1541 2018/2139/2018
f 1540/1594/1540 1485/1530/1485 1487/1532/1487
f 1572/1627/1572 306/314/306 2035/2160/2035
f 306/314/306 399/409/399 2035/2160/2035
f 1216/1252/1216 1214/1248/1214 1588/1645/1588
f 1216/1252/1216 259/1251/259 1214/1248/1214
f 87/91/87 268/276/268 179/184/179
f 276/284/276 87/91/87 86/90/86
f 1640/1706/1640 1642/1708/1642 1748/1822/1748
f 1636/1702/1636 1287/1325/1287 2036/2161/2036
f 1976/2090/1976 1400/1444/1400 1399/1443/1399
f 1399/1443/1399 1699/1767/1699 1976/2090/1976
f 1526/1578/1526 489/500/489 488/499/488
f 1526/1578/1526 1835/1925/1835 489/500/489
f 902/922/902 1031/1056/1031 1972/2083/1972
f 1397/1441/1397 902/922/902 2037/2162/2037
f 1912/2013/1912 1911/2012/1911 2038/2163/2038
f 2038/2163/2038 1041/1067/1041 1209/1242/1209
f 1754/1828/1754 282/290/282 1756/1830/1756
f 1282/1320/1282 1284/1322/1284 1368/1412/1368
f 490/501/490 1462/1506/1462 1653/1719/1653
f 490/501/490 1425/1469/1425 1462/1506/1462
f 785/800/785 2039/2164/2039 262/270/262
f 193/198/193 192/197/192 1077/1106/1077
f 969/992/969 1537/1591/1537 2040/2165/2040
f 2040/2165/2040 1537/1591/1537 1448/1492/1448
f 1441/1485/1441 188/193/188 190/195/190
f 188/193/188 2041/2166/2041 2042/2167/2042
f 622/635/622 621/634/621 615/628/615
f 1177/1210/1177 1176/1209/1176 622/635/622
f 117/121/117 2043/2168/2043 2044/2169/2044
f 116/120/116 2043/2168/2043 117/121/117
f 2045/2170/2045 2046/2171/2046 189/194/189
f 1185/1218/1185 419/429/419 418/428/418
f 1965/2076/1965 127/131/127 523/534/523
f 127/131/127 522/533/522 523/534/523
f 1790/1866/1790 2047/2172/2047 1290/1328/1290
f 1290/1328/1290 2047/2172/2047 1570/1625/1570
f 956/1878/956 815/834/815 2048/2173/2048
f 815/834/815 817/836/817 2048/2173/2048
f 2049/2174/2049 1085/1114/1085 1084/1113/1084
f 2050/2175/2050 2051/2176/2051 1460/1504/1460
f 937/959/937 1190/1223/1190 935/957/935
f 810/827/810 1198/1231/1198 937/959/937
f 1507/1556/1507 1508/1557/1508 1550/1604/1550
f 1624/1686/1624 2052/2177/2052 1550/1604/1550
f 1350/1394/1350 1078/1107/1078 150/154/150
f 527/538/527 526/537/526 1350/1394/1350
f 335/343/335 966/989/966 1724/1797/1724
f 83/87/83 1724/1797/1724 84/88/84
f 1177/1210/1177 622/635/622 2053/2178/2053
f 669/682/669 668/681/668 1177/1210/1177
f 1061/1090/1061 1069/1098/1069 1561/1615/1561
f 2054/2179/2054 129/133/129 1069/1098/1069
f 894/914/894 592/605/592 1318/1360/1318
f 590/603/590 592/605/592 894/914/894
f 1669/1736/1669 1449/1493/1449 1448/1492/1448
f 1669/1736/1669 2055/2180/2055 1821/1904/1821
f 54/58/54 1506/1555/1506 2056/2181/2056
f 1550/1604/1550 1508/1557/1508 1551/1605/1551
f 574/587/574 573/586/573 1587/2182/1587
f 1214/1248/1214 574/1250/574 1587/1644/1587
f 1853/1945/1853 953/975/953 504/515/504
f 1695/1763/1695 953/975/953 952/974/952
f 739/754/739 2057/2183/2057 745/760/745
f 167/172/167 241/249/241 1218/1254/1218
f 1427/1471/1427 1426/1470/1426 1660/1726/1660
f 1592/1650/1592 1660/1726/1660 1029/2184/1029
f 1110/1142/1110 2058/2185/2058 1854/1946/1854
f 1001/1026/1001 2058/2185/2058 1110/1142/1110
f 1175/1208/1175 668/681/668 2033/2155/2033
f 668/681/668 1175/1208/1175 1177/1210/1177
f 766/781/766 765/780/765 901/921/901
f 232/240/232 1634/1700/1634 1951/2061/1951
f 189/194/189 2059/2186/2059 869/889/869
f 189/194/189 2060/2187/2060 2059/2186/2059
f 28/30/28 895/915/895 29/31/29
f 323/331/323 29/31/29 895/915/895
f 673/686/673 1491/1537/1491 2061/2188/2061
f 1489/1535/1489 2062/2189/2062 1491/1537/1491
f 1891/1991/1891 1544/1598/1544 1790/1866/1790
f 1790/1866/1790 1290/1328/1290 1289/1327/1289
f 1166/1199/1166 1167/1200/1167 1785/1861/1785
f 1050/1079/1050 1785/1861/1785 926/948/926
f 482/493/482 537/548/537 1372/1416/1372
f 482/493/482 1372/1416/1372 598/611/598
f 1555/1609/1555 304/312/304 2063/2190/2063
f 46/50/46 2064/2191/2064 146/150/146
f 545/556/545 1044/1071/1044 1189/1222/1189
f 1044/1071/1044 545/556/545 1769/1845/1769
f 584/597/584 2065/2192/2065 585/598/585
f 605/618/605 2066/2193/2066 603/616/603
f 479/490/479 497/508/497 480/491/480
f 2021/2142/2021 2067/2194/2067 956/978/956
f 491/502/491 1128/1160/1128 101/105/101
f 1938/2041/1938 799/816/799 101/105/101
f 1698/1766/1698 1784/1860/1784 767/782/767
f 1698/1766/1698 1697/1765/1697 1699/1767/1699
f 1768/1844/1768 1767/1843/1767 2068/2195/2068
f 1768/1844/1768 2068/2195/2068 2036/2161/2036
f 225/233/225 1735/1808/1735 226/234/226
f 1735/1808/1735 1734/1807/1734 226/234/226
f 1027/1052/1027 1026/1051/1026 1225/1261/1225
f 406/416/406 1225/1261/1225 1026/1051/1026
f 467/477/467 1089/1118/1089 465/478/465
f 467/477/467 2023/2144/2023 1089/1118/1089
f 1065/1094/1065 2069/2196/2069 1690/1758/1690
f 1065/1094/1065 430/440/430 432/442/432
f 1870/1965/1870 2070/2197/2070 2071/2198/2071
f 1870/1965/1870 1869/1964/1869 376/385/376
f 907/927/907 2072/2199/2072 1279/1317/1279
f 1482/1527/1482 1370/1414/1370 2072/2199/2072
f 1281/1319/1281 907/927/907 1279/1317/1279
f 2073/2200/2073 909/929/909 908/928/908
f 2054/2179/2054 608/621/608 129/133/129
f 201/206/201 129/133/129 608/621/608
f 233/241/233 931/953/931 522/533/522
f 522/533/522 126/130/126 233/241/233
f 174/179/174 173/178/173 132/136/132
f 173/178/173 1999/2117/1999 1998/2116/1998
f 156/160/156 812/829/812 814/833/814
f 156/160/156 117/830/117 812/829/812
f 1442/1486/1442 1444/1488/1444 1441/1485/1441
f 694/708/694 2041/2166/2041 695/709/695
f 2074/2201/2074 430/440/430 1065/1094/1065
f 1520/1572/1520 582/595/582 2074/2201/2074
f 2075/2202/2075 1727/1800/1727 943/965/943
f 194/199/194 2075/2202/2075 943/965/943
f 616/1693/616 1839/1929/1839 1838/1928/1838
f 615/628/615 621/634/621 616/629/616
f 1997/2115/1997 1999/2117/1999 1503/1552/1503
f 1999/2117/1999 173/178/173 246/254/246
f 300/308/300 1804/1884/1804 364/372/364
f 300/308/300 1136/1169/1136 1804/1884/1804
f 613/626/613 612/625/612 1416/1460/1416
f 1856/1948/1856 2076/2203/2076 1857/1949/1857
f 2077/2204/2077 2078/2205/2078 761/776/761
f 761/776/761 1841/1931/1841 2077/2204/2077
f 747/762/747 2079/2206/2079 1727/1800/1727
f 2079/2206/2079 747/762/747 1953/2064/1953
f 757/772/757 335/343/335 1724/1797/1724
f 757/772/757 81/85/81 335/343/335
f 55/59/55 54/58/54 2080/2207/2080
f 55/59/55 1100/1131/1100 56/60/56
f 887/907/887 886/906/886 12/12/12
f 607/620/607 270/278/270 269/277/269
f 2081/2208/2081 16/18/16 496/507/496
f 16/18/16 2082/2209/2082 259/1251/259
f 597/610/597 1844/1935/1844 598/611/598
f 634/647/634 1181/1214/1181 597/610/597
f 893/913/893 2068/2195/2068 1767/1843/1767
f 1641/1707/1641 2068/2195/2068 893/913/893
f 1006/1031/1006 1007/1032/1007 1673/1740/1673
f 1007/1032/1007 1674/1741/1674 1673/1740/1673
f 207/212/207 1863/1957/1863 1862/1956/1862
f 151/155/151 1076/1105/1076 1646/1712/1646
f 728/743/728 1753/1827/1753 219/227/219
f 728/743/728 219/227/219 221/229/221
f 503/514/503 855/875/855 504/515/504
f 1853/1945/1853 504/515/504 855/875/855
f 1268/1306/1268 1269/1307/1269 281/289/281
f 262/270/262 264/272/264 332/340/332
f 357/365/357 218/226/218 2014/2135/2014
f 105/109/105 493/504/493 1980/2210/1980
f 1884/2211/1884 389/398/389 388/397/388
f 2077/2204/2077 2083/2212/2083 2078/2205/2078
f 1887/1987/1887 1886/1986/1886 1019/1044/1019
f 1019/1044/1019 1816/1899/1816 2084/2213/2084
f 1536/1590/1536 1538/1592/1538 1537/1591/1537
f 544/555/544 1536/1590/1536 1618/1680/1618
f 413/423/413 752/767/752 829/848/829
f 344/352/344 827/846/827 829/848/829
f 1943/2047/1943 1881/1981/1881 2085/2214/2085
f 1012/1037/1012 2085/2214/2085 1672/1739/1672
f 584/597/584 589/602/589 603/616/603
f 584/597/584 603/616/603 2065/2192/2065
f 1171/1204/1171 1923/2025/1923 981/1005/981
f 1923/2025/1923 982/1006/982 981/1005/981
f 1154/1187/1154 635/648/635 1155/1188/1155
f 1650/1716/1650 635/648/635 2086/2215/2086
f 1642/1708/1642 2068/2195/2068 1641/1707/1641
f 1642/1708/1642 2036/2161/2036 2068/2195/2068
f 469/480/469 2087/2216/2087 1143/1176/1143
f 469/480/469 111/115/111 2087/2216/2087
f 1146/1179/1146 1867/1962/1867 1101/1132/1101
f 1101/1132/1101 1867/1962/1867 57/61/57
f 1721/1794/1721 857/877/857 2088/2217/2088
f 2089/2218/2089 1721/1794/1721 2088/2217/2088
f 923/945/923 924/946/924 1396/1440/1396
f 1260/1298/1260 1261/1299/1261 1864/1958/1864
f 548/559/548 2090/2219/2090 74/78/74
f 2090/2219/2090 548/559/548 2091/2220/2091
f 1984/2099/1984 260/268/260 40/44/40
f 260/268/260 1984/2099/1984 1983/2147/1983
f 210/215/210 351/359/351 1053/1082/1053
f 1053/1082/1053 351/359/351 587/600/587
f 213/220/213 1313/1352/1313 1566/1621/1566
f 2092/2221/2092 1415/1459/1415 1417/1461/1417
f 318/326/318 1610/1671/1610 2093/2222/2093
f 1700/1770/1700 2093/2222/2093 1701/1771/1701
f 1398/1442/1398 1400/1444/1400 247/255/247
f 1398/1442/1398 175/180/175 902/922/902
f 1942/2046/1942 656/669/656 474/485/474
f 653/2223/653 656/669/656 761/776/761
f 2094/2224/2094 1467/1511/1467 917/939/917
f 602/615/602 1654/1720/1654 2094/2224/2094
f 140/1675/140 2093/2222/2093 1700/1770/1700
f 1700/1772/1700 141/145/141 140/144/140
f 476/487/476 475/486/475 2081/2208/2081
f 16/18/16 2081/2208/2081 2082/2209/2082
f 1419/1463/1419 984/1009/984 983/1008/983
f 981/1005/981 980/1004/980 983/1008/983
f 714/1247/714 667/680/667 1211/1244/1211
f 714/729/714 1211/2225/1211 614/627/614
f 499/1076/499 1705/1776/1705 1706/1777/1706
f 1706/1777/1706 1705/1776/1705 502/2043/502
f 627/2226/627 624/1391/624 1263/1393/1263
f 351/359/351 353/361/353 587/600/587
f 1311/1350/1311 1314/1353/1314 1309/1348/1309
f 1309/1348/1309 65/69/65 1547/1601/1547
f 2095/2227/2095 554/567/554 1619/1681/1619
f 554/566/554 402/412/402 393/2228/393
f 1363/1407/1363 1292/1330/1292 2096/2229/2096
f 1293/1331/1293 1292/1330/1292 1363/1407/1363
f 1018/1043/1018 1453/1497/1453 40/44/40
f 1453/1497/1453 1984/2099/1984 40/44/40
f 887/907/887 12/12/12 606/619/606
f 885/905/885 887/907/887 606/619/606
f 587/600/587 624/637/624 627/2230/627
f 588/601/588 587/600/587 627/2230/627
f 1368/1412/1368 1370/1414/1370 1481/1526/1481
f 1282/1320/1282 1368/1412/1368 1481/1526/1481
f 1183/1216/1183 1513/1923/1513 847/2231/847
f 1183/1216/1183 847/2231/847 632/2131/632
f 737/752/737 1055/1084/1055 1054/1083/1054
f 882/902/882 1055/1084/1055 872/892/872
f 1617/1679/1617 1616/1678/1616 1769/1845/1769
f 967/990/967 1535/1589/1535 968/991/968
f 1981/2232/1981 2097/2233/2097 1980/2210/1980
f 2097/2233/2097 1981/2232/1981 1373/1417/1373
f 646/659/646 2098/2234/2098 644/657/644
f 409/419/409 1074/1103/1074 1073/1102/1073
f 464/2235/464 985/1010/985 466/476/466
f 1923/2025/1923 1171/1204/1171 1169/2236/1169
f 213/220/213 33/35/33 1313/1352/1313
f 1313/1352/1313 32/34/32 65/69/65
f 600/613/600 1707/1779/1707 601/614/601
f 601/614/601 1707/1779/1707 994/1019/994
f 475/486/475 2082/2209/2082 2081/2208/2081
f 259/1251/259 2082/2209/2082 257/706/257
f 1042/1069/1042 913/933/913 1097/1128/1097
f 1042/1069/1042 1097/1128/1097 1096/1127/1096
f 675/688/675 674/687/674 1675/1742/1675
f 674/687/674 1764/1840/1764 1675/1742/1675
f 1714/1787/1714 633/646/633 538/549/538
f 1714/1787/1714 1300/1338/1300 633/646/633
f 1830/1916/1830 1203/1236/1203 1202/1235/1202
f 1830/1916/1830 1814/1897/1814 1203/1236/1203
f 2099/2237/2099 926/948/926 1781/1857/1781
f 2095/2227/2095 1619/1681/1619 1620/1682/1620
f 2100/2238/2100 278/286/278 1383/1427/1383
f 1149/1182/1149 1148/1181/1148 2101/2239/2101
f 1669/1736/1669 1539/1593/1539 2055/2180/2055
f 1539/1593/1539 1446/1490/1446 1445/1489/1445
f 432/442/432 2102/2240/2102 1644/1710/1644
f 407/417/407 1960/2071/1960 1644/1710/1644
f 1624/1686/1624 1550/1604/1550 1549/1603/1549
f 2012/2133/2012 1622/1684/1622 1624/1686/1624
f 1261/1299/1261 924/946/924 1864/1958/1864
f 924/946/924 523/534/523 525/536/525
f 1943/2047/1943 2085/2214/2085 1012/1037/1012
f 1014/1039/1014 1943/2047/1943 1012/1037/1012
f 33/35/33 32/34/32 1313/1352/1313
f 566/579/566 31/33/31 33/35/33
f 800/817/800 1156/1189/1156 2103/2241/2103
f 835/854/835 1552/1606/1552 1553/1607/1553
f 1605/1663/1605 113/117/113 1606/1664/1606
f 971/2242/971 113/117/113 1605/1663/1605
f 2063/2190/2063 2064/2191/2064 46/50/46
f 147/151/147 2063/2190/2063 1269/1307/1269
f 2100/2238/2100 1383/1427/1383 1148/1181/1148
f 1777/1853/1777 278/286/278 2100/2238/2100
f 389/398/389 2078/2205/2078 2083/2212/2083
f 2083/2212/2083 763/778/763 389/398/389
f 706/721/706 1127/1159/1127 1158/1191/1158
f 706/721/706 1158/1191/1158 707/722/707
f 1422/1466/1422 1684/1752/1684 1423/1467/1423
f 1436/1480/1436 1684/1752/1684 1422/1466/1422
f 496/507/496 497/508/497 479/490/479
f 479/490/479 477/488/477 476/487/476
f 100/104/100 2104/2243/2104 1916/2017/1916
f 1888/1988/1888 2104/2243/2104 100/104/100
f 783/798/783 773/788/773 2105/2244/2105
f 2106/2245/2106 783/798/783 2105/2244/2105
f 1286/1324/1286 1429/1473/1429 1767/1843/1767
f 2009/2129/2009 1432/1476/1432 1434/1478/1434
f 1274/1312/1274 1006/1031/1006 1275/1313/1275
f 1673/1740/1673 2004/2124/2004 1006/1031/1006
f 1130/2246/1130 2107/2247/2107 838/857/838
f 1974/2248/1974 1316/2249/1316 211/2250/211
f 462/472/462 1837/1968/1837 944/966/944
f 462/472/462 1840/2123/1840 1837/1968/1837
f 1764/1840/1764 1063/1092/1063 1489/1535/1489
f 674/687/674 1063/1092/1063 1764/1840/1764
f 741/756/741 311/319/311 310/318/310
f 1963/2074/1963 740/755/740 1420/1464/1420
f 2108/2251/2108 1776/1852/1776 2109/2252/2109
f 1777/1853/1777 2100/2238/2100 1148/1181/1148
f 146/150/146 2064/2191/2064 147/151/147
f 2063/2190/2063 147/151/147 2064/2191/2064
f 1843/1934/1843 958/980/958 500/511/500
f 499/510/499 1843/1934/1843 500/511/500
f 891/911/891 890/910/890 2110/2253/2110
f 1406/1450/1406 2110/2253/2110 890/910/890
f 1406/1450/1406 890/910/890 1407/1451/1407
f 883/903/883 890/910/890 884/904/884
f 422/432/422 1106/1138/1106 2111/2254/2111
f 1106/1138/1106 834/853/834 2111/2254/2111
f 1686/1754/1686 2091/2220/2091 1687/1755/1687
f 819/838/819 2090/2219/2090 2091/2220/2091
f 1590/1647/1590 1300/1340/1300 1713/2255/1713
f 1713/1786/1713 1300/1338/1300 1714/1787/1714
f 2112/2256/2112 2113/2257/2113 2114/2258/2114
f 1814/1897/1814 549/560/549 547/558/547
f 1031/1056/1031 174/179/174 1030/1055/1030
f 1030/1055/1030 1627/1689/1627 1031/1056/1031
f 2055/2180/2055 1445/1489/1445 1667/1734/1667
f 1445/1489/1445 2055/2180/2055 1539/1593/1539
f 807/824/807 836/855/836 308/316/308
f 307/315/307 807/824/807 308/316/308
f 1435/1479/1435 227/235/227 567/580/567
f 567/580/567 213/220/213 212/219/212
f 1676/1743/1676 1946/2054/1946 1675/1742/1675
f 798/815/798 348/356/348 796/813/796
f 535/546/535 537/548/537 481/492/481
f 941/963/941 481/492/481 484/495/484
f 2115/2259/2115 2116/2260/2116 1338/1380/1338
f 2092/2221/2092 1417/1461/1417 214/221/214
f 1168/1201/1168 1923/2261/1923 1169/1202/1169
f 971/995/971 1168/1201/1168 972/996/972
f 729/744/729 1876/1974/1876 1875/1973/1875
f 729/744/729 728/743/728 221/229/221
f 1694/1762/1694 952/974/952 580/593/580
f 952/974/952 950/972/950 580/593/580
f 1805/1886/1805 366/374/366 2117/2262/2117
f 1807/1888/1807 898/918/898 900/920/900
f 1285/1323/1285 951/973/951 1575/1630/1575
f 1575/1630/1575 1434/1478/1434 1433/1477/1433
f 508/519/508 1110/1165/1110 1855/2263/1855
f 1855/2263/1855 838/857/838 508/519/508
f 1584/1640/1584 1585/1641/1585 2118/2264/2118
f 1459/1503/1459 2119/2265/2119 1585/1641/1585
f 781/796/781 541/552/541 1969/2080/1969
f 1968/2079/1968 1969/2080/1969 543/554/543
f 1595/1653/1595 781/796/781 1968/2079/1968
f 781/796/781 1969/2080/1969 1968/2079/1968
f 553/1136/553 471/2266/471 1103/1134/1103
f 471/2267/471 553/565/553 294/563/294
f 1940/2044/1940 1581/1636/1581 1293/1331/1293
f 1294/1332/1294 1293/1331/1293 1581/1636/1581
f 1749/1823/1749 1677/1744/1677 350/358/350
f 350/358/350 349/357/349 2120/2268/2120
f 921/943/921 1450/1494/1450 1451/1495/1451
f 1753/1827/1753 1522/1574/1522 921/943/921
f 1230/1266/1230 1608/1666/1608 1231/1267/1231
f 1924/2026/1924 982/1006/982 1922/2024/1922
f 1284/1322/1284 2105/2244/2105 1369/1413/1369
f 1639/1705/1639 2105/2244/2105 1284/1322/1284
f 1124/1156/1124 191/196/191 552/564/552
f 1124/1156/1124 822/841/822 652/665/652
f 366/374/366 1805/1886/1805 2121/2269/2121
f 366/374/366 2121/2269/2121 367/375/367
f 1408/1452/1408 1319/1361/1319 1409/1453/1409
f 1319/1361/1319 882/902/882 1320/1362/1320
f 698/712/698 2122/2270/2122 2112/2256/2112
f 2114/2258/2114 1597/1655/1597 2112/2256/2112
f 1631/1697/1631 1630/1696/1630 1713/1786/1713
f 1713/2255/1713 1630/1694/1630 1259/1297/1259
f 1223/1259/1223 1116/1148/1116 1742/1816/1742
f 677/690/677 1223/1259/1223 1742/1816/1742
f 663/676/663 2123/2271/2123 662/675/662
f 2124/2272/2124 698/712/698 2112/2256/2112
f 1256/1292/1256 2125/2273/2125 199/204/199
f 284/292/284 368/376/368 285/293/285
f 1755/1829/1755 263/271/263 1756/1830/1756
f 787/802/787 1283/1321/1283 1282/1320/1282
f 2120/2268/2120 1749/1823/1749 350/358/350
f 490/501/490 1749/1823/1749 488/499/488
f 1741/1815/1741 378/387/378 1939/2042/1939
f 1741/1815/1741 1939/2042/1939 1742/1816/1742
f 1657/1723/1657 998/1023/998 997/1022/997
f 998/1023/998 1657/1723/1657 1966/2077/1966
f 1177/1210/1177 2126/2274/2126 2115/2259/2115
f 2126/2274/2126 2116/2260/2116 2115/2259/2115
f 2126/2274/2126 2127/2275/2127 2116/2260/2116
f 1177/1210/1177 2053/2178/2053 2126/2274/2126
f 1849/1941/1849 225/233/225 1271/1309/1271
f 1435/1479/1435 1494/1542/1494 1271/1309/1271
f 1799/1875/1799 949/971/949 946/968/946
f 1232/1268/1232 183/188/183 182/187/182
f 1490/2276/1490 688/701/688 683/1961/683
f 685/698/685 1490/1536/1490 683/696/683
f 2045/2170/2045 420/430/420 419/429/419
f 1328/1370/1328 1326/1368/1326 420/430/420
f 1773/1849/1773 1052/1081/1052 171/176/171
f 171/176/171 152/156/152 1773/1849/1773
f 1075/1104/1075 2128/2277/2128 1071/1100/1071
f 643/656/643 1072/1101/1072 1071/1100/1071
f 2129/2278/2129 991/1016/991 1500/1549/1500
f 1386/1430/1386 1387/1431/1387 1384/1428/1384
f 2130/2279/2130 316/324/316 1229/1265/1229
f 2119/2265/2119 789/804/789 2131/2280/2131
f 1353/1397/1353 1496/1544/1496 1953/2064/1953
f 747/762/747 1353/1397/1353 1953/2064/1953
f 411/421/411 410/420/410 2132/2281/2132
f 2133/2282/2133 2132/2281/2132 1663/1729/1663
f 1970/2081/1970 470/481/470 2033/2155/2033
f 470/481/470 1970/2081/1970 1971/2082/1971
f 1374/1418/1374 1375/1419/1375 305/313/305
f 42/46/42 1848/1940/1848 41/45/41
f 1351/1395/1351 1380/1424/1380 2134/2283/2134
f 1351/1395/1351 526/537/526 1380/1424/1380
f 399/409/399 308/316/308 382/391/382
f 399/409/399 382/391/382 169/174/169
f 1281/1319/1281 772/787/772 2135/2284/2135
f 1281/1319/1281 2135/2284/2135 907/927/907
f 1719/1792/1719 628/641/628 1718/1791/1718
f 2003/2122/2003 1719/1792/1719 1718/1791/1718
f 1195/1228/1195 1563/1617/1563 1808/1889/1808
f 1563/1617/1563 1195/1228/1195 631/644/631
f 1904/2004/1904 1905/2005/1905 1523/1575/1523
f 1521/1573/1521 1523/1575/1523 1522/1574/1522
f 1479/1524/1479 1998/2116/1998 1997/2115/1997
f 1478/1523/1478 1998/2116/1998 1479/1524/1479
f 486/497/486 1736/1809/1736 487/498/487
f 2136/2285/2136 933/955/933 487/498/487
f 1333/1375/1333 1334/1376/1334 948/970/948
f 1978/2092/1978 948/970/948 120/124/120
f 2066/2286/2066 605/1922/605 1779/1855/1779
f 1779/1855/1779 605/1922/605 1004/1029/1004
f 1382/1426/1382 297/305/297 2137/2287/2137
f 297/305/297 1149/1182/1149 2137/2287/2137
f 2138/2288/2138 2139/2289/2139 1615/1677/1615
f 896/916/896 324/332/324 323/331/323
f 1280/1318/1280 773/788/773 772/787/772
f 1279/1317/1279 1369/1413/1369 1280/1318/1280
f 724/739/724 330/338/330 329/337/329
f 2140/2290/2140 1746/1820/1746 1512/1562/1512
f 1536/1590/1536 1446/1490/1446 1538/1592/1538
f 1538/1592/1538 1446/1490/1446 1539/1593/1539
f 2141/2291/2141 1207/1745/1207 1762/1836/1762
f 1556/1610/1556 2141/2291/2141 1762/1836/1762
f 40/44/40 261/269/261 35/42/35
f 2142/2292/2142 261/269/261 1801/2293/1801
f 1656/1722/1656 997/1022/997 1024/1049/1024
f 1656/1722/1656 1657/1723/1657 997/1022/997
f 1495/1543/1495 1494/1542/1494 1435/1479/1435
f 212/219/212 1336/1541/1336 1495/1543/1495
f 1904/2004/1904 1523/1575/1523 1521/1573/1521
f 726/741/726 342/350/342 385/394/385
f 795/811/795 2143/2294/2143 2144/2295/2144
f 2143/2294/2143 2145/2296/2145 2015/2136/2015
f 1618/1680/1618 1769/1845/1769 545/556/545
f 1618/1680/1618 545/556/545 544/555/544
f 882/902/882 1319/1361/1319 1408/1452/1408
f 882/902/882 1408/1452/1408 1469/1513/1469
f 1803/1883/1803 2146/2297/2146 2147/2298/2147
f 1199/1232/1199 1830/1916/1830 1202/1235/1202
f 658/671/658 1866/1960/1866 659/672/659
f 2001/2120/2001 658/671/658 1379/1423/1379
f 892/912/892 1012/1037/1012 2148/2299/2148
f 429/439/429 2149/2300/2149 1572/1627/1572
f 1923/2025/1923 971/2242/971 1605/1663/1605
f 971/995/971 1923/2261/1923 1168/1201/1168
f 1100/1131/1100 935/957/935 1801/1881/1801
f 935/957/935 1100/1131/1100 55/59/55
f 1564/1618/1564 458/468/458 1565/1619/1565
f 716/731/716 1661/1727/1661 1582/1638/1582
f 1328/1370/1328 420/430/420 2045/2170/2045
f 2042/2167/2042 1328/1370/1328 188/193/188
f 2076/2203/2076 1414/1458/1414 1857/1949/1857
f 2076/2203/2076 732/747/732 1414/1458/1414
f 2015/2136/2015 371/379/371 2143/2294/2143
f 371/379/371 2015/2136/2015 1957/2068/1957
f 1378/1422/1378 660/673/660 1377/1421/1377
f 658/671/658 660/673/660 1378/1422/1378
f 1325/1367/1325 444/454/444 1991/2107/1991
f 444/454/444 1747/1821/1747 1991/2107/1991
f 2150/2301/2150 1498/2302/1498 2151/2303/2151
f 2151/2304/2151 1498/1546/1498 1495/1543/1495
f 1663/1729/1663 410/420/410 197/202/197
f 1663/1729/1663 2132/2281/2132 410/420/410
f 843/862/843 844/863/844 562/575/562
f 375/384/375 843/862/843 2152/2305/2152
f 693/707/693 1327/1369/1327 694/708/694
f 1327/1369/1327 1328/1370/1328 2042/2167/2042
f 330/338/330 1512/1562/1512 1329/1371/1329
f 724/739/724 1512/1562/1512 330/338/330
f 1798/1874/1798 1795/1871/1795 1796/1872/1796
f 679/692/679 678/691/678 1463/1507/1463
f 1149/1182/1149 297/305/297 296/304/296
f 298/306/298 1074/1103/1074 296/304/296
f 1883/1983/1883 705/720/705 762/777/762
f 705/720/705 1822/1905/1822 802/819/802
f 2107/2306/2107 1130/1162/1130 1132/1164/1132
f 848/2088/848 1974/2087/1974 1132/2307/1132
f 1420/1464/1420 973/997/973 1963/2074/1963
f 1420/1464/1420 1419/1463/1419 1231/1267/1231
f 22/24/22 2153/2308/2153 27/29/27
f 880/900/880 2153/2308/2153 22/24/22
f 941/963/941 535/546/535 481/492/481
f 1725/1798/1725 535/546/535 941/963/941
f 1954/2065/1954 1301/1339/1301 1590/1647/1590
f 453/463/453 1589/1646/1589 846/865/846
f 745/760/745 1533/1585/1533 872/892/872
f 1051/1080/1051 1533/1585/1533 745/760/745
f 399/409/399 1057/1086/1057 2035/2160/2035
f 1572/1627/1572 2035/2160/2035 427/437/427
f 1363/1407/1363 2096/2229/2096 447/457/447
f 2096/2229/2096 1847/1938/1847 447/457/447
f 1149/1182/1149 296/304/296 1074/1103/1074
f 1147/1180/1147 1149/1182/1149 408/418/408
f 174/179/174 131/135/131 1030/1055/1030
f 132/136/132 131/135/131 174/179/174
f 360/368/360 1843/1934/1843 501/512/501
f 499/510/499 501/512/501 1843/1934/1843
f 1290/1328/1290 1148/1181/1148 1147/1180/1147
f 1147/1180/1147 1288/1326/1288 1290/1328/1290
f 344/352/344 829/848/829 1109/1141/1109
f 1599/1657/1599 1895/1995/1895 1750/1824/1750
f 150/154/150 1078/1107/1078 2154/2309/2154
f 1076/1105/1076 302/310/302 400/410/400
f 1196/1229/1196 1478/1523/1478 1477/1522/1477
f 1478/1523/1478 2155/2310/2155 1998/2116/1998
f 249/257/249 248/256/248 1359/1403/1359
f 2156/2311/2156 1360/1404/1360 1359/1403/1359
f 1800/1880/1800 2142/2312/2142 1801/1881/1801
f 1191/1224/1191 1800/1880/1800 935/957/935
f 474/485/474 656/669/656 653/2223/653
f 474/485/474 2157/2313/2157 878/898/878
f 1138/1171/1138 2146/2297/2146 1803/1883/1803
f 2158/2314/2158 2146/2297/2146 1138/1171/1138
f 1319/1361/1319 1321/1363/1321 1406/1450/1406
f 873/893/873 1748/1822/1748 1321/1363/1321
f 474/485/474 653/2223/653 1102/2315/1102
f 653/666/653 652/665/652 1102/1133/1102
f 1866/1960/1866 658/671/658 2001/2120/2001
f 2001/2120/2001 1464/1508/1464 1866/1960/1866
f 2159/2316/2159 1386/1430/1386 2129/2278/2129
f 2160/2317/2160 2159/2316/2159 2129/2278/2129
f 1522/1574/1522 922/944/922 921/943/921
f 1523/1575/1523 922/944/922 1522/1574/1522
f 1623/1685/1623 2161/2318/2161 1621/1683/1621
f 1747/1821/1747 1745/1819/1745 1623/1685/1623
f 842/861/842 841/860/841 712/727/712
f 712/727/712 1851/1943/1851 842/861/842
f 752/767/752 710/725/710 709/724/709
f 1895/1995/1895 1599/1657/1599 1909/2009/1909
f 708/723/708 67/71/67 609/622/609
f 708/723/708 609/622/609 776/791/776
f 323/331/323 325/333/325 1687/1755/1687
f 398/408/398 325/333/325 1440/1484/1440
f 301/309/301 364/372/364 141/1932/141
f 301/309/301 141/1932/141 877/2319/877
f 1248/1284/1248 1250/1286/1250 537/548/537
f 1250/1286/1250 1372/1416/1372 537/548/537
f 2162/2320/2162 1954/2065/1954 530/541/530
f 2163/2321/2163 2162/2320/2162 530/541/530
f 642/655/642 650/663/650 649/662/649
f 641/654/641 650/663/650 642/655/642
f 128/132/128 1683/1751/1683 1682/1750/1682
f 1438/1482/1438 1069/1098/1069 128/132/128
f 1119/1151/1119 466/476/466 1958/2069/1958
f 1119/1151/1119 1117/1149/1117 466/476/466
f 2142/2312/2142 1800/1880/1800 1191/1224/1191
f 1192/1225/1192 1021/1046/1021 35/37/35
f 13/13/13 11/11/11 61/65/61
f 13/13/13 61/65/61 1593/1651/1593
f 1207/1240/1207 244/1066/244 1040/1065/1040
f 1207/1745/1207 2141/2291/2141 244/252/244
f 521/532/521 927/949/927 934/956/934
f 521/532/521 520/531/520 927/949/927
f 1935/2037/1935 1493/1954/1493 206/211/206
f 160/165/160 1493/1539/1493 1935/2055/1935
f 1108/1140/1108 342/350/342 344/352/344
f 1108/1140/1108 1109/1141/1109 1728/1801/1728
f 1831/1918/1831 135/139/135 1534/1919/1534
f 299/307/299 301/309/301 877/2319/877
f 2109/2252/2109 1571/1626/1571 2108/2251/2108
f 1569/1624/1569 1573/1628/1573 951/973/951
f 1024/1049/1024 1023/1048/1023 1656/1722/1656
f 1655/1721/1655 1656/1722/1656 1023/1048/1023
f 1733/1806/1733 1782/1858/1782 1731/1804/1731
f 1785/1861/1785 1731/1804/1731 1782/1858/1782
f 1542/1596/1542 1891/1991/1891 1790/1866/1790
f 1542/1596/1542 1150/1183/1150 1891/1991/1891
f 1488/1534/1488 2062/2189/2062 1489/1535/1489
f 1873/1971/1873 1870/1965/1870 2071/2198/2071
f 1078/1107/1078 1077/1106/1077 302/310/302
f 1078/1107/1078 302/310/302 2154/2309/2154
f 876/2322/876 1700/1770/1700 472/483/472
f 2164/2323/2164 472/483/472 474/485/474
f 1671/1738/1671 1091/1122/1091 1457/1501/1457
f 2165/2324/2165 2166/2325/2166 1474/1518/1474
f 428/438/428 884/904/884 429/439/429
f 2148/2299/2148 429/439/429 892/912/892
f 361/369/361 1945/2050/1945 2167/2326/2167
f 2028/2150/2028 2167/2326/2167 2027/2149/2027
f 147/151/147 918/940/918 148/152/148
f 148/152/148 920/942/920 794/809/794
f 292/1068/292 72/934/72 913/933/913
f 686/699/686 1952/2062/1952 1957/2068/1957
f 123/127/123 687/700/687 686/699/686
f 787/802/787 1995/2113/1995 1283/1321/1283
f 1995/2113/1995 1996/2114/1996 1283/1321/1283
f 1210/1243/1210 764/779/764 766/781/766
f 1807/1888/1807 1210/1243/1210 766/781/766
f 2168/2327/2168 1979/2093/1979 124/128/124
f 2143/2294/2143 795/811/795 2145/2296/2145
f 2072/2199/2072 1370/1414/1370 1279/1317/1279
f 1370/1414/1370 1369/1413/1369 1279/1317/1279
f 191/196/191 290/298/290 1028/1053/1028
f 289/297/289 1685/1753/1685 290/298/290
f 1339/1381/1339 1211/1244/1211 669/682/669
f 1339/1885/1339 614/627/614 1211/2225/1211
f 322/330/322 154/2328/154 320/328/320
f 152/156/152 154/158/154 676/689/676
f 1806/2329/1806 1041/1067/1041 1879/1977/1879
f 1209/1242/1209 1041/1067/1041 1208/1241/1208
f 373/381/373 372/380/372 231/239/231
f 231/239/231 146/150/146 148/152/148
f 1640/1706/1640 2022/2143/2022 2036/2161/2036
f 1640/1706/1640 2036/2161/2036 1642/1708/1642
f 72/76/72 1518/1570/1518 2169/2330/2169
f 868/888/868 2169/2330/2169 1518/1570/1518
f 136/140/136 135/139/135 295/303/295
f 295/2101/295 988/1013/988 987/1012/987
f 630/643/630 629/642/629 1392/1436/1392
f 716/731/716 629/642/629 1658/1724/1658
f 511/522/511 510/521/510 1688/1756/1688
f 510/521/510 511/522/511 223/231/223
f 716/731/716 1392/1436/1392 629/642/629
f 715/730/715 1392/1436/1392 716/731/716
f 635/648/635 637/650/637 1155/1188/1155
f 2170/2331/2170 637/650/637 2171/2332/2171
f 1833/1921/1833 1824/1907/1824 1004/1029/1004
f 1824/1907/1824 1823/1906/1823 1004/1029/1004
f 1205/1238/1205 2038/2163/2038 1209/1242/1209
f 961/984/961 960/983/960 1205/1238/1205
f 1980/2095/1980 820/839/820 977/2094/977
f 1980/2095/1980 218/226/218 357/365/357
f 993/1018/993 563/576/563 163/168/163
f 563/576/563 2017/2138/2017 1851/1943/1851
f 1771/1847/1771 955/1879/955 959/981/959
f 957/979/957 959/2333/959 955/977/955
f 1354/1398/1354 1677/1744/1677 490/501/490
f 1677/1744/1677 856/876/856 503/514/503
f 1214/1248/1214 259/1251/259 1215/1249/1215
f 259/267/259 2172/2334/2172 575/588/575
f 149/153/149 527/538/527 150/154/150
f 1350/1394/1350 150/154/150 527/538/527
f 2173/2335/2173 709/724/709 386/395/386
f 1108/1140/1108 2173/2335/2173 386/395/386
f 2027/2149/2027 1465/1509/1465 1405/1449/1405
f 1405/1449/1405 1465/1509/1465 1403/1447/1403
f 2027/2149/2027 1405/1449/1405 1903/2003/1903
f 1405/1449/1405 1457/1501/1457 1903/2003/1903
f 311/319/311 1963/2074/1963 975/999/975
f 1963/2074/1963 311/319/311 2174/2336/2174
f 1843/1934/1843 360/368/360 1842/1933/1842
f 2006/2126/2006 1842/1933/1842 2175/2337/2175
f 2176/2338/2176 1151/1184/1151 1542/1596/1542
f 1288/1326/1288 408/418/408 1151/1184/1151
f 1825/1908/1825 1833/1921/1833 588/2339/588
f 1823/1906/1823 1825/1908/1825 626/639/626
f 2177/2340/2177 2073/2200/2073 1577/1632/1577
f 1577/1632/1577 560/573/560 2177/2340/2177
f 1169/2236/1169 1171/1204/1171 464/2235/464
f 1169/1294/1169 464/474/464 346/354/346
f 1665/1732/1665 411/421/411 1576/1631/1576
f 772/787/772 1576/1631/1576 1578/1633/1578
f 464/2235/464 1171/1204/1171 985/1010/985
f 985/1010/985 1171/1204/1171 983/1008/983
f 1677/1744/1677 1354/1398/1354 856/876/856
f 1356/1400/1356 856/876/856 1354/1398/1354
f 1554/1608/1554 1761/1835/1761 304/312/304
f 1557/1611/1557 1761/1835/1761 1554/1608/1554
f 1989/2105/1989 1386/1430/1386 1385/1429/1385
f 1385/1429/1385 568/581/568 1989/2105/1989
f 1919/2021/1919 928/950/928 569/582/569
f 569/582/569 1384/1428/1384 1919/2021/1919
f 3/3/3 228/236/228 356/364/356
f 354/362/354 356/364/356 228/236/228
f 330/338/330 1329/1371/1329 742/757/742
f 1305/1344/1305 1329/1371/1329 1302/1341/1302
f 1018/1043/1018 34/43/34 36/2341/36
f 1828/1914/1828 1018/1043/1018 36/2341/36
f 1508/1557/1508 267/275/267 2056/2181/2056
f 2056/2181/2056 1551/1605/1551 1508/1557/1508
f 600/613/600 1709/1876/1709 1708/1780/1708
f 1709/1876/1709 1779/1855/1779 1708/1780/1708
f 1911/2012/1911 1913/2014/1913 2178/2342/2178
f 1204/1237/1204 1913/2014/1913 1912/2013/1912
f 2036/2161/2036 1287/1325/1287 1768/1844/1768
f 1287/1325/1287 1286/1324/1286 1768/1844/1768
f 1859/1951/1859 1823/1906/1823 2179/2343/2179
f 2179/2343/2179 1823/1906/1823 626/639/626
f 1730/1803/1730 648/661/648 1900/2000/1900
f 404/414/404 2180/2344/2180 405/415/405
f 86/90/86 90/94/90 1559/1613/1559
f 1559/1613/1559 90/94/90 217/2063/217
f 519/530/519 518/529/518 521/532/521
f 1619/1681/1619 519/530/519 521/532/521
f 433/443/433 435/445/435 2023/2144/2023
f 2023/2144/2023 1087/1116/1087 1089/1118/1089
f 760/775/760 929/951/929 930/952/930
f 115/119/115 200/205/200 929/951/929
f 31/33/31 1820/1903/1820 1547/1601/1547
f 1819/1902/1819 1547/1601/1547 1820/1903/1820
f 1463/1507/1463 249/257/249 1461/1505/1461
f 679/692/679 1463/1507/1463 1461/1505/1461
f 1380/1424/1380 526/537/526 1937/2345/1937
f 1380/1424/1380 1937/2345/1937 1263/1393/1263
f 194/199/194 193/198/193 287/295/287
f 1703/1774/1703 287/295/287 193/198/193
f 1411/2346/1411 346/354/346 1413/2347/1413
f 1170/1293/1170 346/354/346 1510/1560/1510
f 2008/2128/2008 1680/1748/1680 750/765/750
f 2008/2128/2008 1600/1658/1600 1982/2097/1982
f 639/652/639 1604/1662/1604 1016/1668/1016
f 1604/1662/1604 1400/1444/1400 1397/1441/1397
f 1155/1188/1155 1134/1167/1134 1153/1186/1153
f 637/650/637 2170/2331/2170 1155/1188/1155
f 1997/2115/1997 1503/1552/1503 1000/1025/1000
f 1679/1747/1679 1000/1025/1000 1002/1027/1002
f 2181/2348/2181 237/810/237 1979/2093/1979
f 237/245/237 239/247/239 2182/2349/2182
f 1551/1605/1551 2056/2181/2056 1506/1555/1506
f 1506/1555/1506 1751/1825/1751 1551/1605/1551
f 1016/1668/1016 1604/1662/1604 1397/1441/1397
f 1016/1668/1016 1397/1441/1397 2037/2162/2037
f 1728/1801/1728 709/724/709 2173/2335/2173
f 2173/2335/2173 1108/1140/1108 1728/1801/1728
f 1802/1882/1802 816/835/816 955/1879/955
f 1802/1882/1802 256/264/256 816/835/816
f 115/119/115 760/775/760 328/336/328
f 929/951/929 760/775/760 115/119/115
f 1820/1903/1820 2183/2350/2183 1818/1901/1818
f 31/33/31 566/579/566 1820/1903/1820
f 2006/2126/2006 2165/2324/2165 2007/2127/2007
f 1671/1738/1671 2165/2324/2165 2006/2126/2006
f 1030/2351/1030 1029/2184/1029 1428/1472/1428
f 1627/1689/1627 1030/1055/1030 1428/2158/1428
f 383/392/383 2178/2342/2178 1913/2014/1913
f 383/392/383 7/7/7 1944/2048/1944
f 2103/2241/2103 835/854/835 2184/2352/2184
f 2184/2352/2184 835/854/835 1424/1468/1424
f 1428/1472/1428 1029/2184/1029 1426/1470/1426
f 1029/2184/1029 1660/1726/1660 1426/1470/1426
f 1003/1028/1003 401/411/401 1679/1747/1679
f 1000/1025/1000 1679/1747/1679 2185/2353/2185
f 1625/1687/1625 1621/1683/1621 266/274/266
f 1621/1683/1621 2161/2318/2161 266/274/266
f 2170/2331/2170 2171/2332/2171 1811/1892/1811
f 1811/1892/1811 1812/1893/1812 831/850/831
f 2109/2252/2109 1777/1853/1777 1148/1181/1148
f 1148/1181/1148 1571/1626/1571 2109/2252/2109
f 742/757/742 1305/1344/1305 741/756/741
f 1329/1371/1329 1305/1344/1305 742/757/742
f 1597/1655/1597 2124/2272/2124 2112/2256/2112
f 2123/2354/2123 698/712/698 2124/2272/2124
f 299/307/299 877/2319/877 1534/1919/1534
f 877/897/877 876/896/876 1534/1587/1534
f 2186/2355/2186 1972/2356/1972 1454/2357/1454
f 1453/1497/1453 2187/2358/2187 1454/1498/1454
f 964/987/964 152/156/152 965/988/965
f 152/156/152 676/689/676 965/988/965
f 187/192/187 92/96/92 49/53/49
f 44/48/44 187/192/187 49/53/49
f 654/667/654 653/666/653 761/2359/761
f 761/2359/761 1884/1984/1884 654/667/654
f 1918/2020/1918 1626/1688/1626 1919/2021/1919
f 1835/1925/1835 1918/2020/1918 1834/1924/1834
f 1766/1842/1766 1765/1841/1765 1394/1438/1394
f 2136/2285/2136 2188/2360/2188 933/955/933
f 359/367/359 291/299/291 1120/1152/1120
f 359/367/359 1120/1152/1120 1126/1158/1126
f 1752/1826/1752 516/527/516 515/526/515
f 516/527/516 1752/1826/1752 1860/1952/1860
f 788/803/788 1841/1931/1841 655/668/655
f 790/805/790 1841/1931/1841 788/803/788
f 176/181/176 68/72/68 339/347/339
f 68/72/68 67/71/67 339/347/339
f 933/955/933 1394/1438/1394 1396/1440/1396
f 933/955/933 1766/1842/1766 1394/1438/1394
f 1877/1975/1877 288/296/288 287/295/287
f 1877/1975/1877 748/763/748 288/296/288
f 1278/1316/1278 664/677/664 666/679/666
f 247/255/247 1975/2089/1975 666/679/666
f 1301/1339/1301 1954/2065/1954 453/463/453
f 452/462/452 1301/1339/1301 453/463/453
f 2158/2314/2158 2043/2168/2043 116/120/116
f 2043/2168/2043 2158/2314/2158 2044/2169/2044
f 1181/1214/1181 1844/1935/1844 597/610/597
f 1181/1214/1181 1973/2085/1973 1844/1935/1844
f 156/160/156 880/900/880 157/161/157
f 1588/1645/1588 880/900/880 1216/1252/1216
f 1032/1057/1032 1034/1059/1034 1822/1905/1822
f 1822/1905/1822 705/720/705 1883/1983/1883
f 636/649/636 832/851/832 637/650/637
f 2171/2332/2171 637/650/637 832/851/832
f 1895/1995/1895 1751/1825/1751 1750/1824/1750
f 1599/1657/1599 1528/1580/1528 1172/1205/1172
f 57/61/57 1599/1657/1599 1750/1824/1750
f 57/61/57 1750/1824/1750 1506/1555/1506
f 2115/2259/2115 1338/1380/1338 2189/2361/2189
f 2115/2259/2115 669/682/669 1177/1210/1177
f 234/242/234 1743/1817/1743 494/505/494
f 494/505/494 235/243/235 234/242/234
f 2185/2353/2185 1679/1747/1679 401/411/401
f 2185/2353/2185 401/411/401 1932/2034/1932
f 411/421/411 1901/2001/1901 560/573/560
f 411/421/411 2132/2281/2132 1917/2019/1917
f 933/955/933 1396/1440/1396 379/388/379
f 1396/1440/1396 924/946/924 1261/1299/1261
f 99/103/99 1123/1155/1123 689/702/689
f 689/702/689 1123/1155/1123 1888/1988/1888
f 1125/1157/1125 1124/1156/1124 1885/1985/1885
f 1125/1157/1125 1120/1152/1120 1124/1156/1124
f 639/652/639 1784/1860/1784 1699/1767/1699
f 1784/1860/1784 1698/1766/1698 1699/1767/1699
f 703/718/703 2190/2362/2190 2049/2174/2049
f 1084/1113/1084 703/718/703 2049/2174/2049
f 673/686/673 2061/2188/2061 2070/2197/2070
f 2070/2197/2070 164/169/164 673/686/673
f 2191/2363/2191 2192/2364/2192 2193/2365/2193
f 695/709/695 2192/2364/2192 2191/2363/2191
f 2194/2366/2194 1668/1735/1668 769/784/769
f 2194/2366/2194 769/784/769 768/783/768
f 2158/2314/2158 37/39/37 2146/2297/2146
f 116/120/116 37/39/37 2158/2314/2158
f 1738/1812/1738 2021/2142/2021 2020/2141/2020
f 2020/2141/2020 2191/2367/2191 2193/2368/2193
f 743/758/743 1964/2075/1964 1637/1703/1637
f 743/758/743 1637/1703/1637 1635/1701/1635
f 893/913/893 1767/1843/1767 590/603/590
f 1767/1843/1767 1429/1473/1429 590/603/590
f 514/525/514 946/968/946 949/971/949
f 514/525/514 949/971/949 512/523/512
f 713/728/713 840/859/840 711/2369/711
f 709/724/709 711/726/711 2195/2370/2195
f 717/732/717 1583/1639/1583 1849/1941/1849
f 1849/1941/1849 1271/1309/1271 719/734/719
f 1597/1655/1597 2196/2371/2196 2124/2272/2124
f 1317/1358/1317 1596/1654/1596 1597/1655/1597
f 860/880/860 512/523/512 2197/2372/2197
f 1334/1376/1334 512/523/512 949/971/949
f 2061/2188/2061 2071/2198/2071 2070/2197/2070
f 2062/2189/2062 2061/2188/2061 1491/1537/1491
f 1870/1965/1870 1874/1972/1874 685/698/685
f 1868/1963/1868 1490/1536/1490 685/698/685
f 439/449/439 426/436/426 425/435/425
f 1234/1270/1234 640/653/640 903/923/903
f 1443/1810/1443 2192/2373/2192 2198/2374/2198
f 2192/2373/2192 1443/1810/1443 2193/2368/2193
f 1234/1270/1234 439/449/439 1133/1166/1133
f 439/449/439 1234/1270/1234 426/436/426
f 458/468/458 1564/1618/1564 1242/1278/1242
f 1197/2052/1197 1564/1618/1564 1195/1620/1195
f 2065/2192/2065 603/616/603 2066/2193/2066
f 1779/1855/1779 1710/1877/1710 2066/2286/2066
f 137/141/137 1511/1561/1511 1560/1614/1560
f 310/318/310 309/317/309 1560/1614/1560
f 1015/1040/1015 1452/2084/1452 2199/2375/2199
f 1015/1521/1015 2199/2376/2199 905/925/905
f 848/2088/848 662/2377/662 1316/2086/1316
f 1316/1359/1316 662/2378/662 1596/1654/1596
f 702/717/702 790/805/790 703/718/703
f 703/718/703 790/805/790 2190/2362/2190
f 899/919/899 1490/2276/1490 1489/2379/1489
f 1489/2379/1489 1063/1979/1063 899/919/899
f 1424/1468/1424 99/103/99 801/818/801
f 801/818/801 99/103/99 101/105/101
f 1270/1308/1270 332/340/332 1269/1307/1269
f 264/272/264 1269/1307/1269 332/340/332
f 719/734/719 1271/1309/1271 1494/1542/1494
f 719/734/719 1494/1542/1494 1272/1310/1272
f 276/284/276 1299/1337/1299 269/277/269
f 201/206/201 269/277/269 1299/1337/1299
f 681/694/681 1387/1431/1387 2160/2317/2160
f 734/749/734 1358/1402/1358 681/694/681
f 96/100/96 95/99/95 97/101/97
f 97/101/97 95/99/95 243/251/243
f 1182/1215/1182 845/864/845 846/865/846
f 846/865/846 195/200/195 1182/1215/1182
f 405/415/405 2200/2380/2200 406/416/406
f 405/415/405 341/349/341 2200/2380/2200
f 158/163/158 1859/1951/1859 2179/2343/2179
f 626/639/626 158/163/158 2179/2343/2179
f 850/870/850 851/871/851 1786/1862/1786
f 139/143/139 1612/2381/1612 140/144/140
f 230/238/230 1982/2097/1982 1600/1658/1600
f 228/236/228 230/238/230 1600/1658/1600
f 1060/1089/1060 1265/1303/1265 1836/1926/1836
f 1060/1089/1060 63/67/63 1058/1087/1058
f 268/276/268 87/91/87 276/284/276
f 269/277/269 268/276/268 276/284/276
f 655/668/655 657/670/657 1366/1410/1366
f 655/668/655 1366/1410/1366 788/803/788
f 1811/1892/1811 421/431/421 2201/2382/2201
f 1962/2073/1962 421/431/421 423/433/423
f 742/757/742 310/318/310 1511/1561/1511
f 310/318/310 1560/1614/1560 1511/1561/1511
f 1966/2077/1966 1678/1746/1678 1580/1635/1580
f 998/1023/998 1966/2077/1966 1580/1635/1580
f 769/784/769 1668/1735/1668 828/847/828
f 1668/1735/1668 1821/1904/1821 828/847/828
f 2026/2148/2026 359/367/359 1126/1158/1126
f 1126/1158/1126 388/1354/388 1315/1355/1315
f 261/269/261 253/261/253 1801/2293/1801
f 261/269/261 260/268/260 253/261/253
f 2202/2383/2202 37/39/37 116/120/116
f 1921/2023/1921 895/915/895 2202/2383/2202
f 202/207/202 275/283/275 691/704/691
f 275/283/275 107/111/107 106/110/106
f 1770/1846/1770 885/905/885 606/619/606
f 722/737/722 1770/1846/1770 606/619/606
f 1724/1797/1724 966/989/966 84/88/84
f 966/989/966 309/317/309 84/88/84
f 1424/1468/1424 800/817/800 2184/2352/2184
f 2103/2241/2103 2184/2352/2184 800/817/800
f 1084/1113/1084 1086/1115/1086 704/719/704
f 704/719/704 703/718/703 1084/1113/1084
f 1302/1341/1302 1304/1343/1304 1723/1796/1723
f 1302/1341/1302 1723/1796/1723 1712/1785/1712
f 2148/2299/2148 1012/1037/1012 1011/1036/1011
f 337/345/337 336/344/336 2203/2384/2203
f 109/113/109 577/590/577 1531/1583/1531
f 2204/2385/2204 577/590/577 939/961/939
f 2152/2305/2152 570/583/570 928/950/928
f 2152/2305/2152 843/862/843 562/575/562
f 938/960/938 2204/2385/2204 939/961/939
f 938/960/938 1140/1173/1140 1531/1583/1531
f 1692/1760/1692 1014/1039/1014 1693/1761/1693
f 1014/1039/1014 1692/1760/1692 1943/2047/1943
f 1227/1263/1227 184/189/184 2205/2386/2205
f 184/189/184 1227/1263/1227 2200/2380/2200
f 437/447/437 1252/1288/1252 1251/1287/1251
f 437/447/437 2206/2387/2206 863/883/863
f 662/675/662 849/2388/849 2207/2389/2207
f 849/2390/849 1787/1863/1787 1786/1862/1786
f 1227/1263/1227 2205/2386/2205 1882/1982/1882
f 184/189/184 186/191/186 2205/2386/2205
f 2207/2391/2207 1786/1862/1786 1612/1673/1612
f 2207/2391/2207 849/2390/849 1786/1862/1786
f 1569/1624/1569 2108/2251/2108 1573/1628/1573
f 104/108/104 1776/1852/1776 2108/2251/2108
f 1926/2028/1926 1925/2027/1925 249/257/249
f 1925/2027/1925 1461/1505/1461 249/257/249
f 495/506/495 235/243/235 494/505/494
f 235/243/235 495/506/495 1836/1926/1836
f 855/875/855 1356/1400/1356 1359/1403/1359
f 1356/1400/1356 1355/1399/1355 1359/1403/1359
f 642/655/642 1072/1101/1072 643/656/643
f 1072/1101/1072 642/655/642 645/658/645
f 878/2392/878 1104/1135/1104 1103/1134/1103
f 1103/1917/1103 1534/1919/1534 878/2393/878
f 1801/1881/1801 1145/1178/1145 1100/1131/1100
f 1145/2394/1145 1801/2293/1801 253/261/253
f 282/290/282 281/289/281 1755/1829/1755
f 264/272/264 281/289/281 1269/1307/1269
f 251/259/251 260/268/260 1983/2147/1983
f 253/261/253 260/268/260 251/259/251
f 681/694/681 2160/2317/2160 734/749/734
f 734/749/734 2160/2317/2160 2129/2278/2129
f 290/298/290 1685/1753/1685 1028/1053/1028
f 1861/1953/1861 1028/1053/1028 1685/1753/1685
f 562/575/562 2000/2119/2000 570/583/570
f 570/583/570 2152/2305/2152 562/575/562
f 734/749/734 1357/1401/1357 1221/1257/1221
f 1222/1258/1222 1221/1257/1221 1357/1401/1357
f 1531/1583/1531 2204/2385/2204 938/960/938
f 577/590/577 2204/2385/2204 1531/1583/1531
f 1352/1396/1352 1351/1395/1351 2134/2283/2134
f 1380/1424/1380 625/1533/625 2134/2283/2134
f 1951/2061/1951 1634/1700/1634 1952/2062/1952
f 1634/1700/1634 231/239/231 372/380/372
f 2205/2386/2205 186/191/186 1882/1982/1882
f 2085/2214/2085 1882/1982/1882 186/191/186
f 2208/2395/2208 623/636/623 2209/2396/2209
f 1176/1209/1176 623/636/623 622/635/622
f 331/339/331 1077/1106/1077 785/800/785
f 331/339/331 333/341/333 1077/1106/1077
f 1173/1206/1173 1528/1580/1528 1162/1195/1162
f 1173/1206/1173 1162/1195/1162 1174/1207/1174
f 1161/1194/1161 1160/1193/1160 14/15/14
f 463/473/463 945/967/945 5/5/5
f 1926/2028/1926 249/257/249 1359/1403/1359
f 1355/1399/1355 1926/2028/1926 1359/1403/1359
f 769/784/769 828/847/828 826/845/826
f 770/785/770 769/784/769 826/845/826
f 1966/2077/1966 1657/1723/1657 1858/1950/1858
f 1657/1723/1657 996/1021/996 1858/1950/1858
f 1607/1665/1607 1606/1664/1606 328/336/328
f 1607/1665/1607 328/336/328 974/998/974
f 903/923/903 1235/1271/1235 904/924/904
f 1235/1271/1235 1603/1667/1603 904/924/904
f 1741/1815/1741 1740/1814/1740 378/387/378
f 1741/1815/1741 1116/1148/1116 1740/1814/1740
f 1980/2095/1980 493/2397/493 218/226/218
f 493/2397/493 107/224/107 218/226/218
f 601/614/601 1657/1723/1657 1655/1721/1655
f 1654/1720/1654 601/614/601 1655/1721/1655
f 2200/2380/2200 1802/1882/1802 1771/1847/1771
f 1771/1847/1771 184/189/184 2200/2380/2200
f 183/188/183 531/542/531 1914/2015/1914
f 183/188/183 1232/1268/1232 531/542/531
f 1772/1848/1772 199/204/199 368/376/368
f 199/204/199 285/293/285 368/376/368
f 2210/2398/2210 191/196/191 1048/1075/1048
f 191/196/191 210/215/210 1048/1075/1048
f 1690/1758/1690 2074/2201/2074 1065/1094/1065
f 1692/1760/1692 2074/2201/2074 1690/1758/1690
f 1537/1591/1537 969/992/969 558/571/558
f 559/572/559 558/571/558 969/992/969
f 449/459/449 650/663/650 416/426/416
f 650/663/650 449/459/449 448/458/448
f 338/346/338 337/345/337 1013/1038/1013
f 338/346/338 1013/1038/1013 2211/2399/2211
f 118/122/118 1920/2022/1920 116/120/116
f 1921/2023/1921 2202/2383/2202 116/120/116
f 1838/1928/1838 1393/1437/1393 616/1693/616
f 1838/1928/1838 1840/1930/1840 1393/1437/1393
f 1217/1253/1217 739/754/739 738/753/738
f 1218/1254/1218 2057/2183/2057 739/754/739
f 383/392/383 1944/2048/1944 2178/2342/2178
f 1944/2048/1944 1911/2012/1911 2178/2342/2178
f 803/820/803 836/855/836 807/824/807
f 803/820/803 837/856/837 836/855/836
f 556/569/556 1243/1279/1243 1894/1994/1894
f 556/569/556 1894/1994/1894 554/567/554
f 304/312/304 303/311/303 333/341/333
f 333/341/333 2063/2190/2063 304/312/304
f 788/803/788 1365/1409/1365 789/804/789
f 1365/1409/1365 2131/2280/2131 789/804/789
f 1532/1584/1532 2212/2400/2212 874/894/874
f 1320/1362/1320 882/902/882 881/901/881
f 1504/1553/1504 1893/1993/1893 1480/1525/1480
f 1477/1522/1477 1478/1523/1478 1480/1525/1480
f 1267/1305/1267 1266/1304/1266 1585/1641/1585
f 1266/1304/1266 1267/1305/1267 792/807/792
f 352/360/352 394/2401/394 625/638/625
f 394/403/394 2134/2283/2134 625/1533/625
f 2164/2323/2164 474/485/474 879/899/879
f 2213/2402/2213 879/1588/879 1534/1587/1534
f 1589/1646/1589 2214/2403/2214 2215/2404/2215
f 1589/1646/1589 453/463/453 2214/2403/2214
f 245/253/245 2058/2185/2058 2216/2405/2216
f 1000/1025/1000 245/253/245 2216/2405/2216
f 241/249/241 2057/2183/2057 1218/1254/1218
f 241/249/241 745/760/745 2057/2183/2057
f 162/167/162 161/166/161 613/626/613
f 613/626/613 1416/1460/1416 2217/2406/2217
f 972/996/972 1168/1201/1168 1586/1643/1586
f 114/1558/114 972/996/972 1586/1643/1586
f 1502/1551/1502 730/745/730 1501/1550/1501
f 730/745/730 1314/1353/1314 1311/1350/1311
f 1275/1313/1275 2218/2407/2218 1083/1112/1083
f 1083/1112/1083 2218/2407/2218 1084/1113/1084
f 2162/2320/2162 2215/2404/2215 1954/2065/1954
f 2163/2321/2163 2215/2404/2215 2162/2320/2162
f 1052/1081/1052 1051/1080/1051 2219/2408/2219
f 1051/1080/1051 745/760/745 744/759/744
f 1291/1329/1291 224/232/224 396/406/396
f 1291/1329/1291 396/406/396 1348/1390/1348
f 235/243/235 1265/1303/1265 236/244/236
f 1265/1303/1265 1696/1764/1696 236/244/236
f 1181/1214/1181 1180/1213/1180 195/200/195
f 195/200/195 1180/1213/1180 1182/1215/1182
f 974/998/974 328/336/328 2220/2409/2220
f 975/999/975 974/998/974 2220/2409/2220
f 1695/1763/1695 505/516/505 504/515/504
f 1695/1763/1695 504/515/504 953/975/953
f 1121/1153/1121 1122/1154/1122 1424/1468/1424
f 834/853/834 1106/1138/1106 1121/1153/1121
f 2148/2299/2148 1011/1036/1011 337/345/337
f 1013/1038/1013 337/345/337 1011/1036/1011
f 1944/2048/1944 2221/2410/2221 1911/2012/1911
f 1911/2012/1911 2222/2411/2222 2038/2163/2038
f 2223/2412/2223 641/654/641 643/656/643
f 2128/2277/2128 417/427/417 1681/1749/1681
f 284/292/284 1757/1831/1757 889/909/889
f 368/376/368 284/292/284 889/909/889
f 2072/2199/2072 907/927/907 768/783/768
f 768/783/768 1367/1411/1367 2072/2199/2072
f 265/273/265 267/275/267 1507/1556/1507
f 2052/2177/2052 1624/1686/1624 1625/1687/1625
f 1865/1959/1865 661/674/661 1296/1334/1296
f 1864/1958/1864 661/674/661 1865/1959/1865
f 1813/1894/1813 1754/1828/1754 1481/1526/1481
f 1282/1320/1282 1481/1526/1481 1754/1828/1754
f 1865/1959/1865 1295/1333/1295 1866/1960/1866
f 1865/1959/1865 1296/1334/1296 1295/1333/1295
f 1071/1100/1071 2128/2277/2128 643/656/643
f 2128/2277/2128 2223/2412/2223 643/656/643
f 1911/2012/1911 2221/2410/2221 2224/2413/2224
f 1037/1062/1037 1206/1239/1206 1038/1063/1038
f 2129/2278/2129 1500/1549/1500 1502/1551/1502
f 1500/1549/1500 730/745/730 1502/1551/1502
f 684/697/684 1869/1964/1869 685/698/685
f 684/2414/684 123/127/123 122/126/122
f 328/336/328 83/87/83 2220/2409/2220
f 85/89/85 2220/2409/2220 83/87/83
f 646/659/646 1068/1097/1068 1961/2072/1961
f 1064/1093/1064 1643/1709/1643 1068/1097/1068
f 566/579/566 2183/2350/2183 1820/1903/1820
f 280/288/280 566/579/566 567/580/567
f 1046/1073/1046 1045/1072/1045 541/552/541
f 541/552/541 780/795/780 1046/1073/1046
f 540/551/540 451/461/451 450/460/450
f 538/549/538 540/551/540 1986/2102/1986
f 771/786/771 197/202/197 412/422/412
f 197/202/197 410/420/410 412/422/412
f 392/401/392 180/185/180 518/529/518
f 180/185/180 340/348/340 518/529/518
f 165/170/165 1919/2021/1919 1626/1688/1626
f 164/169/164 1919/2021/1919 165/170/165
f 1581/1636/1581 222/230/222 1294/1332/1294
f 222/230/222 1291/1329/1291 1294/1332/1294
f 2225/2415/2225 1052/1081/1052 2219/2408/2219
f 2225/2415/2225 2219/2408/2219 241/249/241
f 1988/2104/1988 611/624/611 273/281/273
f 611/624/611 1988/2104/1988 381/390/381
f 730/745/730 1311/1350/1311 733/748/733
f 1310/1349/1310 733/748/733 1311/1350/1311
f 1352/1396/1352 394/403/394 395/405/395
f 1352/1396/1352 2134/2283/2134 394/403/394
f 863/883/863 1252/1288/1252 437/447/437
f 1252/1288/1252 863/883/863 532/543/532
f 1135/1168/1135 1152/1185/1152 1134/1167/1134
f 638/651/638 640/653/640 1135/1168/1135
f 502/513/502 1945/2050/1945 361/369/361
f 1945/2049/1945 502/2043/502 1705/1776/1705
f 529/540/529 2163/2321/2163 530/541/530
f 529/540/529 1778/1854/1778 2163/2321/2163
f 1961/2072/1961 1068/1097/1068 1643/1709/1643
f 1066/1095/1066 1961/2072/1961 1643/1709/1643
f 8/8/8 7/7/7 2226/2416/2226
f 837/856/837 7/7/7 382/391/382
f 1745/1819/1745 2227/2417/2227 1389/1433/1389
f 266/274/266 2161/2318/2161 1389/1433/1389
f 197/202/197 771/786/771 1973/2085/1973
f 197/202/197 1973/2085/1973 1181/1214/1181
f 86/90/86 274/282/274 276/284/276
f 86/90/86 1558/1612/1558 274/282/274
f 713/728/713 841/860/841 840/859/840
f 712/727/712 841/860/841 713/728/713
f 991/1016/991 2129/2278/2129 1386/1430/1386
f 991/1016/991 1386/1430/1386 1989/2105/1989
f 1075/1104/1075 417/427/417 2128/2277/2128
f 1075/1104/1075 1074/1103/1074 298/306/298
f 620/633/620 623/636/623 618/631/618
f 618/631/618 623/636/623 2208/2395/2208
f 947/969/947 863/883/863 2228/2418/2228
f 2228/2418/2228 863/883/863 2206/2387/2206
f 1664/1731/1664 454/464/454 453/463/453
f 454/464/454 1664/1731/1664 632/2131/632
f 1672/1739/1672 1474/1518/1474 2166/2325/2166
f 2165/2324/2165 1671/1738/1671 2166/2325/2166
f 400/410/400 1645/1711/1645 1076/1105/1076
f 400/410/400 1761/1835/1761 1645/1711/1645
f 1662/1728/1662 2133/2282/2133 1663/1729/1663
f 2133/2282/2133 1662/1728/1662 1589/1646/1589
f 1888/1988/1888 1889/1989/1889 203/208/203
f 1888/1988/1888 203/208/203 690/703/690
f 339/347/339 67/71/67 380/389/380
f 204/209/204 339/347/339 380/389/380
f 2041/2419/2041 2229/2420/2229 695/2421/695
f 695/2421/695 2229/2420/2229 2192/2373/2192
f 750/765/750 1950/2060/1950 1342/1384/1342
f 671/684/671 756/771/756 1971/2082/1971
f 838/857/838 211/2422/211 53/57/53
f 2107/2247/2107 211/2422/211 838/857/838
f 754/769/754 756/771/756 670/683/670
f 754/769/754 1036/1061/1036 753/768/753
f 1142/1175/1142 1178/1211/1178 1143/1176/1143
f 1179/1212/1179 1178/1211/1178 2208/2395/2208
f 547/558/547 549/560/549 548/559/548
f 548/559/548 549/560/549 551/562/551
f 2226/2416/2226 805/822/805 8/8/8
f 805/822/805 1401/1445/1401 15/17/15
f 713/1730/713 1036/1061/1036 1212/1245/1212
f 670/683/670 1036/1061/1036 754/769/754
f 1142/1175/1142 618/631/618 2208/2395/2208
f 1142/1175/1142 2208/2395/2208 1178/1211/1178
f 320/1670/320 960/983/960 321/2423/321
f 960/983/960 366/982/366 365/2424/365
f 893/913/893 1318/1360/1318 1641/1707/1641
f 2110/2253/2110 1318/1360/1318 891/911/891
f 2230/2425/2230 1308/1347/1308 740/755/740
f 2230/2425/2230 1722/1795/1722 1308/1347/1308
f 1863/1957/1863 206/211/206 1910/2010/1910
f 1863/1957/1863 207/212/207 206/211/206
f 672/685/672 1212/1245/1212 670/683/670
f 670/683/670 1212/1245/1212 1036/1061/1036
f 1254/1290/1254 864/884/864 1251/1287/1251
f 864/884/864 1254/1290/1254 559/572/559
f 759/774/759 369/377/369 108/112/108
f 759/774/759 758/773/758 369/377/369
f 1131/1163/1131 1855/1947/1855 1854/1946/1854
f 2118/2264/2118 1131/1163/1131 1584/1640/1584
f 2226/2416/2226 7/7/7 837/856/837
f 837/856/837 805/822/805 2226/2416/2226
f 2231/2426/2231 1389/1433/1389 2227/2417/2227
f 1816/1899/1816 1815/1898/1815 2231/2426/2231
f 1455/2427/1455 2232/2428/2232 1720/2429/1720
f 1628/1690/1628 2232/2428/2232 1455/2427/1455
f 309/317/309 334/342/334 1560/1614/1560
f 309/317/309 966/989/966 334/342/334
f 333/341/333 1270/1308/1270 2063/2190/2063
f 2063/2190/2063 1270/1308/1270 1269/1307/1269
f 444/454/444 443/453/443 1747/1821/1747
f 1747/1821/1747 443/453/443 1745/1819/1745
f 113/117/113 115/119/115 1606/1664/1606
f 1606/1664/1606 115/119/115 328/336/328
f 1910/2010/1910 526/537/526 149/153/149
f 1910/2010/1910 149/153/149 1863/1957/1863
f 125/129/125 1049/1078/1049 126/130/126
f 1166/1199/1166 1049/1078/1049 125/129/125
f 526/2039/526 1264/1302/1264 1381/1425/1381
f 526/537/526 1910/2010/1910 1264/2011/1264
f 1419/1463/1419 980/1004/980 1231/1267/1231
f 983/1008/983 980/1004/980 1419/1463/1419
f 964/987/964 1773/1849/1773 152/156/152
f 1773/1849/1773 964/987/964 963/986/963
f 1467/1511/1467 2027/2149/2027 2167/2326/2167
f 2027/2149/2027 1467/1511/1467 1465/1509/1465
f 1794/1870/1794 1544/1598/1544 1543/1597/1543
f 1429/1473/1429 1543/1597/1543 1430/1474/1430
f 2141/2291/2141 2233/2430/2233 244/252/244
f 2141/2291/2141 145/149/145 2233/2430/2233
f 994/1019/994 1780/1856/1780 995/1020/995
f 1780/1856/1780 1779/1855/1779 995/1020/995
f 1671/1738/1671 1672/1739/1672 2166/2325/2166
f 1013/1038/1013 1672/1739/1672 1671/1738/1671
f 342/350/342 1108/1140/1108 386/395/386
f 342/350/342 386/395/386 385/394/385
f 417/427/417 1075/1104/1075 298/306/298
f 298/306/298 455/465/455 417/427/417
f 240/248/240 962/985/962 170/175/170
f 170/175/170 172/177/172 240/248/240
f 1152/1185/1152 1135/1168/1135 640/653/640
f 1234/1270/1234 1152/1185/1152 640/653/640
f 1249/1285/1249 539/1837/539 1250/1286/1250
f 539/1837/539 1249/1285/1249 1763/1838/1763
f 1081/1110/1081 1047/1074/1047 1046/1073/1046
f 516/527/516 1047/1074/1047 1098/1129/1098
f 1915/2016/1915 1914/2015/1914 433/443/433
f 2023/2144/2023 2024/2145/2024 433/443/433
f 1258/1296/1258 434/444/434 433/443/433
f 434/444/434 1258/1296/1258 1259/1297/1259
f 1794/1870/1794 1543/1597/1543 1429/1473/1429
f 1286/1324/1286 2009/2129/2009 1429/1473/1429
f 2169/2431/2169 868/2432/868 2234/2433/2234
f 1247/1283/1247 1246/1282/1246 866/886/866
f 1853/1945/1853 854/874/854 1361/1405/1361
f 1853/1945/1853 1361/1405/1361 953/975/953
f 1130/2246/1130 838/857/838 1855/2263/1855
f 1131/1163/1131 1130/1162/1130 1855/1947/1855
f 1262/1300/1262 159/164/159 627/640/627
f 159/164/159 1262/1300/1262 528/539/528
f 221/229/221 1367/1411/1367 1876/1974/1876
f 729/744/729 221/229/221 1876/1974/1876
f 832/851/832 636/649/636 830/849/830
f 1422/1466/1422 830/849/830 636/649/636
f 914/935/914 2169/2431/2169 2234/2433/2234
f 914/935/914 72/934/72 2169/2431/2169
f 854/874/854 1360/1404/1360 2156/2311/2156
f 854/874/854 1853/1945/1853 1360/1404/1360
f 1114/1146/1114 733/748/733 1310/1349/1310
f 1310/1349/1310 1115/1147/1115 1114/1146/1114
f 1776/1852/1776 1777/1853/1777 2109/2252/2109
f 1777/1853/1777 1776/1852/1776 2235/2434/2235
f 1530/1582/1530 498/1077/498 957/979/957
f 957/979/957 498/1077/498 959/2333/959
f 1037/1062/1037 1579/1634/1579 1207/1240/1207
f 1207/1240/1207 1579/1634/1579 1936/2057/1936
f 593/606/593 2102/2240/2102 2236/2435/2236
f 2236/2435/2236 431/441/431 583/596/583
f 1651/1717/1651 1652/1718/1652 858/878/858
f 1304/1343/1304 1303/1342/1303 1651/1717/1651
f 1730/1803/1730 1068/1097/1068 1729/1802/1729
f 645/658/645 1730/1803/1730 1729/1802/1729
f 1940/2044/1940 1095/1126/1095 510/521/510
f 1940/2044/1940 1293/1331/1293 1941/2045/1941
f 858/878/858 1304/1343/1304 1651/1717/1651
f 858/878/858 1723/1796/1723 1304/1343/1304
f 404/414/404 1897/1997/1897 2180/2344/2180
f 1898/1998/1898 1897/1997/1897 404/414/404
f 1121/1153/1121 1424/1468/1424 834/853/834
f 835/854/835 834/853/834 1424/1468/1424
f 431/441/431 2236/2435/2236 2102/2240/2102
f 431/441/431 2102/2240/2102 432/442/432
f 1247/1283/1247 866/886/866 2234/2433/2234
f 2234/2433/2234 866/886/866 914/935/914
f 2019/2140/2019 978/1002/978 979/1003/979
f 979/1003/979 2023/2144/2023 2025/2146/2025
f 1916/2017/1916 2104/2243/2104 1981/2232/1981
f 1916/2017/1916 1981/2232/1981 977/1001/977
f 1740/1814/1740 1390/1434/1390 378/387/378
f 379/388/379 378/387/378 1390/1434/1390
f 1427/1471/1427 1660/1726/1660 1659/1725/1659
f 1719/1792/1719 1427/1471/1427 1659/1725/1659
f 2099/2237/2099 1781/1857/1781 2032/2154/2032
f 2032/2154/2032 1781/1857/1781 1733/1806/1733
f 166/171/166 165/170/165 1525/1577/1525
f 1525/1577/1525 1788/1864/1788 166/171/166
f 934/956/934 2032/2154/2032 2029/2151/2029
f 2029/2151/2029 2032/2154/2032 2030/2152/2030
f 1890/1990/1890 1466/1510/1466 1654/1720/1654
f 1022/1047/1022 1654/1720/1654 1023/1048/1023
f 1956/2067/1956 1187/1220/1187 224/232/224
f 224/232/224 1187/1220/1187 396/406/396
f 2117/2262/2117 1806/1887/1806 1805/1886/1805
f 1041/1067/1041 1806/2329/1806 2117/2436/2117
f 1669/1736/1669 1448/1492/1448 1539/1593/1539
f 1448/1492/1448 1537/1591/1537 1539/1593/1539
f 835/854/835 1553/1607/1553 833/852/833
f 1553/1607/1553 422/432/422 2111/2254/2111
f 85/89/85 975/999/975 2220/2409/2220
f 975/999/975 85/89/85 311/319/311
f 1722/1795/1722 2230/2425/2230 1712/1785/1712
f 1306/1345/1306 1305/1344/1305 1712/1785/1712
f 906/926/906 910/930/910 1931/2033/1931
f 1931/2033/1931 1668/1735/1668 2194/2366/2194
f 934/956/934 2099/2237/2099 2032/2154/2032
f 2099/2237/2099 934/956/934 926/948/926
f 521/532/521 934/956/934 1620/1682/1620
f 1620/1682/1620 934/956/934 2029/2151/2029
f 1201/1234/1201 697/711/697 1804/1884/1804
f 1201/1234/1201 1804/1884/1804 1139/1172/1139
f 1157/1190/1157 706/721/706 802/819/802
f 1157/1190/1157 1717/1790/1717 706/721/706
f 1035/2437/1035 713/728/713 711/2369/711
f 713/1730/713 1035/1060/1035 1036/1061/1036
f 1236/1272/1236 252/260/252 1985/2100/1985
f 1236/1272/1236 253/261/253 252/260/252
f 1890/1990/1890 1402/1446/1402 1403/1447/1403
f 1022/1047/1022 15/17/15 1402/1446/1402
f 2237/2438/2237 1810/1891/1810 825/844/825
f 1776/1852/1776 1810/1891/1810 2235/2434/2235
f 718/733/718 715/730/715 719/734/719
f 715/730/715 718/733/718 1392/1436/1392
f 1860/1952/1860 1751/1825/1751 1045/1072/1045
f 1860/1952/1860 1752/1826/1752 1751/1825/1751
f 455/465/455 1095/1126/1095 415/425/415
f 1095/1126/1095 1940/2044/1940 415/425/415
f 1788/1864/1788 1525/1577/1525 1527/1579/1527
f 349/357/349 1527/1579/1527 2120/2268/2120
f 1009/1034/1009 871/891/871 1010/1035/1010
f 2059/2186/2059 2060/2187/2060 2238/2439/2238
f 1548/1602/1548 862/882/862 859/879/859
f 1652/1718/1652 859/879/859 858/878/858
f 1192/1225/1192 2239/2440/2239 1020/1045/1020
f 1198/1231/1198 1815/1898/1815 1020/1045/1020
f 1118/1150/1118 2025/2146/2025 467/477/467
f 466/476/466 1118/1150/1118 467/477/467
f 294/563/294 305/313/305 988/1013/988
f 294/563/294 191/196/191 305/313/305
f 2240/2441/2240 1145/2394/1145 1237/1273/1237
f 1993/2442/1993 1827/1911/1827 1146/1179/1146
f 239/247/239 565/578/565 2182/2349/2182
f 565/578/565 1241/1277/1241 844/863/844
f 1702/1773/1702 1703/1774/1703 193/198/193
f 1077/1106/1077 1079/1108/1079 1702/1773/1702
f 2241/2443/2241 252/260/252 4/4/4
f 4/4/4 1237/1273/1237 2241/2443/2241
f 239/247/239 238/246/238 384/2444/384
f 384/2444/384 1107/2445/1107 1241/1277/1241
f 1097/1128/1097 913/933/913 1959/2070/1959
f 1702/1773/1702 1079/1108/1079 1703/1774/1703
f 770/785/770 1875/1973/1875 1367/1411/1367
f 1875/1973/1875 770/785/770 827/846/827
f 1084/1113/1084 2218/2407/2218 1086/1115/1086
f 2218/2407/2218 2004/2124/2004 1086/1115/1086
f 1373/1417/1373 690/703/690 691/704/691
f 1981/2232/1981 2104/2243/2104 2242/2446/2242
f 285/293/285 2125/2273/2125 178/183/178
f 199/204/199 2125/2273/2125 285/293/285
f 349/357/349 798/815/798 1788/1864/1788
f 1788/1864/1788 1527/1579/1527 349/357/349
f 1395/1439/1395 1785/1861/1785 1965/2076/1965
f 1395/1439/1395 923/945/923 1396/1440/1396
f 1548/1602/1548 1652/1718/1652 1549/1603/1549
f 1652/1718/1652 1548/1602/1548 859/879/859
f 1834/1924/1834 1387/1431/1387 680/693/680
f 1835/1925/1835 1834/1924/1834 680/693/680
f 1109/1141/1109 752/767/752 1728/1801/1728
f 3/3/3 2/2/2 229/237/229
f 809/826/809 808/825/808 1815/1898/1815
f 1198/1231/1198 809/826/809 1815/1898/1815
f 1816/1899/1816 2231/2426/2231 2227/2417/2227
f 1816/1899/1816 2227/2417/2227 2084/2213/2084
f 2243/2447/2243 1536/1590/1536 1537/1591/1537
f 558/571/558 2243/2447/2243 1537/1591/1537
f 1721/1794/1721 2089/2218/2089 1978/2092/1978
f 1333/1375/1333 948/970/948 1978/2092/1978
f 1744/1818/1744 2227/2417/2227 1745/1819/1745
f 2227/2417/2227 1744/1818/1744 2084/2213/2084
f 651/664/651 108/112/108 1666/1733/1666
f 108/112/108 369/377/369 1666/1733/1666
f 1003/1028/1003 1002/1027/1002 1872/2448/1872
f 1872/2448/1872 402/412/402 1003/1028/1003
f 1502/1551/1502 735/750/735 2129/2278/2129
f 735/750/735 734/749/734 2129/2278/2129
f 1215/1249/1215 259/1251/259 575/2449/575
f 575/2449/575 574/1250/574 1215/1249/1215
f 620/633/620 1839/2450/1839 621/634/621
f 616/629/616 621/634/621 1839/2450/1839
f 128/132/128 1122/1154/1122 1683/1751/1683
f 1683/1751/1683 1122/1154/1122 1121/1153/1121
f 279/287/279 2011/2132/2011 277/285/277
f 1809/1890/1809 2011/2132/2011 279/287/279
f 919/941/919 1450/1494/1450 921/943/921
f 919/941/919 147/151/147 1450/1494/1450
f 1377/1421/1377 660/673/660 506/517/506
f 660/673/660 1809/1890/1809 506/517/506
f 326/334/326 930/952/930 757/772/757
f 760/775/760 930/952/930 326/334/326
f 538/549/538 1371/1564/1371 2244/2451/2244
f 2244/2451/2244 1371/1564/1371 1250/1769/1250
f 1967/2078/1967 1593/1651/1593 495/506/495
f 722/737/722 721/736/721 1967/2078/1967
f 348/356/348 350/358/350 1676/1743/1676
f 348/356/348 1676/1743/1676 796/813/796
f 721/736/721 13/13/13 1593/1651/1593
f 721/736/721 1593/1651/1593 1967/2078/1967
f 946/968/946 531/542/531 1232/1268/1232
f 1774/1850/1774 529/540/529 531/542/531
f 1056/1085/1056 427/437/427 2035/2160/2035
f 1056/1085/1056 1470/1514/1470 427/437/427
f 1333/1375/1333 1978/2092/1978 2089/2218/2089
f 2088/2217/2088 1333/1375/1333 2089/2218/2089
f 1391/1435/1391 1739/1813/1739 1116/1148/1116
f 1546/1600/1546 1739/1813/1739 1391/1435/1391
f 1209/1242/1209 961/984/961 1205/1238/1205
f 366/982/366 961/984/961 1209/1242/1209
f 2243/2447/2243 558/571/558 968/991/968
f 968/991/968 1536/1590/1536 2243/2447/2243
f 1890/1990/1890 1022/1047/1022 1402/1446/1402
f 1890/1990/1890 1654/1720/1654 1022/1047/1022
f 2074/2201/2074 582/595/582 430/440/430
f 430/440/430 582/595/582 431/441/431
f 91/95/91 50/54/50 232/240/232
f 764/779/764 91/95/91 232/240/232
f 1104/2452/1104 1102/1133/1102 823/842/823
f 2157/2313/2157 474/485/474 1102/2315/1102
f 1486/1531/1486 572/585/572 1484/1529/1484
f 572/585/572 1486/1531/1486 1485/1530/1485
f 1701/1771/1701 1610/1671/1610 472/483/472
f 1610/1671/1610 1701/1771/1701 2093/2222/2093
f 1425/1469/1425 682/695/682 1797/1873/1797
f 1358/1402/1358 1797/1873/1797 682/695/682
f 1796/1872/1796 1461/1505/1461 1425/1469/1425
f 1796/1872/1796 679/692/679 1461/1505/1461
f 295/2101/295 987/1012/987 136/831/136
f 136/831/136 987/1012/987 986/1011/986
f 157/161/157 1588/1645/1588 1587/1644/1587
f 1588/1645/1588 157/161/157 880/900/880
f 1787/2453/1787 849/869/849 848/868/848
f 848/2088/848 1132/2307/1132 1787/2454/1787
f 1052/1081/1052 700/715/700 1051/1080/1051
f 700/715/700 1052/1081/1052 701/716/701
f 517/528/517 1098/1129/1098 1081/1110/1081
f 1098/1129/1098 1047/1074/1047 1081/1110/1081
f 1109/1141/1109 829/848/829 752/767/752
f 390/399/390 74/78/74 59/63/59
f 661/674/661 1864/1958/1864 525/536/525
f 525/536/525 1864/1958/1864 924/946/924
f 746/761/746 866/886/866 1246/1282/1246
f 1246/1282/1246 747/762/747 746/761/746
f 737/752/737 1054/1083/1054 738/753/738
f 1054/1083/1054 1057/1086/1057 738/753/738
f 2245/2455/2245 1647/1713/1647 207/212/207
f 2245/2455/2245 207/212/207 1862/1956/1862
f 1059/1088/1059 1058/1087/1058 1696/1764/1696
f 1265/1303/1265 1059/1088/1059 1696/1764/1696
f 205/210/205 207/212/207 1647/1713/1647
f 1647/1713/1647 1936/2038/1936 205/210/205
f 258/266/258 2018/2139/2018 1541/1595/1541
f 258/266/258 257/265/257 692/2456/692
f 194/199/194 286/294/286 2075/2202/2075
f 2246/2457/2246 2075/2202/2075 286/294/286
f 2224/2413/2224 2221/2410/2221 1038/1063/1038
f 2221/2410/2221 999/1024/999 1038/1063/1038
f 1661/1727/1661 1565/1619/1565 1582/1638/1582
f 1661/1727/1661 1660/1726/1660 1565/1619/1565
f 2050/2175/2050 1460/1504/1460 2247/2458/2247
f 791/806/791 793/808/793 1460/1504/1460
f 1204/1237/1204 383/392/383 1913/2014/1913
f 1204/1237/1204 169/174/169 383/392/383
f 564/577/564 993/1018/993 2000/2119/2000
f 564/577/564 563/576/563 993/1018/993
f 1699/1767/1699 1697/1765/1697 1976/2090/1976
f 1976/2090/1976 1697/1765/1697 1278/1316/1278
f 1596/1654/1596 662/2378/662 2196/2371/2196
f 1597/1655/1597 1596/1654/1596 2196/2371/2196
f 1388/1432/1388 1623/1685/1623 1324/1366/1324
f 1623/1685/1623 1388/1432/1388 1747/1821/1747
f 1055/1084/1055 1470/1514/1470 1056/1085/1056
f 1470/1514/1470 1055/1084/1055 882/902/882
f 258/266/258 2248/2459/2248 2018/2139/2018
f 2248/2459/2248 1737/2460/1737 2018/2139/2018
f 695/709/695 2191/2363/2191 817/836/817
f 2048/2173/2048 817/836/817 2191/2363/2191
f 1140/1173/1140 1141/1174/1141 110/114/110
f 1141/1174/1141 1143/1176/1143 2087/2216/2087
f 1364/1408/1364 315/323/315 456/466/456
f 1364/1408/1364 1298/1336/1298 1296/1334/1296
f 77/81/77 155/159/155 75/79/75
f 155/159/155 80/84/80 75/79/75
f 804/821/804 807/824/807 806/823/806
f 806/823/806 1401/1445/1401 804/821/804
f 907/927/907 1578/1633/1578 908/928/908
f 906/926/906 907/927/907 908/928/908
f 1432/1476/1432 2009/2129/2009 1286/1324/1286
f 1285/1323/1285 1432/1476/1432 1286/1324/1286
f 2246/2457/2246 286/294/286 749/764/749
f 1727/1800/1727 2075/2202/2075 2246/2457/2246
f 508/519/508 507/518/507 69/73/69
f 507/518/507 67/71/67 69/73/69
f 648/661/648 2180/2344/2180 1900/2000/1900
f 254/262/254 405/415/405 2180/2344/2180
f 2246/2457/2246 749/764/749 1727/1800/1727
f 747/762/747 1727/1800/1727 749/764/749
f 811/828/811 810/827/810 936/958/936
f 2080/2207/2080 2249/2461/2249 55/59/55
f 944/966/944 619/2462/619 945/967/945
f 1161/1194/1161 14/15/14 945/2463/945
f 869/889/869 1010/1035/1010 897/917/897
f 1615/1677/1615 2139/2289/2139 1344/1386/1344
f 188/193/188 1441/1485/1441 2041/2166/2041
f 2041/2166/2041 1441/1485/1441 2229/2464/2229
f 756/771/756 754/769/754 755/770/755
f 1342/1384/1342 1950/2060/1950 756/771/756
f 2052/2177/2052 265/273/265 1507/1556/1507
f 2052/2177/2052 1507/1556/1507 1550/1604/1550
f 1140/1173/1140 1907/2007/1907 1908/2008/1908
f 1141/1174/1141 1140/1173/1140 1410/1454/1410
f 1911/2012/1911 2224/2413/2224 2222/2411/2222
f 2224/2413/2224 1038/1063/1038 1206/1239/1206
f 1983/2147/1983 2003/2465/2003 468/479/468
f 463/473/463 468/479/468 461/471/461
f 2014/2135/2014 347/355/347 358/366/358
f 2014/2135/2014 358/366/358 357/365/357
f 265/273/265 2052/2177/2052 2250/2466/2250
f 2250/2466/2250 266/274/266 265/273/265
f 142/146/142 180/185/180 392/401/392
f 283/291/283 142/146/142 392/401/392
f 1297/1335/1297 277/285/277 659/672/659
f 1297/1335/1297 1298/1336/1298 277/285/277
f 1161/1194/1161 619/632/619 618/631/618
f 1161/1194/1161 945/2463/945 619/632/619
f 1527/1579/1527 488/499/488 2120/2268/2120
f 488/499/488 1749/1823/1749 2120/2268/2120
f 424/434/424 1021/1046/1021 425/435/425
f 440/450/440 439/449/439 425/435/425
f 764/779/764 187/192/187 43/47/43
f 43/47/43 91/95/91 764/779/764
f 2242/2446/2242 2104/2243/2104 690/703/690
f 2104/2243/2104 1888/1988/1888 690/703/690
f 2139/2289/2139 2138/2288/2138 897/917/897
f 1010/1035/1010 2139/2289/2139 897/917/897
f 2/2/2 777/792/777 229/237/229
f 3/3/3 229/237/229 228/236/228
f 1444/1488/1444 2229/2464/2229 1441/1485/1441
f 2192/2373/2192 2229/2420/2229 2198/2374/2198
f 551/562/551 1200/1233/1200 818/837/818
f 550/561/550 1200/1233/1200 551/562/551
f 1113/1145/1113 1949/2059/1949 1866/1960/1866
f 1949/2059/1949 1865/1959/1865 1866/1960/1866
f 397/407/397 1687/1755/1687 398/408/398
f 398/408/398 1687/1755/1687 325/333/325
f 648/661/648 255/263/255 254/262/254
f 2180/2344/2180 648/661/648 254/262/254
f 2101/2239/2101 2137/2287/2137 1149/1182/1149
f 1383/1427/1383 2101/2239/2101 1148/1181/1148
f 520/531/520 518/529/518 340/348/340
f 520/531/520 340/348/340 312/320/312
f 1347/1389/1347 1292/1330/1292 1294/1332/1294
f 2096/2229/2096 1292/1330/1292 1347/1389/1347
f 214/221/214 213/220/213 2092/2221/2092
f 213/220/213 1415/1459/1415 2092/2221/2092
f 870/890/870 895/915/895 1483/1528/1483
f 572/585/572 870/890/870 1483/1528/1483
f 2242/2446/2242 690/703/690 1373/1417/1373
f 1981/2232/1981 2242/2446/2242 1373/1417/1373
f 1240/1276/1240 840/859/840 1850/1942/1850
f 1851/1943/1851 2017/2138/2017 1850/1942/1850
f 2241/2443/2241 1237/1273/1237 1985/2100/1985
f 1985/2100/1985 252/260/252 2241/2443/2241
f 1847/1938/1847 448/458/448 447/457/447
f 448/458/448 1847/1938/1847 1010/1035/1010
f 1318/1360/1318 2110/2253/2110 1641/1707/1641
f 1406/1450/1406 1641/1707/1641 2110/2253/2110
f 573/2118/573 1484/2467/1484 118/162/118
f 1484/1529/1484 573/586/573 1487/1532/1487
f 1796/1872/1796 1795/1871/1795 679/692/679
f 1219/1255/1219 1832/1920/1832 1795/1871/1795
f 1847/1938/1847 2096/2229/2096 1345/1387/1345
f 2096/2229/2096 1347/1389/1347 1345/1387/1345
f 1499/1548/1499 720/735/720 1273/1311/1273
f 1273/1311/1273 720/735/720 719/734/719
f 811/828/811 936/958/936 2249/2461/2249
f 2251/2468/2251 1568/1623/1568 811/828/811
f 2079/2206/2079 1953/2064/1953 1726/1799/1726
f 1725/1798/1725 2079/2206/2079 1726/1799/1726
f 445/455/445 324/332/324 2138/2288/2138
f 325/333/325 324/332/324 445/455/445
f 2252/2469/2252 1675/1742/1675 1764/1840/1764
f 1676/1743/1676 1675/1742/1675 2252/2469/2252
f 1628/1690/1628 1627/1689/1627 2232/2428/2232
f 1629/2156/1629 2232/2428/2232 2034/2157/2034
f 1446/1490/1446 1536/1590/1536 544/555/544
f 1594/1652/1594 1446/1490/1446 544/555/544
f 1884/2211/1884 761/776/761 2078/2205/2078
f 389/398/389 1884/2211/1884 2078/2205/2078
f 1862/1956/1862 151/155/151 1646/1712/1646
f 151/155/151 1862/1956/1862 149/153/149
f 2210/2398/2210 1048/1075/1048 1530/1582/1530
f 2021/2142/2021 497/508/497 2067/2194/2067
f 1383/1427/1383 1382/1426/1382 2137/2287/2137
f 2101/2239/2101 1383/1427/1383 2137/2287/2137
f 1373/1417/1373 105/109/105 2097/2233/2097
f 2097/2233/2097 105/109/105 1980/2210/1980
f 164/169/164 376/385/376 375/384/375
f 2152/2305/2152 928/950/928 375/384/375
f 1026/1051/1026 1025/1050/1025 1898/1998/1898
f 1026/1051/1026 1898/1998/1898 404/414/404
f 2114/2258/2114 547/558/547 1597/1655/1597
f 2113/2257/2113 547/558/547 2114/2258/2114
f 2069/2196/2069 1067/1096/1067 1691/1759/1691
f 1690/1758/1690 2069/2196/2069 1691/1759/1691
f 1811/1892/1811 1134/1167/1134 2170/2331/2170
f 1155/1188/1155 2170/2331/2170 1134/1167/1134
f 1893/1993/1893 1477/1522/1477 1480/1525/1480
f 1893/1993/1893 1197/1230/1197 1477/1522/1477
f 1665/1732/1665 1576/1631/1576 772/787/772
f 771/786/771 1665/1732/1665 772/787/772
f 1542/1596/1542 1790/1866/1790 1289/1327/1289
f 2176/2338/2176 1542/1596/1542 1289/1327/1289
f 2181/2348/2181 2145/2296/2145 795/811/795
f 2181/2348/2181 795/811/795 237/810/237
f 179/184/179 1757/1831/1757 178/183/178
f 270/278/270 1757/1831/1757 179/184/179
f 679/692/679 1795/1871/1795 1832/1920/1832
f 679/692/679 1832/1920/1832 677/690/677
f 164/169/164 375/384/375 928/950/928
f 928/950/928 1919/2021/1919 164/169/164
f 1681/1749/1681 416/426/416 641/654/641
f 641/654/641 416/426/416 650/663/650
f 363/371/363 2147/2298/2147 2146/2297/2146
f 37/39/37 363/371/363 2146/2297/2146
f 1496/1544/1496 1763/1838/1763 1249/1285/1249
f 1245/1281/1245 1763/1838/1763 1496/1544/1496
f 723/738/723 1325/1367/1325 724/739/724
f 724/739/724 1325/1367/1325 1512/1562/1512
f 307/315/307 1458/1502/1458 1404/1448/1404
f 1458/1502/1458 338/346/338 1404/1448/1404
f 2002/2121/2002 1457/1501/1457 1404/1448/1404
f 2253/2470/2253 1671/1738/1671 1457/1501/1457
f 899/919/899 898/918/898 1490/2276/1490
f 1490/2276/1490 898/918/898 688/701/688
f 802/819/802 1674/1741/1674 1007/1032/1007
f 802/819/802 1034/1059/1034 1674/1741/1674
f 1034/1059/1034 1008/1033/1008 1674/1741/1674
f 1034/1059/1034 702/717/702 1008/1033/1008
f 1082/1111/1082 1616/1678/1616 513/524/513
f 513/524/513 1616/1678/1616 514/525/514
f 1738/1812/1738 480/491/480 2021/2142/2021
f 480/491/480 497/508/497 2021/2142/2021
f 1822/1905/1822 1883/1983/1883 1032/1057/1032
f 1032/1057/1032 1883/1983/1883 1033/1058/1033
f 6/16/6 14/15/14 1163/1196/1163
f 945/2463/945 14/15/14 5/14/5
f 726/741/726 385/394/385 1521/1573/1521
f 1521/1573/1521 728/743/728 726/741/726
f 1367/1411/1367 1482/1527/1482 2072/2199/2072
f 1813/1894/1813 1482/1527/1482 1367/1411/1367
f 2198/2471/2198 2229/2464/2229 1444/1488/1444
f 1444/1488/1444 1443/1487/1443 2198/2471/2198
f 1463/1507/1463 1113/1145/1113 1464/1508/1464
f 1113/1145/1113 1866/1960/1866 1464/1508/1464
f 185/190/185 2254/2472/2254 2005/2125/2005
f 2254/2472/2254 958/980/958 2005/2125/2005
f 1315/1355/1315 2026/2148/2026 1126/1158/1126
f 1315/1355/1315 1515/1567/1515 2026/2148/2026
f 950/972/950 952/974/952 954/976/954
f 1934/2036/1934 1933/2035/1933 954/976/954
f 27/29/27 42/46/42 38/40/38
f 813/832/813 42/46/42 27/29/27
f 1344/1386/1344 2139/2289/2139 1010/1035/1010
f 1847/1938/1847 1344/1386/1344 1010/1035/1010
f 1468/1512/1468 1704/1775/1704 1703/1774/1703
f 1473/1517/1473 1468/1512/1468 1471/1515/1471
f 787/802/787 786/801/786 1995/2113/1995
f 1995/2113/1995 786/801/786 940/962/940
f 185/190/185 2005/2125/2005 2165/2324/2165
f 1474/1518/1474 185/190/185 2165/2324/2165
f 950/972/950 954/976/954 1933/2035/1933
f 950/972/950 1933/2035/1933 1569/1624/1569
f 613/626/613 161/166/161 614/627/614
f 161/166/161 712/727/712 614/627/614
f 1959/2070/1959 1703/1774/1703 1079/1108/1079
f 1468/1512/1468 1703/1774/1703 1959/2070/1959
f 2145/2296/2145 2168/2327/2168 124/128/124
f 124/128/124 2015/2136/2015 2145/2296/2145
f 1019/1044/1019 441/451/441 440/450/440
f 1886/1986/1886 441/451/441 1019/1044/1019
f 723/738/723 442/452/442 1325/1367/1325
f 723/738/723 1967/2078/1967 442/452/442
f 1028/1053/1028 1716/1789/1716 208/213/208
f 1716/1789/1716 209/214/209 208/213/208
f 465/475/465 1716/1789/1716 1861/1953/1861
f 1861/1953/1861 347/355/347 465/475/465
f 1934/2036/1934 102/106/102 1933/2035/1933
f 102/106/102 1934/2036/1934 1377/1421/1377
f 1278/1316/1278 666/679/666 1975/2089/1975
f 1278/1316/1278 1975/2089/1975 1976/2090/1976
f 678/691/678 677/690/677 1113/1145/1113
f 1463/1507/1463 678/691/678 1113/1145/1113
f 347/355/347 1685/1753/1685 358/366/358
f 1685/1753/1685 347/355/347 1861/1953/1861
f 2251/2468/2251 2249/2461/2249 2080/2207/2080
f 2251/2468/2251 811/828/811 2249/2461/2249
f 484/495/484 782/797/782 784/799/784
f 2106/2245/2106 784/799/784 783/798/783
f 1760/1834/1760 911/931/911 1758/1832/1758
f 229/237/229 1758/1832/1758 911/931/911
f 2076/2203/2076 1416/1460/1416 2255/2473/2255
f 1856/1948/1856 1416/1460/1416 2076/2203/2076
f 1730/1803/1730 647/660/647 648/661/648
f 1730/1803/1730 1105/1137/1105 647/660/647
f 872/892/872 1055/1084/1055 737/752/737
f 739/754/739 872/892/872 737/752/737
f 1954/2065/1954 2214/2403/2214 453/463/453
f 1954/2065/1954 2215/2404/2215 2214/2403/2214
f 384/393/384 238/812/238 1905/2005/1905
f 795/811/795 2144/2295/2144 238/812/238
f 54/58/54 2056/2181/2056 2080/2207/2080
f 2251/2468/2251 2080/2207/2080 1568/1623/1568
f 2035/2160/2035 1057/1086/1057 1056/1085/1056
f 1056/1085/1056 1057/1086/1057 1054/1083/1054
f 1229/1265/1229 850/870/850 2256/2474/2256
f 2256/2474/2256 1585/1641/1585 1229/1265/1229
f 35/42/35 261/269/261 2142/2292/2142
f 1191/1224/1191 35/37/35 2142/2312/2142
f 1339/1381/1339 1338/1380/1338 612/2475/612
f 1338/1380/1338 2116/2260/2116 612/2475/612
f 1810/1891/1810 2237/2438/2237 2235/2434/2235
f 824/843/824 2237/2438/2237 825/844/825
f 943/965/943 942/964/942 2106/2245/2106
f 784/799/784 2106/2245/2106 942/964/942
f 1459/1503/1459 1460/1504/1460 2051/2176/2051
f 2119/2265/2119 1459/1503/1459 2051/2176/2051
f 583/596/583 591/604/591 2236/2435/2236
f 2257/2476/2257 593/606/593 2236/2435/2236
f 2084/2213/2084 1744/1818/1744 1743/1817/1743
f 1743/1817/1743 234/242/234 2084/2213/2084
f 1595/1653/1595 1968/2079/1968 778/793/778
f 576/589/576 578/591/578 778/793/778
f 1476/1520/1476 1027/1052/1027 1225/1261/1225
f 1225/1261/1225 1227/1263/1227 1476/1520/1476
f 1430/1474/1430 593/606/593 1431/1475/1431
f 1892/1992/1892 594/607/594 593/606/593
f 1928/2030/1928 793/808/793 1277/1315/1277
f 1460/1504/1460 793/808/793 2247/2458/2247
f 741/756/741 2174/2336/2174 311/319/311
f 2174/2336/2174 741/756/741 1306/1345/1306
f 1963/2074/1963 2174/2336/2174 740/755/740
f 2174/2336/2174 2230/2425/2230 740/755/740
f 591/604/591 590/603/590 1431/1475/1431
f 591/604/591 2257/2476/2257 2236/2435/2236
f 813/832/813 989/1014/989 42/46/42
f 813/832/813 812/829/812 986/1011/986
f 1523/1575/1523 1906/2006/1906 1524/1576/1524
f 2143/2294/2143 1906/2006/1906 2144/2295/2144
f 1466/1510/1466 2094/2224/2094 1654/1720/1654
f 1467/1511/1467 2094/2224/2094 1466/1510/1466
f 1956/2067/1956 223/231/223 511/522/511
f 223/231/223 1956/2067/1956 224/232/224
f 884/904/884 892/912/892 429/439/429
f 892/912/892 884/904/884 890/910/890
f 1/1/1 1595/1653/1595 777/792/777
f 1/1/1 777/792/777 2/2/2
f 213/220/213 1566/1621/1566 1415/1459/1415
f 2255/2473/2255 732/747/732 2076/2203/2076
f 822/841/822 1124/1156/1124 552/564/552
f 822/841/822 552/564/552 823/842/823
f 1692/1760/1692 1691/1759/1691 1025/1050/1025
f 1691/1759/1691 1899/1999/1899 1025/1050/1025
f 667/680/667 714/1247/714 1213/1246/1213
f 1213/1246/1213 1212/1245/1212 672/685/672
f 1233/1269/1233 1187/1220/1187 1956/2067/1956
f 1956/2067/1956 271/279/271 1233/1269/1233
f 1514/1566/1514 1315/1355/1315 387/1356/387
f 389/398/389 1514/1895/1514 387/396/387
f 1759/1833/1759 109/113/109 1760/1834/1760
f 578/591/578 109/113/109 1759/1833/1759
f 699/714/699 505/516/505 1964/2075/1964
f 699/714/699 701/716/701 505/516/505
f 1213/1246/1213 672/685/672 667/680/667
f 671/684/671 667/680/667 672/685/672
f 544/555/544 546/557/546 1594/1652/1594
f 546/557/546 1595/1653/1595 1594/1652/1594
f 1566/1621/1566 2255/2473/2255 1415/1459/1415
f 1415/1459/1415 2255/2473/2255 1416/1460/1416
f 772/787/772 1578/1633/1578 2135/2284/2135
f 2135/2284/2135 1578/1633/1578 907/927/907
f 190/195/190 189/194/189 571/584/571
f 1485/1530/1485 571/584/571 572/585/572
f 931/953/931 1955/2066/1955 522/533/522
f 1987/2103/1987 273/281/273 931/953/931
f 2235/2434/2235 2237/2438/2237 824/843/824
f 824/843/824 1777/1853/1777 2235/2434/2235
f 1409/1453/1409 883/903/883 428/438/428
f 1409/1453/1409 890/910/890 883/903/883
f 371/379/371 1524/1576/1524 2143/2294/2143
f 1524/1576/1524 1906/2006/1906 2143/2294/2143
f 226/234/226 1818/1901/1818 280/288/280
f 1734/1807/1734 1818/1901/1818 226/234/226
f 385/394/385 1904/2004/1904 1521/1573/1521
f 384/393/384 1904/2004/1904 385/394/385
f 1736/1809/1736 1735/1808/1735 1732/1805/1732
f 1732/1805/1732 2188/2360/2188 1736/1809/1736
f 445/455/445 1615/1677/1615 446/456/446
f 2138/2288/2138 1615/1677/1615 445/455/445
f 976/1000/976 821/840/821 1515/1567/1515
f 1129/1161/1129 491/502/491 976/2018/976
f 1515/1896/1515 1129/1161/1129 976/2018/976
f 1129/1161/1129 1159/1192/1159 1127/1159/1127
f 1858/1950/1858 1005/1030/1005 1823/1906/1823
f 1005/1030/1005 1004/1029/1004 1823/1906/1823
f 2147/2298/2147 363/371/363 1199/1232/1199
f 1202/1235/1202 2147/2298/2147 1199/1232/1199
f 1053/1082/1053 587/600/587 589/602/589
f 584/597/584 1053/1082/1053 589/602/589
f 1840/1930/1840 1718/1791/1718 630/643/630
f 461/471/461 1718/2477/1718 1840/2123/1840
f 2133/2282/2133 1589/1646/1589 438/448/438
f 2132/2281/2132 2133/2282/2133 438/448/438
f 1541/1595/1541 190/195/190 2258/2478/2258
f 190/195/190 571/584/571 2258/2478/2258
f 132/136/132 1998/2116/1998 2155/2310/2155
f 132/136/132 173/178/173 1998/2116/1998
f 1339/1381/1339 669/682/669 1340/1382/1340
f 1340/1382/1340 2189/2361/2189 1338/1380/1338
f 694/708/694 2042/2167/2042 2041/2166/2041
f 694/708/694 1327/1369/1327 2042/2167/2042
f 852/872/852 854/874/854 2156/2311/2156
f 1359/1403/1359 248/256/248 2156/2311/2156
f 373/381/373 148/152/148 794/809/794
f 148/152/148 373/381/373 231/239/231
f 249/257/249 1464/1508/1464 250/258/250
f 1464/1508/1464 2001/2120/2001 250/258/250
f 1431/1475/1431 2257/2476/2257 591/604/591
f 1431/1475/1431 593/606/593 2257/2476/2257
f 2193/2368/2193 1738/1812/1738 2020/2141/2020
f 2193/2368/2193 1443/1810/1443 1738/1812/1738
f 2085/2214/2085 1474/1518/1474 1672/1739/1672
f 186/191/186 1474/1518/1474 2085/2214/2085
f 705/720/705 707/722/707 763/778/763
f 763/778/763 707/722/707 1514/1895/1514
f 316/324/316 318/326/318 2093/2222/2093
f 140/1675/140 1613/1674/1613 2093/2222/2093
f 250/258/250 2001/2120/2001 853/873/853
f 2001/2120/2001 854/874/854 853/873/853
f 1340/1382/1340 669/682/669 2189/2361/2189
f 2189/2361/2189 669/682/669 2115/2259/2115
f 478/489/478 692/705/692 477/488/477
f 479/490/479 478/489/478 477/488/477
f 65/69/65 1309/1348/1309 1314/1353/1314
f 1313/1352/1313 65/69/65 1314/1353/1314
f 2130/2279/2130 317/325/317 316/324/316
f 1229/1265/1229 2131/2280/2131 2130/2279/2130
f 767/782/767 2201/2382/2201 1698/1766/1698
f 2201/2382/2201 767/782/767 1852/1944/1852
f 1158/1191/1158 1159/1192/1159 1516/1568/1516
f 707/722/707 1516/1568/1516 1515/1896/1515
f 485/496/485 1819/1902/1819 486/497/486
f 486/497/486 1734/1807/1734 1736/1809/1736
f 1811/1892/1811 1852/1944/1852 1134/1167/1134
f 1811/1892/1811 2201/2382/2201 1852/1944/1852
f 2033/2155/2033 1143/1176/1143 1175/1208/1175
f 470/481/470 1143/1176/1143 2033/2155/2033
f 1002/1027/1002 1110/1142/1110 509/2479/509
f 1872/2448/1872 1002/1027/1002 509/2479/509
f 730/745/730 733/748/733 1501/1550/1501
f 733/748/733 735/750/735 1501/1550/1501
f 1061/1090/1061 11/11/11 10/10/10
f 608/621/608 2054/2179/2054 10/10/10
f 717/732/717 1849/1941/1849 719/734/719
f 715/730/715 717/732/717 719/734/719
f 2131/2280/2131 1365/1409/1365 317/325/317
f 317/325/317 2130/2279/2130 2131/2280/2131
f 984/1009/984 1958/2069/1958 466/476/466
f 1421/1465/1421 1958/2069/1958 984/1009/984
f 1617/1679/1617 1769/1845/1769 1535/1589/1535
f 1535/1589/1535 1769/1845/1769 1618/1680/1618
f 2054/2179/2054 1069/1098/1069 1061/1090/1061
f 10/10/10 2054/2179/2054 1061/1090/1061
f 1417/1461/1417 2116/2480/2116 214/221/214
f 1337/1540/1337 212/219/212 214/221/214
f 1058/1087/1058 1154/1187/1154 1696/1764/1696
f 2086/2215/2086 635/648/635 1154/1187/1154
f 1516/1568/1516 1159/1192/1159 1515/1896/1515
f 1159/1192/1159 1129/1161/1129 1515/1896/1515
f 2201/2382/2201 1962/2073/1962 1698/1766/1698
f 421/431/421 1962/2073/1962 2201/2382/2201
f 1500/1549/1500 731/746/731 730/745/730
f 1500/1549/1500 990/1015/990 731/746/731
f 1149/1182/1149 1074/1103/1074 408/418/408
f 408/418/408 1074/1103/1074 409/419/409
f 1407/1451/1407 890/910/890 1409/1453/1409
f 1319/1361/1319 1407/1451/1407 1409/1453/1409
f 651/664/651 1817/1900/1817 79/83/79
f 329/337/329 138/142/138 1817/1900/1817
f 1091/1122/1091 1671/1738/1671 2006/2126/2006
f 2006/2126/2006 2175/2337/2175 1091/1122/1091
f 698/712/698 697/711/697 2122/2270/2122
f 1203/1236/1203 1814/1897/1814 697/711/697
f 2259/2481/2259 391/400/391 393/402/393
f 2260/2482/2260 402/412/402 1872/2448/1872
f 2249/2461/2249 936/958/936 55/59/55
f 936/958/936 935/957/935 55/59/55
f 1558/2483/1558 217/225/217 107/224/107
f 107/111/107 275/283/275 1558/1612/1558
f 2121/2269/2121 1805/1886/1805 1807/1888/1807
f 1210/1243/1210 1807/1888/1807 1805/1886/1805
f 620/1970/620 944/966/944 1837/1968/1837
f 619/2462/619 944/966/944 620/1970/620
f 273/281/273 1955/2066/1955 931/953/931
f 1955/2066/1955 273/281/273 314/322/314
f 2261/2484/2261 1681/1749/1681 2223/2412/2223
f 2223/2412/2223 1681/1749/1681 641/654/641
f 102/106/102 104/108/104 1569/1624/1569
f 1569/1624/1569 104/108/104 2108/2251/2108
f 2113/2257/2113 1814/1897/1814 547/558/547
f 1814/1897/1814 2122/2270/2122 697/711/697
f 163/168/163 563/576/563 1851/1943/1851
f 712/727/712 163/168/163 1851/1943/1851
f 1568/1623/1568 2080/2207/2080 2056/2181/2056
f 1568/1623/1568 2056/2181/2056 267/275/267
f 1228/1264/1228 1131/1163/1131 2118/2264/2118
f 2118/2264/2118 1585/1641/1585 1228/1264/1228
f 153/157/153 962/985/962 240/248/240
f 153/157/153 240/248/240 320/1670/320
f 1964/2075/1964 1694/1762/1694 579/592/579
f 1964/2075/1964 579/592/579 1637/1703/1637
f 1972/2356/1972 2186/2355/2186 2037/2485/2037
f 2037/2162/2037 902/922/902 1972/2083/1972
f 432/442/432 1644/1710/1644 1960/2071/1960
f 1960/2071/1960 1961/2072/1961 1066/1095/1066
f 1877/1975/1877 1472/1516/1472 748/763/748
f 748/763/748 1472/1516/1472 1471/1515/1471
f 1509/1559/1509 1510/1560/1510 1411/2346/1411
f 1510/1560/1510 346/354/346 1411/2346/1411
f 1136/1169/1136 300/308/300 134/138/134
f 1136/1169/1136 134/138/134 136/140/136
f 1951/2061/1951 1633/1699/1633 901/921/901
f 901/921/901 765/780/765 1951/2061/1951
f 657/670/657 318/326/318 1365/1409/1365
f 656/669/656 318/326/318 657/670/657
f 435/445/435 434/444/434 1087/1116/1087
f 1087/1116/1087 2023/2144/2023 435/445/435
f 2172/2334/2172 1541/1595/1541 2258/2478/2258
f 259/267/259 1541/1595/1541 2172/2334/2172
f 1795/1871/1795 1798/1874/1798 1220/1256/1220
f 1798/1874/1798 1358/1402/1358 1220/1256/1220
f 1202/1235/1202 1803/1883/1803 2147/2298/2147
f 1202/1235/1202 1201/1234/1201 1803/1883/1803
f 215/222/215 1988/2104/1988 1987/2103/1987
f 1987/2103/1987 1988/2104/1988 273/281/273
f 1693/1761/1693 2074/2201/2074 1692/1760/1692
f 1693/1761/1693 1520/1572/1520 2074/2201/2074
f 1298/1336/1298 456/466/456 1093/1124/1093
f 456/466/456 1298/1336/1298 1364/1408/1364
f 1067/1096/1067 2069/2196/2069 1064/1093/1064
f 2069/2196/2069 1065/1094/1065 1064/1093/1064
f 2123/2354/2123 2196/2371/2196 662/2378/662
f 2123/2354/2123 2124/2272/2124 2196/2371/2196
f 1261/1299/1261 379/388/379 1396/1440/1396
f 377/386/377 379/388/379 1261/1299/1261
f 2061/2188/2061 2062/2189/2062 2071/2198/2071
f 2071/2198/2071 2062/2189/2062 1488/1534/1488
f 813/832/813 986/1011/986 989/1014/989
f 989/1014/989 986/1011/986 987/1012/987
f 1167/1200/1167 127/131/127 1965/2076/1965
f 125/129/125 127/131/127 1167/1200/1167
f 575/588/575 2172/2334/2172 1540/1594/1540
f 2172/2334/2172 1485/1530/1485 1540/1594/1540
f 1321/1363/1321 1320/1362/1320 1532/1584/1532
f 1532/1584/1532 1320/1362/1320 881/901/881
f 1282/1320/1282 1754/1828/1754 1756/1830/1756
f 787/802/787 1282/1320/1282 1756/1830/1756
f 436/446/436 1589/1646/1589 2215/2404/2215
f 2163/2321/2163 436/446/436 2215/2404/2215
f 1841/1931/1841 1033/1058/1033 2077/2204/2077
f 2077/2204/2077 1033/1058/1033 762/777/762
f 1942/2046/1942 1611/1672/1611 318/326/318
f 1611/1672/1611 473/484/473 472/483/472
f 413/423/413 1602/1660/1602 752/767/752
f 1602/1660/1602 413/423/413 1600/1658/1600
f 2038/2163/2038 2222/2411/2222 1040/1065/1040
f 1041/1067/1041 2038/2163/2038 1040/1065/1040
f 333/341/333 303/311/303 1077/1106/1077
f 303/311/303 302/310/302 1077/1106/1077
f 1412/1456/1412 1256/1292/1256 1411/1455/1411
f 1412/1456/1412 90/94/90 319/327/319
f 823/842/823 552/564/552 553/565/553
f 823/842/823 553/565/553 1104/2452/1104
f 362/370/362 1090/1121/1090 360/368/360
f 1091/1122/1091 2175/2337/2175 1090/1121/1090
f 515/526/515 517/528/517 862/882/862
f 862/882/862 1548/1602/1548 515/526/515
f 2045/2170/2045 189/194/189 188/193/188
f 1328/1370/1328 2045/2170/2045 188/193/188
f 629/642/629 628/641/628 1826/1909/1826
f 1719/1792/1719 1826/1909/1826 628/641/628
f 2073/2200/2073 2177/2340/2177 909/929/909
f 909/929/909 561/574/561 969/992/969
f 1554/1608/1554 48/52/48 1556/1610/1556
f 98/102/98 145/149/145 48/52/48
f 1052/1081/1052 2225/2415/2225 172/177/172
f 241/249/241 172/177/172 2225/2415/2225
f 2127/2275/2127 1335/1377/1335 1337/1379/1337
f 2150/2301/2150 2151/2303/2151 1335/1377/1335
f 1892/1992/1892 1891/1991/1891 1150/1183/1150
f 1150/1183/1150 594/607/594 1892/1992/1892
f 1335/1377/1335 2127/2275/2127 2150/2301/2150
f 2053/2178/2053 622/635/622 615/628/615
f 1939/2042/1939 1112/1144/1112 1742/1816/1742
f 1939/2042/1939 1113/1145/1113 1112/1144/1112
f 868/2432/868 1247/1283/1247 2234/2433/2234
f 868/2432/868 867/1839/867 1247/1283/1247
f 872/892/872 1533/1585/1533 881/901/881
f 1532/1584/1532 881/901/881 2212/2400/2212
f 2262/2486/2262 130/134/130 201/206/201
f 2262/2486/2262 201/206/201 203/208/203
f 394/2401/394 352/360/352 71/75/71
f 394/2401/394 71/75/71 73/77/73
f 1090/1121/1090 2175/2337/2175 360/368/360
f 360/368/360 2175/2337/2175 1842/1933/1842
f 1889/1989/1889 1123/1155/1123 2262/2486/2262
f 1889/1989/1889 2262/2486/2262 203/208/203
f 1915/2016/1915 433/443/433 2024/2145/2024
f 979/1003/979 1915/2016/1915 2024/2145/2024
f 776/791/776 774/789/774 1188/1221/1188
f 774/789/774 776/791/776 725/740/725
f 1817/1900/1817 651/664/651 329/337/329
f 329/337/329 651/664/651 1770/1846/1770
f 1905/2005/1905 238/812/238 2144/2295/2144
f 1905/2005/1905 2144/2295/2144 1906/2006/1906
f 473/484/473 1611/1672/1611 1942/2046/1942
f 473/484/473 1942/2046/1942 474/485/474
f 1859/1951/1859 160/165/160 1935/2055/1935
f 160/165/160 1859/1951/1859 158/163/158
f 1442/1486/1442 2018/2139/2018 1737/2460/1737
f 1737/2460/1737 1443/1487/1443 1442/1486/1442
f 28/30/28 37/39/37 2202/2383/2202
f 2202/2383/2202 895/915/895 28/30/28
f 1197/2052/1197 1894/1994/1894 1242/1278/1242
f 1242/1278/1242 1564/1618/1564 1197/2052/1197
f 1895/1995/1895 1099/1130/1099 1896/1996/1896
f 1099/1130/1099 1895/1995/1895 1909/2009/1909
f 1971/2082/1971 1950/2060/1950 470/481/470
f 1950/2060/1950 1971/2082/1971 756/771/756
f 1070/1099/1070 10/10/10 12/12/12
f 270/278/270 607/620/607 12/12/12
f 751/766/751 710/725/710 752/767/752
f 751/766/751 1035/1060/1035 710/725/710
f 607/620/607 608/621/608 1070/1099/1070
f 607/620/607 1070/1099/1070 12/12/12
f 1858/1950/1858 996/1021/996 1005/1030/1005
f 996/1021/996 995/1020/995 1005/1030/1005
f 1766/1842/1766 933/955/933 2188/2360/2188
f 1732/1805/1732 1766/1842/1766 2188/2360/2188
f 880/900/880 20/22/20 1216/1252/1216
f 16/18/16 1216/1252/1216 20/22/20
f 1644/1710/1644 595/608/595 594/607/594
f 1644/1710/1644 594/607/594 1150/1183/1150
f 537/548/537 536/547/536 1248/1284/1248
f 536/547/536 1632/1698/1632 1248/1284/1248
f 106/110/106 691/704/691 275/283/275
f 691/704/691 106/110/106 105/109/105
f 1258/1296/1258 1914/2015/1914 1257/1295/1257
f 1257/1295/1257 1914/2015/1914 531/542/531
f 642/655/642 649/662/649 1105/1137/1105
f 1105/1137/1105 1184/1217/1184 255/263/255
f 1116/1148/1116 1115/1147/1115 1309/1348/1309
f 1310/1349/1310 1309/1348/1309 1115/1147/1115
f 1376/1420/1376 167/172/167 169/174/169
f 320/1670/320 1948/2058/1948 1376/1420/1376
f 423/433/423 1006/1031/1006 1274/1312/1274
f 423/433/423 422/432/422 1006/1031/1006
f 1609/1669/1609 1376/1420/1376 1948/2058/1948
f 1609/1669/1609 1948/2058/1948 240/248/240
f 1990/2106/1990 568/581/568 2000/2119/2000
f 570/583/570 2000/2119/2000 568/581/568
f 1880/1980/1880 1063/1979/1063 2263/2487/2263
f 1063/1979/1063 322/330/322 2263/2487/2263
f 1583/1639/1583 1362/1406/1362 225/233/225
f 1362/1406/1362 2264/2488/2264 225/233/225
f 114/118/114 198/203/198 115/119/115
f 198/1642/198 114/1558/114 1586/1643/1586
f 244/252/244 243/251/243 1879/1978/1879
f 1879/1978/1879 243/251/243 1210/1243/1210
f 2263/2487/2263 1062/1091/1062 367/375/367
f 322/330/322 1062/1091/1062 2263/2487/2263
f 1529/1581/1529 1909/2009/1909 1907/2007/1907
f 1909/2009/1909 1172/1205/1172 1907/2007/1907
f 1760/1834/1760 109/113/109 1680/1748/1680
f 1680/1748/1680 2008/2128/2008 1982/2097/1982
f 1874/1972/1874 1868/1963/1868 685/698/685
f 1874/1972/1874 1488/1534/1488 1868/1963/1868
f 1141/1174/1141 2087/2216/2087 110/114/110
f 111/115/111 110/114/110 2087/2216/2087
f 888/908/888 886/906/886 885/905/885
f 1666/1733/1666 888/908/888 885/905/885
f 121/125/121 182/187/182 1418/1462/1418
f 2010/2130/2010 1418/1462/1418 182/187/182
f 2187/2358/2187 1453/1497/1453 1452/1496/1452
f 1454/2489/1454 2187/2490/2187 2186/2491/2186
f 2004/2124/2004 1275/1313/1275 1006/1031/1006
f 1275/1313/1275 2004/2124/2004 2218/2407/2218
f 2132/2281/2132 1251/1287/1251 1917/2019/1917
f 438/448/438 1251/1287/1251 2132/2281/2132
f 270/278/270 12/12/12 886/906/886
f 888/908/888 270/278/270 886/906/886
f 1573/1628/1573 1571/1626/1571 1574/1629/1574
f 1573/1628/1573 2108/2251/2108 1571/1626/1571
f 187/192/187 243/251/243 95/99/95
f 94/98/94 187/192/187 95/99/95
f 1505/1554/1505 1479/1524/1479 1997/2115/1997
f 2185/2353/2185 1504/1553/1504 1505/1554/1505
f 2116/2480/2116 1417/1461/1417 612/625/612
f 612/625/612 1417/1461/1417 1416/1460/1416
f 2186/2491/2186 2187/2490/2187 1452/2492/1452
f 1452/2084/1452 2037/2485/2037 2186/2355/2186
f 684/697/684 683/696/683 687/2493/687
f 687/700/687 123/127/123 684/2414/684
f 1327/1369/1327 693/707/693 255/263/255
f 255/263/255 1326/1368/1326 1327/1369/1327
f 1667/1734/1667 1447/1491/1447 355/363/355
f 355/363/355 1447/1491/1447 1/1/1
f 1256/1292/1256 319/327/319 2125/2273/2125
f 319/327/319 1256/1292/1256 1412/1456/1412
f 808/825/808 1389/1433/1389 2231/2426/2231
f 2231/2426/2231 1815/1898/1815 808/825/808
f 414/424/414 413/423/413 829/848/829
f 828/847/828 414/424/414 829/848/829
f 154/2328/154 322/330/322 676/2494/676
f 322/330/322 1063/1979/1063 676/2494/676
f 1764/1840/1764 797/814/797 796/813/796
f 1491/1537/1491 797/814/797 1764/1840/1764
f 1565/1619/1565 1592/1650/1592 631/1637/631
f 1660/1726/1660 1592/1650/1592 1565/1619/1565
f 1165/1198/1165 1166/1199/1166 925/947/925
f 925/947/925 520/531/520 1165/1198/1165
f 2119/2265/2119 2131/2280/2131 1229/1265/1229
f 1585/1641/1585 2119/2265/2119 1229/1265/1229
f 1544/1598/1544 1892/1992/1892 1430/1474/1430
f 1430/1474/1430 1892/1992/1892 593/606/593
f 2051/2176/2051 2050/2175/2050 2049/2174/2049
f 1085/1114/1085 2049/2174/2049 2050/2175/2050
f 2212/2400/2212 1533/1585/1533 874/894/874
f 2212/2400/2212 881/901/881 1533/1585/1533
f 1546/1600/1546 485/496/485 1739/1813/1739
f 1545/1599/1545 485/496/485 1546/1600/1546
f 1123/1155/1123 130/134/130 2262/2486/2262
f 1123/1155/1123 128/132/128 130/134/130
f 2116/2480/2116 1337/1540/1337 214/221/214
f 2116/2260/2116 2127/2275/2127 1337/1379/1337
f 1646/1712/1646 1645/1711/1645 1829/1915/1829
f 1829/1915/1829 1649/1715/1649 1648/1714/1648
f 332/340/332 331/339/331 262/270/262
f 331/339/331 785/800/785 262/270/262
f 1997/2115/1997 2185/2353/2185 1505/1554/1505
f 2185/2353/2185 1997/2115/1997 1000/1025/1000
f 1105/1137/1105 649/662/649 1184/1217/1184
f 1184/1217/1184 649/662/649 1185/1218/1185
f 664/677/664 792/807/792 665/678/665
f 793/808/793 792/807/792 664/677/664
f 1492/1538/1492 1789/1865/1789 798/815/798
f 1491/1537/1491 1789/1865/1789 1492/1538/1492
f 263/271/263 1755/1829/1755 264/272/264
f 1755/1829/1755 281/289/281 264/272/264
f 1185/1218/1185 418/428/418 1186/1219/1186
f 1326/1368/1326 1184/1217/1184 1186/1219/1186
f 2245/2455/2245 1862/1956/1862 1646/1712/1646
f 1646/1712/1646 1829/1915/1829 2245/2455/2245
f 2183/2350/2183 280/288/280 1818/1901/1818
f 566/579/566 280/288/280 2183/2350/2183
f 153/157/153 152/156/152 962/985/962
f 171/176/171 962/985/962 152/156/152
f 923/945/923 1965/2076/1965 523/534/523
f 923/945/923 1395/1439/1395 1965/2076/1965
f 1336/1541/1336 2151/2304/2151 1495/1543/1495
f 1335/1377/1335 2151/2303/2151 1336/1378/1336
f 182/187/182 181/186/181 2010/2130/2010
f 2010/2130/2010 181/186/181 978/1002/978
f 982/1006/982 1924/2026/1924 1230/1266/1230
f 1230/1266/1230 980/1004/980 982/1006/982
f 1163/1196/1163 1160/1193/1160 1142/1175/1142
f 618/631/618 1142/1175/1142 1160/1193/1160
f 1872/1967/1872 70/74/70 1871/1966/1871
f 1872/1967/1872 1871/1966/1871 2260/2495/2260
f 263/271/263 2039/2164/2039 1756/1830/1756
f 263/271/263 262/270/262 2039/2164/2039
f 1326/1368/1326 1186/1219/1186 418/428/418
f 1326/1368/1326 418/428/418 420/430/420
f 1756/1830/1756 2039/2164/2039 787/802/787
f 2039/2164/2039 785/800/785 787/802/787
f 871/891/871 1009/1034/1009 2238/2439/2238
f 649/662/649 871/891/871 1185/1218/1185
f 765/780/765 232/240/232 1951/2061/1951
f 232/240/232 765/780/765 764/779/764
f 2254/2472/2254 1092/1123/1092 958/980/958
f 185/190/185 1092/1123/1092 2254/2472/2254
f 756/771/756 755/770/755 1342/1384/1342
f 755/770/755 1341/1383/1341 1342/1384/1342
f 131/135/131 1591/1648/1591 1029/1054/1029
f 1029/2184/1029 1591/1649/1591 1592/1650/1592
f 876/896/876 2213/2402/2213 1534/1587/1534
f 2213/2496/2213 2164/2323/2164 879/899/879
f 9/9/9 15/17/15 1023/1048/1023
f 805/822/805 15/17/15 8/8/8
f 543/554/543 939/961/939 577/590/577
f 543/554/543 542/553/542 939/961/939
f 1138/1171/1138 1137/1170/1137 2044/2169/2044
f 2044/2169/2044 2158/2314/2158 1138/1171/1138
f 2172/2334/2172 2258/2478/2258 1485/1530/1485
f 2258/2478/2258 571/584/571 1485/1530/1485
f 487/498/487 1736/1809/1736 2136/2285/2136
f 2188/2360/2188 2136/2285/2136 1736/1809/1736
f 1244/1280/1244 2030/2152/2030 2264/2488/2264
f 225/233/225 2264/2488/2264 1783/1859/1783
f 2031/2153/2031 1733/1806/1733 1783/1859/1783
f 2032/2154/2032 2031/2153/2031 2030/2152/2030
f 2264/2488/2264 2030/2152/2030 1783/1859/1783
f 2030/2152/2030 2031/2153/2031 1783/1859/1783
f 1636/1702/1636 2036/2161/2036 2022/2143/2022
f 1637/1703/1637 1636/1702/1636 2022/2143/2022
f 388/1354/388 1125/1157/1125 1885/1985/1885
f 1884/1984/1884 388/1354/388 1885/1985/1885
f 1753/1827/1753 1451/1495/1451 219/227/219
f 921/943/921 1451/1495/1451 1753/1827/1753
f 200/205/200 1772/1848/1772 758/773/758
f 199/204/199 1772/1848/1772 200/205/200
f 1137/1170/1137 117/121/117 2044/2169/2044
f 117/121/117 1137/1170/1137 136/140/136
f 63/67/63 1060/1089/1060 1836/1926/1836
f 61/65/61 63/67/63 1836/1926/1836
f 921/943/921 920/942/920 918/940/918
f 148/152/148 918/940/918 920/942/920
f 2265/2497/2265 1928/2030/1928 1277/1315/1277
f 1277/1315/1277 1697/1765/1697 2265/2497/2265
f 2228/2418/2228 2163/2321/2163 1778/1854/1778
f 947/969/947 2228/2418/2228 1778/1854/1778
f 1376/1420/1376 1609/1669/1609 167/172/167
f 1609/1669/1609 241/249/241 167/172/167
f 1377/1421/1377 1934/2036/1934 1361/1405/1361
f 1361/1405/1361 854/874/854 1377/1421/1377
f 1745/1819/1745 1389/1433/1389 2161/2318/2161
f 1623/1685/1623 1745/1819/1745 2161/2318/2161
f 871/891/871 2238/2439/2238 1185/1218/1185
f 2060/2187/2060 1185/1218/1185 2238/2439/2238
f 1715/1788/1715 1714/1787/1714 209/214/209
f 1714/1787/1714 538/549/538 209/214/209
f 794/809/794 922/944/922 1523/1575/1523
f 922/944/922 794/809/794 920/942/920
f 62/66/62 1561/1615/1561 1650/1716/1650
f 1561/1615/1561 1438/1482/1438 1437/1481/1437
f 2260/2495/2260 1871/1966/1871 391/400/391
f 2260/2495/2260 391/400/391 2259/2481/2259
f 900/920/900 1880/1980/1880 367/375/367
f 2263/2487/2263 367/375/367 1880/1980/1880
f 2047/2172/2047 1790/1866/1790 1792/1868/1792
f 1792/1868/1792 1570/1625/1570 2047/2172/2047
f 321/329/321 365/373/365 1062/1091/1062
f 321/2423/321 960/983/960 365/2424/365
f 828/847/828 1821/1904/1821 354/362/354
f 1821/1904/1821 355/363/355 354/362/354
f 2005/2125/2005 2007/2127/2007 2165/2324/2165
f 2005/2125/2005 1842/1933/1842 2007/2127/2007
f 1938/2041/1938 1128/1160/1128 1127/1159/1127
f 1938/2041/1938 101/105/101 1128/1160/1128
f 1982/2097/1982 1760/1834/1760 1680/1748/1680
f 1982/2097/1982 911/931/911 1760/1834/1760
f 2051/2176/2051 2049/2174/2049 2190/2362/2190
f 2190/2362/2190 2119/2265/2119 2051/2176/2051
f 1986/2102/1986 540/551/540 450/460/450
f 209/214/209 1986/2102/1986 450/460/450
f 617/1547/617 1272/1310/1272 1498/1546/1498
f 615/628/615 617/630/617 1498/2302/1498
f 2040/2165/2040 970/993/970 969/992/969
f 970/993/970 2040/2165/2040 1448/1492/1448
f 1931/2033/1931 1449/1493/1449 1668/1735/1668
f 1931/2033/1931 970/993/970 1449/1493/1449
f 511/522/511 1688/1756/1688 272/280/272
f 314/322/314 272/280/272 1689/1757/1689
f 343/351/343 729/744/729 1875/1973/1875
f 726/741/726 729/744/729 727/742/727
f 63/67/63 64/68/64 1058/1087/1058
f 64/68/64 1650/1716/1650 2086/2215/2086
f 1198/1231/1198 1190/1223/1190 937/959/937
f 1020/1045/1020 2239/2440/2239 1198/1231/1198
f 132/136/132 2155/2310/2155 1808/1889/1808
f 1195/1228/1195 1808/1889/1808 1196/1229/1196
f 2213/2496/2213 876/2322/876 2164/2323/2164
f 2164/2323/2164 876/2322/876 472/483/472
f 1845/1936/1845 782/797/782 483/494/483
f 782/797/782 484/495/484 483/494/483
f 1574/1629/1574 1571/1626/1571 1570/1625/1570
f 1434/1478/1434 1574/1629/1574 1570/1625/1570
f 1043/1070/1043 780/795/780 779/794/779
f 1044/1071/1044 1043/1070/1043 1189/1222/1189
f 27/29/27 2153/2308/2153 814/833/814
f 880/900/880 814/833/814 2153/2308/2153
f 1639/1705/1639 1994/2112/1994 2106/2245/2106
f 2106/2245/2106 2105/2244/2105 1639/1705/1639
f 779/794/779 546/557/546 1189/1222/1189
f 1043/1070/1043 779/794/779 1189/1222/1189
f 1429/1473/1429 2009/2129/2009 1794/1870/1794
f 2009/2129/2009 1791/1867/1791 1794/1870/1794
f 2000/2119/2000 993/1018/993 1990/2106/1990
f 1857/1949/1857 1990/2106/1990 993/1018/993
f 1382/1426/1382 1929/2031/1929 297/305/297
f 1930/2032/1930 1929/2031/1929 1382/1426/1382
f 915/936/915 2167/2326/2167 1945/2050/1945
f 1467/1511/1467 2167/2326/2167 915/936/915
f 2086/2215/2086 1058/1087/1058 64/68/64
f 1058/1087/1058 2086/2215/2086 1154/1187/1154
f 557/570/557 967/990/967 558/571/558
f 1617/1679/1617 534/545/534 514/525/514
f 1432/1476/1432 1285/1323/1285 1433/1477/1433
f 1285/1323/1285 1575/1630/1575 1433/1477/1433
f 343/351/343 727/742/727 729/744/729
f 727/742/727 343/351/343 342/350/342
f 415/425/415 1941/2045/1941 416/426/416
f 415/425/415 1940/2044/1940 1941/2045/1941
f 1469/1513/1469 428/438/428 427/437/427
f 1408/1452/1408 428/438/428 1469/1513/1469
f 1078/1107/1078 1097/1128/1097 1079/1108/1079
f 1959/2070/1959 1079/1108/1079 1097/1128/1097
f 533/544/533 946/968/946 514/525/514
f 533/544/533 514/525/514 534/545/534
f 1350/1394/1350 1096/1127/1096 1078/1107/1078
f 1096/1127/1096 1350/1394/1350 1352/1396/1352
f 120/124/120 1799/1875/1799 1232/1268/1232
f 1799/1875/1799 946/968/946 1232/1268/1232
f 1897/1997/1897 1900/2000/1900 2180/2344/2180
f 1897/1997/1897 1025/1050/1025 1900/2000/1900
f 1922/2024/1922 1605/1663/1605 1607/1665/1607
f 1605/1663/1605 1922/2024/1922 1923/2025/1923
f 2259/2498/2259 402/412/402 2260/2482/2260
f 402/412/402 2259/2498/2259 393/2228/393
f 538/549/538 2244/2451/2244 596/609/596
f 596/609/596 2244/2451/2244 1250/1769/1250
f 1088/1117/1088 1087/1116/1087 434/444/434
f 434/444/434 1630/1694/1630 1088/1117/1088
f 1239/1275/1239 840/859/840 1240/1276/1240
f 711/2369/711 840/859/840 1239/1275/1239
f 1194/1227/1194 1893/1993/1893 1193/1226/1193
f 1932/2034/1932 1193/1226/1193 1893/1993/1893
f 857/877/857 1878/1976/1878 1711/1784/1711
f 1878/1976/1878 857/877/857 859/879/859
f 2185/2353/2185 1932/2034/1932 1504/1553/1504
f 1932/2034/1932 1893/1993/1893 1504/1553/1504
f 1688/1756/1688 315/323/315 1689/1757/1689
f 1688/1756/1688 1689/1757/1689 272/280/272
f 943/965/943 2106/2245/2106 1994/2112/1994
f 1996/2114/1996 943/965/943 1994/2112/1994
f 66/70/66 725/740/725 59/63/59
f 66/70/66 774/789/774 725/740/725
f 2117/2436/2117 366/982/366 1208/1241/1208
f 1208/1241/1208 1041/1067/1041 2117/2436/2117
f 1421/1465/1421 1418/1462/1418 2010/2130/2010
f 1419/1463/1419 1418/1462/1418 1421/1465/1421
f 384/2444/384 1241/1277/1241 239/247/239
f 565/578/565 239/247/239 1241/1277/1241
f 1386/1430/1386 2159/2316/2159 1387/1431/1387
f 2160/2317/2160 1387/1431/1387 2159/2316/2159
f 1917/2019/1917 864/884/864 1901/2001/1901
f 411/421/411 1917/2019/1917 1901/2001/1901
f 1613/1674/1613 1612/1673/1612 851/871/851
f 1612/1673/1612 1786/1862/1786 851/871/851
f 1651/1717/1651 1324/1366/1324 1622/1684/1622
f 1622/1684/1622 1324/1366/1324 1623/1685/1623
f 1617/1679/1617 967/990/967 534/545/534
f 967/990/967 1617/1679/1617 1535/1589/1535
f 967/990/967 557/570/557 534/545/534
f 557/570/557 532/543/532 534/545/534
f 851/871/851 316/324/316 1613/1674/1613
f 1613/1674/1613 316/324/316 2093/2222/2093
f 52/56/52 725/740/725 609/622/609
f 507/518/507 52/56/52 609/622/609
f 1473/1517/1473 1704/1775/1704 1468/1512/1468
f 1704/1775/1704 1473/1517/1473 287/295/287
f 2048/2173/2048 2020/2499/2020 956/1878/956
f 2020/2499/2020 2048/2173/2048 2191/2363/2191
f 979/1003/979 2025/2146/2025 2019/2140/2019
f 1118/1150/1118 2019/2140/2019 2025/2146/2025
f 476/487/476 2081/2208/2081 496/507/496
f 496/507/496 479/490/479 476/487/476
f 744/759/744 2219/2408/2219 1051/1080/1051
f 241/249/241 2219/2408/2219 744/759/744
f 878/898/878 2157/2313/2157 1104/2500/1104
f 1102/2315/1102 1104/2500/1104 2157/2313/2157
f 2122/2270/2122 1814/1897/1814 2113/2257/2113
f 2112/2256/2112 2122/2270/2122 2113/2257/2113
f 2264/2488/2264 1362/1406/1362 1244/1280/1244
f 556/569/556 1244/1280/1244 1362/1406/1362
f 319/327/319 88/92/88 2125/2273/2125
f 2125/2273/2125 88/92/88 178/183/178
f 257/706/257 475/486/475 477/488/477
f 257/706/257 2082/2209/2082 475/486/475
f 820/839/820 357/365/357 359/367/359
f 1980/2095/1980 357/365/357 820/839/820
f 1231/1267/1231 1608/1666/1608 973/997/973
f 1420/1464/1420 1231/1267/1231 973/997/973
f 1944/2048/1944 999/1024/999 2221/2410/2221
f 1944/2048/1944 1024/1049/1024 999/1024/999
f 212/219/212 1435/1479/1435 567/580/567
f 1435/1479/1435 212/219/212 1495/1543/1495
f 1556/1610/1556 1762/1836/1762 1557/1611/1557
f 1649/1715/1649 1557/1611/1557 1762/1836/1762
f 1000/1025/1000 2216/2405/2216 1001/1026/1001
f 2216/2405/2216 2058/2185/2058 1001/1026/1001
f 1746/1820/1746 1388/1432/1388 1323/1365/1323
f 1512/1562/1512 1746/1820/1746 1323/1365/1323
f 1239/1275/1239 1241/1277/1241 1107/2445/1107
f 1107/1139/1107 709/724/709 2195/2370/2195
f 1968/2079/1968 576/589/576 778/793/778
f 576/589/576 1968/2079/1968 577/590/577
f 2217/2406/2217 162/167/162 613/626/613
f 2217/2406/2217 1416/1460/1416 1856/1948/1856
f 782/797/782 1845/1936/1845 771/786/771
f 771/786/771 1845/1936/1845 1973/2085/1973
f 1996/2114/1996 1638/1704/1638 1283/1321/1283
f 1994/2112/1994 1638/1704/1638 1996/2114/1996
f 162/167/162 1856/1948/1856 993/1018/993
f 162/167/162 2217/2406/2217 1856/1948/1856
f 1678/1746/1678 1966/2077/1966 1947/2056/1947
f 1947/2056/1947 1579/1634/1579 1678/1746/1678
f 559/572/559 1254/1290/1254 1253/1289/1253
f 532/543/532 559/572/559 1253/1289/1253
f 1653/1719/1653 1461/1505/1461 1925/2027/1925
f 1925/2027/1925 1355/1399/1355 1653/1719/1653
f 1107/2445/1107 2195/2501/2195 1239/1275/1239
f 1239/1275/1239 2195/2501/2195 711/2369/711
f 123/127/123 686/699/686 1957/2068/1957
f 124/128/124 123/127/123 1957/2068/1957
f 1675/1742/1675 965/988/965 675/688/675
f 965/988/965 676/689/676 675/688/675
f 237/810/237 2182/2502/2182 1979/2093/1979
f 374/383/374 2182/2349/2182 565/578/565
f 352/360/352 1517/1569/1517 71/75/71
f 912/932/912 1518/1570/1518 1517/1569/1517
f 463/473/463 5/5/5 1144/1177/1144
f 463/473/463 1144/1177/1144 252/260/252
f 774/789/774 819/838/819 1686/1754/1686
f 819/838/819 2091/2220/2091 1686/1754/1686
f 1179/1212/1179 2208/2395/2208 2209/2396/2209
f 623/636/623 1176/1209/1176 2209/2396/2209
f 785/800/785 194/199/194 940/962/940
f 194/199/194 1996/2114/1996 940/962/940
f 1398/1442/1398 247/255/247 175/180/175
f 246/254/246 175/180/175 247/255/247
f 1280/1318/1280 1369/1413/1369 773/788/773
f 2105/2244/2105 773/788/773 1369/1413/1369
f 211/2250/211 2107/2503/2107 1974/2248/1974
f 1974/2087/1974 2107/2504/2107 1132/2307/1132
f 1452/1496/1452 1828/1914/1828 2199/2505/2199
f 2199/2376/2199 1828/1913/1828 905/925/905
f 202/207/202 201/206/201 1299/1337/1299
f 202/207/202 1299/1337/1299 275/283/275
f 1902/2002/1902 1598/1656/1598 547/558/547
f 1902/2002/1902 1317/1358/1317 1598/1656/1598
f 341/349/341 1802/1882/1802 2200/2380/2200
f 341/349/341 256/264/256 1802/1882/1802
f 1268/1306/1268 281/289/281 1450/1494/1450
f 147/151/147 1268/1306/1268 1450/1494/1450
f 626/639/626 588/2339/588 627/640/627
f 626/639/626 1825/1908/1825 588/2339/588
f 2182/2349/2182 374/383/374 1979/2506/1979
f 1979/2506/1979 374/383/374 122/2507/122
f 588/2339/588 1833/1921/1833 604/2508/604
f 604/2508/604 1833/1921/1833 605/1922/605
f 302/310/302 1076/1105/1076 2154/2309/2154
f 150/154/150 2154/2309/2154 1076/1105/1076
f 35/37/35 424/434/424 905/925/905
f 903/923/903 905/925/905 424/434/424
f 1628/1690/1628 1454/2509/1454 1972/2083/1972
f 1454/2509/1454 1628/1690/1628 1455/2427/1455
f 424/434/424 426/436/426 903/923/903
f 903/923/903 426/436/426 1234/1270/1234
f 1857/1949/1857 990/1015/990 992/1017/992
f 1990/2106/1990 1857/1949/1857 992/1017/992
f 1722/1795/1722 1977/2091/1977 1308/1347/1308
f 1977/2091/1977 1722/1795/1722 1721/1794/1721
f 2174/2336/2174 1306/1345/1306 2230/2425/2230
f 2230/2425/2230 1306/1345/1306 1712/1785/1712
f 1179/1212/1179 1176/1209/1176 1143/1176/1143
f 2209/2396/2209 1176/1209/1176 1179/1212/1179
f 1121/1153/1121 1423/1467/1423 1683/1751/1683
f 1423/1467/1423 1684/1752/1684 1683/1751/1683
f 1819/1902/1819 1818/1901/1818 1734/1807/1734
f 486/497/486 1819/1902/1819 1734/1807/1734
f 2126/2274/2126 2053/2178/2053 2127/2275/2127
f 2053/2178/2053 2150/2301/2150 2127/2275/2127
f 906/926/906 1931/2033/1931 2194/2366/2194
f 2194/2366/2194 768/783/768 906/926/906
f 2094/2224/2094 917/939/917 602/615/602
f 916/938/916 602/615/602 917/939/917
f 2088/2217/2088 857/877/857 1331/1373/1331
f 2088/2217/2088 1331/1373/1331 1333/1375/1333
f 1333/1375/1333 1332/1374/1332 1334/1376/1334
f 1332/1374/1332 1331/1373/1331 1711/1784/1711
f 192/197/192 194/199/194 785/800/785
f 1077/1106/1077 192/197/192 785/800/785
f 168/173/168 1218/1254/1218 1217/1253/1217
f 739/754/739 1217/1253/1217 1218/1254/1218
f 825/844/825 279/287/279 278/286/278
f 1810/1891/1810 279/287/279 825/844/825
f 644/657/644 1073/1102/1073 1071/1100/1071
f 409/419/409 1073/1102/1073 644/657/644
f 1414/1458/1414 731/746/731 990/1015/990
f 990/1015/990 1857/1949/1857 1414/1458/1414
f 732/747/732 2255/2473/2255 1566/1621/1566
f 730/745/730 732/747/732 1566/1621/1566
f 2016/2137/2016 1240/1276/1240 2017/2138/2017
f 2017/2138/2017 1240/1276/1240 1850/1942/1850
f 1519/1571/1519 1520/1572/1520 891/911/891
f 1520/1572/1520 1519/1571/1519 583/596/583
f 1411/1455/1411 1255/1291/1255 1509/2111/1509
f 1255/1291/1255 199/204/199 1509/2111/1509
f 963/986/963 1675/1742/1675 1946/2054/1946
f 963/986/963 1946/2054/1946 503/514/503
f 1513/1923/1513 1180/1213/1180 634/647/634
f 1513/1923/1513 634/647/634 599/612/599
f 1259/1297/1259 1590/1647/1590 1713/2255/1713
f 1257/1295/1257 1590/1647/1590 1259/1297/1259
f 844/863/844 2016/2137/2016 2017/2138/2017
f 844/863/844 1241/1277/1241 2016/2137/2016
f 299/307/299 1534/1919/1534 135/139/135
f 134/138/134 299/307/299 135/139/135
f 327/335/327 1724/1797/1724 83/87/83
f 327/335/327 326/334/326 1724/1797/1724
f 1166/1199/1166 1050/1079/1050 925/947/925
f 1166/1199/1166 1785/1861/1785 1050/1079/1050
f 2037/2485/2037 1452/2084/1452 1017/1042/1017
f 2037/2485/2037 1017/1042/1017 1016/1041/1016
f 2210/2398/2210 2067/2194/2067 497/508/497
f 497/508/497 191/196/191 2210/2398/2210
f 819/838/819 60/64/60 2090/2219/2090
f 2090/2219/2090 60/64/60 74/78/74
f 780/795/780 1044/1071/1044 1080/1109/1080
f 1769/1845/1769 1080/1109/1080 1044/1071/1044
f 1228/1264/1228 2256/2474/2256 850/870/850
f 1228/1264/1228 1585/1641/1585 2256/2474/2256
f 458/468/458 1243/1279/1243 459/469/459
f 1243/1279/1243 556/569/556 459/469/459
f 1619/1681/1619 393/402/393 392/401/392
f 1619/1681/1619 554/567/554 393/402/393
f 510/521/510 1094/1125/1094 457/467/457
f 457/467/457 1094/1125/1094 1929/2031/1929
f 1226/1262/1226 2200/2380/2200 1227/1263/1227
f 2200/2380/2200 1226/1262/1226 406/416/406
f 1302/1341/1302 1330/1372/1330 1303/1342/1303
f 1329/1371/1329 1322/1364/1322 1330/1372/1330
f 1303/1342/1303 2013/2134/2013 1651/1717/1651
f 1322/1364/1322 1324/1366/1324 2013/2134/2013
f 1498/2302/1498 2150/2301/2150 615/628/615
f 2150/2301/2150 2053/2178/2053 615/628/615
f 1810/1891/1810 103/107/103 1809/1890/1809
f 1809/1890/1809 279/287/279 1810/1891/1810
f 371/379/371 1952/2062/1952 372/380/372
f 372/380/372 1952/2062/1952 1634/1700/1634
f 1066/1095/1066 1065/1094/1065 432/442/432
f 1066/1095/1066 432/442/432 1960/2071/1960
f 133/137/133 1808/1889/1808 1562/1616/1562
f 133/137/133 1562/1616/1562 631/644/631
f 1912/2013/1912 2038/2163/2038 1205/1238/1205
f 1205/1238/1205 1204/1237/1204 1912/2013/1912
f 353/361/353 624/637/624 587/600/587
f 353/361/353 352/360/352 624/637/624
f 1413/2347/1413 346/354/346 217/225/217
f 217/2063/217 1412/1456/1412 1413/1457/1413
f 1717/1790/1717 799/816/799 1127/1159/1127
f 706/721/706 1717/1790/1717 1127/1159/1127
f 2163/2321/2163 2228/2418/2228 1775/1851/1775
f 2163/2321/2163 1775/1851/1775 436/446/436
f 1303/1342/1303 1322/1364/1322 2013/2134/2013
f 1322/1364/1322 1303/1342/1303 1330/1372/1330
f 1334/1376/1334 1711/1784/1711 512/523/512
f 1332/1374/1332 1711/1784/1711 1334/1376/1334
f 1583/1639/1583 1582/1638/1582 460/470/460
f 460/470/460 1362/1406/1362 1583/1639/1583
f 1918/2020/1918 1835/1925/1835 1626/1688/1626
f 1626/1688/1626 1835/1925/1835 1526/1578/1526
f 446/456/446 396/406/396 1440/1484/1440
f 1440/1484/1440 325/333/325 446/456/446
f 1093/1124/1093 457/467/457 1930/2032/1930
f 457/467/457 1929/2031/1929 1930/2032/1930
f 1775/1851/1775 2228/2418/2228 2206/2387/2206
f 2206/2387/2206 437/447/437 1775/1851/1775
f 540/551/540 868/888/868 451/461/451
f 868/888/868 1518/1570/1518 451/461/451
f 595/608/595 2102/2240/2102 593/606/593
f 1644/1710/1644 2102/2240/2102 595/608/595
f 1085/1114/1085 1928/2030/1928 1083/1112/1083
f 1928/2030/1928 2247/2458/2247 793/808/793
f 2140/2290/2140 1992/2108/1992 1746/1820/1746
f 2140/2290/2140 1512/1562/1512 1325/1367/1325
f 762/777/762 2083/2212/2083 2077/2204/2077
f 762/777/762 763/778/763 2083/2212/2083
f 2138/2288/2138 1614/1676/1614 897/917/897
f 324/332/324 896/916/896 2138/2288/2138
f 1725/1798/1725 941/963/941 1727/1800/1727
f 1725/1798/1725 1727/1800/1727 2079/2206/2079
f 1577/1632/1577 2073/2200/2073 1578/1633/1578
f 2073/2200/2073 908/928/908 1578/1633/1578
f 662/675/662 2207/2389/2207 139/143/139
f 139/143/139 2207/2389/2207 1612/2381/1612
f 1632/1698/1632 1726/1799/1726 1497/1545/1497
f 535/546/535 1726/1799/1726 1632/1698/1632
f 2098/2234/2098 646/659/646 409/419/409
f 409/419/409 644/657/644 2098/2234/2098
f 1237/1273/1237 1145/2394/1145 1238/1274/1238
f 1238/1274/1238 1145/2394/1145 253/261/253
f 1045/1072/1045 1751/1825/1751 1896/1996/1896
f 1045/1072/1045 1896/1996/1896 1099/1130/1099
f 1993/2109/1993 2240/2441/2240 1237/1273/1237
f 1993/2109/1993 1237/1273/1237 4/4/4
f 1874/1972/1874 1873/1971/1873 1488/1534/1488
f 2071/2198/2071 1488/1534/1488 1873/1971/1873
f 351/359/351 912/932/912 352/360/352
f 352/360/352 912/932/912 1517/1569/1517
f 1341/1383/1341 753/768/753 752/767/752
f 755/770/755 753/768/753 1341/1383/1341
f 2059/2186/2059 2238/2439/2238 1009/1034/1009
f 1009/1034/1009 869/889/869 2059/2186/2059
f 1840/1930/1840 630/643/630 1393/1437/1393
f 1393/1437/1393 630/643/630 718/733/718
f 1567/1622/1567 730/745/730 1566/1621/1566
f 1567/1622/1567 1313/1352/1313 1312/1351/1312
f 1812/1893/1812 1811/1892/1811 2171/2332/2171
f 1812/1893/1812 2171/2332/2171 832/851/832
f 361/369/361 2167/2326/2167 2266/2510/2266
f 362/370/362 361/369/361 2266/2510/2266
f 730/745/730 1567/1622/1567 1312/1351/1312
f 1312/1351/1312 1314/1353/1314 730/745/730
f 1325/1367/1325 1992/2108/1992 2140/2290/2140
f 1325/1367/1325 1991/2107/1991 1992/2108/1992
f 1555/1609/1555 46/50/46 48/52/48
f 1555/1609/1555 2063/2190/2063 46/50/46
f 2084/2213/2084 1887/1987/1887 1019/1044/1019
f 2084/2213/2084 234/242/234 1887/1987/1887
f 860/880/860 1082/1111/1082 512/523/512
f 862/882/862 1082/1111/1082 860/880/860
f 374/383/374 1869/1964/1869 122/2507/122
f 1869/1964/1869 684/697/684 122/2507/122
f 215/222/215 932/954/932 216/223/216
f 932/954/932 215/222/215 1987/2103/1987
f 1908/2008/1908 1174/1207/1174 1410/1454/1410
f 1908/2008/1908 1410/1454/1410 1140/1173/1140
f 1146/1179/1146 1145/1178/1145 2240/2511/2240
f 2240/2511/2240 1993/2442/1993 1146/1179/1146
f 1870/1965/1870 376/385/376 2070/2197/2070
f 2070/2197/2070 376/385/376 164/169/164
f 818/837/818 2091/2220/2091 548/559/548
f 1687/1755/1687 2091/2220/2091 818/837/818
f 1615/1677/1615 1346/1388/1346 1439/1483/1439
f 1345/1387/1345 1439/1483/1439 1346/1388/1346
f 947/969/947 1774/1850/1774 946/968/946
f 946/968/946 1774/1850/1774 531/542/531
f 2197/2372/2197 1307/1346/1307 860/880/860
f 1711/1784/1711 2197/2372/2197 512/523/512
f 1276/1314/1276 1275/1313/1275 1927/2029/1927
f 2265/2497/2265 1927/2029/1927 1928/2030/1928
f 87/91/87 178/183/178 88/92/88
f 2265/2497/2265 1697/1765/1697 1276/1314/1276
f 1276/1314/1276 1927/2029/1927 2265/2497/2265
f 1793/1869/1793 1790/1866/1790 1544/1598/1544
f 1794/1870/1794 1793/1869/1793 1544/1598/1544
f 460/470/460 1582/1638/1582 458/468/458
f 1565/1619/1565 458/468/458 1582/1638/1582
f 1196/1229/1196 2155/2310/2155 1478/1523/1478
f 1808/1889/1808 2155/2310/2155 1196/1229/1196
f 2232/2428/2232 1627/1689/1627 2034/2157/2034
f 1627/1689/1627 1428/2158/1428 2034/2157/2034
f 1625/1687/1625 266/274/266 2250/2466/2250
f 2052/2177/2052 1625/1687/1625 2250/2466/2250
f 561/574/561 909/929/909 2177/2340/2177
f 560/573/560 561/574/561 2177/2340/2177
f 792/807/792 1111/1143/1111 665/678/665
f 666/679/666 665/678/665 1111/1143/1111
f 2253/2470/2253 1457/1501/1457 2002/2121/2002
f 2253/2470/2253 1670/1737/1670 1671/1738/1671
f 2029/2151/2029 2095/2227/2095 1620/1682/1620
f 555/568/555 2029/2151/2029 1244/1280/1244
f 1131/1163/1131 1854/1946/1854 1584/1640/1584
f 1854/1946/1854 2058/2185/2058 1584/1640/1584
f 2252/2469/2252 1764/1840/1764 796/813/796
f 1676/1743/1676 2252/2469/2252 796/813/796
f 2002/2121/2002 338/346/338 2211/2399/2211
f 2253/2470/2253 2002/2121/2002 2211/2399/2211
f 1882/1982/1882 1881/1981/1881 1476/1520/1476
f 2085/2214/2085 1881/1981/1881 1882/1982/1882
f 2211/2399/2211 1670/1737/1670 2253/2470/2253
f 2211/2399/2211 1013/1038/1013 1670/1737/1670
f 1765/1841/1765 1731/1804/1731 1395/1439/1395
f 1765/1841/1765 1766/1842/1766 1731/1804/1731
f 484/495/484 942/964/942 941/963/941
f 784/799/784 942/964/942 484/495/484
f 696/710/696 698/712/698 663/2512/663
f 698/712/698 2123/2354/2123 663/2512/663
f 1924/2026/1924 1607/1665/1607 1608/1666/1608
f 1608/1666/1608 1230/1266/1230 1924/2026/1924
f 112/116/112 41/45/41 1374/1418/1374
f 1848/1940/1848 1374/1418/1374 41/45/41
f 900/920/900 2121/2269/2121 1807/1888/1807
f 367/375/367 2121/2269/2121 900/920/900
f 2149/2300/2149 2203/2384/2203 336/344/336
f 2148/2299/2148 337/345/337 2203/2384/2203
f 1813/1894/1813 221/229/221 220/228/220
f 1754/1828/1754 1813/1894/1813 220/228/220
f 1667/1734/1667 1821/1904/1821 2055/2180/2055
f 1821/1904/1821 1667/1734/1667 355/363/355
f 2148/2299/2148 2149/2300/2149 429/439/429
f 2203/2384/2203 2149/2300/2149 2148/2299/2148
f 865/885/865 748/763/748 1471/1515/1471
f 865/885/865 1471/1515/1471 1468/1512/1468
f 2222/2411/2222 1206/1239/1206 1040/1065/1040
f 2224/2413/2224 1206/1239/1206 2222/2411/2222
f 1503/1552/1503 1999/2117/1999 246/254/246
f 1503/1552/1503 246/254/246 245/253/245
f 896/916/896 870/890/870 1614/1676/1614
f 2138/2288/2138 896/916/896 1614/1676/1614
f 2197/2372/2197 1711/1784/1711 1307/1346/1307
f 1711/1784/1711 1878/1976/1878 1307/1346/1307
f 2060/2187/2060 189/194/189 2046/2171/2046
f 419/429/419 2046/2171/2046 2045/2170/2045
f 248/256/248 852/872/852 2156/2311/2156
f 248/256/248 250/258/250 852/872/852
f 1920/2022/1920 1483/1528/1483 1921/2023/1921
f 1921/2023/1921 116/120/116 1920/2022/1920
f 2046/2171/2046 419/429/419 2060/2187/2060
f 419/429/419 1185/1218/1185 2060/2187/2060
f 2176/2338/2176 1288/1326/1288 1151/1184/1151
f 2176/2338/2176 1289/1327/1289 1288/1326/1288
f 293/301/293 1831/1918/1831 471/482/471
f 293/301/293 135/139/135 1831/1918/1831
f 2058/2185/2058 245/253/245 1111/1143/1111
f 1584/1640/1584 2058/2185/2058 1111/1143/1111
f 425/435/425 1021/1046/1021 440/450/440
f 440/450/440 1021/1046/1021 1020/1045/1020
f 2095/2227/2095 555/568/555 554/567/554
f 2029/2151/2029 555/568/555 2095/2227/2095
f 1651/1717/1651 2012/2133/2012 1549/1603/1549
f 1624/1686/1624 1549/1603/1549 2012/2133/2012
f 2065/2192/2065 1710/1783/1710 585/598/585
f 2066/2193/2066 1710/1783/1710 2065/2192/2065
f 1437/1481/1437 1650/1716/1650 1561/1615/1561
f 1650/1716/1650 1437/1481/1437 635/648/635
f 2267/2513/2267 2050/2175/2050 2247/2458/2247
f 1928/2030/1928 2267/2513/2267 2247/2458/2247
f 1458/1502/1458 1572/1627/1572 336/344/336
f 1572/1627/1572 2149/2300/2149 336/344/336
f 2111/2254/2111 834/853/834 833/852/833
f 833/852/833 1553/1607/1553 2111/2254/2111
f 1456/1500/1456 362/370/362 2028/2150/2028
f 1456/1500/1456 1091/1122/1091 362/370/362
f 1067/1096/1067 1899/1999/1899 1691/1759/1691
f 1899/1999/1899 1067/1096/1067 1730/1803/1730
f 1401/1445/1401 1403/1447/1403 1402/1446/1402
f 1403/1447/1403 1401/1445/1401 1404/1448/1404
f 468/479/468 2003/2465/2003 461/471/461
f 2003/2465/2003 1718/2477/1718 461/471/461
f 2181/2348/2181 2168/2327/2168 2145/2296/2145
f 1979/2093/1979 2168/2327/2168 2181/2348/2181
f 196/201/196 1663/1729/1663 197/202/197
f 846/865/846 1663/1729/1663 196/201/196
f 2266/2510/2266 2028/2150/2028 362/370/362
f 2266/2510/2266 2167/2326/2167 2028/2150/2028
f 541/552/541 1529/1581/1529 542/553/542
f 1529/1581/1529 1140/1173/1140 542/553/542
f 989/1014/989 1375/1419/1375 1848/1940/1848
f 1375/1419/1375 1374/1418/1374 1848/1940/1848
f 1720/2429/1720 2232/2428/2232 1629/2156/1629
f 1629/1691/1629 1427/1471/1427 1720/1793/1720
f 1438/1482/1438 128/132/128 1682/1750/1682
f 1436/1480/1436 1438/1482/1438 1682/1750/1682
f 2210/2398/2210 1530/1582/1530 2067/2194/2067
f 2067/2194/2067 1530/1582/1530 956/978/956
f 1528/1580/1528 57/61/57 1162/1195/1162
f 1602/1660/1602 1601/1659/1601 752/767/752
f 873/893/873 1635/1701/1635 1748/1822/1748
f 875/895/875 1635/1701/1635 873/893/873
f 1737/2460/1737 2248/2459/2248 692/2456/692
f 2248/2459/2248 258/266/258 692/2456/692
f 1748/1822/1748 1642/1708/1642 1406/1450/1406
f 1321/1363/1321 1748/1822/1748 1406/1450/1406
f 2267/2513/2267 1928/2030/1928 1085/1114/1085
f 2267/2513/2267 1085/1114/1085 2050/2175/2050
f 839/858/839 53/57/53 507/518/507
f 508/519/508 53/57/53 839/858/839
f 789/804/789 2119/2265/2119 2190/2362/2190
f 789/804/789 2190/2362/2190 790/805/790
f 2128/2277/2128 1681/1749/1681 2261/2484/2261
f 2223/2412/2223 2128/2277/2128 2261/2484/2261
f 2141/2291/2141 1556/1610/1556 145/149/145
f 145/149/145 1556/1610/1556 48/52/48
f 2233/2430/2233 242/250/242 244/252/244
f 242/250/242 2233/2430/2233 145/149/145
f 1198/1231/1198 2239/2440/2239 1190/1223/1190
f 2239/2440/2239 1191/1224/1191 1190/1223/1190
f 1042/1069/1042 1846/1937/1846 395/405/395
f 1352/1396/1352 395/405/395 1846/1937/1846
f 1552/1606/1552 2103/2241/2103 1156/1189/1156
f 835/854/835 2103/2241/2103 1552/1606/1552
f 1192/1225/1192 1191/1224/1191 2239/2440/2239
f 1192/1225/1192 35/37/35 1191/1224/1191
f 1648/1714/1648 1647/1713/1647 2245/2455/2245
f 2245/2455/2245 1829/1915/1829 1648/1714/1648
