# WaveFront *.obj file (generated by Cinema 4D)

mtllib ./4.mtl

v 0.650019 0.218282 1.296776
v 0.507082 0.208401 1.311606
v 0.555057 0.046579 1.279404
v 0.628126 0.082014 1.275058
v 1.285385 0.732680 1.241209
v 1.085490 0.655323 1.257753
v 1.213458 0.551302 1.251396
v 0.895007 0.398167 1.261900
v 0.767353 0.374405 1.273857
v 0.958302 0.356489 1.181313
v 0.963736 0.481669 1.207896
v 0.839584 0.468115 1.268949
v 0.987002 0.397766 1.226942
v 0.968156 0.153201 1.210783
v 1.101582 0.060073 1.105317
v 1.075045 0.182544 1.170532
v -0.034690 -0.170434 1.109519
v 0.928690 -0.271552 -0.224087
v -1.329824 0.141304 0.291176
v 1.563239 0.327019 1.120910
v 1.574688 0.306384 1.082373
v 1.638730 0.310639 1.067901
v -0.201362 -0.364061 1.090590
v -0.099869 -0.439132 1.108144
v 1.570358 0.377249 1.068795
v 1.631294 0.242390 0.941444
v 1.668230 0.323867 1.011266
v -0.469105 -0.453499 1.091187
v -0.518746 -0.570651 1.043249
v -0.459921 -0.582782 1.048843
v -0.660032 0.206512 1.040518
v -0.689647 0.102779 1.009631
v -0.570168 -0.612166 1.003455
v -0.539380 -0.563740 0.983477
v -0.975620 -0.579087 0.985658
v -0.988453 -0.617471 0.970564
v -0.909144 -0.782241 0.994650
v -0.846496 -0.911328 0.985053
v -0.791912 0.160662 1.002326
v -0.750217 0.102936 1.011787
v -0.312928 -0.672250 0.993550
v -0.498671 -0.650842 1.000380
v -0.441654 -0.774251 1.017761
v -0.715254 -0.394907 0.956398
v -0.815380 -0.403596 0.990113
v -0.743672 -0.527766 0.979084
v -0.706813 -0.999520 0.861258
v -0.612933 -1.035984 0.912193
v -0.682437 -0.997294 1.024342
v -0.022915 -0.812188 0.969734
v -0.219011 -0.964098 1.007362
v 0.241155 0.978826 1.009015
v 0.056198 0.985928 0.888384
v 0.066337 0.965931 1.084759
v 0.910873 -0.305560 0.893427
v 1.044738 -0.096714 0.894303
v 0.954145 -0.271050 0.940033
v 1.324337 -0.005015 0.825804
v 1.354227 0.090951 0.951657
v 1.269991 0.036214 0.921294
v 0.453597 -0.614188 0.843328
v 0.618294 -0.564457 0.930363
v 0.346333 -0.552245 0.975871
v -0.979218 -0.642726 0.915426
v -0.941091 -0.651057 0.818595
v -0.850255 -0.869226 0.869438
v 1.499380 0.783186 0.917176
v 1.542316 0.703585 0.862639
v 1.521009 0.784595 0.704449
v 0.229071 -0.621140 0.884865
v 0.231491 -0.673978 0.770923
v 1.274106 -0.005877 0.856131
v 1.133451 -0.105942 0.831377
v 1.192778 -0.214484 0.778453
v -0.960647 -0.602042 0.756369
v -0.993235 -0.584010 0.757887
v -0.977770 -0.610898 0.715206
v 1.599788 0.259976 0.755495
v 1.575587 0.128143 0.739691
v 1.613976 0.410660 0.622640
v 1.631369 0.325435 0.850423
v -0.155893 -1.026459 0.673963
v -0.228234 -1.032216 0.827064
v 1.499081 0.139158 0.579718
v 1.531148 0.175799 0.559594
v 1.681374 0.501775 0.627312
v 1.680669 0.513993 0.532762
v 1.567762 0.558631 0.610278
v 1.567043 0.579257 0.496806
v 1.314869 0.883202 0.352724
v 1.372126 0.875944 0.513880
v 1.388885 0.879887 0.418048
v 1.441522 0.145916 0.346097
v 1.338966 0.164892 0.279052
v 1.496752 0.202525 0.353967
v 0.421717 -0.757268 0.323027
v 0.657278 -0.709495 0.342901
v 0.515341 -0.783639 0.409704
v 1.620605 0.467353 0.373273
v 1.582979 0.485577 0.303564
v 1.451282 0.590768 0.205293
v 1.504593 0.266803 0.231150
v 1.560589 0.384274 0.399021
v -0.707965 -1.027826 0.264288
v -0.532622 -1.028685 0.280111
v -0.539682 -1.043997 0.402834
v 0.763507 -0.747413 0.233513
v 0.829673 -0.706076 0.233226
v 0.865660 -0.623234 0.390314
v 0.633262 -0.711652 0.307637
v 0.638856 -0.824737 0.152503
v 1.425408 0.145950 0.198044
v 1.482243 0.195597 0.226189
v -0.732432 0.868920 0.313601
v -0.681037 0.939538 0.223847
v -0.755650 0.839462 0.203112
v 1.274743 -0.080713 0.302223
v 1.259249 -0.011671 0.212463
v -0.635324 0.957002 0.279312
v -0.705521 0.962230 0.095459
v -0.812313 0.847235 0.153490
v 1.455760 0.170009 0.146906
v 1.499282 0.320328 0.016434
v 1.535409 0.439449 0.159417
v 1.312300 0.167650 0.140892
v 1.124151 -0.258313 0.216113
v 1.156328 -0.171683 0.136583
v 0.980029 -0.473179 0.067712
v 1.005583 -0.337943 0.079216
v 1.054532 -0.277264 0.209278
v 0.423228 -0.870196 0.164317
v 0.306927 -0.876634 0.153898
v 1.477967 0.276652 0.049412
v 0.347581 0.971119 0.217669
v 0.290383 0.888232 -0.001064
v 0.281183 0.978522 0.215137
v 1.475622 0.238801 0.036104
v 1.416201 0.139585 0.095087
v -1.003999 -0.586275 0.153146
v -1.046692 -0.603768 0.102257
v -1.032594 -0.662176 0.069353
v 0.956400 -0.536765 -0.306662
v 0.859800 -0.719469 0.106711
v 0.747053 -0.835389 0.091918
v 0.917111 -0.786749 -0.055471
v 1.445862 0.165106 0.075403
v 1.336932 0.154769 0.028060
v 0.098554 -0.820162 0.623783
v 1.410575 0.138225 0.042142
v 1.198845 -0.051669 0.059673
v 1.300085 0.027307 -0.011395
v 1.278706 0.034777 0.124396
v 1.456738 0.175117 0.010562
v -0.064746 -1.092317 0.015008
v 0.036291 -1.004763 0.018637
v -0.050133 -0.987725 0.057837
v 0.261748 -0.895741 0.042202
v 0.324168 -0.954052 -0.050679
v 0.337010 -0.924075 -0.021169
v 1.440512 0.162198 -0.090295
v 1.402223 0.139932 -0.066443
v 0.862892 -0.825445 -0.034565
v 0.708400 -0.953230 -0.030927
v 1.313735 0.173395 -0.095009
v 1.455974 0.243491 -0.131580
v 1.505164 0.426399 -0.079071
v 0.163577 -0.990463 -0.061153
v 0.189602 -0.942320 -0.101194
v 0.952875 -0.630090 0.009410
v 0.968063 -0.687880 -0.099890
v 1.596156 0.455656 1.004085
v -1.341808 0.097982 0.364274
v -0.079439 -0.533194 1.103925
v 0.947212 -0.542943 -0.077197
v 1.266642 0.051375 -0.126594
v -0.963491 -0.279423 0.508828
v -0.307768 0.550073 1.152944
v 1.450647 0.200519 -0.154426
v 1.364709 0.160593 -0.189623
v 0.266832 -0.915561 -0.088069
v 0.283738 -0.965468 -0.128237
v 0.509025 -1.026061 -0.174770
v -0.942526 -0.907548 -0.169151
v -0.905051 -1.018095 -0.041819
v 1.454561 0.322068 -0.233866
v 0.889648 -0.782527 -0.202331
v 0.954488 -0.732138 -0.232642
v 0.967765 -0.746116 -0.113339
v 1.487491 0.433299 -0.209090
v 1.504963 0.483865 -0.195997
v 1.480311 0.410939 -0.182443
v 1.479561 0.435148 -0.214580
v 0.968426 -0.689934 -0.213345
v 1.199660 0.011956 -0.172190
v 1.225106 0.008854 -0.251788
v 1.279192 0.176115 -0.212350
v 1.337900 0.207344 -0.317711
v 1.374716 0.342626 -0.248528
v 1.405131 0.301367 -0.203552
v 1.439042 0.487850 -0.308815
v 1.415160 0.648053 -0.378513
v 1.468932 0.589023 -0.274234
v -1.190405 -0.030469 -0.305873
v -1.159750 -0.017766 -0.236321
v -1.294231 0.021755 -0.360881
v 0.786716 -0.827086 -0.358045
v 0.689052 -0.860196 -0.344781
v 0.717896 -0.848266 -0.356150
v 0.722335 -0.855563 -0.401333
v -0.560357 -1.073385 -0.291688
v -0.587786 -0.980654 -0.364261
v -0.554136 -1.058489 -0.383966
v 1.306251 0.180340 -0.366151
v 1.225934 0.122257 -0.378453
v 0.766682 -0.830167 -0.419939
v 0.941547 -0.733884 -0.407933
v -0.149588 -1.106109 -0.478872
v 0.064154 -1.083077 -0.383492
v -0.081211 -1.112900 -0.376238
v 0.684492 -0.920745 -0.353017
v 0.748035 -0.861984 -0.513726
v 0.839863 -0.803770 -0.428968
v 0.764409 -0.840839 -0.447553
v 0.308322 -1.100211 -0.577524
v 0.158985 -1.089962 -0.445537
v 0.127022 -1.101462 -0.500163
v 1.205751 0.092493 -0.502530
v 1.250610 0.145917 -0.615837
v 1.276992 0.198137 -0.476610
v 0.851660 -0.785873 -0.534370
v 0.872715 -0.756051 -0.567401
v 0.902081 -0.729734 -0.811123
v 0.603132 -0.858659 -0.872040
v 0.931156 -0.300979 -0.730234
v 0.987171 -0.445740 -0.747119
v 0.929314 -0.343582 -0.820737
v 0.482457 -1.051147 -0.709011
v 0.313309 -1.058884 -0.746566
v 1.087505 -0.075651 -0.852005
v 1.089072 -0.039585 -0.950642
v 1.137425 0.006748 -0.790965
v -0.462907 0.741167 -1.023131
v -0.455735 0.722154 -0.896621
v -0.438389 0.715237 -0.951853
v 1.027874 -0.273311 -0.984095
v 0.897025 -0.337524 -0.973534
v 0.960929 -0.274733 -1.131395
v 1.013326 0.537294 -1.055078
v 1.062724 0.465508 -0.981889
v 1.115184 0.381451 -0.965260
v -0.876124 -0.658747 -0.998816
v -0.829650 -0.775119 -0.991078
v -0.891263 -0.839217 -0.974983
v -0.153342 -0.372224 -0.981153
v -0.175384 -0.524936 -1.002767
v -0.792977 -0.943997 -0.998220
v -0.844890 -0.956544 -0.940992
v -0.748586 -0.575604 -1.023993
v -0.620215 -0.457460 -1.060710
v -0.022516 -0.499055 -1.043352
v -0.096919 -0.393494 -1.006100
v 0.011941 -0.338846 -1.001194
v 0.144973 -0.582436 -1.045617
v 0.157590 -0.680220 -1.015370
v -0.744826 -0.827662 -1.075447
v -0.813366 -0.729917 -1.014930
v -0.721231 -0.749144 -1.059620
v 0.085130 -0.739203 -1.032594
v 0.410948 -0.355781 -1.072377
v 0.829922 -0.520673 -1.084676
v 0.862823 -0.539310 -1.001735
v 0.849840 -0.641591 -1.102214
v -1.113134 0.404979 -1.076502
v -1.112163 0.197076 -1.139567
v -1.216417 0.298632 -0.926742
v 0.353213 -0.381173 -1.072800
v 0.551356 -0.318888 -1.063354
v 0.522953 -0.305733 -1.126704
v 0.843498 -0.288247 -1.117258
v 0.861024 -0.330661 -1.016161
v 0.329711 -0.458884 -1.091773
v 0.237205 -0.491048 -1.051015
v 0.338857 -0.346186 -1.029162
v 0.652722 -0.549260 -1.068295
v 0.699315 -0.568683 -1.096594
v 0.633878 -0.772841 -1.092936
v 0.479774 -0.143491 -1.193150
v -0.126477 -0.100154 -1.160290
v -0.067598 -0.121290 -1.088096
v -0.148258 -0.178553 -0.997597
v 0.961668 -0.045960 -1.140769
v 1.013724 0.019470 -1.096534
v 0.960970 -0.013902 -1.149025
v 0.046008 0.763224 -1.140301
v 0.362851 0.771340 -1.039067
v -0.907367 0.181430 -1.210555
v -0.847599 0.149676 -1.281147
v -0.781750 0.046138 -1.224439
v 0.778187 -0.129868 -1.235563
v 0.860869 -0.102182 -1.251949
v 0.893555 -0.114050 -1.234395
v 0.868166 -0.059730 -1.275519
v 0.685637 0.022557 -1.326971
v 0.706329 -0.128354 -1.269889
v 0.460074 -0.010364 -1.226699
v -0.341661 -0.013317 -1.343676
v -0.231601 0.005755 -1.371073
v -0.342148 -0.096054 -1.281778
v 0.603366 0.436201 -1.245503
v -0.572258 -0.314395 -1.049124
v -0.511602 0.941666 -0.166205
v 1.177751 -0.064651 -0.122955
v -0.375624 0.029620 -1.411413
v -0.294406 0.044673 -1.459484
v -0.500587 0.517456 -1.452547
v -0.400059 0.515154 -1.458296
v -0.460020 0.334950 -1.497541
v 0.195706 0.476533 -1.583264
v 0.235788 0.306692 -1.521760
v 0.180436 0.415265 -1.626776
v 0.058515 0.474217 -1.585053
v 0.151577 0.519851 -1.601819
v -0.606095 -1.022748 0.777919
v -0.657132 -1.035818 0.683860
v -1.335594 0.099213 0.183631
v -1.330578 0.092449 0.060282
v -1.252615 0.084580 0.119379
v -1.263008 0.644890 1.020651
v -1.365162 0.622606 0.925744
v -1.446880 0.341109 0.914535
v -1.524615 0.279987 0.148376
v -1.513202 0.206585 0.092828
v -1.523679 0.145308 0.390675
v -1.501751 0.382841 0.021707
v -1.518852 0.366300 0.121342
v -0.176917 -0.084344 -1.216178
v -0.254858 -0.125477 -1.120568
v -0.894455 0.061562 -1.125874
v -0.727380 -0.021659 -1.196153
v -0.857567 0.783835 -0.244903
v -0.882091 0.820019 -0.356822
v -1.017288 0.731674 -0.265817
v -0.804720 0.821592 0.061513
v -0.729875 0.800950 0.028101
v -0.746184 -1.044547 0.237644
v -0.911363 -1.036301 0.215916
v -0.993802 -0.929208 0.398129
v -0.909228 -0.914615 0.431456
v -1.008154 -0.632936 0.394521
v -1.016586 -0.650614 0.213996
v -0.961695 -0.596793 0.231691
v -0.991237 -0.514725 0.548289
v -0.994635 -0.394130 0.615155
v -0.993812 -0.457836 0.381963
v 0.322397 0.539432 -1.404952
v 0.453162 0.598066 -1.315359
v 0.413005 0.477208 -1.340851
v 0.655391 0.568742 -1.192937
v 0.560736 0.638400 -1.176695
v 0.494644 0.696119 -1.138818
v -1.051475 -0.074714 -0.203337
v -1.023723 -0.359647 -0.289378
v -1.023642 -0.377974 -0.171783
v -0.953060 -0.472834 0.257727
v -0.957107 -0.504671 0.304905
v 0.818543 0.921249 0.066817
v 0.885263 0.950046 0.272395
v 0.928142 0.971147 0.082203
v 0.891138 0.605622 -1.057390
v 0.939845 0.639220 -1.031231
v 0.959129 0.515615 -1.097174
v -0.990343 -0.309658 -0.963780
v -0.830633 -0.469488 -0.990429
v -1.027941 -0.155860 -0.365612
v -1.033491 -0.239212 -0.302109
v -0.018556 -0.215087 1.084133
v 0.056737 -0.208246 1.140845
v -0.257120 0.682737 1.192815
v -0.650664 0.720234 1.181168
v -0.479038 0.592602 1.164026
v -0.772656 -0.139104 -1.149828
v -0.734603 -0.159417 -1.101945
v -1.122310 -0.169517 -0.899198
v -1.189937 -0.044625 -0.999150
v -1.056782 -0.181956 -1.023504
v -0.827235 0.722057 -1.046915
v -0.980789 0.703667 -0.890433
v -0.725344 0.743710 -0.901230
v -1.198239 0.315174 -0.867226
v -1.233473 0.529689 -0.776124
v -1.110591 0.514481 -0.999866
v 0.255259 0.615855 1.261999
v 0.092227 0.518301 1.211490
v 0.595911 0.628120 1.268347
v 0.594869 0.440706 1.271507
v 0.711526 0.542301 1.272930
v -0.767512 0.256703 -1.385911
v -0.815172 0.263364 -1.268424
v -0.790246 0.316472 -1.348300
v -1.022271 0.661110 -0.975600
v -0.952788 0.691022 -1.027695
v -0.980734 0.654444 -1.168109
v -0.890459 0.796081 0.526770
v -1.025673 0.800777 0.373658
v -0.956807 0.787110 0.704733
v -0.002154 0.920501 1.059028
v -0.043407 0.926782 1.165126
v 0.156855 0.918799 1.171290
v -0.986635 -0.811762 -0.036930
v -0.964684 -0.845671 -0.157773
v -1.077991 -0.709961 0.356480
v -0.018245 -0.932410 -1.002592
v 0.179177 -0.939807 -1.035400
v 0.012029 -0.952999 -0.905775
v -0.653860 -0.946391 -0.987552
v -0.599393 -0.964324 -0.941779
v -0.723012 -0.999639 -0.893394
v -0.670741 -0.387375 -1.012042
v -0.607126 -0.357514 -1.053485
v -0.644204 -0.223394 -1.094501
v -0.678118 -0.137661 -1.171587
v 0.571058 0.902761 1.097343
v 0.610367 0.973243 1.039268
v 1.138898 1.015617 0.729044
v 0.832169 1.012655 0.693743
v 1.117591 1.036413 1.064857
v -1.419243 0.116909 0.325016
v -1.401506 0.142336 0.147047
v -1.338578 0.124676 0.254148
v -1.030847 0.270826 1.056017
v -1.333333 0.154908 1.049551
v -1.136348 0.049565 1.019721
v -0.947090 -0.274316 0.012438
v -0.971945 -0.122519 -0.122879
v -0.965668 -0.306850 -0.115985
v -1.181659 0.011614 0.043463
v -1.052547 -0.071203 -0.070454
v 0.649850 0.910620 -0.000374
v 0.588438 0.961225 0.097668
v 0.122765 0.989365 0.396740
v 0.059947 0.977441 0.485034
v 0.232203 0.978004 0.572635
v 0.153271 -0.296304 1.145878
v 0.149772 -0.515222 1.069337
v 0.665717 0.076932 1.239590
v 0.499310 -0.073123 1.157745
v -0.301720 -0.908951 -1.051628
v -0.399193 -0.948843 -0.986382
v -0.472123 -0.421502 -1.061469
v -0.476437 -0.546098 -1.100625
v -0.482995 0.869651 0.408717
v -0.609328 0.830813 0.533915
v -0.709865 0.857874 0.430016
v -0.872180 0.812446 0.539231
v 1.169730 0.973423 0.054550
v 1.252146 0.848329 -0.071900
v 1.096114 0.811437 -0.085227
v 1.324015 0.912800 0.517707
v -0.884781 -1.062176 -0.073546
v -0.784567 -1.034713 -0.095738
v -0.761576 -1.068510 0.154149
v -0.713785 -1.018212 -0.742410
v -0.711982 -1.002159 -0.625366
v -0.887018 -1.008612 -0.660777
v 1.014475 0.775699 -0.546571
v 0.825820 0.727613 -0.573969
v 0.922828 0.783352 -0.424774
v 0.334659 0.912243 -0.748107
v 0.206733 0.927226 -0.652854
v 0.258809 0.898039 -0.538725
v 1.012163 -0.493426 0.269899
v 1.023668 -0.242749 0.777555
v -1.309955 0.654329 0.715993
v -1.404374 0.660515 0.785607
v -1.247488 0.670512 0.854395
v -1.396151 0.622457 0.234933
v -1.433399 0.652492 0.435222
v -1.340973 0.673648 0.487695
v 0.621769 0.894032 -0.238319
v 0.512575 0.876497 -0.288420
v 0.433531 0.876015 -0.298333
v 0.560185 0.914564 0.008368
v 0.442628 0.896015 -0.035111
v 0.494820 0.970168 0.093091
v 1.079720 -0.196360 -0.037310
v -0.839080 0.553851 -1.174118
v -0.893770 0.636399 -1.198789
v -0.830701 0.677303 -1.150802
v -1.014894 0.448966 -1.171565
v -0.992421 0.213009 -1.209785
v -1.062663 0.342314 -1.155271
v 1.277300 0.754970 -0.475555
v 1.300724 0.779361 -0.427991
v 1.397609 0.739942 -0.335750
v 1.270728 0.819560 -0.346362
v 1.327777 0.836061 -0.187772
v -0.066175 -0.487793 1.097152
v 0.083571 -0.509210 1.063372
v -0.341120 -0.650420 1.016031
v -0.471836 -0.622210 1.022110
v -0.517680 0.852752 0.456900
v -0.519949 0.853280 0.579531
v -0.488471 0.875793 0.646055
v -0.474321 0.879713 0.722047
v -0.499456 0.827145 0.802478
v -0.286909 -0.851867 -1.073131
v -0.191894 -0.594267 -1.042149
v -0.040279 -0.699821 -1.036308
v 0.121554 -0.481864 -1.049238
v -0.006652 -0.611494 -1.035137
v 0.742362 0.277996 1.280246
v 0.692934 0.321376 1.263040
v -0.049202 0.274372 1.262788
v -0.179402 0.222357 1.223254
v -0.018675 0.181065 1.238904
v -0.979378 -0.343011 0.642897
v -0.942758 -0.244837 0.681648
v -0.967441 -0.283866 0.588109
v -0.966945 -0.247292 0.801136
v -0.970075 -0.334274 0.718038
v -0.981999 -0.372129 0.859260
v -1.028840 -0.470068 -0.303168
v -1.113471 -0.551740 -0.250127
v -1.022239 -0.504443 -0.152092
v -0.967758 -0.687846 -0.734999
v -0.885450 -0.849280 -0.851775
v 1.485505 0.682221 1.184710
v 1.469819 0.587845 1.146032
v 1.553028 0.633376 1.065438
v -0.569227 0.652517 -1.413196
v -0.331528 0.706761 -1.386240
v -0.765166 0.626279 -1.192744
v -0.658612 0.756051 -1.198119
v -0.627243 0.721431 -1.314057
v 0.960192 -0.530254 -1.006540
v 0.890903 -0.624468 -0.997247
v 0.941081 -0.731094 -0.545541
v 0.142694 0.763388 -0.989018
v 0.075371 0.751139 -0.896514
v 0.039618 0.888737 -0.835999
v 0.737737 0.186972 1.259889
v 0.781022 0.153702 1.232587
v 0.782024 0.292905 1.268197
v 0.658895 -0.907345 -1.021574
v 0.767898 -0.830737 -1.029094
v 0.628368 -0.915210 -0.941014
v 0.609276 -1.044499 -0.836343
v 1.502236 0.726166 0.069078
v 1.456546 0.794345 0.267348
v 1.496255 0.703528 0.167968
v -1.360517 0.263272 -0.211077
v -1.314431 0.129493 -0.331734
v -1.326463 0.203429 -0.187678
v -1.309108 0.119511 -0.158252
v -1.330618 0.037629 -0.314159
v 0.613111 0.756369 -0.786753
v 0.504844 0.910714 -0.826807
v 0.660319 0.882109 -0.647708
v 0.493358 0.789923 -0.895886
v 0.384189 0.758540 -0.892901
v -0.493540 -0.997200 1.005054
v -0.558570 -0.850782 1.020053
v -0.484340 -0.954434 1.026459
v -1.397650 0.151997 -0.067390
v -1.475551 0.183663 -0.040865
v -1.364983 0.415812 -0.103262
v -1.334357 0.134056 -0.007837
v 0.715349 0.742434 -0.640670
v 1.057567 0.727979 -0.737118
v 0.936369 0.727235 -0.865346
v 0.877903 0.723745 -0.748136
v -1.050140 -0.224293 -0.968629
v -0.922254 -0.123866 -1.148527
v -0.869294 -0.240929 -0.989415
v -1.019485 -0.284262 -0.974068
v 0.691788 0.637068 -1.012048
v 0.818020 0.597082 -1.067330
v 0.789547 0.508924 -1.063360
v 0.709116 0.790210 -0.853419
v 0.730163 0.747971 -0.715924
v -0.140959 -1.111968 0.260045
v -0.129506 -1.142382 0.118058
v -0.052433 -1.052227 0.188192
v -0.231798 -1.065604 -0.362978
v -0.914460 -0.394259 0.124114
v -1.099044 -0.601138 -0.025885
v -0.961699 -0.528181 0.110836
v -0.717560 0.778084 -0.076815
v -0.683588 0.950493 -0.049768
v -0.702955 0.783345 -0.183910
v -0.387241 0.741903 -0.931360
v -0.500945 0.825232 -0.810829
v -0.334251 0.860948 -0.864180
v 0.201301 -0.813164 0.409009
v 0.288789 -0.872655 0.494806
v 0.166562 -0.881005 0.474579
v 0.025191 -0.946314 0.326662
v 0.069648 -0.877283 0.505001
v -0.866229 -1.010859 -0.781259
v -0.887879 -0.879111 -0.666992
v -0.828335 -1.004190 -0.821815
v 0.965569 -0.237235 -0.030900
v 0.997904 -0.263525 0.103746
v 1.155289 0.071131 -0.536569
v 1.177712 0.085481 -0.632235
v -0.384006 0.099702 1.107511
v -0.397465 0.154557 1.041764
v -0.411214 0.082774 1.045773
v -0.080778 0.332224 1.291831
v -0.411363 0.298798 1.238760
v -1.085955 0.712436 -0.069597
v -0.918282 0.747329 -0.156008
v -1.351300 0.415876 -0.208066
v -1.325661 0.248276 -0.337634
v 1.285015 0.803630 -0.422004
v 1.418151 0.868889 0.176006
v 1.430688 0.853089 0.039975
v -1.460486 0.596411 -0.067385
v -1.380904 0.599760 -0.106929
v -1.356993 0.627935 -0.077439
v -1.359568 0.669320 0.037979
v 0.661844 -1.004532 -0.485262
v 0.654464 -0.925295 -0.507291
v 0.282935 -1.098663 -0.271954
v 1.127309 0.220886 -0.975122
v 1.009817 0.474269 -1.091019
v 1.254109 0.218111 -0.767937
v 1.090818 -0.133004 -0.683263
v 1.184750 0.095594 -0.752891
v 1.019260 0.286057 1.183993
v 1.113380 0.222192 1.166554
v 1.096401 0.341575 1.142873
v 1.452546 0.173574 0.928979
v 1.335686 0.167476 0.985582
v 1.387331 0.145550 0.901823
v -0.205188 -0.937621 -0.989761
v -0.110018 -0.937901 -0.920867
v -0.236844 -0.940352 -0.949482
v -0.433247 -1.047169 -0.475284
v -0.255297 -1.051351 -0.455703
v 0.286447 0.537437 1.246557
v 0.253636 0.417610 1.354191
v 0.431741 0.401703 1.361504
v 0.506282 0.298746 1.348965
v 1.667263 0.481193 0.454860
v 0.220803 -0.319059 -0.972287
v 0.286998 -0.251814 -1.077446
v 0.236458 -0.108226 -1.080496
v 0.291570 -0.148313 -1.107311
v 0.906549 -0.306587 -0.581228
v 0.961550 -0.447737 -0.620222
v 1.079400 -0.090064 -0.655039
v 1.183902 0.055939 -0.679473
v 0.074762 0.983141 0.197053
v -0.065798 0.941623 0.309407
v 0.055550 0.957678 0.419170
v -1.333807 0.013333 -0.437961
v -1.282112 -0.013676 -0.382020
v -1.299388 0.127811 -0.387184
v -1.434464 0.148411 -0.510544
v -1.412259 0.107113 -0.513525
v 1.009234 -0.262385 -0.625610
v 1.046057 -0.076129 -0.568134
v 0.981050 -0.285587 -0.486734
v 1.029067 -0.137516 -0.436489
v 1.034927 -0.175318 -0.382842
v 0.993807 -0.301390 -0.376852
v 0.385020 0.091185 -1.243389
v 0.468394 0.059443 -1.270135
v 0.199886 0.157076 -1.426836
v 0.188793 0.277840 -1.538407
v 0.269102 0.242078 -1.342960
v -0.069482 -1.023011 0.332665
v 0.002483 -0.994375 0.196493
v 0.230666 -0.879449 0.202354
v 0.101619 -0.874981 0.230005
v 0.123039 -0.901528 0.176588
v -0.987214 -0.153825 0.869585
v -1.026824 -0.082706 0.396724
v -1.045128 -0.047920 0.553398
v -1.085132 -0.043050 0.537024
v 0.146188 -1.076802 -0.826382
v 0.167086 -1.093086 -0.696369
v -0.047263 -1.101480 -0.736173
v -0.195624 -1.054347 -0.903775
v -0.203690 -0.957838 -0.904243
v 0.095643 0.219816 -1.607499
v 0.092207 0.087048 -1.409818
v 0.113982 0.025858 -1.236424
v 0.182933 0.019324 -1.180850
v 0.157127 -0.122634 -1.028652
v 1.562283 0.509295 0.403485
v 1.435531 0.618810 -0.061104
v 0.273594 0.316573 -1.424259
v 0.018022 0.410781 -1.548797
v -0.034724 0.390968 -1.601563
v 1.162355 -0.280242 0.336559
v 1.072137 -0.256768 0.366021
v 1.085318 -0.275951 0.276338
v 1.052850 -0.309743 0.333704
v -1.214740 0.014478 0.831668
v -1.212064 0.025273 0.644836
v -1.091453 -0.056222 0.876868
v -1.499881 0.093375 0.821927
v -1.310240 0.037838 0.764154
v -1.289069 0.066940 0.951243
v -0.519939 0.871661 -0.726751
v -0.140266 0.950404 -0.145384
v -0.333371 0.947205 -0.200030
v -0.346988 0.956577 0.014877
v 0.605364 -0.556052 0.661318
v 0.470352 -0.709073 0.466986
v 0.717934 -0.705583 0.451863
v -0.426868 -0.211131 -1.126916
v -0.492197 -0.186632 -1.210357
v -0.286052 -0.163676 -1.088589
v -0.293824 -0.372115 -0.988117
v -0.393792 -0.483666 -1.078650
v 1.327621 0.608010 -0.531501
v 1.277500 0.598391 -0.636754
v 1.293959 0.732427 -0.609992
v 1.314137 0.373180 -0.641493
v 1.337869 0.298224 -0.477699
v -0.808811 -1.010270 -0.344218
v -0.639598 -0.995981 -0.214420
v -0.602358 -1.024883 -0.052384
v -0.570310 -1.034210 0.029433
v -0.698436 -1.037004 -0.005404
v 0.397316 -0.454310 -1.086950
v 0.410653 -0.488312 -1.044134
v 0.596435 -0.445089 -1.099592
v -0.606131 0.308276 1.099600
v -0.698705 0.552306 1.137309
v -0.740854 0.355334 1.107631
v -0.774131 0.781826 0.790656
v -0.872725 0.764211 1.054605
v -0.654068 0.791407 0.698018
v -1.324571 0.235447 -0.374563
v -1.409048 0.483345 -0.468068
v -0.990976 0.700184 -0.581958
v -1.087865 0.656771 -0.637679
v -1.104389 0.686041 -0.441132
v -0.480206 -0.019037 -1.316365
v -0.573955 -0.196620 -1.150500
v 0.777679 0.315588 -1.399047
v 0.593630 0.229287 -1.351008
v 0.650139 0.287390 -1.322678
v 0.941699 0.435547 -1.266017
v 0.988411 0.451229 -1.178114
v 1.005890 0.276021 -1.168102
v -1.096530 -0.046866 0.284373
v -0.991108 -0.146038 0.160634
v -0.986996 -0.132448 0.253687
v -0.955598 -0.247450 0.126958
v -0.948370 -0.447456 0.194273
v 1.019420 -0.137211 -0.208961
v 1.013062 -0.223385 -0.272626
v 1.027143 -0.170358 -0.268829
v -0.066818 0.883183 -0.850139
v -0.105322 0.928124 -0.772309
v -0.351535 0.874047 -0.636991
v 0.883408 0.400602 -1.355148
v 0.753180 0.419846 -1.282277
v -0.878868 0.844361 0.327804
v -1.231850 0.738668 0.127447
v -1.160754 0.776166 0.159241
v -0.995593 0.803306 0.086470
v -1.316667 0.370398 -0.634485
v -1.385607 0.389711 -0.600362
v -1.372337 0.465717 -0.613597
v -1.145176 0.698766 -0.442405
v -1.206844 0.645993 -0.661775
v 1.201749 0.817581 -0.526118
v 0.994438 0.828348 -0.139275
v 0.907442 0.849897 -0.181166
v 0.672296 -0.864414 -0.622935
v 0.619217 -0.960703 -0.563441
v 0.569138 -1.061743 -0.559752
v -0.380282 0.118520 -1.536037
v -0.652735 0.250021 -1.470516
v -0.623577 0.334439 -1.436337
v 0.632034 -0.953922 -0.689634
v 0.611707 -0.882444 -0.665244
v 0.601736 -0.950408 -0.927251
v 0.529121 -1.025792 -0.943875
v -0.179224 0.930539 0.729285
v -0.039479 0.976059 0.721875
v -0.175769 0.977676 0.609783
v 0.010590 0.983556 0.808826
v 0.133485 0.968864 0.571704
v -0.013874 0.967409 0.564606
v 0.507854 -0.212673 1.125234
v 0.420635 -0.278443 1.154857
v 0.537379 -0.314697 1.162511
v 0.684811 -0.226282 1.160392
v 0.749006 -0.044610 1.168661
v -0.109847 0.149877 -1.589369
v 0.045824 0.199636 -1.641725
v 0.036552 0.066330 -1.412267
v -0.093290 0.204245 -1.622322
v 0.089018 0.276502 -1.633175
v 0.661614 -0.277308 1.078938
v 0.609662 -0.626294 0.783001
v 0.652620 -0.538815 0.769667
v 0.690629 -0.501293 0.985468
v -0.900912 -0.166302 1.014834
v -0.975211 -0.108562 1.023066
v -0.877648 -0.289837 1.017858
v -1.058655 -0.057062 0.908582
v -0.481758 -1.042343 0.337418
v -0.026781 -0.940052 0.440439
v -1.018437 -0.530111 -0.152202
v -1.008097 -0.780837 -0.217951
v -1.040530 -0.718394 -0.399530
v -0.892896 -1.020915 -0.285204
v 0.134636 0.998114 0.813503
v 0.955293 1.010468 0.660156
v -0.370031 0.320362 -1.544564
v -0.521985 0.211577 -1.517761
v -0.818935 -1.011622 0.333462
v -1.044767 -0.748009 0.251567
v -0.782461 0.824284 -0.324339
v -0.778076 0.793990 -0.188391
v -0.940846 0.689476 -0.587778
v -0.915076 0.811617 -0.514327
v -0.884965 0.752731 -0.711415
v -1.058359 -0.187777 -0.814357
v -1.043720 -0.320253 -0.886228
v -0.802079 0.750814 -0.792683
v -0.861920 0.746061 -0.768489
v -0.746134 0.816761 -0.541005
v -0.941570 0.699623 -0.795635
v -1.532251 0.283338 0.870443
v -1.393440 0.170535 0.992381
v -1.527776 0.124653 0.909012
v 1.099434 -0.114882 -0.310372
v 1.118930 -0.040969 -0.338674
v 1.170120 -0.044184 -0.297095
v 0.214824 -0.582746 1.009243
v -0.011901 -0.613365 1.011535
v -0.034867 -0.550879 1.071706
v -0.958188 -0.647757 0.411223
v -0.939461 -0.701125 0.490603
v -0.835712 -0.894583 0.776763
v -0.821853 -0.960268 0.755155
v -0.850375 -0.904420 0.872289
v -0.569307 -1.054278 -0.835165
v -0.483001 -1.051241 -0.868015
v -0.483856 -1.118464 -0.759294
v -0.642528 -1.024305 -0.684216
v -0.646204 -1.015777 -0.765838
v -0.611328 -1.130655 -0.725905
v 0.357677 -0.854178 0.512697
v 0.421576 -0.776409 0.416497
v 0.565937 -0.653753 0.726131
v -0.494912 -0.350359 0.993169
v -0.448075 -0.363779 1.082275
v -0.755151 -0.006219 1.007455
v -0.834545 -0.167539 0.995820
v -0.391274 -1.090036 -0.787340
v -0.474032 -1.111561 -0.630345
v -0.512107 -1.107337 -0.606777
v -0.588872 -1.071715 -0.603685
v -0.604069 -1.127385 -0.649558
v -0.397110 -0.206857 1.064546
v -0.448127 -0.264246 1.021515
v -0.356625 -0.268418 1.080612
v -0.240537 -0.413727 1.052570
v -0.296439 -0.274895 1.058043
v 1.191997 0.999605 0.322005
v 1.010707 0.987674 0.107418
v 1.024150 1.008048 0.333469
v 1.339852 0.865771 0.133531
v 1.232972 0.969190 0.058592
v 0.705733 -0.347374 -1.045759
v 0.684851 -0.295487 -1.050012
v 0.769206 -0.310495 -1.120169
v 0.721709 -0.451663 -1.159546
v -1.517462 0.135552 0.654396
v -1.508932 0.340760 0.724599
v -1.536036 0.336453 0.602931
v -1.377224 0.635790 0.611141
v 0.997482 0.925816 -0.078560
v 0.899262 0.908719 -0.113486
v 0.357501 -0.519051 -1.063550
v 0.337940 -0.695022 -1.074526
v 0.412166 -0.692827 -1.047673
v 1.054824 -0.246139 -0.710842
v 0.343532 0.188190 1.288107
v 0.279562 0.124941 1.256602
v 0.400107 0.014678 1.295421
v 0.246675 0.150944 1.288191
v 0.344099 0.240428 1.309132
v 0.266713 0.337902 1.345430
v -1.239713 0.076771 0.270712
v -1.247374 0.067048 0.535227
v -1.343789 0.063966 0.386100
v -1.225855 0.045414 0.408676
v -0.130501 -1.091100 -0.325389
v -0.170001 -1.099292 -0.417052
v -0.301504 -1.116819 -0.110524
v -0.412305 -1.143846 -0.103640
v -1.224861 0.752225 1.027612
v -1.093247 0.694553 1.124713
v -1.193063 0.742860 0.892381
v -1.195714 0.692094 0.774372
v 1.492055 0.085259 0.698018
v 1.568249 0.081391 0.827730
v 1.430745 0.020349 0.765602
v 1.252461 -0.190177 0.665684
v 1.288518 -0.109389 0.711850
v 1.163449 -0.277446 0.627521
v 1.068236 -0.326487 0.579727
v 1.028378 -0.422734 0.587947
v 0.985080 -0.600749 0.404152
v 0.869229 -0.598800 0.436514
v 0.818325 -0.560574 0.525486
v 0.800700 -0.609186 0.415585
v -0.311450 -1.094840 -0.695665
v -0.070890 -1.095821 -0.823735
v 0.004851 -1.081954 -0.874704
v 1.564402 0.572630 0.719319
v 1.577386 0.451038 1.062325
v 1.576077 0.492192 1.094658
v 1.553749 0.437381 1.189289
v -1.038707 -0.524069 -0.954220
v -1.108701 -0.514374 -0.740383
v -1.082605 -0.442043 -0.715350
v -1.091956 -0.412456 -0.867503
v -1.159189 0.658420 -0.823644
v -1.104455 0.601644 -0.983974
v -1.122529 0.690802 -0.832743
v -1.052596 0.674347 -0.742522
v -0.936422 0.714664 -0.720751
v -0.187601 0.907120 -0.632046
v -0.263265 0.866310 -0.718125
v -0.240715 0.880275 -0.551425
v 0.249283 0.906131 -0.806003
v 0.026724 0.942782 -0.692312
v 1.355859 0.372866 1.184607
v 1.340281 0.264373 1.072527
v 1.404620 0.328164 1.184780
v -0.174699 0.896720 -0.277278
v -0.266121 0.886430 -0.337114
v -0.024683 0.944609 -0.520075
v -0.125255 0.890961 -0.460265
v -0.021496 0.941140 -0.418807
v -0.997574 -0.765194 -0.484317
v -1.037348 -0.670473 -0.451583
v -0.960065 -0.728761 -0.535307
v -1.083549 -0.560927 -0.813478
v -1.019955 -0.621504 -0.636014
v 0.686498 -0.862991 -0.283205
v 0.601695 -1.107931 -0.384620
v 0.284854 -1.096459 -0.407012
v 0.900686 0.243996 -1.360622
v 0.634028 0.177107 -1.371354
v 1.219390 0.814252 -0.245168
v 0.392262 0.983929 0.160513
v 0.359143 0.943362 0.161264
v 0.533692 0.988450 0.364020
v 0.360565 0.994873 0.292529
v 0.278337 0.868758 -0.174665
v 0.276108 0.856904 -0.351829
v 0.180938 0.889507 -0.287128
v 0.326667 0.885715 -0.146046
v -0.239540 -1.139080 0.095416
v -0.202464 -1.130238 0.148924
v -0.408180 -1.148916 0.093584
v -0.484649 -1.137431 0.308564
v -1.049404 -0.069482 -0.162177
v -1.028606 -0.304845 -0.129024
v -1.072433 -0.572545 -0.169397
v -0.932564 -0.510777 -0.074006
v -1.500996 0.281315 0.822205
v -1.509840 0.148172 0.742624
v -1.560671 0.211212 0.864878
v -1.471646 0.060137 0.633498
v -0.516168 0.847142 1.141839
v -0.606115 0.763262 1.194989
v -0.255286 0.798388 1.227388
v -0.406676 0.838096 0.983149
v -0.794880 -0.719250 1.023829
v -0.603876 -0.495342 0.968845
v -0.689895 -0.610634 1.002365
v -0.024307 0.677984 -1.496190
v 0.014421 0.765596 -1.337841
v -0.146473 0.741830 -1.375805
v -0.251830 0.773188 -1.215551
v 0.056655 -0.195250 1.163427
v 0.173280 -0.156033 1.220584
v 0.206499 0.085335 1.251675
v 0.353315 -0.127063 1.239087
v 0.415946 -0.148427 1.152745
v 0.441209 -0.007596 1.276780
v -1.013947 -0.025450 -1.208964
v -1.118163 -0.030042 -1.141371
v -0.322366 -1.143005 0.385198
v -0.437120 -1.150300 0.240716
v -0.245266 -1.164630 0.381677
v -0.095686 -0.974395 0.382937
v -0.594861 0.791231 1.081037
v -0.817633 0.712847 1.134100
v -1.241457 0.670834 -0.317130
v -1.186847 0.709083 -0.395926
v -1.333233 0.678039 -0.488816
v -1.240096 0.699162 -0.297600
v 0.517829 0.738223 1.275682
v 0.483992 0.616213 1.235464
v 0.675268 0.909419 1.235665
v 0.692023 0.797751 1.268081
v 0.861524 0.907031 1.259564
v -0.383942 -0.138442 1.044442
v -0.349516 0.089176 1.119025
v -0.159015 0.023311 1.126540
v -0.233397 -0.133882 1.085885
v -1.369222 0.540817 -0.554930
v -1.309299 0.552563 -0.620704
v -1.314611 0.518872 -0.334699
v -1.351100 0.642687 -0.415258
v 1.176395 -0.284409 0.476843
v 1.226613 -0.176102 0.389407
v 0.608836 -1.091005 -0.461951
v 0.352093 -1.098222 -0.630661
v 0.461279 -1.103085 -0.530933
v 0.336983 -1.114564 -0.468457
v 0.896625 -0.481792 -1.005025
v 0.871062 -0.345899 -0.982708
v 0.744215 -0.366652 -1.001472
v -0.688706 0.771333 -0.389983
v -0.661594 0.909825 -0.347581
v -0.610831 0.879507 -0.642411
v -0.419642 0.915330 -0.565850
v -0.366943 0.936619 -0.303449
v -0.331371 0.911019 -0.310947
v 0.844610 -0.052627 1.160255
v 0.929846 -0.047670 1.109379
v 0.970906 0.085597 1.182925
v -1.486919 0.653716 0.166704
v -1.489668 0.638908 0.022342
v -1.512827 0.603853 -0.045539
v 1.232622 0.995479 0.933415
v 0.817135 1.033910 1.022040
v 0.852822 0.978950 1.081930
v 0.942543 1.033766 1.056584
v 0.385653 0.744777 -1.187256
v 0.220899 0.609369 -1.497977
v 0.302290 0.741067 -1.401401
v -0.984532 -0.315305 1.016433
v -0.988937 -0.332849 0.950316
v -0.769611 -1.035311 0.332529
v -0.571694 -1.042952 0.497566
v -0.773408 -1.045086 0.510026
v -0.901609 -0.786530 0.441247
v -0.900017 -0.786535 0.509582
v 0.876129 -0.517180 0.812895
v 0.854779 -0.387465 1.002943
v 0.739141 -0.576301 0.732001
v 0.705566 -0.372486 1.004050
v 0.833848 -0.348592 1.065181
v 0.632441 0.038050 1.173191
v 0.761832 0.009911 1.165303
v 0.765647 0.120102 1.177665
v 0.920984 0.169078 1.233141
v 0.667045 -0.854612 -1.101427
v 0.611657 -0.924946 -1.080678
v -0.671769 0.916303 0.325987
v -0.471175 0.943605 0.360956
v -0.338010 0.933276 0.132953
v -0.406659 0.944784 0.136627
v -0.369010 0.920219 0.299895
v 0.347230 0.370773 -1.373537
v 0.264674 0.054581 -1.238246
v 0.322013 0.221326 -1.317640
v 0.689837 -0.771316 0.212784
v 1.455197 0.172343 0.890051
v 1.474486 0.115793 0.910752
v 1.555297 0.159258 0.824545
v -0.788738 0.223708 -1.365541
v -0.847831 0.223361 -1.289734
v -0.965317 -0.058825 -1.201709
v -0.950967 0.183215 -1.195316
v 0.464330 -0.769732 0.570446
v 1.164638 -0.121293 -0.116215
v 1.105983 -0.196121 -0.104386
v 1.141511 -0.107509 -0.236338
v 0.853233 -0.332902 0.886118
v 0.889251 -0.468857 0.870931
v 0.782551 -0.655992 0.493027
v -0.592971 0.914704 -0.452936
v -0.602934 0.924574 -0.342229
v -0.627760 0.928078 0.028169
v -0.540230 0.936975 0.099318
v -0.559886 0.966650 0.027593
v -1.172998 0.740960 0.700685
v -1.256822 0.726757 0.590707
v -1.262011 0.675044 0.716887
v 0.395450 -0.912254 -1.072337
v 0.405072 -0.946078 -0.974142
v 0.549764 -0.757155 -1.068010
v 0.559196 -0.890023 -1.108665
v 0.768055 0.510571 -1.176205
v 0.912061 0.476932 -1.120393
v 0.879414 0.521578 -1.098422
v -1.098124 0.747861 0.814311
v 1.277648 0.938987 1.027038
v 1.145968 1.021223 1.076666
v 1.161598 0.914883 1.116722
v 1.121781 0.828999 1.243842
v 0.987381 0.919887 1.260163
v 0.484382 0.754703 -1.085810
v 0.399591 0.777118 -0.951374
v 0.561177 0.777535 -0.979347
v 0.568671 0.781950 -0.856241
v -0.265811 -0.203457 1.048946
v -0.336773 -0.083763 1.065775
v 1.327072 0.272548 -0.393363
v 1.341733 0.349151 -0.314500
v 1.308981 0.292190 -0.356637
v 1.426704 0.506934 -0.271370
v 0.747649 -0.085626 -1.266179
v 0.721183 -0.279810 -1.116324
v 0.729382 -0.280460 -1.192016
v 0.306498 0.923682 1.207734
v 0.352589 0.940947 1.156528
v 0.814972 0.867816 1.187411
v -1.372007 0.144824 0.046427
v -1.365034 0.121116 0.120472
v -1.306745 0.059780 0.657258
v 0.875500 0.900912 -0.162890
v 0.824588 0.736596 -0.459487
v 0.437837 0.922958 1.193541
v 0.426295 0.917524 1.233876
v 0.327111 0.780084 1.237707
v 0.299110 0.612557 1.234162
v -0.955635 -0.368174 0.251223
v -0.975738 -0.145834 0.449562
v -0.981987 -0.271020 0.507483
v 0.966633 -0.415479 -0.166795
v 0.971499 -0.491151 -0.057142
v 0.936351 -0.325651 -0.344104
v 0.914630 -0.291004 -0.266365
v 0.965952 -0.418811 -0.311160
v -0.453555 -0.125263 -1.287611
v -1.218368 0.798156 0.496804
v -1.108414 0.784466 0.659514
v -1.046327 0.740191 0.341567
v -1.002947 0.803437 0.222462
v -1.124190 0.754381 0.299297
v 1.048720 0.839525 -0.254746
v 0.878031 0.893065 -0.348187
v -0.805025 -0.935690 -0.996443
v -0.805479 -0.931310 -0.996363
v -0.805019 -0.894617 -1.045236
v 0.170413 -0.335143 -0.995202
v 0.203092 -0.568751 -1.062903
v 0.070055 0.905335 -0.143164
v 0.098728 0.876932 -0.071551
v 0.134623 0.892105 -0.139252
v -0.225071 0.930115 0.109686
v -0.067879 0.924837 0.267971
v -0.054756 0.941347 0.096056
v 0.618756 -0.946712 -0.121759
v 0.802826 -0.824255 -0.223181
v 0.788077 -0.893092 -0.141716
v 0.840037 -0.856874 -0.103208
v 0.803600 -0.848159 -0.150918
v -0.163023 0.001017 -1.357330
v -0.181984 -0.057288 -1.269809
v 0.276703 -0.162312 1.218322
v 0.235783 -0.166354 1.248489
v 1.295484 0.801666 -0.580939
v 1.239539 0.783276 -0.512647
v 1.294128 0.721195 -0.542935
v 1.050358 0.789405 -0.576349
v 1.061563 0.821184 -0.445322
v -0.756324 0.816694 0.146011
v 0.812761 0.723968 -0.756466
v 0.747898 0.776415 -1.013037
v -0.639008 -0.970479 -0.886508
v -0.615370 -0.977527 -0.830112
v -0.605829 -1.041982 -0.770721
v -0.828320 -0.846629 -1.016237
v -0.832257 -0.857981 -1.037634
v -0.351222 0.884826 0.505049
v -0.424952 0.878521 0.482046
v -0.422236 0.887558 0.632767
v -0.960769 0.393221 -1.163771
v -0.891555 0.236679 -1.195404
v 1.572436 0.520250 0.886089
v 1.673708 0.462023 0.836741
v 1.694530 0.479741 0.799865
v -0.087838 -1.141571 -0.000915
v -0.014924 -1.102486 -0.199038
v 0.007576 -1.121737 -0.148249
v 0.037232 -1.073639 -0.051078
v -0.421707 -1.042606 0.637591
v -0.276776 -1.122544 0.632156
v -0.294838 -1.111014 0.762689
v 0.094736 -0.955533 -0.926986
v 0.130598 -1.064265 -0.883788
v 0.413527 -1.036222 -0.935391
v 0.291082 -1.036179 -0.861669
v 0.345468 -0.929215 -0.918983
v -1.305077 0.698920 0.502836
v -1.202154 0.716201 0.357250
v -1.079160 0.803330 0.377850
v -0.959737 0.475225 -1.203046
v -0.631499 -1.050389 0.104688
v -0.595695 -1.120362 0.109059
v -0.542960 -1.129269 0.196676
v -0.237222 -1.150088 0.245999
v 1.454217 0.575220 -0.251498
v 1.482022 0.595931 -0.198546
v 1.474963 0.680442 -0.129414
v 1.484391 0.629834 -0.157459
v -1.068589 -0.374632 -0.846895
v -1.030002 -0.388442 -0.939878
v 0.904277 0.724525 -0.619379
v 1.145080 0.693169 -0.731878
v 0.479992 0.393369 1.311156
v 0.515890 0.470741 1.230348
v 0.403951 0.470291 1.260871
v 1.560445 0.666853 0.329097
v 1.434512 0.864748 0.353767
v 1.522913 0.808945 0.463194
v 1.516713 0.843475 0.686994
v 1.434182 0.881611 0.592959
v 1.365320 0.912199 1.049947
v -0.364030 0.887594 0.408828
v -0.296006 0.810679 0.485429
v -0.263806 0.970435 0.496940
v -0.275212 0.886265 0.429182
v -0.774636 0.106643 -1.313176
v -0.662127 0.040115 -1.313958
v -0.515863 -0.057050 -1.309921
v -0.557967 -0.123089 -1.235392
v -0.657928 -0.106278 -1.209159
v 0.311994 0.833454 1.279815
v 0.824917 0.228426 -1.397828
v 0.818511 -0.034463 -1.321092
v -1.289181 0.666294 0.267059
v -1.250211 0.688880 0.382633
v 1.565140 0.502078 0.213532
v 1.554638 0.503946 0.034920
v 1.535302 0.539198 -0.046833
v 1.341408 0.901738 0.838634
v 1.376967 0.918635 1.148687
v 1.308662 0.912966 1.044303
v 0.271844 -1.098410 -0.646517
v 0.358924 0.659951 -1.350909
v 0.505731 0.657412 -1.233463
v 1.125431 0.023643 -0.407902
v 1.072754 -0.127116 -0.329436
v -0.427758 -1.076927 -0.189392
v -0.541583 -1.090078 -0.173010
v -0.518009 -1.145514 0.136446
v -0.533122 -1.116943 0.061741
v -0.168693 1.014655 0.910005
v -0.228766 0.906686 0.784306
v -0.008386 0.981223 0.972669
v -1.347786 0.213264 -0.104950
v 0.883803 -0.252206 1.016616
v 0.846651 -0.195411 1.071473
v 0.779194 -0.187629 1.110126
v -0.983904 -0.197650 0.738411
v -0.967386 -0.166350 0.621647
v -0.413485 0.226825 1.175451
v -0.417966 0.258022 1.100160
v -0.155983 0.430232 1.178116
v 0.326034 -0.455031 1.101487
v 0.319197 -0.523132 0.994531
v 0.640817 -0.393739 1.134807
v 0.664119 -0.476343 1.044222
v -1.337459 0.693861 0.134199
v -1.263445 0.633588 0.018921
v -1.558330 0.349923 0.419309
v -1.560660 0.597362 0.573805
v -1.555321 0.531408 0.302139
v -1.537299 0.555796 0.641052
v 0.256421 -0.685972 -1.038085
v 0.332719 -0.770325 -1.087380
v 0.301374 -0.573962 -1.059860
v 1.472517 0.774916 1.118927
v 1.449854 0.871483 1.066667
v 1.206811 0.904183 1.197094
v 1.095606 0.920788 1.231876
v -1.067346 -0.684877 0.220321
v 1.539694 0.614517 0.297778
v -0.483179 -1.039109 0.902068
v -0.435227 -1.078284 0.920358
v -0.171672 -0.660795 0.982905
v -0.249198 -0.794140 1.001241
v -0.083468 -0.746496 1.006733
v 1.253702 0.125448 0.957361
v 1.152969 0.175046 1.094084
v 1.120398 0.091656 1.078267
v 1.171875 0.014532 0.944967
v -1.490207 0.399528 0.140164
v -1.305352 0.689958 0.221785
v -0.818829 -0.980945 0.368281
v -1.525179 0.620518 0.386801
v -1.472969 0.528659 0.251422
v 1.008957 0.968444 0.086835
v 1.072022 0.946667 0.014378
v 0.727414 -0.422981 0.943662
v -0.185638 0.927099 0.948308
v -0.365768 0.352051 1.197882
v -0.583409 0.441312 1.132408
v -0.368110 0.890386 0.712033
v -0.338482 0.894573 0.854312
v -1.014083 -0.080105 -0.138469
v -1.083154 -0.002488 -0.117566
v 0.029574 -0.913670 0.124691
v 0.193634 -0.920473 -0.015324
v -0.036617 -1.045921 0.135427
v -0.017961 0.761991 -1.164949
v -0.215829 0.697974 -0.971430
v -0.146428 0.743625 -1.063916
v -0.281359 0.742235 -1.065948
v -1.062568 0.734080 -0.372135
v 1.375811 0.403923 -0.246865
v 1.430472 0.492044 -0.214601
v 0.520806 0.603352 -1.232865
v 0.607639 0.500717 -1.222672
v 0.568808 0.336001 -1.290508
v -0.012249 -0.931488 0.076732
v 0.295614 0.002170 -1.210688
v 0.306104 -0.074101 -1.157474
v -0.242339 -1.083418 -0.501068
v -0.377745 0.744260 -1.243408
v -1.275864 0.644758 -0.315792
v -1.347192 0.640558 -0.155585
v -1.316868 0.596757 -0.078547
v -1.297234 0.692174 -0.132174
v 0.510471 -0.974752 -1.046282
v 0.489562 -1.048901 -1.013841
v 0.565992 -0.915059 -0.967957
v -0.589743 -1.083470 -0.558370
v -1.385598 0.026032 -0.603822
v -1.309845 -0.004850 -0.784087
v -1.265645 -0.074308 -0.737408
v -1.328155 -0.038401 -0.607726
v -1.202811 -0.085764 -0.678501
v -1.221933 -0.078488 -0.600711
v -1.001868 -0.584233 0.280924
v -1.052336 -0.637978 0.265367
v -0.989712 -0.595426 0.386128
v 0.002527 -0.704947 1.028988
v -0.133874 -0.661645 0.992019
v -0.370630 0.821056 0.453194
v -0.279540 0.889697 0.523494
v 1.072163 0.918656 1.198144
v 1.067007 0.281889 -1.089536
v 1.031631 0.255381 -1.147003
v 1.032876 0.107813 -1.102237
v 0.065813 -0.868572 0.265422
v 0.100601 -0.871604 0.394338
v 0.062380 -0.919958 0.183394
v -0.805141 -0.933952 -0.997849
v 0.146808 0.311227 -1.635833
v -0.173398 0.927379 0.312160
v -0.223935 0.910460 0.380952
v -0.042536 0.930202 0.462442
v -0.230248 0.941636 0.466619
v -1.375280 0.628702 0.687521
v -1.461007 0.601040 0.645589
v -1.504469 0.606902 0.764466
v 0.969562 -0.538318 -0.942438
v 0.997931 -0.606337 -0.879603
v 0.070157 0.122039 1.221258
v 0.157909 0.195357 1.272304
v 0.096526 0.150085 1.243927
v -1.533179 0.258986 0.415378
v -1.549370 0.298474 0.476901
v -0.612468 0.809426 -0.832887
v -0.694368 0.766196 -0.734165
v 0.930579 -0.590776 0.322332
v 0.879669 -0.507623 0.562404
v 0.435732 0.312180 -1.320245
v 0.558263 0.380469 -1.331225
v 0.505845 0.283947 -1.319504
v 0.579774 0.092416 -1.312831
v 0.440044 0.189099 -1.289412
v -1.249396 0.770957 0.272064
v -1.202964 0.712774 0.326321
v -1.195353 0.783658 0.211852
v -1.265939 0.676625 0.160563
v -1.082711 -0.162134 -0.487681
v -1.162363 -0.112653 -0.626428
v -1.075063 -0.185330 -0.609430
v -1.050288 -0.319952 -0.469364
v -1.068010 -0.345215 -0.496272
v -1.059125 -0.459338 -0.449330
v -1.126660 0.473798 1.089525
v -1.292589 0.322785 1.056013
v -0.905189 0.383768 -1.174969
v -0.914181 0.493158 -1.189645
v -0.874067 0.448960 -1.234002
v 0.607086 0.991327 0.742157
v 0.689729 0.953849 0.493062
v 0.580864 0.988017 0.614816
v 0.233280 0.979837 0.441114
v 0.416106 1.008525 0.406432
v 0.227436 -1.020029 -0.174586
v 0.186286 -1.038333 -0.091281
v 0.095064 -1.088715 -0.127006
v -0.314404 -1.045345 0.554849
v -0.187816 -1.003667 0.602961
v 0.842051 0.801545 1.264014
v 0.844064 0.617910 1.268966
v 0.759956 0.619564 1.270773
v -0.806906 -0.992664 -0.928519
v 0.796084 -0.602524 0.579724
v 0.847044 -0.579366 0.714718
v -1.273489 0.554834 -0.683927
v -1.208066 0.638634 -0.718139
v -1.225998 0.595144 -0.761167
v 0.623138 0.354022 1.271051
v 0.568178 0.264892 1.331022
v 0.360450 0.313662 1.323519
v 0.133552 0.942720 -0.457128
v 0.212709 0.884611 -0.348213
v 1.076783 -0.128284 -0.743036
v 1.084543 -0.136426 -0.924481
v -0.343127 -1.057430 1.007067
v -0.925636 -0.050622 -1.168620
v -0.838104 -0.836168 1.020508
v -1.030577 -0.437555 -0.545018
v -1.048851 -0.322413 -0.593138
v -1.097641 -0.503652 -0.552144
v -0.795646 0.818869 -0.602666
v -0.224012 -1.077904 -0.660895
v -0.098922 -1.072343 -0.779466
v -0.106072 -1.087102 -0.582924
v -0.729005 0.711069 1.170852
v -0.726488 0.644297 1.158808
v -1.088386 0.627749 -1.059580
v -1.164970 0.367660 -0.958286
v -0.608612 0.968171 0.175656
v -0.598977 0.918127 0.005876
v -0.523534 0.934381 -0.067788
v -1.394125 0.059716 -0.636587
v -1.380057 0.113102 -0.579036
v 0.543311 0.932869 -0.703292
v 0.474186 0.905061 -0.556091
v 0.593514 0.914537 -0.569317
v 0.367145 0.913567 -0.812423
v 0.068876 -0.688482 1.031641
v 0.256712 -0.513776 1.069197
v -0.493253 -0.286312 0.983986
v -0.726206 -0.264370 0.982323
v -0.541136 -0.434365 0.966671
v 0.818479 0.979847 0.633491
v 0.998788 1.009855 0.143631
v -1.094505 -0.628653 -0.045298
v -1.064927 -0.681820 0.033689
v 0.044583 -1.083146 -0.211311
v 0.050083 -1.095594 -0.269887
v 0.139444 -1.022462 -0.204570
v 0.152625 -1.089752 -0.269467
v 1.668655 0.421919 0.808151
v 1.673208 0.389188 1.003785
v 0.567065 0.475891 -1.329160
v 1.461043 0.418212 1.215281
v 1.426003 0.480453 1.217937
v -0.791702 0.704434 -1.185790
v -0.648543 0.776240 -1.068546
v -1.200549 0.601699 1.075041
v -1.270687 0.706102 0.987954
v -1.159973 0.538781 1.094194
v -0.703550 -1.056966 0.143176
v -0.591835 -1.053122 0.212036
v -0.515897 -1.138256 0.240689
v 0.922603 0.155772 -1.240743
v 0.924471 0.072421 -1.164428
v -0.630769 -0.283099 -1.031231
v -0.502340 -0.319734 -1.036534
v -0.439664 -0.260896 -1.049845
v -0.406502 -0.300842 -0.972513
v 1.300461 0.044343 0.294556
v 1.324374 0.027855 0.390141
v -0.662534 -0.747559 -1.090264
v -0.626758 -0.814102 -1.117326
v -0.591309 -0.751125 -1.058586
v -0.418172 -0.737560 -1.087295
v -0.466408 -0.877964 -1.079947
v 0.133711 0.877960 0.035237
v 0.207947 0.968554 0.129826
v 0.239662 0.886857 0.013807
v 0.002046 0.940723 0.094490
v -0.017803 0.755898 -1.031697
v -0.071164 0.744120 -0.959323
v 1.475864 0.516394 1.187242
v 0.579029 1.016088 1.077523
v 0.230873 1.016721 0.855456
v 0.305287 1.001361 0.978172
v 0.821183 0.867900 -0.377191
v 1.002610 0.798888 -0.406255
v 1.001061 0.002767 1.135710
v 1.060973 -0.006968 1.040722
v -0.707457 0.144542 -1.383108
v -0.620840 -0.975951 -0.507003
v -0.641781 -1.022943 -0.577359
v -0.550588 -1.089226 -0.536618
v -0.732837 -1.005545 -0.567570
v -0.673605 -0.978391 -0.481766
v 0.610517 -0.929442 -0.889959
v 0.697312 -0.854110 -0.967898
v 0.743023 -0.795707 -0.965791
v -0.694958 0.952731 0.024299
v -0.402261 -1.032403 0.532801
v -0.518408 -1.066385 0.704790
v -0.558809 -1.043877 0.608022
v -0.434767 -1.055291 0.499995
v -0.279212 -1.055892 0.420162
v 0.043016 0.828846 1.247145
v 0.183563 0.616292 1.250877
v -1.291422 0.095300 0.337187
v -0.572781 0.880444 -0.572514
v -1.529779 0.643214 0.534402
v -1.507497 0.551769 0.656828
v -1.191547 0.044703 0.965168
v -0.935684 0.220635 1.056790
v 0.040732 0.972480 0.131952
v 0.071686 0.910667 0.102457
v -0.025232 0.965719 0.213155
v -1.174879 0.703954 -0.029032
v -0.933254 0.751312 -0.016882
v -1.077408 0.728692 0.051138
v -0.936421 0.812912 0.082415
v -0.240894 -0.468245 1.067753
v -0.190598 -0.621622 1.026456
v -0.133792 -0.521937 1.051191
v -0.188317 -0.480514 1.078171
v 1.165256 0.266052 -0.911267
v 1.218287 0.292551 -0.800499
v 1.297509 0.284032 -0.692672
v -1.551781 0.405204 0.246789
v 0.220809 0.766912 -1.400641
v 0.197166 0.710561 -1.424052
v -0.642409 -0.866859 -1.104766
v -0.508286 -0.905753 -1.046449
v -0.538689 -0.957209 -0.968874
v -0.519924 -0.836541 -1.072947
v 0.964727 -0.640600 -0.878139
v 0.996375 -0.618706 -0.783514
v 0.972721 -0.584740 -0.622627
v 0.965293 -0.669665 -0.729147
v 0.779395 0.884808 -0.412768
v 0.600019 0.877490 -0.447776
v 0.577254 0.864960 -0.365422
v -0.086442 0.941761 0.506197
v -1.032569 -0.594223 -0.538657
v -1.101518 -0.517766 -0.487228
v -1.084279 -0.497898 -0.377593
v -0.372181 -1.067509 -0.226165
v -0.157310 -1.091035 -0.155689
v 1.037274 -0.340169 0.469135
v -0.968488 -0.459887 0.854185
v -0.986919 -0.407899 0.785010
v -0.975637 -0.508292 0.822810
v 1.181744 -0.297556 0.703295
v 1.048553 -0.263948 0.740782
v 1.066789 -0.329526 0.625895
v 0.992557 -0.341803 0.712890
v 0.644712 0.867656 1.140159
v -0.600111 0.804191 0.808488
v -0.273278 -1.036970 0.500013
v -0.317212 -1.042564 0.469378
v -1.351327 0.092829 -0.726914
v -1.229915 0.131053 -0.940041
v -1.274339 0.021591 -0.874945
v -1.291832 0.143536 -0.731618
v -1.360094 0.162911 -0.584153
v 1.456133 0.588316 0.016864
v -1.511272 0.386321 0.766327
v -1.501502 0.433088 0.817406
v 0.054215 0.583679 -1.544486
v 0.126898 0.597452 -1.542593
v 0.238026 0.557364 -1.534529
v 0.836646 0.074826 -1.306967
v 0.893053 0.169752 -1.336102
v 0.860950 -0.041661 -1.268590
v 0.865850 0.000614 -1.234592
v 0.891772 -0.066669 -1.228964
v -0.079486 0.942873 -0.603441
v -0.345130 0.886341 -0.574923
v 0.966707 -0.684290 -0.526518
v 0.991004 -0.624208 -0.553782
v -0.560011 -0.592628 -1.078165
v -0.630468 -0.677601 -1.074271
v 0.337087 -0.850565 -1.054638
v -0.991839 -0.512112 0.362084
v 0.316959 0.978163 0.666552
v 0.375345 1.026068 0.797566
v 0.581313 1.037939 0.782494
v 0.570313 1.028347 0.984679
v 0.526077 1.036895 1.051241
v -0.176313 0.631749 -1.440534
v -0.242958 0.631507 -1.449092
v -0.208608 0.863164 -0.853221
v -0.005118 0.874311 -0.880299
v 1.019293 -0.202857 -0.635020
v -1.282152 0.279700 -0.708987
v -1.218234 0.163787 -0.882795
v 1.071770 -0.276122 0.502508
v -0.654674 0.793893 0.570212
v -0.753163 0.782961 0.657550
v -0.896924 0.822910 0.698100
v 0.559309 0.996496 0.493954
v -1.000134 0.522707 1.077503
v 0.178523 -0.294816 -0.937034
v 0.136351 -0.180439 -0.965267
v 0.235259 -0.245231 -1.035347
v -0.114940 -0.180326 -0.935222
v -0.140443 -0.294982 -0.957343
v -0.076273 -0.022621 -1.281529
v 0.010112 0.023326 -1.294746
v -0.065268 -0.055364 -1.180519
v 0.009472 -0.007356 -1.185844
v -0.978558 -0.541135 0.888443
v -0.978614 -0.523785 0.995607
v -0.990345 -0.429920 0.953608
v -1.008539 -0.081161 0.621185
v -0.979196 -0.119418 0.650148
v 1.458140 0.742322 -0.159562
v 1.489664 0.670683 -0.228760
v 1.431492 0.828162 -0.172793
v 0.124033 -0.335749 -0.963643
v -0.052197 -0.217240 -0.946765
v 0.048101 -0.257975 -0.944953
v 0.007620 -0.283345 -0.919137
v 0.772595 -0.479806 -1.031981
v 0.877159 -0.403762 -1.025004
v -0.921517 -0.998676 -0.286908
v -0.775323 -0.995619 -0.492400
v 0.028953 0.765943 -0.945835
v 0.277822 0.750455 -0.922867
v 0.332880 0.774329 -0.964430
v 1.516251 0.717271 0.299875
v -1.014792 0.818461 0.791258
v -0.789062 -0.058564 -1.191102
v -0.610094 -0.027303 -1.285165
v -0.053978 0.928081 -0.287589
v -0.106642 0.938038 -0.069697
v 0.753910 0.511348 -1.208643
v 0.872949 0.502327 -1.155650
v 0.986951 1.002829 0.411438
v 0.783109 0.950692 0.458203
v 0.627361 0.961287 0.404000
v -0.021689 -0.192652 -0.957149
v 0.073261 -0.122346 -0.995389
v 0.037523 -0.152897 -1.003048
v 0.897250 -0.453756 0.761162
v 0.948984 -0.440766 0.687144
v 0.965418 -0.483017 0.636781
v 0.115437 0.615387 -1.523120
v 0.207363 0.553928 -1.590076
v 0.208832 0.621598 -1.531333
v -0.065741 -0.864525 -1.048158
v 0.045682 -0.894214 -1.054509
v -0.560701 0.748221 -1.061324
v -0.636398 0.748517 -0.879195
v 0.648728 -0.895108 -0.189357
v -0.510835 0.733416 -0.850186
v 0.645730 0.883534 -0.606256
v 0.697751 0.832010 -0.555949
v 0.704825 0.730166 -0.580542
v 0.670279 0.898970 -0.552480
v 0.551658 0.922527 -0.512474
v -0.910076 -0.880605 -0.630933
v 0.852474 -0.538854 0.583163
v 0.470042 0.463266 -1.323081
v -0.203012 0.298275 -1.565763
v -0.144637 0.426188 -1.539647
v 1.405064 0.160519 0.497954
v 1.406837 0.088152 0.691299
v -0.874379 0.830902 0.765040
v 0.585625 0.212180 1.305355
v 0.648235 0.142260 1.232366
v 0.731646 0.102698 1.210546
v 0.999598 -0.097113 1.000234
v 0.739328 0.713842 -0.546245
v -0.300589 -1.070733 0.850654
v -0.423440 -1.023907 0.784429
v -0.351705 -1.043839 0.807640
v -0.370609 -1.105946 0.906919
v -0.830184 0.425816 1.093345
v -0.286287 0.941291 0.596709
v -0.222281 0.915194 0.712099
v 1.378469 0.448006 -0.481261
v 1.363197 0.478992 -0.461041
v -1.063883 -0.065114 0.034152
v -0.943076 -0.133396 -0.001371
v -1.129563 -0.069274 0.232908
v -1.216174 0.258195 -0.928426
v -1.156339 -0.055653 0.168817
v -1.178911 0.023941 0.184414
v -1.138667 -0.032692 0.108109
v 0.792990 0.461345 -1.236868
v -0.776831 0.263760 1.052098
v -0.948016 0.450084 1.082729
v -0.323099 -0.523828 1.084401
v -0.272208 -0.621569 1.031268
v -0.311125 -0.398752 1.086031
v -1.036165 -0.027566 1.014359
v -0.335817 -1.051382 -0.898390
v -0.458623 -1.014835 -0.922326
v -0.374920 -0.957236 -0.921262
v -0.573579 -0.968397 -0.844502
v 0.774982 1.022273 0.763435
v 0.498852 1.021447 0.828468
v -0.472116 -0.092005 0.962010
v -1.014769 0.719427 -0.825960
v -1.066736 0.653254 -0.922743
v 0.497961 0.855894 -0.402979
v 0.470368 0.878685 -0.507926
v 0.427113 0.865973 -0.411019
v 0.536397 -0.970364 -0.102679
v 0.526622 -0.983051 -0.065320
v 1.370452 0.072107 0.505501
v 1.322596 -0.023274 0.731427
v 0.976906 -0.411456 -0.243258
v 0.958365 -0.558420 -0.202250
v 0.979435 -0.535699 -0.490637
v 0.970649 -0.646190 -0.297939
v -0.468949 -0.208920 0.967718
v -0.421510 0.944935 0.248445
v 0.281346 -0.082706 1.263598
v -1.040745 -0.739975 0.011271
v -1.003218 -0.844429 0.076703
v -1.064909 -0.708813 0.102540
v 1.036319 -0.188457 -1.079729
v 1.015825 -0.264137 -1.071687
v 0.942379 -0.071507 -1.201585
v 0.124590 -1.028838 -0.064480
v -0.433373 -0.219635 -1.052790
v -0.326906 -0.203087 -1.049824
v -0.334208 -0.209664 -0.975708
v -0.218854 -0.207008 -0.973324
v 1.306732 0.172612 -0.286808
v 1.427620 0.254118 -0.177968
v 1.393327 0.170619 -0.235145
v -0.949026 0.759157 0.956745
v -0.942754 0.820301 0.834065
v 0.232928 1.002779 0.354412
v 0.311916 0.996548 0.386237
v 0.176862 0.753494 1.261845
v -0.219599 0.908999 1.148677
v 0.408776 -0.602184 -1.033509
v 0.526825 -0.549194 -1.038769
v 1.263057 -0.164997 0.779868
v -1.005056 -0.108457 0.351997
v -0.131624 0.894353 -0.341994
v -0.245138 0.870633 -0.464809
v -1.538792 0.567041 0.799072
v -1.262540 0.679652 0.955866
v -0.299114 -1.132167 0.081199
v -0.164461 0.120089 1.173749
v -0.073035 -0.108618 1.073629
v -0.012439 -0.076355 1.152313
v -0.015895 -0.054100 1.125939
v -1.244670 0.684855 -0.012516
v -1.283174 0.682144 0.134377
v -0.822548 -0.367182 0.963375
v 1.483145 0.765935 -0.072346
v 1.378173 0.845884 -0.074555
v -0.606247 -1.004172 -0.147427
v -0.496769 -1.138452 -0.081471
v 0.133004 -0.884485 0.137140
v 0.275603 -0.938796 0.087374
v -0.117594 -1.120482 -0.533545
v 1.260298 0.802360 -0.639962
v 1.177670 0.761002 -0.679466
v 1.098281 0.796984 -0.634401
v -0.591379 0.754796 -1.203108
v -0.883305 -1.082111 0.187161
v -0.591290 -1.008841 -0.314432
v -0.642450 -0.981272 -0.276575
v 0.941882 -0.388866 0.787016
v 0.883071 -0.418549 0.833542
v -1.293961 0.040239 -0.395715
v 1.333501 0.249548 1.035303
v 1.406978 0.224549 1.017499
v 1.496212 0.229221 0.982227
v 1.405850 0.269837 1.081105
v -0.089569 1.014956 0.913657
v -0.044810 0.984496 0.932237
v -0.047982 1.011234 0.823427
v -0.533034 -1.119457 -0.050277
v 0.526321 1.002198 1.100582
v 0.533967 0.951396 1.117653
v 0.719751 0.956629 0.230981
v -1.361447 0.592101 -0.135863
v -1.319746 0.557206 -0.281042
v 0.970081 0.695348 -0.945198
v 1.035361 0.716190 -0.841069
v 1.052519 0.592938 -0.939261
v -0.824182 -0.835975 0.579462
v -0.910613 -0.761572 0.723308
v -0.934955 -0.686359 0.648395
v 0.883631 -0.122598 1.116146
v 0.948672 -0.189582 1.021850
v -1.099461 -0.492878 -0.879065
v 0.843054 -0.142060 1.084652
v 0.500804 -0.701911 -1.068849
v 0.513937 -0.632503 -1.039827
v -1.426895 0.204117 -0.499495
v 0.957916 0.638124 -0.982310
v -1.015053 -0.639076 -0.544116
v 0.949540 -0.584506 0.109053
v 0.936491 -0.667716 0.043801
v 0.963540 -0.585488 0.148873
v 0.931748 -0.645246 0.164324
v 0.855715 0.928265 1.124882
v 1.045173 0.961525 1.171908
v 0.661517 -0.282743 -1.101132
v 0.611479 -0.266483 -1.174380
v 0.705496 -0.238755 -1.205635
v 1.117769 0.059937 -0.541817
v 1.389288 0.828851 -0.130773
v 0.647522 -0.975659 -0.818571
v 0.437364 -1.062757 -0.621817
v -1.084911 0.730366 -0.026961
v 0.989489 -0.174972 -0.154323
v 0.857065 0.986480 1.120548
v 0.909768 0.956799 1.159680
v -1.347823 0.171419 -0.101570
v 0.928340 0.995404 0.501162
v 1.223494 1.001610 0.518774
v -0.255857 -1.061334 -0.884250
v -0.224352 -1.062558 -0.701522
v -1.059521 0.789224 0.732715
v 0.754233 -0.246049 -1.154396
v 0.939127 -0.155326 -1.218817
v 1.571911 0.539059 0.409013
v 0.101458 0.979572 0.792397
v 0.422349 0.490541 1.239526
v -0.298662 0.881605 0.574676
v -0.248391 0.967757 0.539842
v 0.031554 0.344904 1.310600
v 0.003933 0.450319 1.204508
v 0.112939 0.585764 1.246642
v -0.062558 0.491225 1.179767
v -0.033185 0.902935 0.977126
v -0.169350 0.903273 0.990110
v -1.161029 -0.123312 -0.870779
v -1.196913 -0.158157 -0.712852
v -1.064853 -0.231784 -0.638308
v 0.044467 0.280056 1.284583
v 0.043495 0.440163 1.264577
v -0.849699 -0.186664 -1.077897
v -0.720463 -0.214239 -1.029891
v -0.883364 -0.290679 -0.970738
v -0.738833 -0.313090 -0.969514
v 0.366595 -0.241718 1.150525
v 0.462834 -0.216554 1.120302
v 0.614287 -0.067896 1.168205
v 0.515994 -0.158839 1.119020
v -0.482644 -0.607694 -1.101388
v -0.336183 -0.556975 -1.083996
v 0.116556 -0.815430 0.339127
v 0.198840 -0.804490 0.355441
v 0.236798 -0.808979 0.318607
v 1.351649 0.388454 -0.481626
v 1.391764 0.439814 -0.379129
v 1.208595 -0.082654 -0.040475
v 0.933004 -0.217279 -0.110575
v 1.393002 0.012942 0.812374
v 1.339799 0.005319 0.770545
v 1.407193 0.106600 0.905279
v 0.795553 0.673246 -1.060322
v 0.811990 0.728781 -0.985130
v 0.726282 0.983724 0.700198
v 1.443135 0.873482 0.962809
v 1.405436 0.752382 1.193434
v 0.204440 -0.915456 -1.061615
v 0.260009 -0.935530 -0.961883
v 0.183474 0.960937 1.129398
v 0.359126 0.978963 1.085246
v -0.410033 0.363982 1.121247
v -0.975810 -0.260426 0.757318
v -1.027810 -0.102379 0.856117
v -1.045522 -0.060759 0.764695
v -0.962650 -0.155298 0.804192
v -0.278443 -1.090644 -0.812087
v -0.310850 -1.054490 -0.540614
v -1.494706 0.117965 0.396282
v -1.395115 0.096511 0.566954
v 0.508590 -0.894858 0.086164
v 0.579565 -0.964568 -0.026635
v 0.999680 -0.524367 -0.810978
v 0.732634 0.903416 -0.205525
v 0.901009 0.838549 -0.360049
v -1.300305 0.145242 -0.358924
v -0.285768 -0.949043 1.044575
v -1.110286 0.623304 -1.013386
v -0.956096 0.810199 -0.496056
v -0.990281 0.693023 -0.501542
v -1.310877 0.132352 -0.762234
v 0.227936 -0.965924 -0.917342
v 0.271535 -0.920070 -0.887776
v 0.222557 -1.037892 -0.904135
v 0.612198 1.019762 0.804472
v 1.529058 0.593016 -0.174801
v -0.111829 -0.160148 1.084247
v -0.067801 -0.296171 1.090348
v -0.042234 -0.303749 1.132530
v 0.033002 -0.298482 1.147529
v -1.061619 -0.321742 -0.697535
v -1.052498 -0.220669 -0.717996
v -1.055065 -0.290813 -0.783062
v 0.565378 -0.447909 1.103994
v -0.873982 -0.507641 1.023359
v -0.871384 -0.691653 1.011812
v -0.936074 -0.487159 1.009796
v 0.321533 1.027527 0.870167
v 0.375552 1.029190 0.994956
v -0.163347 -0.309368 1.085057
v -0.202229 -0.282311 1.060549
v -1.133531 -0.025820 0.535445
v -1.263160 0.077678 0.603604
v -0.940024 -0.360423 1.003725
v -1.060327 -0.185858 -0.512452
v 1.452622 0.766978 1.135056
v 1.454364 0.750003 1.217157
v 1.387049 0.740454 1.230191
v -0.519572 -1.005142 -0.880251
v -0.499422 -0.960132 -0.930312
v -1.509274 0.237295 0.549919
v -1.510775 0.290986 0.589253
v -0.464566 -1.042101 0.826904
v -0.420057 -1.043160 0.730999
v 0.925366 0.329189 1.215292
v 0.843458 0.244456 1.245115
v 0.825220 0.179206 1.224287
v 0.189237 0.867690 -0.049954
v 1.173194 -0.292152 0.556279
v 1.211417 -0.188798 0.453771
v -0.990794 -0.256311 0.298655
v -0.937704 -0.449767 0.264674
v 1.264779 0.979360 1.007537
v 1.333203 0.890664 0.632565
v 1.254707 0.975867 0.630980
v 1.265333 0.974574 0.805604
v 0.078971 -0.953535 0.001964
v 1.288908 -0.086175 0.435054
v 0.767923 -0.750306 -1.106669
v 0.838681 -0.752158 -1.096203
v 0.781763 -0.781307 -1.057630
v 0.919528 -0.715034 -0.972963
v -0.304844 0.359259 -1.539875
v -0.263397 0.382778 -1.529644
v -0.843475 0.308892 -1.238039
v -0.151602 0.318170 -1.579959
v -1.049873 -0.264141 -0.348668
v -1.053853 -0.386198 -0.341298
v -1.058806 -0.492093 -0.334371
v 0.094712 0.098424 -1.471146
v 1.193942 0.036586 0.890677
v 1.099293 0.005779 0.945331
v 1.283415 0.170190 1.022126
v 0.785173 0.043776 -1.334037
v 0.665872 0.759073 -1.045640
v 0.701497 0.703638 -1.047920
v 0.615399 0.691097 -1.025108
v 1.201176 0.189909 1.091450
v 1.279401 0.247014 1.070799
v -0.673973 -0.189111 1.011195
v -0.643258 -0.230386 0.983516
v 0.445658 -0.945620 -1.088411
v -0.813460 0.033476 1.020419
v -0.856573 0.105883 1.033369
v 1.310107 0.960939 0.839310
v 1.254737 0.925294 0.945829
v 1.285431 0.908788 0.978961
v -0.874453 -1.017528 -0.557299
v -0.924337 -0.892368 -0.567436
v -0.940056 -0.899669 -0.484621
v -0.892601 -1.037349 -0.392376
v -0.923240 0.699686 -0.686475
v -1.520609 0.570494 0.815762
v -1.459445 0.587804 0.865071
v 0.056745 0.942559 -0.356381
v 0.042896 0.928369 -0.218050
v -0.007041 0.950407 -0.214896
v 0.478010 0.916199 1.149027
v 0.440856 0.846284 1.235469
v 0.545875 0.811791 1.274311
v 0.753066 -0.520416 -1.116016
v 0.820450 -0.705331 -1.090276
v 0.861826 -0.699074 -1.006396
v -0.844005 0.845535 0.091311
v 0.644608 0.774221 -0.998191
v 0.583647 0.899455 1.145219
v 0.481503 0.999271 0.526658
v 0.416069 0.997004 0.583594
v 0.622259 0.662873 -1.050282
v -0.036671 0.030098 -1.390154
v -0.144133 0.485842 -1.500335
v -0.225063 0.435773 -1.518748
v -0.296663 0.477028 -1.489294
v -0.331793 -1.076665 0.765516
v -0.973999 0.816145 0.139634
v -0.991428 0.818280 0.326577
v 0.916885 0.867211 -0.273532
v 1.075655 0.817515 -0.329074
v 1.519018 0.562833 1.148268
v 1.525837 0.531860 1.111246
v -0.997170 -0.439046 0.356849
v -0.988379 -0.330461 0.519309
v -0.658448 0.787577 -0.558049
v -0.838742 0.495474 -1.272597
v -0.842386 0.822851 -0.488488
v -0.742712 0.812756 -0.407436
v -0.946038 -0.151593 0.106095
v -0.923551 -0.248538 0.118644
v -0.925616 -0.481199 0.140604
v 0.302370 -0.188304 1.164215
v 0.309720 -0.263173 1.138243
v 0.103564 0.020749 -1.305830
v 0.216874 0.025160 -1.186284
v -0.701445 0.800429 -0.313231
v -0.238363 0.896818 0.937890
v -0.316142 0.881683 0.998058
v -0.543038 0.954722 -0.128800
v 0.041607 -0.395834 1.097453
v 0.092761 -0.353846 1.109976
v 0.171112 -0.243793 1.208932
v 1.693012 0.505977 0.710129
v 1.556889 0.552462 0.660115
v -1.173933 -0.143483 -0.777537
v -0.864337 0.549425 1.095971
v -0.566029 -1.056704 -0.447049
v -0.598865 -0.998897 -0.479299
v -1.336360 0.618637 -0.468584
v 1.217766 1.002378 0.349444
v 1.145231 0.291530 1.114214
v 1.300834 0.293267 1.059734
v 1.181766 0.251301 1.120908
v -0.843659 -0.843514 0.701585
v -0.849872 -0.822392 0.605134
v 1.105650 -0.003012 -0.644095
v 1.170234 0.052679 -0.404507
v 1.223074 0.053845 -0.293788
v 0.893525 0.569793 1.269059
v 1.098525 0.462858 1.186244
v 1.128260 0.575794 1.207947
v 0.970643 0.592521 1.225041
v 1.233233 0.519245 1.219316
v 0.988837 0.675703 1.260972
v 0.380152 0.451321 1.359832
v 0.312864 0.475679 1.313630
v 0.440188 0.432595 1.332926
v 0.873865 0.987992 0.677861
v -1.007146 -0.104281 0.970498
v -0.383388 0.230046 1.085626
v 1.390149 0.451944 -0.330272
v -0.070501 -0.935421 0.445416
v -0.198879 -0.998203 0.480484
v -0.128667 -0.990736 0.412483
v 0.907217 0.057055 -1.162440
v 0.066172 -0.899886 0.443931
v -0.233752 -0.685312 1.006607
v -0.098631 -0.561703 1.075969
v -0.295305 0.116998 -1.564538
v 1.270348 0.356317 1.172648
v 1.184247 0.347509 1.198024
v -1.055451 -0.299124 -0.303735
v -1.194267 0.694010 0.712896
v 0.426013 -0.945633 -0.012800
v 0.351756 -0.932933 0.075823
v 0.366759 -0.952683 0.014199
v -0.715672 -1.052320 0.625674
v 0.260131 -0.271334 1.165336
v 1.043609 -0.078761 0.960465
v 1.081270 -0.036612 0.979193
v -1.400885 0.631198 0.759588
v -0.038755 0.843241 1.224756
v -0.148338 0.704954 1.206326
v -0.189066 0.572116 1.183326
v -0.752665 0.749304 -0.979169
v 1.187973 -0.084657 -0.225746
v 1.168885 -0.078124 -0.173475
v -0.945890 -0.513256 0.036181
v -0.901616 -0.535578 0.169028
v -0.930671 -0.592482 0.270354
v -1.076620 0.466122 -1.121079
v -1.450121 0.409755 -0.522113
v -1.400115 0.486933 -0.570251
v -1.500535 0.492338 0.208668
v -0.670530 0.957137 -0.306400
v -0.531699 0.953304 -0.236799
v -0.299845 -0.329573 -0.930650
v -0.666878 0.762278 -0.770373
v -0.668381 0.541564 -1.392956
v -0.699912 0.309514 -1.411890
v -0.795056 0.369327 -1.277994
v -0.147454 -1.144470 0.050170
v -0.055770 -1.113794 0.070049
v -0.344170 0.385012 1.132591
v -0.159868 0.452906 1.158063
v -0.089115 0.961293 -0.126549
v -0.475222 -0.154647 -1.223652
v 0.986741 -0.318595 -0.078161
v -0.748108 0.769578 -0.148775
v -0.815309 0.773604 -0.166760
v -0.756725 0.761465 -0.089470
v -0.946166 -0.635394 0.544746
v -0.932287 -0.686858 0.581254
v -0.847189 -0.781266 0.580785
v -0.781921 0.378381 -1.374476
v -0.806020 0.450156 -1.368199
v -0.764714 0.531225 -1.295314
v -0.113335 0.649190 1.177273
v 0.044122 0.604459 1.210623
v -0.025487 -0.249110 1.097020
v -0.138839 0.950167 -0.218674
v -0.584176 -1.017472 0.239872
v -0.973897 -0.895162 0.244963
v -0.930187 -0.976929 0.083163
v -0.040725 -0.787133 -1.061696
v 0.048957 -0.776058 -1.028540
v 0.111291 -0.867811 -1.053739
v 0.022485 -0.853732 -1.045756
v -0.735393 0.579155 -1.308105
v -0.559441 0.810168 0.649291
v -0.108645 0.576513 1.149618
v 0.397324 -1.121935 -0.336445
v 0.549060 -1.115291 -0.444155
v 0.514321 -1.108163 -0.264654
v -1.490716 0.085065 0.658809
v -1.496462 0.225277 0.519782
v -1.529537 0.088749 0.558888
v -1.548662 0.343513 0.290441
v -0.890891 -1.022257 -0.193693
v -0.410223 -1.040047 0.345154
v -0.428179 -1.127228 0.298468
v -0.305637 -1.062851 0.423974
v 1.067491 -0.098233 -0.937473
v 1.060807 -0.113103 -1.031993
v 1.098364 0.025870 -1.024094
v -0.177842 0.999957 0.779220
v -0.089818 0.545955 1.126316
v -0.066265 0.559527 1.177230
v 0.698219 -0.692296 0.309558
v 0.746718 -0.671352 0.358361
v 0.306481 0.958223 1.056403
v 1.279095 -0.128127 0.534929
v -0.553087 0.128240 -1.434981
v -0.257705 -0.270850 -0.952480
v -0.580837 0.065183 -1.312186
v -0.583707 0.065110 -1.336437
v 0.152924 0.896922 -0.822535
v 0.209591 0.889375 -0.843835
v 0.109633 0.740289 -0.907963
v 1.265344 0.122528 -0.257703
v 1.048422 -0.289478 -0.848707
v 0.283319 0.877616 -0.833226
v 0.847490 0.161252 1.186409
v -0.549128 0.912483 -0.540806
v 0.843772 -0.499463 -1.014166
v -0.377184 -0.284485 -0.943530
v -1.004980 -0.576289 -0.106591
v -1.052626 -0.705684 -0.234749
v 0.917590 -0.253756 -0.164781
v 0.343838 -0.231537 -1.105906
v 0.987274 -0.545646 -0.615966
v 0.958639 -0.482564 -0.443849
v 1.308707 0.436673 1.193991
v 1.396246 0.387314 1.178226
v 1.364939 0.497770 1.240065
v 1.241792 0.417954 1.198553
v -0.107057 -0.185523 -0.981878
v 1.062223 0.104752 -1.060749
v 1.052083 0.203315 -1.118618
v 1.158483 0.140426 -0.960489
v 1.236423 0.223964 -0.851608
v -0.821201 0.821832 -0.366435
v 0.939966 -0.630612 0.399601
v 0.336220 0.979730 0.586739
v 1.206609 0.435036 1.187705
v 1.280368 0.823650 1.210765
v -0.007295 -0.098172 -1.043913
v 0.058449 -0.081563 -1.050974
v 0.080144 -0.080998 -1.102718
v 1.116999 0.378870 1.210316
v 0.015232 0.398592 -1.588377
v 0.543876 -0.937631 -1.103561
v -0.962360 -0.590964 0.458230
v -0.991361 -0.594138 0.572792
v -0.003623 -1.107424 -0.339032
v -0.699877 0.816255 -0.240480
v -1.457176 0.301021 -0.524965
v -1.376338 0.496941 -0.499395
v -1.440332 0.493688 -0.510440
v 1.412644 0.132780 0.649264
v 0.772379 -0.772371 0.207586
v -1.196223 0.052265 0.073413
v -1.079783 -0.654336 -0.131853
v 0.339663 0.775382 -0.894561
v -0.875037 -0.350138 1.018433
v 0.773134 0.883998 -0.380342
v -1.236566 0.118844 -0.038938
v 0.957465 0.257885 1.231667
v -0.760799 -0.999318 0.812317
v -0.822452 -0.962672 0.849274
v -0.791219 -0.972893 0.968109
v -0.806570 -0.950698 0.902352
v -0.836887 -0.253805 0.987912
v -0.957226 -0.697984 0.403939
v -0.989830 -0.566960 0.505327
v 0.697269 0.571504 -1.134519
v -0.383353 -0.628916 -1.061830
v -0.993275 -0.817962 0.033322
v -0.655638 0.868930 0.361636
v -0.386638 -0.630886 1.042948
v -0.377079 -0.483522 1.088368
v 1.376305 0.605469 -0.462610
v 1.119061 0.916881 1.123289
v 1.513631 0.462758 -0.058226
v 1.439806 0.872506 0.479031
v 1.515810 0.853244 0.580992
v 0.234741 -1.039850 -0.870567
v 0.226260 -1.061248 -0.734805
v -0.632562 -0.963284 -0.380742
v -1.099761 -0.582767 -0.412798
v -0.063547 0.010916 1.145182
v -0.133177 -0.066501 1.109195
v -0.828622 -0.946330 0.554071
v -0.838004 -0.948043 0.451337
v -1.227898 0.706311 0.056327
v -0.997627 -0.366699 0.724803
v -0.988700 -0.572289 0.605574
v 0.328443 0.879917 -0.052621
v 0.249441 0.875608 -0.044781
v 0.424406 0.922995 -0.023057
v 0.365250 0.951663 0.049165
v -0.570907 0.849941 0.565533
v -0.472295 0.010033 1.003044
v 1.039259 0.872233 -0.032413
v -0.765153 -1.006820 0.614401
v -0.785240 -0.989835 0.717332
v -0.911890 0.073096 1.032370
v -0.198997 -1.134860 -0.081407
v -0.090919 -0.340197 -0.942532
v 0.082563 -0.308905 -0.939670
v 0.622691 0.965314 0.272157
v -0.334217 0.345537 -1.511469
v -1.086372 -0.117619 -0.483846
v 1.038198 0.787022 -0.193256
v 1.070106 0.803992 -0.124066
v 1.104537 0.801787 -0.190574
v 1.066519 0.756774 -0.158283
v -0.935726 -1.002661 0.326175
v 1.346350 0.396173 -0.543176
v -1.052350 -0.132083 -0.378722
v 1.336159 -0.060613 0.691432
v 1.422900 0.601818 1.233476
v 1.182319 0.458739 -0.825529
v 1.249406 0.549664 -0.671303
v 0.162386 -0.952244 -0.893503
v -1.164007 0.781412 0.650066
v -0.896918 0.144386 1.030217
v 1.135513 0.114891 -1.010320
v 1.083808 -0.003509 -0.946242
v 1.010530 0.827869 -0.089850
v -0.090860 -1.080162 -0.875124
v -1.372865 0.192022 -0.540129
v 1.484962 0.564435 1.206396
v 1.457807 0.532903 1.229096
v 0.967201 0.922975 1.208834
v 0.958501 0.825722 1.260375
v 1.196179 1.018591 0.743558
v -0.935918 -0.989625 0.408804
v 0.968110 -0.585235 -0.976094
v 0.914549 -0.676875 -0.844112
v -0.944938 -0.474485 -0.074426
v -0.929210 -0.533200 -0.004831
v 1.398218 0.499320 -0.335480
v -0.138961 -0.024666 -1.256897
v -0.183656 -1.089329 -0.601115
v -0.258403 -1.087204 -0.551453
v -0.177542 -1.114217 -0.525279
v -1.067858 -0.073149 0.712634
v -1.005484 -0.073991 0.737845
v -0.976968 -0.141083 0.705312
v -1.361245 0.298242 -0.592706
v -0.447193 0.357900 1.112659
v -0.399252 0.460587 1.133909
v 0.133867 -0.991265 -0.882768
v 0.173036 -1.039333 -0.862657
v -0.042609 -0.024731 1.106555
v 0.620439 -0.939553 -0.163980
v 0.582423 -1.007304 -0.169349
v -1.108240 -0.033838 0.696275
v 0.022472 0.072574 1.211139
v 0.047673 0.172741 1.255853
v -0.099605 -1.037268 -0.899561
v -0.309764 -0.693987 -1.059044
v -0.453352 -0.674675 -1.071170
v -0.239610 -1.053535 -0.936825
v 0.996850 -0.530523 0.350228
v -0.671685 -1.066388 0.208565
v -0.640962 0.758435 -0.650317
v -0.723162 0.773844 -0.676111
v -0.258317 -1.076992 -0.183425
v -0.102799 -1.110198 -0.177878
v -0.509603 -0.346294 -1.055234
v -0.456567 -0.374549 -1.013278
v 0.872951 -0.736486 -0.994906
v -0.942701 -0.258765 0.617971
v -0.989888 -0.159619 0.680072
v 0.558927 0.415869 1.270772
v 0.521880 0.342700 1.353208
v -0.418296 0.943256 -0.196893
v 0.410581 0.238973 1.304851
v 0.416851 0.209665 1.267064
v 0.449402 0.089642 1.280061
v -1.302662 0.471760 -0.653320
v -0.883728 0.797934 0.648953
v -0.811733 0.803781 0.652317
v -0.749946 0.807381 0.578944
v 0.915601 -0.676765 -0.986130
v 1.226899 -0.031386 -0.022407
v 1.213470 -0.011586 -0.136462
v 0.204862 0.964765 1.056531
v -0.873211 0.677748 -1.186220
v -0.874563 0.682039 -1.046841
v 0.714280 -0.146391 1.162138
v 1.260814 0.450562 -0.675257
v 1.333385 0.417952 -0.601861
v -1.210540 -0.045949 -0.313185
v -0.626261 -1.043084 -0.639790
v 0.743455 -0.831119 0.138758
v 0.094833 -0.988730 -0.036032
v -0.883256 0.747100 -0.052893
v -0.825655 0.807954 0.007298
v -1.513176 0.506423 0.837965
v -1.529220 0.468724 0.795311
v -1.523891 0.450305 0.689570
v -0.943006 -0.922286 -0.223799
v -0.195641 -1.170616 0.295619
v -0.207868 -1.048947 0.441428
v -0.207201 -1.131489 0.388177
v -1.540475 0.128531 0.543382
v 0.073022 -0.913640 0.146693
v -0.982292 -0.842950 -0.179780
v -0.113857 -0.545019 -1.040828
v -0.782027 -0.250133 -0.940508
v 0.158359 0.403002 1.331180
v 0.065830 0.373028 1.330583
v 1.113539 0.494019 -0.903243
v 1.065907 0.526919 -0.933347
v -0.137364 -1.075327 0.364731
v 0.178144 0.291536 1.300495
v 0.686183 0.160137 1.243168
v 0.685269 0.106675 1.262203
v 0.527931 0.745253 -1.039816
v 0.323857 0.501174 1.243644
v 1.141159 0.601810 -0.832192
v -1.130847 -0.168606 -0.827644
v -0.939615 -0.407576 0.990482
v -0.825430 -0.521194 0.996634
v 1.016335 0.339904 1.161614
v -1.304260 0.144975 -0.221416
v 1.050063 -0.070586 -1.059999
v -0.163642 0.932376 -0.697851
v -0.238004 0.927719 -0.187925
v 0.999785 -0.462742 0.663057
v 1.010205 -0.310564 0.686167
v -0.666025 0.146809 -1.396801
v -0.591809 0.107119 -1.375054
v -1.041099 -0.724433 0.168892
v -0.318990 -1.063755 -0.922143
v 1.287357 0.917524 0.780749
v -0.446538 0.923723 0.011624
v -0.480823 0.952413 0.087686
v -0.454219 0.928995 0.157731
v -0.551198 0.962066 0.154190
v -0.045430 -1.065908 -0.908285
v 0.016002 -0.897084 0.070924
v 0.427960 0.963810 1.131185
v 0.499940 1.013470 1.040917
v -0.223035 -0.208065 1.061549
v 0.343224 -0.117913 -1.161835
v -0.805969 -0.139405 -1.098380
v -0.798804 -0.104923 -1.158079
v -0.692275 0.241117 -1.430067
v -1.511733 0.255733 0.455513
v -0.112828 0.425752 -1.516052
v 0.673033 0.994574 0.790774
v 0.694295 1.016852 0.820267
v -0.527650 -1.060365 0.846724
v -0.827238 -0.975694 0.419175
v 0.321397 0.878247 -0.223670
v -0.550419 -0.943963 -0.914209
v 0.424619 0.904731 -0.621991
v 0.692546 0.945076 0.403149
v -0.225311 0.902885 0.685682
v -0.293369 0.916642 0.621764
v -0.422234 -0.138701 0.992905
v -0.036586 0.928720 -0.694075
v -0.994170 -0.197989 0.364459
v 0.792501 -0.082400 1.183491
v -1.000985 -0.273765 0.357191
v -1.137650 -0.088077 -0.423325
v -1.377102 -0.005214 -0.539488
v -0.383502 -0.103312 -1.306513
v -0.385640 0.948273 -0.157136
v -0.461170 0.926330 -0.119081
v -0.893013 -0.984804 -0.477803
v -0.389811 -1.059611 -0.394176
v -0.120067 -0.042904 -1.186862
v 0.738138 0.743649 -1.052616
v 0.858272 0.754305 -0.393135
v -0.465298 0.945869 -0.045536
v 0.793199 -0.160377 1.150851
v -1.315585 0.406003 1.031388
v -0.374663 0.941763 0.045932
v -0.848255 -0.037095 -1.162579
v 0.612057 -0.900286 -0.574209
v 1.318486 0.262166 -0.449659
v -0.537224 -0.129555 0.975333
v -1.283270 0.730880 0.264213
v 1.229980 -0.133766 0.443503
v 0.956594 -0.538212 0.096091
v 1.395470 0.637877 -0.386980
v 0.966073 -0.554782 0.227085
v -0.286970 -1.062518 0.794488
v -0.562126 0.803037 0.716413
v -0.502128 -0.682401 1.014726
v 1.429007 0.866751 0.274497
v 1.420822 0.574310 1.260103
v 1.155693 -0.116014 0.055364
v -0.957878 -0.499960 -0.128930
v 0.970171 0.486335 -1.151377
v -1.394769 0.035635 -0.525654
v 0.940851 -0.530355 -0.165002
v -0.794666 -1.010153 0.552363
v -0.842965 -0.873741 0.530140
v -0.503879 -0.207802 -1.125470
v -1.150098 0.406789 -0.999932
v 0.747437 0.341671 1.277307
v -0.367312 0.187555 1.155822
v -0.365227 0.211718 1.191934
v -0.828436 -0.856256 0.636362
v 0.959460 -0.638294 -0.964172
v -1.064747 -0.275658 -0.529494
v 1.320146 0.359907 -0.578725
v -1.118598 -0.491878 -0.666616
v 1.318451 0.883221 1.186977
v -0.410627 -0.826759 1.010789
v -0.649905 -0.508332 0.987187
v -0.638326 -1.008389 -0.608944
v -0.025083 0.980111 0.512473
v 0.853985 0.222782 -1.364074
v 0.564856 -1.097194 -0.522425
v 0.553906 -1.071099 -0.540191
v 0.366309 0.859750 -0.328849
v -0.617420 0.044592 -1.326625
v 0.939309 -0.339009 -0.185711
v -1.103661 -0.610315 0.044637
v 0.943474 0.924186 1.177868
v -0.663709 -1.019416 0.248913
v -0.146583 0.461892 1.188489
v -0.089410 0.512299 1.122160
v 1.289940 0.500173 1.223853
v -0.823218 -0.349767 0.988883
v 0.383941 0.877966 -0.322964
v -0.983003 -0.582701 0.823530
v -0.085414 -0.960800 -0.898421
v -0.336668 0.901576 -0.287238
v -1.271136 -0.032752 -0.454615
v -0.979910 -0.613752 0.640026
v 0.660309 -0.042940 1.149527
v -0.093802 0.889242 -0.339858
v 0.150016 0.878151 -0.211457
v -0.988154 -0.621555 -0.966568
v 0.498492 0.082878 1.307653
v 0.497695 -0.015620 1.265609
v -0.046602 -1.099906 -0.658744
v 0.180524 0.868341 -0.143026
v -0.160266 -1.077426 -0.629135
v 0.231473 0.888912 -0.134648
v -0.886634 -1.030766 0.320087
v 1.004948 0.364432 1.207076
v 0.687037 0.874743 -0.510561
v -1.521348 0.191834 0.473391
v -1.533944 0.235750 0.504388
v -0.990350 -0.235157 0.464765
v 0.136651 -1.103725 -0.613420
v -0.672893 0.790597 -0.690979
v 0.123158 -0.919553 -1.057737
v -0.562987 -1.120899 -0.743385
v -1.279857 0.659518 0.607684
v -1.000398 -0.431643 0.778847
v 0.665739 -0.864073 -0.241730
v 0.807645 0.897458 -0.350484
v 0.903200 0.180016 -1.310966
v 0.952458 -0.541356 -0.130182
v -1.112678 -0.533333 -0.375083
v -0.071589 -0.050278 1.105281
v 1.442176 0.857364 0.571132
v -0.926147 -0.695185 0.524196
v -0.965212 -0.406561 0.323135
# 2507 vertices

vn 0.511375 -0.306188 0.802906
vn 0.346188 -0.481375 0.805219
vn -0.101969 -0.283469 0.953438
vn -0.275438 -0.460594 0.843719
vn -0.037656 -0.252969 0.966688
vn 0.152125 0.184594 0.970906
vn 0.285969 -0.283688 0.915250
vn 0.177969 -0.021688 0.983781
vn 0.269094 -0.347094 0.898313
vn 0.265656 -0.240688 0.933469
vn 0.121594 -0.060594 0.990656
vn 0.312875 0.029938 0.949281
vn 0.447531 -0.249563 0.858594
vn 0.754000 -0.450719 0.477625
vn 0.212156 -0.360781 0.908156
vn 0.247531 0.968313 -0.031688
vn 0.124375 0.991844 -0.026750
vn 0.081594 0.992719 -0.088375
vn 0.689875 -0.218313 0.690094
vn 0.181469 -0.851875 0.491250
vn 0.579625 -0.464563 0.669375
vn -0.125406 -0.195281 0.972656
vn -0.659813 0.309656 0.684563
vn -0.146375 0.499938 0.853500
vn 0.718188 -0.670125 0.186875
vn 0.814219 0.175781 0.553156
vn 0.931625 -0.185375 0.312281
vn -0.527000 0.049063 0.848375
vn -0.168781 -0.393281 0.903750
vn -0.597750 -0.125594 0.791656
vn -0.036844 -0.141031 0.989250
vn -0.114906 -0.375469 0.919656
vn -0.629000 -0.164250 0.759750
vn -0.145875 0.199219 0.968938
vn -0.526688 0.373094 0.763750
vn -0.745313 -0.303250 0.593625
vn -0.919906 -0.093094 0.380844
vn -0.764313 -0.028781 0.644094
vn -0.732938 -0.524938 0.432500
vn 0.035656 0.090656 0.995219
vn 0.072469 -0.151500 0.985750
vn -0.405594 -0.274844 0.871719
vn 0.060844 -0.070188 0.995656
vn -0.135688 -0.378938 0.915344
vn 0.127375 0.247719 0.960375
vn 0.285531 0.234781 0.929094
vn 0.051438 -0.005375 0.998656
vn -0.175781 -0.651125 0.738250
vn -0.194875 -0.969938 0.145688
vn -0.284969 -0.955250 0.078938
vn 0.614031 -0.754000 0.232875
vn 0.533625 -0.593625 0.602188
vn 0.503125 -0.628781 0.592750
vn -0.331531 0.798906 0.501625
vn -0.028344 0.999094 0.031094
vn -0.058781 0.957344 0.282594
vn 0.698438 -0.692031 0.181875
vn 0.717313 -0.560094 0.414156
vn 0.558031 -0.732188 0.390281
vn 0.141594 -0.723500 0.675563
vn 0.417781 -0.534375 0.734688
vn 0.547906 -0.719281 0.426969
vn 0.031344 -0.680531 0.731969
vn 0.241688 -0.864563 0.440531
vn 0.083469 -0.900688 0.426156
vn -0.958969 -0.266000 -0.097656
vn -0.894625 -0.426906 -0.131688
vn -0.924875 -0.362344 -0.115094
vn 0.978500 0.190781 0.077188
vn 0.955375 0.293344 0.033656
vn 0.889406 0.450563 0.076063
vn 0.268063 -0.846344 0.460156
vn 0.401250 -0.831469 0.384156
vn 0.190156 -0.565188 0.802625
vn 0.262188 -0.498094 0.826469
vn 0.242500 -0.627156 0.740094
vn -0.732406 -0.648000 0.208875
vn -0.889844 -0.439500 0.122094
vn -0.734563 -0.663500 0.141438
vn 0.930969 -0.307000 -0.197156
vn 0.877594 -0.457500 -0.142875
vn 0.957750 -0.196531 -0.209875
vn 0.564656 -0.782438 0.262344
vn 0.588625 -0.808250 0.009969
vn 0.836344 -0.493000 -0.239500
vn 0.302938 -0.912750 -0.273813
vn 0.852406 -0.479469 -0.208250
vn 0.877344 0.478344 -0.037250
vn 0.897531 0.431094 -0.092188
vn 0.778094 0.607813 0.158281
vn 0.116250 0.993156 -0.006688
vn 0.219281 0.975250 -0.025000
vn 0.462281 0.883000 -0.080281
vn 0.267031 -0.962625 -0.044344
vn 0.858594 -0.492938 -0.140594
vn 0.142594 -0.967750 0.207563
vn 0.335156 -0.931375 -0.141844
vn 0.207969 -0.968188 0.138563
vn 0.947906 0.155219 -0.277969
vn 0.942250 0.227969 -0.245188
vn 0.857500 -0.000531 -0.514406
vn 0.880375 -0.433750 -0.191594
vn 0.946813 -0.293656 -0.131281
vn -0.049188 -0.996938 -0.059969
vn -0.496250 -0.806188 0.321875
vn 0.161094 -0.985781 0.047281
vn 0.129469 -0.929125 0.346188
vn 0.607719 -0.736406 0.297031
vn 0.198594 -0.760719 0.617906
vn 0.155625 -0.829750 0.535906
vn 0.231000 -0.932500 0.277594
vn 0.247938 -0.968625 0.012781
vn 0.508313 -0.852406 -0.122281
vn 0.855125 -0.505406 -0.114594
vn -0.294094 0.926813 -0.233344
vn -0.683031 0.697469 0.216469
vn -0.374281 0.906125 0.196750
vn -0.277719 0.917188 0.285469
vn -0.554094 0.823219 -0.123031
vn 0.801813 -0.594375 -0.061250
vn 0.947563 -0.291375 -0.131094
vn 0.961781 -0.255250 -0.098563
vn 0.835500 -0.492656 -0.243188
vn 0.548688 -0.790781 -0.271250
vn 0.861844 -0.451969 -0.229969
vn 0.701469 -0.669594 -0.243813
vn 0.973500 0.006969 -0.228188
vn 0.955156 -0.277500 -0.102469
vn 0.944531 -0.320188 0.071844
vn 0.091375 0.960781 -0.261656
vn -0.195500 0.922500 -0.332656
vn -0.191406 0.925219 -0.327469
vn 0.439000 -0.876844 0.036219
vn 0.569313 -0.821281 0.035188
vn -0.897000 0.118188 0.425875
vn -0.726875 0.051031 0.684750
vn -0.718844 0.583094 0.378344
vn 0.701906 -0.678250 0.217094
vn 0.445188 -0.791750 0.418063
vn 0.692563 -0.648625 0.315469
vn 0.786094 -0.617938 -0.010688
vn -0.757344 0.648313 0.077469
vn -0.158500 0.977531 0.138750
vn -0.314063 0.933375 0.173313
vn 0.452188 -0.891594 0.023563
vn 0.970906 -0.237438 0.027469
vn -0.742188 -0.102156 0.398375
vn -0.023844 -0.183094 0.982719
vn -0.720875 -0.101125 0.685531
vn -0.503875 -0.479969 0.718094
vn 0.876625 -0.481063 0.001781
vn 0.847188 -0.525063 -0.080563
vn 0.798156 -0.601438 -0.033813
vn 0.854906 -0.518094 -0.026156
vn 0.171438 -0.984688 -0.029500
vn 0.862469 -0.424688 0.275156
vn 0.514969 -0.352531 0.781250
vn 0.722000 -0.566719 0.396750
vn -0.175969 -0.922719 0.342750
vn -0.152688 -0.988063 0.017063
vn -0.255313 -0.965688 -0.046750
vn 0.703531 -0.690750 -0.166688
vn 0.092813 -0.990406 -0.102156
vn 0.345156 -0.914781 0.209688
vn 0.624875 -0.697875 0.349969
vn 0.385563 -0.889719 -0.244219
vn 0.967750 -0.212375 -0.134844
vn 0.954063 -0.149031 -0.259750
vn -0.689188 0.724375 -0.015094
vn -0.481875 0.872156 0.084063
vn -0.031438 -0.140375 0.989563
vn -0.660781 -0.749125 -0.045156
vn -0.582656 -0.525781 -0.619656
vn -0.401844 -0.852281 -0.334781
vn 0.991594 -0.014094 -0.128281
vn 0.962969 0.185438 0.195312
vn 0.986406 -0.113375 0.118594
vn 0.989969 -0.101125 -0.098250
vn 0.874125 -0.299188 0.053031
vn -0.133219 -0.556188 0.820188
vn 0.434563 -0.867188 -0.243000
vn 0.363313 -0.678250 -0.638625
vn 0.710063 -0.700938 -0.066281
vn 0.755844 -0.285094 -0.589281
vn -0.170188 -0.256813 0.951344
vn -0.036688 -0.191781 0.980656
vn -0.218688 -0.297938 0.929125
vn -0.137313 0.989688 -0.039313
vn -0.003500 0.993250 -0.115313
vn -0.173094 0.983563 0.050781
vn -0.382688 -0.291281 -0.876719
vn -0.468688 -0.469063 -0.748469
vn -0.550563 -0.290625 -0.782531
vn -0.606531 -0.773063 -0.185438
vn 0.797500 -0.566063 -0.208594
vn 0.918375 -0.382594 -0.100813
vn 0.835813 -0.535000 -0.123125
vn 0.794344 -0.332281 -0.508438
vn 0.166094 -0.971875 -0.166719
vn 0.023438 -0.754875 0.655375
vn 0.022844 -0.668375 0.743375
vn -0.026750 -0.969063 0.245000
vn -0.924125 -0.376563 -0.063375
vn -0.544781 -0.833656 -0.090031
vn -0.914813 -0.401688 0.041094
vn 0.543281 -0.374875 -0.751188
vn 0.876938 -0.478344 0.044656
vn 0.807375 -0.577875 -0.118906
vn 0.512875 -0.823781 -0.241344
vn 0.706469 -0.445844 -0.549563
vn 0.948969 -0.255563 -0.184594
vn 0.770688 -0.100094 -0.629219
vn 0.495375 -0.055188 -0.866844
vn 0.985438 -0.126000 -0.114000
vn 0.547844 -0.836469 0.011781
vn 0.905469 -0.396188 -0.151875
vn 0.914375 -0.374781 -0.153094
vn 0.390875 -0.396375 -0.830688
vn 0.661000 -0.098375 -0.743875
vn 0.807156 -0.308969 -0.502906
vn 0.967000 -0.233469 -0.101250
vn 0.725219 0.042094 -0.687156
vn 0.857844 -0.384469 -0.340813
vn -0.873906 -0.460969 0.153781
vn -0.492938 -0.782969 0.379281
vn -0.431344 -0.740000 0.515938
vn 0.340219 -0.940094 -0.019375
vn 0.797938 -0.577031 0.173500
vn 0.429563 -0.901781 -0.045938
vn 0.701594 -0.678688 0.216875
vn -0.529906 -0.847000 -0.041094
vn -0.603063 -0.795969 -0.052156
vn -0.467156 -0.868813 -0.163844
vn 0.472594 -0.871375 0.131563
vn 0.790563 -0.612063 -0.014094
vn -0.021094 -0.999750 -0.006750
vn 0.076156 -0.997031 0.008750
vn -0.121094 -0.982844 0.138750
vn 0.557594 -0.816813 -0.147594
vn 0.917625 -0.354750 0.178656
vn 0.462438 -0.820188 0.336688
vn 0.442531 -0.870969 0.213188
vn 0.034781 -0.996281 0.078094
vn -0.002344 -0.996500 0.082938
vn -0.055594 -0.997594 -0.041094
vn 0.865750 -0.496563 -0.061469
vn 0.572250 -0.817250 0.066375
vn 0.883094 -0.451219 0.128188
vn 0.673813 -0.730781 -0.108531
vn 0.954406 -0.289094 -0.073188
vn 0.962000 0.272781 -0.006500
vn 0.855875 -0.476719 0.200219
vn -0.055094 -0.799438 -0.598156
vn 0.076156 -0.968531 -0.236625
vn 0.020094 -0.994094 -0.106375
vn 0.899813 -0.385844 -0.203500
vn 0.980125 -0.174531 -0.093438
vn 0.955594 -0.279656 -0.091875
vn 0.189125 0.981750 -0.018938
vn -0.224281 0.895375 -0.384594
vn 0.071500 0.987406 0.141000
vn 0.393281 -0.696938 -0.599594
vn 0.648094 -0.545438 -0.531344
vn 0.750500 -0.631594 -0.194281
vn 0.818250 0.193375 -0.541219
vn 0.846000 0.417625 -0.331313
vn 0.680875 0.419375 -0.600344
vn -0.784375 -0.287469 -0.549563
vn -0.595469 0.054938 -0.801406
vn -0.087781 -0.012125 -0.996063
vn -0.110875 0.700938 -0.704406
vn -0.204344 0.457406 -0.865438
vn -0.066281 0.110375 -0.991625
vn 0.079844 -0.087063 -0.992938
vn -0.073969 -0.170375 -0.982500
vn -0.004938 0.035344 -0.999344
vn -0.386875 0.243000 -0.889500
vn -0.664688 0.090125 -0.741594
vn -0.377594 0.073469 -0.923031
vn 0.666313 -0.086219 -0.740531
vn 0.544688 0.094344 -0.833281
vn 0.595156 0.533938 -0.600469
vn -0.969375 0.235813 -0.068031
vn -0.719813 0.082844 -0.689094
vn -0.849375 0.166688 -0.500625
vn 0.015469 -0.444594 -0.895594
vn -0.041781 -0.751813 -0.657969
vn -0.251563 0.171875 -0.952438
vn 0.340969 -0.696375 -0.631469
vn 0.105031 -0.763875 -0.636688
vn -0.358500 0.185031 -0.914906
vn -0.162000 0.096500 -0.981969
vn -0.346875 -0.144719 -0.926625
vn -0.432438 -0.200844 -0.878969
vn -0.216688 -0.333750 -0.917375
vn 0.150469 -0.926750 -0.344000
vn 0.336563 -0.793688 -0.506688
vn 0.257156 -0.778281 -0.572781
vn 0.709938 -0.115625 -0.694531
vn 0.679469 -0.013656 -0.733563
vn 0.785875 0.076563 -0.613594
vn 0.088094 0.992469 -0.084875
vn -0.035750 0.999000 0.026594
vn -0.047938 0.974375 -0.219688
vn -0.547625 -0.643188 -0.535031
vn -0.749000 -0.374594 -0.546313
vn -0.557156 -0.093750 -0.825063
vn 0.336844 -0.191813 -0.921750
vn 0.116156 -0.583000 -0.804094
vn 0.193031 -0.520063 -0.831906
vn 0.654813 -0.065656 -0.752813
vn -0.262250 -0.370094 -0.891156
vn 0.058063 -0.407656 -0.911219
vn -0.175563 -0.358594 -0.916750
vn 0.284656 -0.814875 -0.504875
vn 0.079000 -0.829969 -0.552063
vn 0.168906 -0.665375 -0.123594
vn -0.751188 0.165688 0.638875
vn -0.371344 0.134656 0.918594
vn -0.765813 0.293781 0.572000
vn -0.496125 0.857094 -0.138344
vn -0.453500 0.891156 0.003594
vn -0.894281 0.401094 0.198375
vn -0.994094 0.108125 -0.007000
vn -0.942688 0.332563 0.025750
vn 0.051906 0.926188 -0.373250
vn -0.062594 0.861063 -0.504531
vn -0.025875 0.999625 0.007688
vn -0.943125 0.331094 -0.026750
vn -0.772781 0.582875 0.250969
vn -0.689406 0.712656 0.129313
vn 0.048344 -0.842313 -0.536781
vn -0.131781 -0.834375 -0.535156
vn -0.267625 0.395156 -0.878688
vn -0.099594 0.211688 -0.972219
vn -0.189938 0.181125 -0.964906
vn 0.451438 0.116750 -0.884531
vn 0.821156 -0.433906 -0.370438
vn 0.759219 0.039781 -0.649500
vn -0.023844 0.295281 -0.955063
vn -0.531875 0.251063 -0.808688
vn -0.384750 -0.909594 0.156438
vn -0.577031 -0.809125 -0.110094
vn -0.395156 -0.889500 0.229219
vn -0.603719 0.157688 0.781344
vn -0.629875 0.517250 0.579281
vn -0.635188 0.333750 0.696469
vn -0.877781 -0.445094 -0.177000
vn -0.853594 -0.493813 -0.165500
vn -0.990219 -0.024094 -0.137313
vn -0.926969 0.320688 0.194281
vn -0.996406 -0.004875 -0.084281
vn 0.276781 -0.859250 -0.430156
vn 0.382688 -0.818250 -0.428813
vn -0.240281 0.961125 0.135594
vn -0.188094 0.965688 0.178844
vn -0.290406 0.911406 0.291500
vn -0.497875 0.366844 0.785781
vn -0.303969 -0.039563 0.951813
vn -0.791531 -0.370156 0.486094
vn -0.604469 0.678688 0.417094
vn -0.752156 0.653406 0.084875
vn -0.991063 -0.073281 -0.111188
vn -0.999656 -0.023719 0.006313
vn 0.446969 -0.020531 -0.894281
vn 0.522875 0.326969 -0.787094
vn 0.686281 0.043688 -0.726000
vn 0.536000 0.730875 -0.422406
vn 0.541313 0.722844 -0.429281
vn 0.344656 0.658594 -0.668813
vn -0.998688 -0.040281 -0.029594
vn -0.945719 -0.092469 0.311281
vn -0.850031 -0.486594 0.201469
vn -0.905469 0.038781 -0.422500
vn -0.991313 0.121781 -0.049594
vn -0.206594 0.725000 -0.657000
vn -0.241750 0.968938 -0.050875
vn -0.091063 0.983938 -0.153344
vn 0.320469 0.666531 -0.672938
vn 0.442156 0.596344 -0.669875
vn 0.150688 0.387031 -0.909594
vn -0.147375 0.108438 -0.983063
vn 0.063719 -0.100625 -0.992813
vn -0.330594 -0.255094 -0.908625
vn -0.992063 0.072250 0.102563
vn -0.947031 -0.290938 0.135688
vn -0.597000 -0.324000 0.733813
vn -0.422688 0.010094 0.906125
vn -0.022375 -0.206781 0.978063
vn -0.257094 0.309344 0.915469
vn -0.079563 -0.239688 0.967531
vn -0.496688 -0.731500 -0.467063
vn -0.806281 -0.461781 -0.369563
vn -0.563469 -0.816063 -0.128188
vn -0.106594 0.993375 -0.041781
vn -0.225469 0.961781 -0.155219
vn -0.345094 0.910781 -0.226562
vn -0.924031 0.146500 -0.352906
vn -0.869313 0.149781 -0.470969
vn -0.949188 0.193781 -0.247875
vn -0.009688 0.026281 0.999563
vn -0.159531 -0.152094 0.975344
vn 0.156844 -0.096188 0.982844
vn 0.005156 0.013281 0.999875
vn -0.147813 0.054938 0.987469
vn -0.112438 -0.036063 0.992938
vn -0.934656 -0.003719 -0.355344
vn -0.654188 0.301594 -0.693563
vn -0.667969 -0.036469 -0.743250
vn -0.481969 0.600875 -0.637656
vn -0.314594 0.930094 -0.189344
vn -0.466344 0.871594 -0.150875
vn -0.251656 0.921313 -0.296156
vn -0.302188 0.941719 -0.147375
vn -0.470750 0.856219 0.212563
vn -0.119750 0.786125 0.606219
vn -0.090438 0.912844 0.398031
vn -0.424781 0.885625 0.187500
vn -0.920313 0.034531 0.389594
vn -0.097219 -0.661969 -0.743156
vn 0.102375 -0.910688 -0.399938
vn -0.055500 -0.914594 -0.400438
vn 0.095063 -0.955594 -0.278688
vn 0.167875 -0.971656 -0.166281
vn 0.093625 -0.851969 -0.515063
vn -0.277875 0.146781 -0.949313
vn -0.303094 0.186594 -0.934438
vn -0.128469 0.440375 -0.888563
vn -0.249563 -0.735656 -0.629531
vn -0.225313 -0.820500 -0.525156
vn -0.364406 -0.717000 -0.594156
vn 0.307875 0.632781 0.710469
vn -0.421219 0.546969 0.723375
vn 0.520375 0.696250 0.494344
vn 0.177188 0.911625 0.370813
vn -0.050000 0.930875 -0.361750
vn -0.005844 0.993375 0.114375
vn -0.257688 -0.961250 0.097344
vn -0.415688 -0.908406 -0.044094
vn -0.200031 -0.933250 -0.298063
vn -0.249156 -0.481656 0.840156
vn -0.438781 -0.360656 0.823000
vn -0.007188 -0.121781 0.992500
vn -0.736531 -0.026906 0.675781
vn -0.793719 -0.368469 0.483875
vn -0.980969 -0.033594 0.190969
vn -0.576156 -0.808250 0.120563
vn -0.076063 0.994031 0.078094
vn -0.155406 0.982844 -0.098469
vn -0.311344 0.779500 -0.543375
vn 0.048875 -0.534938 0.843406
vn -0.001563 -0.375969 0.926531
vn 0.209063 -0.596313 0.774938
vn 0.224688 -0.404656 0.886375
vn 0.444156 -0.630281 0.636688
vn -0.052875 0.121281 -0.991188
vn 0.128906 0.360188 -0.923906
vn 0.049844 0.889625 -0.453750
vn 0.035875 0.941063 -0.336250
vn 0.034781 0.895156 -0.444281
vn 0.662969 0.748000 -0.029781
vn 0.172063 -0.983281 0.058469
vn 0.150469 -0.974469 -0.166469
vn -0.443563 -0.877469 -0.182344
vn -0.658625 -0.750406 -0.053906
vn -0.090563 -0.994219 0.056875
vn -0.038844 -0.998906 -0.023688
vn -0.217906 0.806938 -0.548813
vn -0.272656 0.887906 -0.370375
vn -0.354375 0.921500 -0.158688
vn 0.218313 0.966344 0.135875
vn 0.164469 0.986313 -0.001563
vn 0.925000 -0.372063 -0.076469
vn -0.394188 0.909281 -0.133000
vn -0.399781 0.909813 -0.110781
vn -0.320938 0.946594 -0.028469
vn -0.404000 0.914250 -0.027344
vn -0.178438 0.980563 -0.081094
vn -0.460750 0.825063 0.326875
vn 0.027281 0.993656 -0.109063
vn 0.000250 0.956469 -0.291656
vn -0.061969 0.991094 -0.117281
vn 0.076875 0.955813 -0.283469
vn 0.072250 0.913500 -0.400281
vn 0.006063 0.944313 -0.328875
vn 0.476063 -0.876500 -0.070688
vn -0.339656 0.674250 -0.655688
vn 0.111594 0.161375 -0.980531
vn -0.238688 0.412750 -0.878969
vn -0.632781 0.124563 -0.764188
vn -0.140625 0.051688 -0.988688
vn -0.460656 0.039781 -0.886594
vn 0.741813 0.466250 -0.481875
vn 0.702688 0.490281 -0.515500
vn 0.765719 0.511813 -0.389250
vn -0.006063 -0.350563 0.936500
vn 0.104219 -0.137469 0.984906
vn -0.016031 -0.716563 0.697250
vn -0.444313 0.895719 0.015875
vn -0.424188 0.899719 0.102156
vn -0.093188 0.976562 0.193781
vn -0.366250 0.929469 -0.043469
vn -0.459344 0.874969 0.152750
vn -0.423156 0.897969 0.120469
vn 0.089938 0.092813 -0.991594
vn 0.123438 0.179250 -0.976000
vn 0.091156 -0.152688 -0.984031
vn 0.000094 -0.043063 -0.999000
vn -0.041781 0.164375 -0.985438
vn -0.251656 -0.363750 0.896781
vn -0.146563 -0.456469 0.877469
vn -0.145063 -0.388438 0.909938
vn -0.979594 0.156594 0.125594
vn -0.974688 -0.047063 -0.218469
vn -0.997563 -0.004250 -0.069469
vn -0.942344 0.333750 0.022969
vn -0.999219 -0.001688 -0.038188
vn -0.836031 0.039969 0.547188
vn -0.953125 0.203938 0.223250
vn -0.882688 0.336563 0.327781
vn -0.920344 -0.389844 -0.029781
vn -0.630375 -0.203875 -0.749000
vn -0.851750 -0.520156 -0.061344
vn 0.926063 0.232094 0.297344
vn 0.739469 0.356969 0.570625
vn 0.859781 0.062688 0.506719
vn -0.076250 0.804875 -0.588406
vn -0.397438 0.772344 -0.495375
vn -0.299906 0.481969 -0.823219
vn -0.306844 0.894719 -0.324250
vn -0.597094 0.369781 -0.711688
vn 0.589188 -0.062188 -0.805531
vn 0.659688 0.067313 -0.748469
vn 0.859563 -0.508438 -0.049844
vn -0.015375 0.992031 0.124875
vn 0.309656 -0.086750 0.946813
vn 0.350906 -0.573344 0.740219
vn 0.230375 -0.415469 0.879875
vn 0.654375 -0.747594 0.112844
vn 0.847531 -0.530469 0.012063
vn 0.434875 -0.900469 -0.001344
vn 0.882812 0.399188 -0.247500
vn 0.999844 0.010344 -0.013594
vn -0.914688 -0.398750 -0.064438
vn -0.967844 -0.008219 -0.251406
vn -0.982938 -0.157688 -0.094156
vn -0.873906 -0.482844 -0.055188
vn -0.812375 -0.557719 0.170000
vn 0.779281 0.611094 -0.138563
vn 0.287250 0.749094 -0.596875
vn 0.457063 0.881500 -0.118063
vn -0.122594 -0.695063 0.708313
vn -0.805219 -0.034781 -0.591875
vn -0.688688 -0.528375 -0.496469
vn -0.354375 -0.738344 -0.573750
vn 0.569219 0.819188 0.069375
vn 0.016469 0.999656 0.016281
vn 0.097438 0.987719 -0.121375
vn 0.069563 0.948750 -0.308188
vn 0.066594 -0.686406 -0.724063
vn -0.061563 -0.633781 -0.771000
vn -0.814750 -0.389469 -0.429281
vn -0.452938 -0.393438 -0.799969
vn 0.187281 0.700063 -0.689000
vn -0.180688 0.140000 -0.973500
vn 0.146500 0.262469 -0.953656
vn 0.131563 0.982313 0.132812
vn 0.188281 0.975781 0.110781
vn 0.752469 -0.638125 0.162594
vn 0.269688 -0.958094 0.095781
vn 0.712188 -0.664594 0.225938
vn -0.193438 -0.980781 -0.024281
vn -0.944969 -0.018781 -0.326375
vn -0.612594 0.755406 0.232500
vn -0.559125 0.828969 0.008219
vn -0.701813 0.693125 -0.163625
vn -0.127875 0.842438 -0.523281
vn -0.198094 0.702250 -0.683781
vn -0.204750 0.629656 -0.749344
vn 0.191594 -0.969781 -0.150688
vn 0.238875 -0.963313 -0.121781
vn 0.294250 -0.881469 -0.369281
vn 0.206781 -0.978375 -0.001094
vn 0.354250 -0.888875 0.290344
vn 0.662844 -0.730875 0.162406
vn -0.532438 -0.816469 -0.223188
vn -0.944000 -0.066094 -0.323188
vn -0.699406 -0.535563 -0.473125
vn 0.810625 -0.435469 -0.391250
vn 0.848719 -0.409969 -0.333750
vn 0.633000 -0.731188 0.254156
vn 0.463969 -0.885719 0.007000
vn -0.758219 0.011344 0.651781
vn -0.722000 -0.418781 0.550656
vn -0.665125 0.093438 0.740750
vn -0.170406 0.120875 0.977844
vn -0.221813 0.972750 0.066688
vn -0.167125 0.975781 -0.140813
vn -0.985000 -0.138281 -0.102563
vn -0.980000 0.051844 -0.192000
vn 0.522781 0.783406 -0.335969
vn 0.530250 0.842969 -0.090031
vn 0.466500 0.881281 -0.075094
vn -0.531313 0.485781 -0.694000
vn -0.353281 0.464500 -0.811938
vn 0.038844 0.956813 -0.287844
vn 0.089625 0.876188 -0.473500
vn 0.799469 -0.470594 -0.373188
vn 0.886125 -0.341563 -0.313094
vn -0.083750 -0.923906 0.373188
vn 0.784469 0.391250 -0.481094
vn 0.817469 0.134781 -0.559875
vn 0.794813 -0.462063 -0.393281
vn 0.887563 -0.367500 0.277594
vn 0.921656 -0.198594 -0.333219
vn 0.120781 -0.488906 0.863906
vn 0.437063 -0.057813 0.897531
vn 0.391094 0.279063 0.876938
vn 0.612688 -0.231281 0.755625
vn 0.527000 -0.373406 0.763406
vn 0.481000 -0.824406 0.298063
vn 0.180094 -0.851750 -0.491906
vn 0.081813 -0.812344 -0.577344
vn 0.066094 -0.937500 -0.341563
vn -0.172000 0.265563 0.948563
vn 0.137281 0.317688 0.938125
vn 0.113563 -0.228000 0.967000
vn 0.207781 0.208375 0.955688
vn 0.970875 0.239094 -0.013781
vn 0.938781 -0.006313 -0.344281
vn -0.460375 -0.432063 -0.775375
vn 0.953969 0.281406 0.103281
vn 0.926406 -0.376063 -0.017063
vn 0.820625 -0.543156 0.177188
vn 0.747375 -0.322531 0.580719
vn -0.323344 0.942031 -0.089281
vn -0.237781 0.968281 -0.076563
vn -0.069563 0.983156 -0.168500
vn -0.629219 -0.690531 0.356438
vn -0.782281 -0.452563 0.427938
vn -0.920344 -0.340219 0.192594
vn -0.994656 -0.088188 -0.053188
vn -0.849813 -0.365969 0.379156
vn 0.752594 -0.650906 -0.099094
vn 0.911750 -0.392781 0.119844
vn 0.751688 -0.645688 0.134250
vn 0.723625 -0.689125 0.037188
vn 0.911625 -0.369781 -0.179250
vn 0.910688 -0.373313 -0.176375
vn -0.311406 -0.327781 -0.891906
vn -0.101844 -0.361594 -0.926719
vn 0.506156 -0.558156 -0.657313
vn 0.733563 -0.517344 -0.440625
vn 0.669375 -0.545781 -0.503969
vn 0.731438 -0.673594 -0.105656
vn 0.638406 -0.626500 0.447094
vn 0.031281 -0.981656 0.187875
vn 0.204969 -0.868125 0.451969
vn 0.131563 -0.870750 0.473719
vn -0.936281 -0.318188 -0.148375
vn -0.367188 -0.920875 0.130531
vn -0.549688 -0.832875 0.064125
vn -0.746094 -0.662531 0.065469
vn -0.095781 -0.992938 -0.069688
vn 0.122500 -0.978188 -0.167344
vn 0.327781 -0.911000 -0.250156
vn 0.307594 -0.418875 -0.854250
vn 0.172281 -0.721438 -0.670563
vn 0.396469 -0.832219 -0.387469
vn 0.593094 -0.498094 -0.632469
vn -0.330500 -0.654719 -0.679688
vn 0.087250 -0.788188 -0.609125
vn 0.228406 -0.946250 -0.228781
vn 0.496188 0.475688 -0.726219
vn 0.762125 -0.335375 -0.553688
vn 0.322969 -0.942156 -0.089406
vn 0.470625 -0.881063 0.046406
vn 0.431563 -0.893750 -0.121781
vn -0.545531 -0.794031 0.268094
vn -0.459250 -0.868594 -0.185844
vn -0.393375 -0.912406 0.112531
vn -0.303156 -0.857406 0.415781
vn -0.222844 -0.974594 0.019188
vn -0.635500 -0.770906 0.042188
vn -0.099469 0.961656 -0.255469
vn -0.109375 0.983719 0.142250
vn 0.072875 0.979813 -0.186031
vn -0.068344 0.997594 -0.007375
vn 0.343094 -0.793281 -0.502906
vn 0.059875 -0.743250 -0.666219
vn 0.193656 -0.925406 -0.325625
vn 0.192969 0.338688 -0.920875
vn 0.168094 0.525469 -0.833969
vn 0.876625 0.087250 -0.473031
vn 0.776781 0.092813 -0.622813
vn 0.884719 0.110094 -0.452906
vn 0.930188 -0.116656 -0.347969
vn 0.959063 -0.263938 0.102156
vn 0.896781 0.067625 -0.437156
vn -0.258063 -0.960063 -0.107688
vn 0.204750 -0.978063 -0.037250
vn 0.094031 -0.983906 -0.151719
vn -0.549125 -0.809094 -0.209000
vn -0.402594 -0.911219 -0.087063
vn 0.202000 -0.463406 -0.862813
vn -0.297031 -0.147375 -0.943344
vn 0.091469 -0.253781 -0.962875
vn -0.194875 -0.284281 0.938688
vn -0.443281 -0.280000 0.851438
vn -0.077094 -0.329688 0.940844
vn -0.125594 0.992031 0.006500
vn -0.102469 0.945188 0.309781
vn 0.102375 0.990313 0.093500
vn -0.834156 0.346656 0.428813
vn -0.972750 0.122500 0.196313
vn -0.920000 -0.111625 0.375594
vn 0.058375 0.924563 -0.376344
vn -0.224500 0.971656 -0.073375
vn -0.054469 0.998469 0.001156
vn -0.238469 -0.446656 -0.862281
vn -0.169813 -0.816469 -0.551750
vn -0.305531 0.585344 -0.750938
vn -0.330063 0.170000 -0.928469
vn -0.154781 0.350094 -0.923813
vn 0.744125 -0.098563 -0.660688
vn 0.726125 0.485563 -0.486688
vn 0.588531 0.578969 -0.564188
vn -0.870625 -0.491906 0.001156
vn -0.739125 -0.659938 -0.134375
vn -0.620219 -0.730313 0.286125
vn -0.962563 -0.176781 -0.205156
vn -0.734344 -0.155188 -0.660688
vn 0.901781 -0.368094 0.226125
vn 0.830281 -0.496781 0.252594
vn 0.608688 -0.787969 -0.092281
vn 0.134438 0.740000 -0.658938
vn -0.105656 0.947563 -0.301375
vn -0.062781 0.874344 -0.481156
vn 0.040031 0.993594 -0.105156
vn -0.135594 0.639531 -0.756594
vn 0.329313 0.582781 -0.742813
vn 0.364781 0.925563 -0.100625
vn -0.208250 0.825469 -0.524500
vn -0.332406 0.909594 -0.249094
vn -0.574625 0.818344 0.001688
vn -0.654938 0.166094 -0.737063
vn -0.624781 -0.071938 -0.777406
vn -0.725000 -0.007000 -0.688688
vn 0.062438 0.994875 -0.078313
vn -0.224094 0.970781 -0.085094
vn 0.144875 0.986406 -0.077500
vn 0.401031 0.763875 -0.505406
vn 0.559875 0.816719 -0.139500
vn 0.675781 0.702781 -0.222188
vn 0.439500 -0.865875 -0.238688
vn 0.553469 -0.797281 -0.240531
vn 0.943875 -0.190969 -0.269344
vn 0.568125 -0.792375 -0.221969
vn -0.367813 0.257812 -0.893438
vn -0.561938 0.040594 -0.826125
vn 0.881375 -0.467656 -0.066188
vn 0.996813 -0.029781 0.073781
vn 0.480844 -0.829719 -0.283250
vn 0.742500 -0.458594 -0.488156
vn -0.023125 0.988813 -0.146781
vn -0.055656 0.997813 0.033594
vn -0.050313 0.997813 0.041563
vn 0.153781 0.986313 -0.058781
vn 0.118406 0.014250 0.992813
vn -0.019531 0.039500 0.999000
vn -0.043375 0.186031 0.981531
vn -0.229438 0.080688 0.969938
vn -0.011281 -0.388375 0.921406
vn 0.263594 -0.891656 -0.367938
vn 0.200406 -0.401313 -0.893719
vn 0.028625 -0.711688 -0.701813
vn 0.062375 -0.046969 -0.996938
vn -0.089406 0.603063 -0.792625
vn -0.196750 -0.123969 -0.972531
vn 0.078188 -0.459031 0.884844
vn 0.746719 -0.573000 0.337656
vn 0.476438 -0.862844 0.168563
vn 0.580281 -0.811406 0.069469
vn 0.285406 0.042844 0.957438
vn -0.377156 -0.117969 0.918500
vn 0.198781 -0.019656 0.979813
vn -0.617281 -0.716313 0.325188
vn -0.419906 -0.411500 0.808906
vn -0.242594 -0.889531 0.386969
vn -0.382375 -0.913938 0.135688
vn -0.927063 -0.338594 -0.160688
vn -0.886594 -0.462344 0.004688
vn -0.231000 0.971656 -0.048719
vn -0.191188 0.979031 0.070188
vn -0.086750 0.990000 -0.110781
vn -0.298156 -0.484094 -0.822563
vn -0.226344 0.459688 -0.858719
vn -0.343563 -0.199406 -0.917625
vn -0.687813 -0.704313 0.175500
vn -0.122094 -0.886156 0.446875
vn 0.127875 -0.959063 0.252469
vn -0.560406 0.803375 -0.201000
vn -0.397656 0.859688 -0.320469
vn -0.458000 0.878219 -0.137531
vn -0.767875 -0.636375 -0.072969
vn -0.954719 0.016875 -0.296969
vn 0.231688 0.970375 -0.067313
vn -0.305656 0.881594 -0.359469
vn -0.180000 0.952344 -0.245875
vn -0.018219 0.990438 -0.136469
vn -0.579813 -0.223250 0.783500
vn -0.936188 0.245406 0.251500
vn -0.722969 -0.471563 0.504875
vn 0.689969 -0.302656 -0.657438
vn 0.704969 -0.475844 -0.525813
vn 0.454531 -0.692875 0.559656
vn 0.241469 -0.516375 0.821563
vn -0.102281 -0.254656 0.961563
vn -0.964844 -0.262563 0.000094
vn -0.849688 -0.356000 -0.388875
vn -0.938563 -0.305281 -0.160500
vn 0.085094 -0.963313 -0.254156
vn -0.213969 -0.759438 -0.614250
vn -0.518750 -0.558469 -0.647125
vn -0.512125 -0.796656 -0.320781
vn -0.295656 -0.879938 -0.371781
vn -0.636063 -0.771250 0.022688
vn 0.496938 -0.867594 -0.016469
vn 0.327469 -0.939438 0.100094
vn 0.422563 -0.898406 0.119125
vn 0.563031 -0.742906 0.361906
vn 0.549125 -0.829094 0.104500
vn -0.516250 0.190375 0.834938
vn 0.018188 -0.278313 0.960281
vn 0.136688 -0.136906 0.981000
vn 0.104938 -0.055188 0.992938
vn 0.151906 -0.971219 0.183156
vn 0.038688 -0.967938 -0.248063
vn -0.509844 -0.790906 0.338250
vn -0.610563 -0.731875 0.302406
vn -0.027000 -0.950938 0.307938
vn 0.198594 0.031281 0.979469
vn -0.194688 0.225938 0.954406
vn 0.094031 0.152750 0.983719
vn 0.007000 0.999844 0.015094
vn 0.064344 0.885844 -0.459344
vn 0.291375 0.945406 -0.145875
vn 0.427563 0.838063 -0.338750
vn 0.350688 0.930094 -0.108438
vn 0.023438 -0.793375 -0.608156
vn 0.347375 -0.398000 -0.849031
vn 0.674563 -0.150875 -0.722531
vn 0.351063 0.069375 -0.933688
vn -0.979594 -0.161906 0.118688
vn -0.990656 -0.053844 0.124688
vn -0.945844 -0.304688 -0.111719
vn -0.263125 0.947469 0.181688
vn 0.037000 0.984031 -0.173906
vn 0.163594 -0.280156 -0.945844
vn -0.288656 -0.132781 -0.948125
vn 0.049781 0.341469 -0.938563
vn 0.006281 0.152344 -0.988281
vn 0.797844 -0.557375 0.229438
vn 0.080875 -0.133000 0.987719
vn -0.022125 -0.236375 0.971344
vn -0.008656 -0.245469 0.969281
vn 0.080469 -0.308250 0.947875
vn 0.009250 -0.430594 0.902438
vn -0.529719 -0.847313 -0.035250
vn -0.364188 -0.926281 -0.096688
vn -0.192406 -0.924563 -0.328594
vn -0.402438 -0.913938 0.051281
vn -0.310594 -0.943656 0.113688
vn -0.235188 -0.968750 0.078625
vn 0.003719 -0.951469 -0.307500
vn 0.092375 -0.789594 -0.606531
vn 0.008969 -0.977594 -0.210281
vn -0.171875 0.334781 0.926406
vn -0.519281 0.752156 0.405594
vn -0.482938 0.875406 -0.015906
vn -0.416281 0.887031 -0.199375
vn 0.061969 -0.975469 -0.211125
vn 0.782656 -0.523281 0.336844
vn 0.301844 -0.830938 -0.467156
vn 0.639281 -0.768531 -0.023375
vn 0.832563 -0.505844 0.225313
vn 0.620188 -0.663719 0.417969
vn 0.765375 -0.641156 -0.054875
vn 0.895938 -0.352844 0.269688
vn 0.734469 -0.658844 -0.162188
vn 0.444656 -0.843406 0.301250
vn 0.539813 -0.820719 0.186656
vn -0.005625 -0.870094 0.492656
vn 0.120469 -0.992500 0.020188
vn 0.121688 -0.808156 -0.576156
vn -0.285094 -0.955031 -0.081375
vn 0.766688 0.627375 -0.136094
vn 0.780906 0.624563 0.000500
vn 0.701156 0.042750 0.711688
vn 0.926750 0.207438 0.312969
vn 0.944969 0.146563 0.292313
vn -0.895594 0.356156 -0.266375
vn -0.941188 0.329531 0.073594
vn -0.981875 -0.189281 0.003250
vn -0.892344 0.446969 -0.061563
vn -0.694094 0.694094 -0.190781
vn -0.411219 0.881500 0.231906
vn -0.316938 0.920000 0.230031
vn -0.494563 0.867813 -0.046250
vn -0.211281 0.973688 0.085188
vn -0.214406 0.973625 -0.077094
vn -0.424188 0.900469 0.095469
vn -0.101750 -0.558875 0.822906
vn -0.177375 -0.742719 0.645563
vn -0.058688 -0.314656 0.947344
vn 0.121094 0.977406 -0.172875
vn -0.102781 0.936406 -0.335281
vn -0.254750 0.958094 0.130688
vn -0.286500 0.950281 0.121594
vn -0.166469 0.983938 0.064094
vn -0.884000 -0.301250 -0.357344
vn -0.871063 -0.350469 -0.344063
vn -0.867500 -0.236781 -0.437375
vn -0.820094 -0.572156 -0.005781
vn -0.786313 -0.590688 -0.180906
vn 0.676813 -0.720594 0.150281
vn 0.575375 -0.810625 0.108000
vn 0.796656 -0.581906 0.163031
vn -0.196938 -0.980313 -0.012500
vn 0.653094 -0.224875 -0.723063
vn 0.105656 0.980656 -0.164469
vn -0.121094 0.992063 -0.032781
vn -0.378406 0.872375 -0.309219
vn -0.304844 0.935750 -0.176969
vn 0.005844 0.995188 -0.097750
vn 0.172281 0.981094 -0.087656
vn 0.288281 0.952219 0.100625
vn 0.166500 0.984250 0.058938
vn 0.006063 0.997063 -0.075750
vn -0.150688 0.987156 -0.052563
vn -0.015188 -0.998125 -0.057656
vn -0.064344 -0.994656 -0.080375
vn -0.011188 -0.999344 0.033281
vn -0.745313 -0.028781 0.665969
vn -0.826594 -0.405469 0.390063
vn -0.639406 0.312531 0.702344
vn -0.957125 0.150188 0.247313
vn -0.835688 0.282594 0.470844
vn -0.982406 0.114375 0.147375
vn -0.983063 -0.172188 -0.062375
vn -0.950938 0.114781 -0.287000
vn -0.306906 -0.947344 -0.090656
vn -0.086750 0.180906 0.979594
vn -0.471500 0.410188 0.780594
vn -0.353406 0.894313 0.274281
vn -0.268750 0.963094 -0.011344
vn -0.003375 0.031438 0.999438
vn -0.078094 0.097094 0.992188
vn -0.117688 0.992719 -0.021969
vn -0.146969 0.842094 -0.518750
vn -0.221188 -0.182500 0.958000
vn -0.404281 -0.070375 0.911875
vn 0.210938 -0.458438 0.863281
vn 0.350844 -0.467281 0.811406
vn 0.316938 -0.636906 0.702656
vn -0.673688 -0.319594 -0.666219
vn -0.258281 -0.264750 -0.929031
vn 0.093000 -0.845469 0.525781
vn -0.085500 -0.991844 0.094469
vn -0.355625 -0.634281 0.686375
vn 0.588531 -0.613813 0.526000
vn -0.341781 0.934438 0.099469
vn -0.249156 0.360563 0.898750
vn -0.663844 0.730875 -0.158281
vn -0.210313 0.974031 -0.083563
vn -0.642563 0.704063 -0.302281
vn -0.493750 0.837000 -0.235375
vn -0.171875 -0.055094 0.983500
vn -0.090125 0.069156 0.993469
vn -0.276031 -0.058063 0.959281
vn -0.147594 0.767344 0.623906
vn 0.007000 0.117875 0.992938
vn 0.078281 0.909156 0.408844
vn -0.376063 -0.377156 0.846313
vn -0.489563 0.008500 0.871844
vn -0.148844 -0.288063 0.945938
vn -0.147188 -0.345406 0.926813
vn -0.715469 0.425563 -0.553906
vn -0.381656 0.888563 -0.254281
vn -0.861094 0.444063 -0.247281
vn -0.848063 0.477750 0.228781
vn 0.876719 -0.479750 0.031844
vn 0.522344 -0.850469 -0.060844
vn 0.648219 -0.720875 -0.245063
vn -0.166313 -0.984563 -0.054063
vn 0.132375 -0.945063 -0.298750
vn 0.161094 -0.758344 -0.631500
vn 0.711125 -0.165000 -0.683375
vn 0.184000 0.005594 -0.982844
vn 0.426375 -0.263719 -0.865188
vn -0.518000 0.847219 -0.117688
vn -0.697656 0.563125 -0.442750
vn -0.328063 0.931375 -0.157594
vn 0.501156 0.849813 0.162813
vn 0.343781 0.931281 -0.120344
vn 0.084594 0.795750 -0.599594
vn 0.203469 -0.338469 0.918688
vn 0.507250 -0.511563 0.693438
vn 0.336469 -0.174531 0.925344
vn -0.481875 0.854375 -0.194469
vn -0.711031 0.643094 0.284063
vn -0.741500 0.423594 -0.520281
vn 0.583000 0.811938 0.027281
vn -0.075531 0.954406 0.288656
vn -0.519156 0.683031 0.513656
vn -0.083563 0.927031 0.365438
vn 0.526031 0.614125 -0.588188
vn 0.381594 0.881469 -0.278094
vn 0.682156 0.344063 -0.645063
vn 0.554250 0.605656 -0.570844
vn -0.486844 -0.872344 0.043938
vn -0.005625 -0.999969 0.000531
vn -0.286063 -0.957750 0.028875
vn -0.856656 -0.381875 0.346656
vn -0.880594 -0.367281 0.299250
vn -0.927375 -0.342875 0.149438
vn -0.100000 -0.930875 0.351281
vn 0.643406 -0.606656 0.466781
vn 0.651875 -0.669688 0.355625
vn 0.418438 -0.546875 0.725031
vn 0.474156 -0.560281 0.679094
vn 0.311625 -0.558688 0.768531
vn -0.029781 -0.045688 0.998469
vn 0.411656 -0.599563 0.686281
vn 0.326094 -0.842000 -0.429688
vn 0.302563 -0.328594 -0.894625
vn 0.031594 0.864031 0.502375
vn -0.461688 0.690969 0.556188
vn 0.157594 0.976625 0.146094
vn 0.001969 0.989750 0.142656
vn 0.129094 0.915438 0.381063
vn 0.225063 -0.453656 -0.862188
vn 0.156781 -0.670563 -0.725031
vn 0.110094 -0.783625 0.611281
vn 0.637969 -0.500094 0.585469
vn 0.284969 -0.208875 0.935438
vn 0.457344 -0.487875 0.743469
vn -0.782313 0.252688 -0.569188
vn -0.713094 -0.021969 -0.700688
vn 0.049688 -0.197156 -0.979031
vn 0.136500 -0.153781 -0.978594
vn 0.177000 -0.381125 -0.907313
vn 0.627906 -0.758344 0.174688
vn 0.443406 -0.879750 -0.171250
vn 0.436188 -0.884750 -0.163625
vn 0.822344 -0.525781 -0.217094
vn 0.877375 -0.371563 0.303469
vn 0.831375 -0.407656 0.377594
vn 0.698094 -0.702000 0.140781
vn -0.025000 0.955813 -0.292563
vn -0.311563 0.928813 -0.200406
vn -0.202688 0.979125 0.014438
vn 0.052250 0.996281 -0.067719
vn 0.111406 0.983500 -0.142063
vn -0.384969 0.891031 0.240313
vn -0.740656 0.623906 0.248969
vn -0.441656 0.764063 0.470156
vn -0.019781 -0.004469 -0.999781
vn -0.204344 -0.029781 -0.978406
vn -0.265563 0.878344 -0.397406
vn -0.209281 0.317469 -0.924875
vn -0.403969 0.909813 0.094250
vn -0.083031 0.987375 0.134656
vn 0.204094 0.845906 0.492656
vn 0.281188 0.688469 0.668500
vn 0.721219 0.617688 0.313250
vn -0.005375 0.807813 0.589406
vn 0.185844 0.156656 0.969938
vn -0.078719 0.995969 0.041781
vn 0.365500 0.843375 -0.393750
vn 0.368250 0.900344 -0.231688
vn 0.096813 0.922594 -0.373313
vn -0.395375 0.310156 0.864531
vn -0.146563 -0.037250 0.988469
vn 0.925969 -0.361594 0.108531
vn 0.933875 -0.327938 -0.142250
vn 0.946813 -0.289062 0.140813
vn 0.987719 -0.067594 0.140188
vn 0.185844 -0.470688 -0.862469
vn 0.364188 -0.594688 -0.716688
vn -0.289094 -0.937156 -0.194875
vn -0.150875 0.987406 0.046250
vn -0.951906 -0.277375 0.129719
vn 0.065375 0.693031 0.717875
vn -0.082625 0.785688 0.612938
vn 0.269469 0.909563 0.316281
vn 0.290031 0.002781 0.956906
vn 0.217719 -0.201250 0.954969
vn -0.984469 -0.154375 -0.082844
vn -0.903531 -0.021688 0.427875
vn -0.950375 -0.271250 0.152094
vn 0.963188 -0.222188 -0.151094
vn 0.998219 0.039156 -0.044656
vn 0.987500 0.136875 -0.077781
vn 0.951906 -0.270500 0.143500
vn 0.950938 -0.260563 0.166281
vn -0.078625 -0.725000 -0.684125
vn -0.154781 0.970031 0.187063
vn -0.468406 0.879625 -0.082625
vn -0.153344 0.889750 0.429781
vn -0.403406 0.913188 0.057188
vn -0.456969 0.850031 -0.261656
vn 0.662625 0.730875 0.163219
vn -0.859563 -0.250969 -0.445094
vn -0.759094 -0.553781 -0.341938
vn -0.317750 0.928344 0.192625
vn -0.485656 -0.466250 -0.739344
vn 0.272500 0.961344 0.037094
vn 0.325875 0.940719 0.093625
vn 0.333688 0.935750 0.113875
vn -0.225500 0.401563 -0.887563
vn -0.417313 0.898313 -0.137281
vn 0.020969 0.996188 0.083656
vn 0.513438 -0.763969 -0.390563
vn 0.446500 -0.867688 -0.218313
vn 0.304844 -0.913500 -0.269250
vn 0.765406 -0.551094 -0.332188
vn 0.722750 -0.638344 -0.264750
vn 0.417313 -0.784375 -0.458813
vn 0.102469 -0.873906 -0.474969
vn -0.050656 -0.429281 0.901688
vn 0.009750 -0.416594 0.908938
vn 0.389531 -0.771375 0.503125
vn 0.923156 0.384219 0.006063
vn 0.747375 0.664062 0.018938
vn 0.778844 0.624438 0.057000
vn -0.298281 0.933563 -0.198594
vn -0.601656 0.741406 -0.296969
vn -0.161156 0.942375 -0.293000
vn 0.448188 0.834719 -0.319656
vn 0.175500 0.976125 -0.127875
vn -0.219156 0.874781 -0.432063
vn 0.359188 0.871188 -0.334563
vn 0.314656 -0.944219 -0.096094
vn -0.581031 -0.514969 -0.630094
vn -0.012125 -0.832781 -0.553375
vn -0.938656 -0.031344 -0.343344
vn -0.890063 -0.084188 -0.447969
vn -0.145094 0.988688 -0.037563
vn 0.056688 0.948781 -0.310688
vn 0.132375 0.871719 -0.471719
vn -0.475125 0.198594 -0.857156
vn 0.038188 -0.011563 -0.999188
vn 0.845594 0.507031 0.166500
vn 0.939438 0.247875 0.236219
vn 0.895375 0.258656 0.362281
vn 0.171656 -0.977313 -0.123250
vn 0.078594 -0.985750 -0.148594
vn 0.350844 -0.895594 0.273250
vn 0.490438 -0.705813 0.510938
vn -0.027469 -0.895063 0.444906
vn 0.133781 -0.937156 -0.322094
vn -0.077688 -0.991500 -0.104094
vn 0.346438 -0.624875 -0.699531
vn 0.062188 -0.820938 -0.567469
vn -0.404188 -0.809000 -0.426688
vn -0.346063 -0.879656 -0.326094
vn -0.114375 0.870656 -0.478344
vn -0.503469 0.825063 -0.256125
vn -0.078313 -0.182344 -0.980094
vn -0.599500 -0.762219 0.244000
vn -0.633781 -0.762906 -0.127438
vn -0.318563 -0.931813 -0.173688
vn -0.070188 -0.984906 -0.158094
vn 0.811156 0.026594 -0.584156
vn 0.934125 -0.354250 -0.042281
vn 0.918500 0.370063 0.138750
vn 0.996813 -0.012781 0.078594
vn -0.766156 0.186469 -0.614906
vn -0.920219 0.362781 -0.146375
vn -0.184188 0.950500 -0.249781
vn 0.575844 0.493844 -0.651469
vn 0.255563 0.798063 0.545656
vn -0.124688 0.263719 0.956469
vn 0.477969 0.755594 0.447781
vn 0.845594 0.515500 -0.138500
vn 0.576375 0.811625 -0.094656
vn 0.953750 0.189500 -0.233094
vn 0.220594 0.973594 -0.058688
vn 0.291063 0.940844 -0.173094
vn 0.832656 0.548469 0.076375
vn 0.170781 0.981969 0.080563
vn -0.097219 0.848281 0.520375
vn -0.040688 0.775688 0.629656
vn -0.565813 0.801813 0.192188
vn -0.575938 0.784719 -0.228813
vn -0.379875 0.897219 -0.224906
vn -0.331594 -0.623906 -0.707563
vn -0.510406 -0.580063 -0.634750
vn -0.348469 -0.516875 -0.781875
vn -0.286875 -0.624781 -0.726125
vn -0.209063 -0.291656 -0.933344
vn 0.185844 0.026594 0.982188
vn -0.329031 -0.149594 -0.932281
vn 0.282750 -0.197500 -0.938563
vn 0.381125 -0.311563 -0.870313
vn -0.476156 0.859250 -0.186469
vn -0.627594 0.699500 0.341688
vn 0.987063 0.135875 -0.084469
vn 0.935000 0.338969 -0.103813
vn 0.941063 0.337125 0.024156
vn 0.365656 0.929563 -0.046188
vn 0.171438 0.985094 0.012344
vn 0.427188 0.780875 0.455781
vn 0.067844 -0.975250 -0.210094
vn 0.626844 0.575063 -0.525594
vn 0.755750 -0.637125 -0.151063
vn 0.678375 -0.650906 -0.340688
vn -0.449469 -0.876906 -0.170188
vn -0.042844 -0.910688 -0.410625
vn -0.479531 -0.846344 -0.231469
vn -0.387844 -0.915969 -0.102469
vn -0.502469 0.783094 -0.366313
vn -0.461563 0.778188 0.425781
vn -0.419469 0.836344 0.352844
vn -0.883875 -0.147375 -0.443875
vn 0.685313 -0.444594 0.576688
vn 0.521000 -0.382906 0.762781
vn 0.510063 -0.190094 0.838750
vn -0.999094 -0.036844 0.020531
vn -0.954406 -0.298500 0.000375
vn -0.605250 -0.484531 0.631469
vn -0.745188 -0.638656 0.191594
vn -0.341250 0.517469 0.784594
vn 0.185375 -0.776563 0.602094
vn 0.563469 -0.579813 0.588406
vn 0.511156 -0.228781 0.828438
vn -0.542375 0.811375 -0.217719
vn -0.027469 0.993156 -0.113063
vn -0.863688 0.352531 -0.359969
vn -0.843156 0.438625 0.310813
vn -0.992375 -0.122500 -0.009594
vn -0.728594 0.337281 0.596094
vn -0.317688 -0.036938 -0.947469
vn -0.012063 -0.041781 -0.999000
vn 0.743906 0.638000 0.198594
vn 0.688250 0.340469 0.640500
vn 0.225281 0.801500 0.553906
vn 0.146969 0.769406 0.621500
vn -0.744438 0.488656 -0.454844
vn -0.886063 0.239875 -0.396531
vn 0.824313 -0.316344 -0.469281
vn -0.465688 -0.867594 0.174125
vn -0.294688 -0.935531 0.194469
vn -0.003688 -0.096281 0.995313
vn -0.000375 0.145469 0.989344
vn 0.062875 -0.368469 0.927469
vn 0.179594 -0.626500 0.758344
vn 0.417781 -0.894594 0.158281
vn 0.783719 -0.382375 0.489250
vn 0.480938 -0.688031 0.543281
vn -0.963750 0.235375 -0.125375
vn -0.557375 0.818031 0.141594
vn -0.341500 -0.895375 0.285688
vn -0.635719 0.739344 -0.221406
vn -0.760719 0.582781 -0.285688
vn 0.116656 0.773625 -0.622688
vn -0.093000 0.802281 -0.589594
vn 0.444906 -0.718719 0.534281
vn -0.466031 0.693250 0.549656
vn -0.332188 0.790438 0.514531
vn -0.057094 -0.213813 0.975125
vn -0.207219 0.971563 0.113781
vn -0.146563 0.988031 0.047063
vn -0.213375 -0.772656 -0.597750
vn -0.731000 -0.610219 0.305313
vn 0.129094 -0.957438 0.257844
vn 0.461688 -0.822344 -0.332344
vn -0.018219 0.998344 0.053344
vn -0.009375 0.968188 0.249563
vn -0.095781 0.974063 0.204688
vn -0.096281 0.956656 -0.274781
vn -0.633219 0.773500 -0.024281
vn 0.044594 0.952906 -0.299906
vn -0.346281 0.930531 -0.118688
vn 0.750750 -0.237781 -0.616188
vn 0.728375 -0.148000 -0.668938
vn 0.371563 0.403688 -0.836000
vn 0.639406 0.410906 -0.649813
vn -0.173500 -0.501906 -0.847313
vn -0.368375 -0.494063 -0.787406
vn -0.070094 0.988813 -0.131344
vn -0.878031 0.476938 0.038188
vn -0.822563 0.567781 0.030063
vn -0.554688 0.819656 0.142656
vn -0.255250 0.965781 -0.045063
vn 0.071188 -0.813781 -0.576688
vn 0.311125 -0.808438 -0.499563
vn -0.501500 -0.731438 -0.462000
vn 0.508438 -0.786000 -0.351594
vn -0.603406 -0.699531 0.382625
vn 0.078281 -0.993469 0.081813
vn -0.675344 -0.729156 -0.110188
vn -0.806375 -0.455875 -0.376656
vn -0.909594 -0.374656 -0.179063
vn -0.422500 -0.904500 0.057813
vn -0.569313 -0.748469 0.339875
vn -0.560625 -0.827563 -0.025750
vn -0.700688 0.660906 -0.268656
vn -0.609375 0.528969 -0.590594
vn -0.064531 -0.322531 0.944313
vn -0.774281 0.596438 -0.211125
vn 0.224688 0.952344 0.205969
vn -0.274625 0.786219 0.553469
vn 0.681063 -0.088375 -0.726844
vn 0.886563 0.138281 -0.441344
vn 0.690094 -0.208188 -0.693094
vn 0.580688 -0.762031 -0.286344
vn 0.687813 -0.696594 0.203938
vn 0.691594 -0.722188 -0.008594
vn -0.976125 -0.165688 -0.140188
vn 0.383063 -0.205781 -0.900469
vn -0.168563 0.985656 0.001969
vn -0.145344 0.988688 0.034531
vn -0.066781 0.828188 -0.556406
vn -0.209906 0.951688 -0.223656
vn -0.607500 0.794031 -0.016781
vn -0.412688 0.889094 0.197750
vn -0.342281 0.936063 -0.080969
vn 0.955375 0.220594 -0.196281
vn -0.033438 -0.384094 0.922625
vn -0.165281 -0.401938 0.900594
vn -0.143875 -0.937906 -0.315469
vn -0.960375 -0.271688 0.061656
vn -0.362344 0.902750 -0.231469
vn -0.364844 0.733906 -0.572906
vn 0.832344 -0.554094 0.009969
vn 0.630625 -0.764969 -0.130531
vn 0.218469 -0.975469 0.025875
vn 0.366531 -0.837875 0.404344
vn -0.067594 -0.024719 -0.997375
vn 0.532875 -0.123750 -0.837000
vn 0.137875 -0.186469 -0.972719
vn -0.120469 -0.277063 -0.953219
vn -0.349969 -0.304688 -0.885719
vn -0.350250 0.932813 -0.084281
vn -0.447781 0.857188 0.254063
vn -0.379063 0.856531 0.349969
vn -0.354688 0.934875 0.007438
vn -0.842438 -0.483969 0.236406
vn -0.585031 -0.809656 0.045156
vn -0.713969 -0.597844 0.364250
vn -0.995000 -0.006063 0.099094
vn -0.979375 0.067313 0.190281
vn -0.442813 0.051688 0.895063
vn 0.016188 -0.126375 0.991844
vn -0.796656 -0.100813 -0.595875
vn -0.135063 -0.004000 -0.990750
vn -0.504094 -0.050969 -0.862063
vn 0.157688 0.985000 -0.068438
vn 0.119125 0.986750 -0.109781
vn 0.441125 0.869656 -0.221406
vn -0.015750 0.983375 -0.180875
vn -0.035250 0.994000 0.103281
vn 0.648281 -0.550000 0.526469
vn 0.653094 -0.727313 0.210500
vn 0.244000 -0.816938 0.522344
vn 0.407156 -0.910031 0.076969
vn 0.361469 -0.850875 -0.381125
vn 0.033969 -0.932938 -0.358375
vn 0.080063 0.008156 0.996719
vn 0.028594 0.029594 0.999125
vn 0.020688 0.015188 0.999656
vn -0.251344 -0.887781 -0.385469
vn 0.551281 -0.815313 0.176594
vn 0.496844 -0.848156 0.183594
vn -0.828125 0.383281 -0.408844
vn -0.574406 0.812156 -0.101562
vn 0.242375 -0.062375 0.968156
vn 0.216000 0.188500 0.958000
vn -0.037875 -0.327563 0.944000
vn 0.416656 0.896156 0.152125
vn 0.220781 0.971563 0.084594
vn 0.931156 -0.014750 -0.364250
vn 0.943250 -0.309281 -0.120469
vn 0.149250 -0.729688 0.667156
vn 0.397500 0.013375 -0.917500
vn -0.308250 -0.146281 0.939969
vn -0.994656 -0.102688 0.008156
vn -0.970781 0.239875 -0.004250
vn -0.990656 0.104000 0.087563
vn 0.227156 0.900063 -0.371688
vn -0.325344 -0.942469 -0.075938
vn 0.132781 -0.945938 -0.295875
vn -0.240125 0.346875 0.906563
vn -0.223250 -0.198094 0.954406
vn -0.731438 0.560438 -0.388281
vn -0.847531 0.518656 0.111938
vn 0.035875 0.997563 -0.059563
vn 0.019531 0.998250 -0.054563
vn -0.142250 0.960813 -0.237781
vn -0.891469 0.260781 -0.370375
vn -0.949531 -0.159875 -0.269688
vn -0.918250 0.235188 -0.318406
vn 0.173313 0.984031 -0.039469
vn -0.330875 0.907969 0.256938
vn 0.196938 0.976438 -0.087781
vn 0.061563 0.860563 -0.505500
vn 0.306563 -0.493375 0.813969
vn 0.216594 -0.666313 0.713500
vn 0.009469 0.178219 0.983906
vn 0.018469 0.198781 0.979813
vn -0.320188 0.035656 0.946594
vn 0.027344 -0.124969 0.991750
vn -0.097844 0.974250 -0.202906
vn -0.145688 0.989250 -0.010531
vn 0.197750 0.964500 -0.174531
vn -0.941906 -0.268156 0.202094
vn -0.967750 0.120250 -0.221188
vn -0.804781 0.448063 -0.389188
vn 0.209063 -0.971219 0.113469
vn 0.209906 -0.968719 0.132188
vn 0.431469 -0.900906 -0.046500
vn 0.924250 -0.366250 -0.107000
vn 0.868250 0.251563 0.427563
vn 0.556375 0.199969 -0.806406
vn -0.498469 0.490594 -0.714688
vn 0.017938 0.990313 0.137313
vn -0.935406 0.343188 0.084875
vn -0.504531 0.113281 0.855875
vn -0.246469 -0.051688 0.967750
vn -0.530781 -0.815625 0.230031
vn -0.418063 -0.733688 0.535563
vn 0.477844 -0.314719 -0.820063
vn 0.836688 -0.377875 -0.396375
vn 0.393750 -0.102156 -0.913469
vn 0.546750 0.025000 -0.836875
vn 0.664156 -0.404188 -0.628875
vn 0.925656 -0.321656 -0.199188
vn 0.927500 -0.298281 -0.224906
vn 0.106281 0.115219 -0.987625
vn -0.121188 0.324469 -0.938031
vn -0.111188 -0.422938 -0.899281
vn 0.006063 0.090750 -0.995844
vn 0.196938 0.172875 -0.964938
vn -0.154375 0.895500 -0.417313
vn 0.018500 0.911563 -0.410531
vn 0.042188 0.945094 -0.324000
vn 0.171000 0.890906 -0.420656
vn 0.724594 -0.019938 0.688781
vn 0.583094 0.618875 0.526125
vn -0.291000 0.904813 0.310750
vn -0.105031 0.960813 -0.256375
vn 0.351719 0.619094 -0.702031
vn 0.347750 -0.617469 0.705469
vn 0.577125 -0.661188 0.479156
vn -0.380781 -0.473188 -0.794375
vn -0.255688 -0.897781 0.358594
vn -0.524063 -0.845875 0.098781
vn -0.389969 -0.913906 0.112344
vn 0.990125 -0.079969 -0.114875
vn 0.593281 -0.764531 0.251781
vn 0.665781 -0.521781 0.533156
vn -0.477688 0.866188 -0.146500
vn -0.016281 -0.996938 -0.075750
vn -0.034281 -0.999344 -0.006313
vn 0.005375 -0.985125 0.171656
vn -0.132594 -0.972000 0.193844
vn -0.276250 -0.957781 0.079344
vn -0.007594 -0.959844 0.280250
vn -0.185438 0.224688 0.956594
vn -0.393656 -0.852188 -0.344594
vn -0.418813 -0.294594 -0.858938
vn -0.087156 0.972313 -0.216688
vn -0.512344 0.849688 0.124375
vn -0.750750 0.516594 0.411563
vn -0.381656 -0.839813 0.386000
vn 0.052250 -0.177781 0.982625
vn 0.196469 0.858594 -0.473344
vn 0.219750 0.864313 -0.452250
vn -0.398469 0.916625 0.030938
vn -0.237844 0.909781 -0.340094
vn -0.238469 0.901563 -0.360656
vn -0.239281 0.919156 -0.312750
vn -0.426250 -0.451219 0.783938
vn 0.041156 -0.441344 0.896344
vn 0.030656 -0.128469 0.991188
vn -0.298000 -0.475250 0.827781
vn 0.817813 0.121281 -0.562500
vn 0.815063 0.199406 -0.543813
vn -0.965688 0.054563 -0.253844
vn 0.475781 0.285469 -0.831906
vn -0.029188 -0.968625 -0.246688
vn -0.014594 -0.705906 -0.708094
vn -0.029469 -0.487188 -0.872781
vn 0.101344 -0.009594 -0.994781
vn 0.926313 -0.305063 -0.220594
vn 0.661781 -0.733781 -0.153344
vn 0.978906 -0.146281 -0.142375
vn 0.955500 -0.290188 0.051375
vn 0.156844 0.888438 -0.431188
vn 0.398469 0.853906 -0.334688
vn 0.426469 0.844250 -0.324469
vn -0.099188 0.991844 -0.079750
vn -0.014656 0.968594 0.248094
vn -0.035250 0.916531 -0.398250
vn -0.855125 -0.482844 0.188094
vn -0.982406 0.098781 -0.158094
vn -0.148375 -0.961688 -0.230250
vn -0.979781 0.037188 0.196469
vn -0.935094 0.204063 0.289438
vn -0.989906 -0.055813 -0.129719
vn 0.540875 -0.787500 0.295344
vn 0.294375 -0.706156 0.643875
vn 0.540781 -0.813563 0.213375
vn 0.805625 -0.456156 0.377906
vn 0.615750 -0.542625 0.571156
vn 0.131688 0.977625 0.163625
vn -0.176594 0.984125 -0.015875
vn 0.022688 -0.727594 0.685531
vn 0.005375 -0.992063 0.125188
vn 0.259531 -0.933656 0.246688
vn 0.185375 -0.982500 -0.016188
vn -0.862938 -0.254156 -0.436563
vn -0.904063 0.183156 -0.386063
vn -0.892781 0.234500 -0.384594
vn -0.791438 0.534688 -0.296000
vn 0.713531 0.697781 0.062188
vn -0.986188 -0.115219 0.118781
vn -0.988594 -0.150469 -0.000531
vn -0.050313 0.712125 -0.700188
vn -0.258781 0.362500 -0.895281
vn 0.762688 0.471063 -0.443063
vn 0.731656 0.247531 -0.635063
vn 0.882469 0.041469 -0.468344
vn 0.819188 0.308375 -0.483500
vn 0.266594 0.937500 -0.223406
vn 0.900594 -0.433969 0.020813
vn 0.989688 -0.140813 -0.025281
vn -0.061563 0.045156 -0.997063
vn -0.254750 0.156188 -0.954281
vn -0.121875 0.227781 -0.966000
vn 0.111188 0.237844 -0.964844
vn -0.299563 -0.408031 -0.862375
vn -0.974063 0.124469 -0.188688
vn 0.288500 0.957344 0.009969
vn -0.065469 0.985750 -0.154781
vn -0.059344 0.990219 -0.125813
vn -0.136281 0.927688 0.347469
vn 0.135250 0.986750 0.088500
vn -0.189094 0.570094 -0.799469
vn -0.183156 0.439156 -0.879438
vn 0.039875 0.456906 -0.888563
vn -0.126781 0.990219 -0.057250
vn 0.183375 0.741969 -0.644719
vn -0.149875 0.882875 -0.444969
vn 0.927625 -0.235594 0.289750
vn -0.904594 0.388500 -0.175344
vn -0.875531 0.089094 -0.474813
vn 0.539375 -0.840125 -0.055813
vn 0.510188 -0.830500 -0.223469
vn 0.918594 -0.392625 0.043063
vn -0.088281 0.970875 0.222656
vn -0.185031 0.944094 0.272781
vn -0.358594 0.917594 0.171438
vn -0.115625 0.940188 -0.320250
vn 0.128281 0.982625 0.133813
vn 0.198094 0.979813 -0.025438
vn 0.003375 -0.149781 0.988688
vn -0.606000 -0.404438 -0.684875
vn -0.316938 -0.454188 -0.832563
vn -0.387781 0.097094 -0.916531
vn 0.005156 -0.281344 -0.959500
vn 0.114500 0.156438 -0.981000
vn -0.009594 -0.665250 -0.746500
vn 0.231688 -0.877031 -0.420656
vn 0.280000 -0.818438 -0.501594
vn -0.939094 0.015469 0.343250
vn -0.755594 -0.044656 0.653500
vn -0.996938 0.068250 -0.037969
vn 0.634000 0.763875 0.119844
vn 0.968313 0.152531 -0.197500
vn 0.925656 0.378188 -0.005844
vn -0.120156 0.750625 -0.649594
vn -0.038188 0.889969 -0.454313
vn -0.083344 -0.040594 -0.995656
vn -0.133625 -0.294031 -0.946375
vn -0.055344 -0.129094 -0.990000
vn 0.563125 0.564125 -0.603719
vn 0.446438 0.254594 -0.857719
vn 0.559563 0.117188 -0.820406
vn 0.064938 -0.994125 0.086438
vn 0.159281 -0.986969 0.021969
vn -0.080281 0.995188 0.055969
vn -0.103000 0.958750 -0.264594
vn 0.805094 0.550781 -0.220094
vn -0.363375 0.928906 0.070188
vn -0.354688 -0.086938 -0.930875
vn -0.325781 -0.450781 -0.830938
vn -0.228000 0.964063 -0.135688
vn -0.154375 0.933469 -0.323656
vn 0.082531 0.988906 0.123344
vn 0.123438 0.982094 0.142000
vn 0.290031 0.787188 -0.544125
vn -0.122500 0.986844 -0.104625
vn -0.028594 -0.609563 -0.792188
vn 0.247094 -0.634531 -0.732188
vn 0.165906 -0.628969 -0.759438
vn 0.735875 -0.364406 0.570594
vn 0.848406 -0.451750 0.275594
vn 0.088188 -0.867063 0.490281
vn 0.095688 0.639531 -0.762750
vn 0.354688 0.912188 -0.204969
vn 0.460375 0.300656 -0.835156
vn 0.064000 -0.668594 -0.740750
vn -0.007875 -0.310469 -0.950500
vn -0.079656 0.962438 -0.259469
vn 0.126000 0.988813 0.079656
vn 0.582125 -0.755063 -0.301469
vn -0.058063 0.752469 -0.656000
vn 0.732281 0.667844 -0.132781
vn 0.885719 0.296594 -0.357094
vn 0.727313 0.683250 -0.063594
vn -0.094469 0.947688 0.304781
vn 0.612063 0.782531 -0.113688
vn -0.929563 -0.021844 -0.367938
vn 0.002906 -0.994656 0.102969
vn 0.757469 -0.650688 0.053094
vn 0.092813 0.014375 -0.995531
vn 0.394344 -0.894313 0.211281
vn 0.405969 -0.904281 -0.131344
vn 0.466688 -0.743688 -0.478563
vn 0.247938 0.967531 0.046875
vn 0.246906 -0.088094 0.964938
vn 0.192188 -0.348625 0.917313
vn 0.533625 -0.707781 0.462781
vn 0.663063 -0.414594 0.623125
vn 0.280594 -0.956438 -0.080469
vn 0.041375 -0.998906 0.020250
vn -0.226688 -0.970250 -0.084688
vn 0.121875 -0.991844 0.036469
vn -0.203313 -0.178031 0.962750
vn 0.974281 -0.097344 0.202906
vn 0.991844 0.044594 -0.118688
vn -0.869438 -0.489688 0.064938
vn -0.524500 -0.840563 -0.134844
vn -0.646031 -0.637250 0.419969
vn -0.988906 0.073875 -0.128688
vn -0.013156 0.911656 -0.410531
vn -0.815969 -0.571594 -0.085813
vn -0.780906 -0.623469 0.035875
vn -0.737688 -0.630188 -0.242094
vn 0.032375 0.591969 -0.805219
vn -0.162406 -0.105469 0.981000
vn -0.079125 -0.377000 0.922813
vn -0.205563 -0.046500 -0.977500
vn -0.209406 0.430500 -0.877906
vn 0.106688 -0.450125 0.886500
vn 0.126844 -0.230656 0.964688
vn 0.235188 0.097344 0.967000
vn -0.000781 -0.677500 -0.735438
vn -0.196125 -0.480844 -0.854469
vn -0.333375 -0.844156 -0.419625
vn -0.137313 0.970031 -0.200188
vn 0.001281 0.993594 0.112844
vn 0.106781 -0.007438 0.994219
vn -0.155594 -0.048500 0.986625
vn -0.089313 0.991406 -0.094969
vn -0.362344 0.838625 -0.406500
vn 0.056375 0.995969 0.069375
vn -0.122688 0.939344 0.320094
vn 0.002094 0.999219 0.037875
vn -0.035656 -0.998656 0.037250
vn 0.092594 -0.987844 0.124375
vn 0.868906 -0.470156 -0.154375
vn 0.903844 -0.412688 0.112438
vn 0.999875 0.012875 0.004250
vn 0.990313 0.051594 0.128469
vn 0.984469 0.173469 -0.026594
vn 0.998250 -0.047938 0.033813
vn 0.977313 0.190156 0.093000
vn -0.351000 0.125594 0.927906
vn 0.409875 0.900469 -0.145125
vn -0.118094 -0.172063 0.977969
vn -0.861531 -0.465688 -0.201875
vn -0.877594 -0.457281 -0.143688
vn -0.996625 0.021094 0.079125
vn 0.715031 -0.615531 -0.331250
vn 0.891156 -0.158688 -0.424844
vn 0.312875 -0.547594 0.776000
vn 0.201469 -0.783406 -0.587875
vn 0.227969 -0.933656 -0.276188
vn 0.510719 -0.720375 -0.469125
vn 0.270281 -0.753750 -0.598938
vn 0.749563 -0.630281 -0.202094
vn 0.522219 -0.842188 -0.133813
vn 0.685844 -0.679125 -0.261375
vn 0.693438 -0.328500 -0.641156
vn 0.008500 0.939875 0.341250
vn -0.042594 0.997813 0.048969
vn -0.030656 0.997500 0.063375
vn -0.060594 -0.066688 0.995875
vn -0.143688 0.906438 0.396969
vn 0.130688 0.026031 -0.991063
vn -0.153781 -0.168094 -0.973625
vn 0.708969 -0.550875 0.440250
vn -0.875500 -0.471875 -0.103688
vn 0.008375 0.999781 -0.017781
vn 0.081281 0.987813 -0.132594
vn -0.894938 0.320469 0.310250
vn -0.779375 0.623031 -0.064844
vn 0.968844 -0.231688 0.086531
vn -0.198563 -0.441563 0.874875
vn -0.925219 -0.364563 0.104313
vn -0.629000 0.775781 0.048969
vn -0.210500 0.975219 -0.067594
vn 0.506500 0.000438 0.862156
vn 0.312375 0.932500 -0.180875
vn 0.873688 0.427938 -0.230875
vn -0.300563 -0.940844 -0.156250
vn -0.015469 -0.991500 -0.128906
vn -0.177188 -0.983375 0.038188
vn -0.025875 -0.976656 -0.212969
vn -0.021500 -0.969281 -0.244844
vn 0.424781 0.625969 -0.653969
vn -0.185031 0.944406 -0.271688
vn 0.262906 0.559000 -0.786219
vn 0.044281 0.986063 -0.160156
vn -0.387563 -0.873688 0.293875
vn -0.696594 -0.646156 -0.311563
vn -0.155781 -0.966250 -0.205094
vn 0.681188 -0.571063 0.458000
vn 0.980531 0.181313 0.075094
vn -0.909719 0.161156 0.382469
vn 0.200594 -0.778375 0.594813
vn 0.101969 -0.845250 0.524469
vn 0.330781 -0.832031 0.445188
vn 0.024594 -0.858063 0.512781
vn 0.237188 0.968750 -0.071625
vn -0.030063 0.828000 0.559781
vn 0.107094 0.871188 0.478938
vn -0.674031 -0.738563 -0.009156
vn -0.931719 0.208188 -0.297344
vn -0.907750 0.334688 -0.252688
vn 0.422125 0.821156 -0.383938
vn 0.581906 0.636281 -0.506375
vn 0.727750 0.404281 -0.553906
vn -0.916219 -0.346438 0.200969
vn -0.877906 -0.478344 -0.016469
vn -0.894844 -0.446156 -0.007938
vn 0.618469 -0.434938 0.654375
vn 0.494344 -0.540563 0.680656
vn -0.912719 -0.130094 -0.387250
vn -0.995531 -0.093438 0.009469
vn 0.772344 0.506719 -0.382969
vn -0.818250 -0.469063 0.332188
vn 0.845688 -0.388281 0.365969
vn 0.940063 -0.328156 -0.092375
vn 0.787750 -0.609688 0.087563
vn 0.955813 -0.274063 -0.106063
vn 0.227781 0.697875 0.679000
vn -0.127375 -0.715031 -0.687281
vn 0.168375 -0.766125 -0.620219
vn 0.578438 -0.809656 0.098375
vn 0.504094 0.863563 -0.006063
vn 0.981875 -0.129500 -0.138094
vn 0.191188 -0.934125 -0.301094
vn -0.171656 0.965250 -0.196531
vn 0.523969 -0.830938 -0.186875
vn -0.687281 0.569094 0.451375
vn -0.657500 -0.525156 -0.540125
vn -0.166719 0.984125 -0.060281
vn 0.363750 0.931188 -0.022563
vn 0.068750 -0.978156 -0.196063
vn 0.069563 -0.986094 -0.150469
vn -0.300063 0.953875 -0.000094
vn 0.496094 -0.379969 -0.780688
vn 0.190906 -0.432375 -0.881156
vn 0.462281 -0.254156 -0.849500
vn 0.828438 0.266094 -0.492656
vn -0.208594 0.971781 -0.109875
vn 0.113688 0.345750 0.931375
vn -0.589688 0.796875 0.131281
vn -0.479594 0.843375 -0.242188
vn -0.383781 0.394781 0.834719
vn -0.360344 -0.006281 0.932719
vn -0.413063 0.270063 0.869656
vn -0.115219 0.009688 0.993250
vn -0.453219 0.776906 0.436844
vn -0.065063 0.980250 0.186656
vn -0.756031 -0.620625 -0.207844
vn -0.935531 -0.349656 0.049781
vn -0.662625 -0.733031 0.153281
vn -0.177406 -0.354750 0.917844
vn -0.524188 0.561844 0.639844
vn -0.300656 -0.778969 -0.550188
vn -0.018594 -0.783938 -0.620438
vn -0.288125 0.162000 -0.943750
vn 0.095688 0.174313 0.980000
vn 0.033188 -0.097094 0.994656
vn 0.013781 -0.229844 0.973063
vn 0.327344 -0.458969 0.825906
vn 0.067594 -0.993656 -0.089719
vn 0.447906 -0.887250 -0.109656
vn 0.160094 -0.933375 0.321156
vn 0.971781 -0.202500 -0.120344
vn 0.948781 -0.287094 -0.131500
vn 0.860750 -0.508125 0.028344
vn 0.836250 -0.485000 -0.255469
vn 0.649719 -0.756594 -0.072250
vn 0.439375 -0.873688 0.208594
vn 0.441781 -0.375625 0.814656
vn 0.079438 0.283094 -0.955719
vn -0.088781 0.986313 -0.138344
vn 0.668813 0.743219 0.017188
vn 0.214406 0.797906 0.563250
vn 0.121875 -0.986313 -0.111000
vn 0.073688 -0.451219 -0.889313
vn -0.173313 0.919688 0.352031
vn -0.087781 0.923906 0.372375
vn -0.483719 0.154094 0.861531
vn -0.975781 -0.134250 0.172281
vn -0.959188 -0.256063 -0.119438
vn -0.466844 -0.882469 -0.056000
vn -0.708500 -0.704594 -0.039156
vn 0.263719 -0.947906 -0.178188
vn -0.185188 -0.959500 0.211875
vn 0.141188 -0.856438 0.496469
vn 0.984563 0.152531 -0.085188
vn -0.016188 0.995750 -0.090000
vn 0.436563 0.839938 -0.322094
vn -0.978406 -0.202500 -0.041375
vn 0.133969 -0.138469 0.981219
vn -0.035000 -0.151500 0.987813
vn -0.856969 0.515063 0.014969
vn -0.464500 0.820844 -0.332063
vn -0.501469 0.727531 -0.468094
vn -0.662094 0.733063 -0.155219
vn 0.180500 -0.678875 -0.711656
vn 0.209063 -0.797063 -0.566469
vn 0.170625 -0.521156 -0.836125
vn 0.230469 0.959844 -0.159313
vn 0.830688 0.401344 -0.385781
vn -0.290344 -0.162781 0.942906
vn -0.214188 0.622063 0.753031
vn -0.995656 0.080063 -0.047063
vn -0.878750 -0.452781 -0.150688
vn -0.995313 0.093438 0.022375
vn -0.164875 -0.011781 0.986219
vn 0.217281 0.544906 0.809781
vn -0.254156 0.153156 0.954844
vn -0.203313 0.947906 0.244844
vn -0.099500 0.994438 0.032000
vn -0.190563 0.046594 0.980563
vn -0.372156 0.352969 0.858375
vn -0.340688 -0.917719 -0.204094
vn -0.327250 -0.810625 -0.485438
vn -0.680219 -0.284969 0.675219
vn -0.910344 -0.375594 0.173313
vn 0.543500 -0.165906 -0.822781
vn 0.665688 0.485438 0.566688
vn 0.396906 0.206406 0.894313
vn 0.049781 0.604563 0.794906
vn 0.503969 0.611094 0.610219
vn -0.249375 -0.865000 -0.435375
vn -0.300375 -0.634531 -0.712000
vn -0.529375 -0.418656 -0.737813
vn -0.941813 -0.301844 -0.147188
vn -0.960719 -0.273750 0.044656
vn -0.101438 -0.983594 0.149031
vn 0.056938 -0.993344 -0.099781
vn 0.135000 -0.131281 0.982094
vn 0.375156 0.338156 0.863031
vn 0.197156 -0.537063 0.820156
vn 0.024594 0.092594 0.995313
vn 0.228813 -0.021094 0.973188
vn -0.037875 0.999219 -0.010844
vn 0.950719 -0.215781 0.222594
vn 0.920563 -0.389531 -0.027344
vn -0.965031 -0.081281 -0.248969
vn -0.955813 0.184188 0.229000
vn 0.759750 0.635938 0.135250
vn 0.569875 0.813469 -0.116031
vn 0.662313 0.749219 0.000781
vn 0.447969 0.893969 -0.008969
vn 0.555438 -0.365750 0.746625
vn 0.445688 -0.494281 0.746281
vn 0.034531 -0.643875 0.764313
vn 0.877031 -0.392281 -0.277281
vn 0.853719 -0.511281 -0.098156
vn 0.618031 -0.745188 -0.250250
vn 0.629750 -0.380688 -0.677063
vn 0.168969 -0.301250 -0.938344
vn 0.819313 -0.453656 -0.350344
vn -0.232094 0.209469 -0.949750
vn -0.072250 0.356875 -0.931313
vn -0.303375 0.435094 -0.847656
vn -0.755750 0.092281 -0.648281
vn -0.342969 0.258656 -0.902969
vn -0.969281 -0.012281 0.245250
vn -0.985844 0.144688 0.084594
vn 0.713969 -0.632031 -0.300938
vn 0.199594 -0.899719 0.387906
vn 0.540000 -0.829188 -0.143906
vn 0.337125 -0.625844 0.703219
vn 0.622281 -0.324094 -0.712438
vn 0.179250 0.460750 -0.869125
vn -0.184375 -0.217500 -0.958438
vn -0.324375 0.523406 -0.787844
vn 0.418875 -0.586563 0.693125
vn 0.033188 -0.239906 0.970156
vn -0.354156 -0.531875 -0.769156
vn 0.146781 -0.056063 0.987500
vn 0.170625 0.069688 0.982844
vn 0.803875 0.594063 0.028000
vn 0.762031 0.638219 -0.108750
vn 0.472906 0.865656 -0.164000
vn -0.938563 -0.277156 -0.205156
vn -0.409500 -0.909156 -0.075125
vn -0.389031 -0.917844 -0.078313
vn -0.882031 -0.432156 -0.187500
vn -0.558656 -0.164594 0.812813
vn -0.536313 0.831688 0.143406
vn -0.600219 0.476938 0.642000
vn -0.674781 0.441406 0.591344
vn 0.252375 0.956469 -0.146094
vn 0.318875 0.945406 0.066688
vn 0.236781 0.848188 0.473719
vn -0.104719 0.249781 0.962563
vn 0.397344 0.074688 -0.914594
vn 0.782219 -0.101031 -0.614656
vn 0.688344 -0.143469 -0.710938
vn 0.144313 0.954844 -0.259469
vn -0.063406 0.949531 -0.306906
vn 0.104313 0.980750 -0.164875
vn -0.192188 0.980000 0.051281
vn 0.365156 0.416969 0.832219
vn 0.382750 0.917156 -0.110781
vn -0.038844 0.990125 0.134375
vn 0.042094 0.997031 0.064094
vn 0.509844 0.711781 -0.483000
vn 0.228813 -0.876188 -0.424094
vn 0.224281 -0.921438 -0.316938
vn -0.110375 0.335875 -0.935313
vn -0.180906 0.312375 -0.932500
vn -0.154969 0.364781 -0.918063
vn -0.390875 -0.664594 0.636781
vn -0.178969 0.980344 -0.082438
vn -0.357031 0.933375 0.035750
vn 0.473125 0.878031 -0.071219
vn 0.086125 0.996094 -0.017625
vn -0.586563 -0.809438 -0.025438
vn -0.527344 -0.837563 -0.142375
vn 0.757156 0.207000 0.619438
vn 0.816594 0.184781 0.546750
vn -0.924781 -0.230594 -0.302563
vn -0.959500 0.212781 0.184188
vn -0.476063 0.859031 -0.187906
vn -0.669031 0.546500 -0.503563
vn -0.130875 0.133406 -0.982313
vn -0.461563 0.321281 -0.826813
vn -0.053281 0.998469 -0.006750
vn 0.390875 0.919594 0.039156
vn -0.786563 -0.501406 -0.360281
vn -0.996844 -0.020250 0.076250
vn -0.837344 -0.127375 -0.531563
vn 0.423875 -0.480563 0.767656
vn 0.750000 -0.144094 -0.645500
vn 0.091688 0.942688 -0.320781
vn 0.399344 0.897125 -0.188469
vn 0.171250 -0.924125 -0.341250
vn -0.142469 -0.414375 -0.898844
vn -0.496094 0.621844 -0.605875
vn -0.261656 0.961656 0.081813
vn 0.240719 0.963969 0.112969
vn -0.533500 0.771250 -0.346938
vn 0.057250 -0.303094 0.951156
vn 0.080375 -0.541531 0.836781
vn 0.933250 0.350188 -0.079344
vn -0.553781 -0.794656 -0.248531
vn -0.169375 -0.133969 0.976344
vn -0.709156 -0.704844 0.014875
vn -0.527875 -0.841969 0.111313
vn -0.972656 0.200844 -0.116156
vn 0.443781 0.850563 -0.281938
vn -0.073281 -0.401563 0.912844
vn 0.363656 -0.166094 0.916531
vn 0.486375 0.185000 0.853906
vn 0.389469 -0.225094 0.893000
vn -0.342813 -0.684219 -0.643625
vn 0.736281 -0.452031 0.503469
vn 0.804125 -0.444219 -0.394844
vn 0.696813 -0.654719 -0.292563
vn 0.316563 0.054469 0.946938
vn -0.183094 -0.419094 0.889281
vn 0.043156 -0.006063 0.999000
vn 0.235375 -0.250375 0.939000
vn 0.060688 -0.182281 0.981313
vn 0.015188 0.819656 0.572563
vn 0.141781 0.613688 0.776688
vn 0.577344 0.726344 0.372750
vn -0.156781 0.769406 -0.619094
vn -0.888406 -0.375094 0.264594
vn -0.682375 -0.549031 0.482469
vn -0.839906 -0.514406 -0.172875
vn 0.600688 -0.602500 0.525469
vn 0.521563 -0.755625 0.396031
vn 0.600250 -0.183156 -0.778406
vn 0.867719 -0.278469 -0.411563
vn 0.242781 -0.954375 0.173688
vn 0.171031 -0.211938 0.962125
vn -0.142188 -0.312594 0.939125
vn -0.235781 -0.477156 0.846563
vn -0.151313 -0.485344 -0.861063
vn 0.066594 -0.536781 0.841031
vn 0.109469 -0.551750 0.826688
vn 0.378500 0.161781 -0.911313
vn -0.833750 0.072344 0.547281
vn -0.512250 0.671750 0.534906
vn 0.140375 -0.884844 0.444094
vn -0.011844 -0.928250 0.371563
vn -0.265500 -0.948000 0.175344
vn 0.734250 -0.606438 0.304938
vn 0.694875 -0.682594 0.226094
vn -0.584375 0.677063 -0.447250
vn -0.141438 0.277656 0.950188
vn 0.075750 -0.189094 0.978938
vn 0.021531 -0.193438 0.980781
vn -0.286875 0.951906 0.107281
vn 0.757781 -0.652438 0.002781
vn 0.893750 -0.448344 -0.001000
vn -0.956375 0.216875 0.195312
vn -0.754844 0.189094 -0.628031
vn -0.752250 0.456094 -0.475344
vn -0.995000 0.083656 -0.052875
vn -0.890469 0.325625 -0.317688
vn -0.451219 0.836250 -0.311281
vn 0.072250 0.993438 -0.088281
vn 0.090969 0.393375 -0.914813
vn -0.564750 0.699406 -0.437875
vn -0.376656 0.137281 -0.916094
vn -0.475563 0.296688 -0.828094
vn -0.879438 -0.145750 -0.453063
vn 0.757656 -0.647344 -0.082438
vn 0.111094 -0.993688 0.010469
vn -0.386750 0.334563 0.859250
vn -0.282375 0.469438 0.836563
vn 0.030219 0.985000 0.169406
vn 0.133000 -0.743031 -0.655813
vn 0.952688 0.169188 -0.252219
vn -0.221563 0.968844 -0.110469
vn -0.128469 0.918375 0.374125
vn -0.109063 0.966344 0.232719
vn -0.879750 -0.215656 0.423594
vn -0.831875 -0.206969 -0.514844
vn -0.823875 -0.543375 -0.161094
vn -0.842625 -0.538406 -0.008500
vn 0.018594 -0.931188 -0.363906
vn -0.649625 0.190375 -0.735969
vn -0.686906 -0.064750 -0.723813
vn -0.530375 0.705906 -0.469375
vn 0.106875 -0.300125 0.947781
vn -0.320781 0.002781 0.947125
vn -0.533625 0.338375 0.774938
vn -0.177219 0.944000 -0.278094
vn 0.059875 -0.998125 -0.000094
vn -0.242781 -0.884750 0.397656
vn -0.898313 -0.436781 -0.046250
vn -0.900375 -0.423875 -0.098063
vn 0.137531 0.092594 -0.986094
vn 0.049188 0.133969 -0.989750
vn 0.540750 0.234688 -0.807719
vn 0.027875 0.109969 -0.993469
vn -0.755844 0.294250 -0.584844
vn -0.321063 0.921531 0.218094
vn -0.439438 0.883969 0.159469
vn -0.019813 -0.405813 0.913719
vn 0.193375 -0.890406 0.412000
vn 0.151906 -0.983375 -0.099094
vn -0.048500 -0.994438 0.092781
vn -0.769844 -0.629094 0.107094
vn -0.872156 -0.395375 0.288063
vn -0.699969 -0.640188 0.316344
vn -0.986313 -0.152125 -0.062688
vn 0.037969 -0.956688 -0.288344
vn -0.210281 -0.709719 0.672281
vn -0.277438 -0.802156 0.528625
vn -0.097094 -0.734250 0.671750
vn 0.953656 -0.181500 -0.239719
vn 0.966656 -0.140781 -0.213813
vn 0.879438 -0.203281 -0.430375
vn 0.420938 -0.875188 0.238063
vn -0.223656 0.966344 0.126219
vn 0.808656 -0.564969 -0.163844
vn -0.356656 -0.707875 -0.609563
vn -0.176188 -0.836906 -0.518094
vn -0.067188 -0.841250 -0.536344
vn 0.006281 0.941063 -0.338094
vn 0.885719 -0.463375 -0.026875
vn 0.750531 -0.660688 -0.001438
vn 0.780250 -0.605656 0.155406
vn 0.027875 -0.636469 0.770781
vn 0.058125 -0.560063 0.826375
vn -0.262094 0.901563 -0.344000
vn 0.504406 -0.075938 -0.860094
vn -0.672906 0.635281 0.378906
vn -0.909250 -0.416156 0.000438
vn 0.973719 -0.227563 -0.002094
vn -0.052094 -0.331031 -0.942156
vn 0.999969 -0.002688 0.002188
vn 0.996594 0.061500 0.054469
vn -0.017781 -0.286875 0.957781
vn -0.178594 -0.154375 0.971656
vn -0.040844 -0.344594 0.937813
vn 0.000500 -0.166500 0.986000
vn -0.054063 -0.975906 -0.211063
vn 0.733063 -0.104844 -0.671969
vn 0.922406 0.237438 -0.304344
vn 0.900813 -0.155000 -0.405375
vn -0.028781 0.997781 0.059656
vn -0.132094 0.916969 0.376281
vn -0.144938 -0.061156 0.987500
vn 0.240719 0.300281 0.922938
vn 0.395281 -0.588531 -0.705156
vn -0.016469 -0.287969 0.957438
vn -0.246281 0.628781 -0.737469
vn 0.185438 -0.619438 -0.762750
vn -0.951063 0.029938 0.307375
vn -0.935625 -0.349063 0.050656
vn -0.793500 -0.593406 0.134031
vn 0.126969 -0.991625 -0.020188
vn -0.310250 -0.679344 0.664906
vn -0.686625 0.711344 0.149875
vn -0.116750 0.911094 0.395281
vn -0.978250 -0.176969 -0.107813
vn -0.756469 0.650781 0.064531
vn -0.691594 0.714281 -0.106875
vn 0.452469 -0.793813 -0.406250
vn 0.344438 -0.765469 0.543469
vn -0.379156 -0.755844 0.533625
vn -0.998469 -0.047688 -0.024875
vn -0.886156 -0.458969 -0.063281
vn 0.134594 0.799250 -0.585594
vn 0.066094 0.611094 -0.788719
vn -0.397188 -0.352094 0.847500
vn 0.200375 -0.176188 0.963719
vn 0.039156 0.994000 -0.101969
vn 0.326156 0.144719 0.934125
vn -0.678375 -0.713188 0.176375
vn -0.324469 -0.932813 0.156250
vn -0.528969 -0.814875 0.236781
vn -0.609781 -0.790469 0.056375
vn 0.279438 0.013281 0.960031
vn -0.958313 -0.277719 -0.065656
vn 0.423656 0.794000 -0.435906
vn -0.094469 -0.254969 -0.962219
vn 0.111281 -0.169813 -0.979156
vn 0.223656 0.055656 -0.973063
vn -0.812156 -0.498844 -0.302438
vn -0.204563 0.848906 0.487281
vn -0.058281 -0.864469 -0.499281
vn -0.096719 -0.669219 0.736719
vn -0.023844 -0.135250 0.990438
vn 0.903188 0.091063 -0.419313
vn 0.326531 0.774469 0.541750
vn 0.963844 -0.262031 -0.047938
vn 0.738813 0.672500 -0.041469
vn 0.255250 0.966781 0.009156
vn 0.162000 -0.941063 -0.296750
vn 0.284375 -0.873250 -0.395500
vn -0.188719 -0.981875 0.016188
vn -0.902875 -0.410250 -0.128281
vn 0.132594 -0.252594 0.958406
vn 0.107375 -0.525594 0.843844
vn 0.021969 -0.218281 0.975563
vn -0.718750 -0.475031 0.507563
vn -0.871938 -0.179000 0.455594
vn -0.401406 0.884406 -0.238000
vn 0.172188 -0.932719 -0.316719
vn -0.984031 -0.162188 0.072031
vn -0.451438 -0.837094 -0.308750
vn -0.057000 -0.982281 -0.178375
vn -0.367656 0.896563 -0.246688
vn -0.160281 0.970344 -0.180688
vn 0.146375 0.738063 -0.658594
vn -0.317469 0.930531 0.182281
vn -0.111813 -0.266688 0.957219
vn 0.475250 0.468188 -0.744875
vn -0.801063 -0.573219 0.172063
vn -0.694000 -0.717969 -0.053094
vn -0.065781 -0.007219 0.997781
vn 0.063094 -0.954969 -0.289875
vn -0.017344 0.431250 -0.902000
vn 0.084875 0.463250 -0.882031
vn 0.149250 0.953969 -0.259969
vn -0.436344 0.627688 -0.644531
vn -0.738375 -0.545344 0.396531
vn -0.983688 -0.093844 0.153281
vn 0.543500 0.753344 0.370094
vn -0.164875 0.982063 -0.091063
vn -0.289750 0.951688 -0.100813
vn -0.201469 0.828438 -0.522438
vn -0.623250 -0.770375 0.134031
vn 0.933469 -0.246063 -0.260563
vn -0.025750 -0.735125 -0.677375
vn -0.336781 0.864250 0.373625
vn 0.155969 -0.077906 0.984656
vn 0.816719 -0.073594 -0.572156
vn 0.989781 -0.104500 -0.096688
vn -0.530688 -0.173094 0.829625
vn 0.010844 0.337875 -0.941063
vn 0.587563 0.598188 -0.544875
vn -0.163594 -0.050781 -0.985125
vn -0.208188 -0.884313 -0.417781
vn -0.780125 0.040031 -0.624313
vn 0.601094 -0.250375 0.758875
vn 0.777000 0.297344 0.554688
vn -0.109781 0.956031 0.271906
vn 0.008156 0.009969 0.999875
vn 0.122594 0.939531 0.319438
vn -0.354750 -0.748656 0.559969
vn 0.820844 -0.183375 -0.540781
vn 0.826688 -0.553156 -0.102156
vn -0.845125 0.527125 -0.088688
vn -0.355281 -0.884750 0.301406
vn -0.897000 0.361688 -0.253781
vn 0.802188 -0.174313 -0.570938
vn 0.928563 -0.335875 -0.157688
vn 0.295281 -0.898969 -0.323438
vn 0.049594 -0.889406 0.454406
vn -0.328156 -0.920656 0.211281
vn 0.051188 -0.968594 -0.243188
vn -0.192406 -0.981219 -0.011188
vn 0.443875 0.756938 -0.479531
vn -0.894188 -0.440844 -0.077375
vn -0.738469 -0.674000 -0.016188
vn -0.612938 -0.776250 0.146563
vn -0.970469 -0.170375 0.170406
vn -0.585500 -0.785125 0.201656
vn -0.760938 -0.115844 -0.638219
vn -0.084469 -0.173313 0.981219
vn -0.066500 -0.166313 0.983813
vn 0.454781 -0.235188 -0.858938
vn 0.177781 -0.734469 -0.654813
vn -0.251344 -0.416750 0.873469
vn -0.506500 -0.860094 -0.060594
vn -0.313688 -0.303094 0.899813
vn -0.059969 -0.347094 0.935844
vn -0.021094 -0.259813 -0.965375
vn 0.124875 0.043688 -0.991188
vn -0.016781 -0.034281 -0.999219
vn 0.237844 -0.589063 -0.772219
vn 0.908188 -0.405375 -0.103375
vn -0.399281 -0.823219 0.403313
vn -0.549906 0.816813 0.174063
vn 0.040844 0.986094 -0.160688
vn -0.114375 -0.993344 -0.012938
vn 0.260188 -0.734250 0.626938
vn 0.311844 0.297188 -0.902406
vn 0.072250 0.588500 -0.805219
vn 0.676531 -0.657969 -0.330563
vn 0.556094 -0.636063 0.534813
vn -0.930219 0.265656 0.253031
vn -0.997156 -0.040844 -0.061969
vn 0.091875 0.474594 0.875313
vn 0.419969 0.147813 0.895375
vn -0.099906 0.994750 0.021688
vn -0.050781 -0.518406 0.853594
vn -0.751281 0.096406 -0.652875
vn -0.180688 0.968406 -0.171656
vn 0.133781 0.990656 0.024000
vn 0.162813 0.979688 0.116750
vn 0.375250 -0.033188 0.926281
vn 0.674469 -0.246500 -0.695844
vn 0.786656 -0.472813 -0.396750
vn 0.783844 -0.620531 -0.019656
vn 0.061344 0.975656 0.210469
vn -0.187688 0.027750 0.981750
vn 0.520594 -0.332938 0.786188
vn 0.765406 0.164875 -0.621938
vn 0.824313 0.239500 -0.512781
vn 0.812250 0.170844 -0.557594
vn 0.934000 0.061094 -0.351938
vn -0.019375 -0.392625 0.919438
vn -0.860875 -0.504000 0.068969
vn 0.389531 -0.866938 0.310750
vn 0.422688 -0.517469 0.743906
vn -0.327469 0.373688 0.867719
vn -0.989031 -0.120344 0.084969
vn 0.006469 0.837875 -0.545781
vn -0.117875 0.971094 -0.207375
vn -0.805969 0.056063 0.589188
vn -0.994313 -0.041250 0.097844
vn -0.942563 -0.194469 0.271469
vn -0.457563 -0.861531 0.219563
vn -0.904188 -0.426250 0.025156
vn 0.307281 -0.947344 0.089719
vn 0.537750 -0.602188 0.589938
vn 0.371344 -0.620656 0.690500
vn -0.853500 0.130938 0.504313
vn 0.281875 -0.927281 -0.246094
vn -0.227969 0.793594 -0.563969
vn 0.249156 0.652750 -0.715375
vn -0.837875 -0.545313 -0.022688
vn -0.154781 0.152281 -0.976125
vn -0.062688 0.351875 -0.933906
vn -0.055813 -0.369875 -0.927375
vn -0.313469 0.147594 0.938000
vn -0.203688 0.243813 0.948125
vn -0.754750 -0.616406 0.224094
vn 0.737188 0.312156 -0.599156
vn 0.793594 0.256063 -0.551844
vn 0.129875 -0.186781 0.973719
vn 0.106188 -0.372000 0.922063
vn 0.341781 0.561688 0.753344
vn 0.759844 0.350469 -0.547406
vn -0.477844 -0.878344 -0.001344
vn -0.334031 -0.075094 0.939531
vn 0.239500 0.116438 0.963844
vn -0.377000 -0.469281 -0.798500
vn 0.243813 -0.279000 0.928781
vn -0.995625 -0.089625 0.025594
vn -0.322188 0.945406 -0.047281
vn 0.106281 0.851562 -0.513219
vn 0.632875 -0.227563 0.739969
vn 0.753250 -0.469719 0.460281
vn 0.137938 0.841875 -0.521688
vn 0.299469 0.768188 -0.565750
vn -0.292688 -0.732281 -0.614875
vn -0.290344 -0.562375 -0.774063
vn -0.371469 -0.787500 -0.491688
vn 0.539688 -0.760625 -0.360563
vn 0.763344 0.639531 -0.090344
vn -0.167906 0.983500 -0.066594
vn 0.036781 0.999313 -0.004375
vn 0.184188 0.982813 -0.010250
vn 0.025000 0.997375 0.066875
vn 0.033969 -0.493594 -0.868906
vn 0.048094 0.993469 0.102688
vn 0.419844 -0.885406 0.199188
vn -0.401250 0.561188 0.723844
vn 0.031500 0.825500 0.563469
vn 0.067594 0.888875 0.453000
vn -0.165500 -0.126000 0.978063
vn -0.285094 -0.447469 -0.847531
vn 0.091781 -0.743813 -0.662000
vn -0.281063 -0.538469 -0.794344
vn -0.564750 -0.080563 -0.821281
vn -0.938250 -0.345156 -0.021094
vn 0.108844 0.639281 -0.761156
vn -0.033813 0.567469 -0.822656
vn -0.162781 0.933875 -0.318281
vn -0.019219 0.910875 -0.412156
vn -0.028500 -0.994031 0.105031
vn -0.471344 -0.854594 0.217719
vn -0.074688 0.994656 -0.070281
vn -0.062281 0.993438 -0.095875
vn -0.065375 -0.994219 -0.084063
vn -0.084281 0.986094 0.143000
vn 0.146375 0.982938 0.110781
vn -0.659594 -0.048719 0.750000
vn -0.998344 -0.040438 0.040594
vn 0.142063 -0.076156 0.986844
vn -0.996281 -0.008875 -0.084875
vn -0.097219 -0.297938 -0.949531
vn -0.724281 -0.658406 0.204344
vn -0.422563 -0.896031 0.135688
vn 0.200594 -0.712438 -0.672375
vn -0.908938 -0.374656 -0.182500
vn 0.226125 -0.769156 -0.597656
vn 0.198500 0.425875 -0.882688
vn -0.662000 0.683688 0.307000
vn 0.016875 0.670125 -0.742031
vn -0.215250 0.971750 -0.096406
vn 0.125969 0.991969 0.010094
vn -0.262094 0.963188 -0.059656
vn -0.025438 0.999656 -0.003250
vn 0.263125 -0.657656 0.705719
vn -0.624781 0.119438 0.771563
vn -0.146094 0.117875 -0.982188
vn 0.800563 -0.493969 -0.339063
vn 0.146156 -0.916750 0.371688
vn 0.157688 -0.843188 0.513750
vn 0.618906 0.469375 -0.629656
vn 0.750844 -0.064656 -0.657188
vn -0.824969 0.447844 0.344656
vn 0.266688 -0.239500 -0.933469
vn 0.806844 -0.590594 0.012281
vn 0.963313 -0.256063 -0.079125
vn 0.741594 -0.074188 -0.666656
vn -0.113156 -0.843094 0.525688
vn -0.364688 0.929969 0.045781
vn 0.222031 0.218281 0.950250
vn 0.635406 0.771031 -0.040594
vn 0.027750 0.355500 0.934219
vn 0.813875 -0.563031 -0.143063
vn 0.217906 -0.417313 0.882156
vn -0.138094 -0.925219 -0.353281
vn -0.702781 0.237000 0.670656
vn 0.360438 0.780781 -0.510281
vn -0.891469 -0.355188 0.281188
vn 0.996625 -0.044344 0.068844
vn -0.790000 -0.576813 0.207625
vn -0.885375 -0.279781 0.371188
vn 0.037875 -0.885406 -0.463156
vn -0.005156 -0.991375 -0.130875
vn 0.047688 -0.021094 0.998563
vn -0.746375 -0.347469 0.567563
vn -0.314156 -0.745000 0.588313
vn 0.187688 0.918906 -0.346875
vn -0.872156 -0.457656 -0.172469
vn 0.822156 -0.455594 -0.341188
vn -0.997063 -0.037094 0.066094
vn -0.674125 -0.734563 0.076781
vn 0.984563 -0.079031 -0.155969
vn -0.992719 0.086844 0.082438
vn 0.356656 0.274281 0.893000
vn 0.042188 0.091781 0.994875
vn -0.088594 0.993250 0.074094
vn -0.060125 0.997500 -0.035250
vn 0.029063 0.625625 0.779500
vn -0.497875 -0.857938 0.126375
vn -0.302125 0.941594 -0.148219
vn -0.444156 -0.895500 -0.026594
vn 0.727094 -0.236813 -0.644313
vn 0.498625 -0.543500 -0.675219
vn 0.250969 -0.821906 -0.511281
vn 0.487781 -0.645469 -0.587656
vn -0.297688 0.938344 -0.175344
vn 0.134031 -0.581656 -0.802281
vn -0.935094 0.143688 0.323656
vn -0.380781 0.002188 0.924656
vn -0.020375 -0.999219 0.031594
vn -0.445344 0.325344 0.834063
vn -0.305969 0.259750 0.915875
vn 0.459188 -0.480781 0.746938
vn -0.315750 0.925219 -0.210094
vn -0.976000 -0.215406 -0.030781
vn 0.203469 -0.300375 -0.931844
vn 0.425781 0.894844 -0.133594
vn -0.367063 -0.519406 0.771563
vn -0.480781 -0.853594 0.200188
vn -0.934344 -0.351375 -0.059250
vn 0.061469 -0.155781 0.985844
vn 0.155000 0.979781 0.126188
vn -0.508438 -0.145531 -0.848625
vn -0.024594 -0.127438 0.991531
vn 0.291500 -0.701594 0.650156
vn 0.942688 -0.333375 -0.004875
vn -0.063375 -0.996406 0.054781
vn -0.009250 0.995313 0.095281
vn 0.057656 0.996281 0.063188
vn -0.099469 -0.906250 0.410781
vn 0.023563 -0.631719 0.774813
vn -0.006000 0.668688 0.743469
vn -0.901344 -0.402719 -0.158688
vn 0.588625 0.797625 -0.131156
vn 0.651250 -0.594156 0.471938
vn -0.847969 0.360563 -0.388375
vn -0.263656 -0.527875 0.807281
vn -0.356375 -0.767656 -0.532500
vn -0.990125 0.139156 0.011781
vn -0.904500 -0.374813 0.203281
vn -0.970469 0.146563 0.191375
vn -0.223250 0.242594 -0.944000
vn 0.203688 -0.978938 0.003500
vn -0.652750 0.676281 0.341250
vn -0.206594 -0.614688 -0.761156
vn 0.008875 0.998781 0.047375
vn -0.071438 -0.993375 -0.089719
vn -0.110875 -0.902219 -0.416594
vn 0.088688 -0.301844 0.949188
vn -0.691281 0.716469 0.093094
vn -0.931938 0.113469 0.344125
vn -0.135469 0.959719 -0.245656
vn 0.995875 0.053500 -0.072875
vn -0.018781 -0.922719 0.384969
vn 0.238063 -0.407000 0.881813
vn 0.410250 0.866281 -0.284875
vn -0.891469 0.451063 0.040594
vn -0.871844 -0.024594 -0.488969
vn -0.917375 0.322188 -0.233531
vn 0.525375 -0.379375 -0.761563
vn 0.245250 0.961969 0.119938
vn -0.021094 0.447094 -0.894188
vn 0.434875 0.246688 -0.865969
vn -0.251500 -0.351375 0.901781
vn -0.210094 -0.567031 0.796313
vn -0.351594 -0.931719 0.090031
vn 0.892875 -0.437656 0.105750
vn -0.154594 -0.979656 -0.127781
vn -0.012125 0.718500 -0.695406
vn -0.063375 0.772313 -0.632031
vn 0.167281 -0.920875 0.351938
vn -0.212969 -0.256875 0.942594
vn 0.457781 -0.734469 0.500844
vn -0.320094 -0.940844 0.110375
vn 0.615000 0.540469 -0.574094
vn -0.141219 -0.123531 0.982188
vn 0.722750 -0.684000 0.098250
vn -0.097125 -0.669906 -0.735969
vn -0.972531 0.232313 -0.007594
vn -0.020375 -0.999094 -0.036781
vn -0.741844 -0.286781 0.606000
vn 0.010469 -0.327469 0.944750
vn 0.628000 0.726875 0.277875
vn 0.947031 0.311938 -0.075344
# 2507 normals

vt 0.658015 0.646025 0.000000
vt 0.664218 0.657813 0.000000
vt 0.686216 0.637855 0.000000
vt 0.000000 1.000000 0.000000
vt 0.609033 0.524903 0.000000
vt 0.630350 0.519008 0.000000
vt 0.605269 0.500808 0.000000
vt 0.376491 0.968868 0.000000
vt 0.380457 0.998333 0.000000
vt 0.388299 0.980503 0.000000
vt 0.628653 0.563658 0.000000
vt 0.655900 0.563521 0.000000
vt 0.636726 0.552133 0.000000
vt 0.598021 0.590231 0.000000
vt 0.581689 0.603675 0.000000
vt 0.611257 0.604120 0.000000
vt 0.442469 0.325845 0.000000
vt 0.425402 0.337420 0.000000
vt 0.428637 0.353381 0.000000
vt 0.759719 0.298034 0.000000
vt 0.751277 0.297810 0.000000
vt 0.747693 0.303321 0.000000
vt 0.715468 0.809806 0.000000
vt 0.737567 0.806837 0.000000
vt 0.718135 0.781102 0.000000
vt 0.768201 0.279993 0.000000
vt 0.488430 0.988178 0.000000
vt 0.471383 0.988178 0.000000
vt 0.471383 0.998333 0.000000
vt 0.774800 0.847998 0.000000
vt 0.764321 0.870067 0.000000
vt 0.775579 0.872729 0.000000
vt 0.872655 0.778068 0.000000
vt 0.877233 0.756419 0.000000
vt 0.831396 0.742694 0.000000
vt 0.782952 0.888153 0.000000
vt 0.786167 0.875732 0.000000
vt 0.768201 0.293663 0.000000
vt 0.823623 0.954507 0.000000
vt 0.856168 0.936725 0.000000
vt 0.857783 0.927778 0.000000
vt 0.802232 0.972498 0.000000
vt 0.882587 0.783758 0.000000
vt 0.894358 0.777804 0.000000
vt 0.743468 0.905466 0.000000
vt 0.764962 0.888212 0.000000
vt 0.730460 0.877146 0.000000
vt 0.822609 0.891378 0.000000
vt 0.847142 0.878567 0.000000
vt 0.830746 0.866458 0.000000
vt 0.798648 0.408800 0.000000
vt 0.812561 0.422025 0.000000
vt 0.821875 0.408858 0.000000
vt 0.588997 0.889526 0.000000
vt 0.687102 0.921955 0.000000
vt 0.661514 0.876167 0.000000
vt 0.469504 0.167627 0.000000
vt 0.442341 0.191624 0.000000
vt 0.481538 0.201394 0.000000
vt 0.546660 0.659988 0.000000
vt 0.545931 0.627348 0.000000
vt 0.537444 0.668012 0.000000
vt 0.712919 0.241958 0.000000
vt 0.723139 0.254563 0.000000
vt 0.724556 0.231310 0.000000
vt 0.616778 0.791476 0.000000
vt 0.575928 0.762449 0.000000
vt 0.583011 0.796828 0.000000
vt 0.824654 0.378615 0.000000
vt 0.835109 0.346727 0.000000
vt 0.821482 0.341714 0.000000
vt 0.530680 0.473789 0.000000
vt 0.549495 0.492112 0.000000
vt 0.558460 0.482824 0.000000
vt 0.599135 0.841346 0.000000
vt 0.618288 0.824835 0.000000
vt 0.515597 0.617077 0.000000
vt 0.533306 0.616945 0.000000
vt 0.535378 0.591173 0.000000
vt 0.850541 0.340598 0.000000
vt 0.845084 0.335708 0.000000
vt 0.844351 0.340637 0.000000
vt 0.066067 0.975573 0.000000
vt 0.069773 0.940830 0.000000
vt 0.053081 0.964406 0.000000
vt 0.658234 0.949063 0.000000
vt 0.622265 0.947572 0.000000
vt 0.032696 0.939249 0.000000
vt 0.025918 0.942713 0.000000
vt 0.033961 0.966750 0.000000
vt 0.603277 0.214425 0.000000
vt 0.603277 0.194304 0.000000
vt 0.586916 0.208566 0.000000
vt 0.493972 0.444810 0.000000
vt 0.508027 0.440934 0.000000
vt 0.483198 0.435051 0.000000
vt 0.017267 0.909154 0.000000
vt 0.028745 0.908800 0.000000
vt 0.410768 0.749476 0.000000
vt 0.413224 0.717879 0.000000
vt 0.388141 0.752215 0.000000
vt 0.962601 0.882289 0.000000
vt 0.983043 0.862368 0.000000
vt 0.983043 0.851215 0.000000
vt 0.057622 0.909711 0.000000
vt 0.034496 0.889428 0.000000
vt 0.883280 0.444069 0.000000
vt 0.900246 0.447477 0.000000
vt 0.906012 0.423642 0.000000
vt 0.436230 0.684149 0.000000
vt 0.406879 0.682617 0.000000
vt 0.400668 0.693677 0.000000
vt 0.378274 0.706362 0.000000
vt 0.405898 0.718291 0.000000
vt 0.970714 0.435457 0.000000
vt 0.968723 0.414355 0.000000
vt 0.955988 0.425725 0.000000
vt 0.023770 0.890822 0.000000
vt 0.235353 0.203874 0.000000
vt 0.257149 0.211542 0.000000
vt 0.252478 0.186693 0.000000
vt 0.012467 0.888394 0.000000
vt 0.268124 0.206803 0.000000
vt 0.247171 0.230327 0.000000
vt 0.016865 0.880280 0.000000
vt 0.056758 0.874129 0.000000
vt 0.035361 0.858027 0.000000
vt 0.435086 0.590050 0.000000
vt 0.440811 0.605526 0.000000
vt 0.451239 0.569987 0.000000
vt 0.434773 0.613540 0.000000
vt 0.414231 0.616968 0.000000
vt 0.406167 0.633416 0.000000
vt 0.029550 0.863905 0.000000
vt 0.385159 0.302614 0.000000
vt 0.362890 0.327487 0.000000
vt 0.391814 0.310112 0.000000
vt 0.967808 0.399648 0.000000
vt 0.952430 0.406015 0.000000
vt 0.008640 0.874031 0.000000
vt 0.445230 0.088072 0.000000
vt 0.441172 0.078359 0.000000
vt 0.431443 0.078359 0.000000
vt 0.371172 0.659096 0.000000
vt 0.377361 0.687966 0.000000
vt 0.391746 0.670162 0.000000
vt 0.013764 0.870323 0.000000
vt 0.358522 0.185378 0.000000
vt 0.375343 0.196983 0.000000
vt 0.380967 0.173612 0.000000
vt 0.956437 0.389968 0.000000
vt 0.024068 0.862800 0.000000
vt 0.734250 0.755923 0.000000
vt 0.746396 0.751453 0.000000
vt 0.737904 0.736975 0.000000
vt 0.715915 0.748062 0.000000
vt 0.442607 0.560927 0.000000
vt 0.428097 0.556030 0.000000
vt 0.431068 0.572231 0.000000
vt 0.014283 0.860886 0.000000
vt 0.006639 0.866579 0.000000
vt 0.298423 0.774971 0.000000
vt 0.298061 0.762660 0.000000
vt 0.281607 0.774919 0.000000
vt 0.329467 0.729907 0.000000
vt 0.324569 0.727476 0.000000
vt 0.328896 0.743216 0.000000
vt 0.009673 0.847829 0.000000
vt 0.967157 0.392094 0.000000
vt 0.966128 0.376639 0.000000
vt 0.355656 0.685819 0.000000
vt 0.368923 0.667257 0.000000
vt 0.003913 0.851293 0.000000
vt 0.952858 0.372509 0.000000
vt 0.046944 0.841528 0.000000
vt 0.019327 0.840023 0.000000
vt 0.598010 0.964902 0.000000
vt 0.578242 0.979657 0.000000
vt 0.597308 0.972595 0.000000
vt 0.748242 0.762955 0.000000
vt 0.552387 0.135455 0.000000
vt 0.523026 0.130711 0.000000
vt 0.509179 0.135455 0.000000
vt 0.462540 0.477424 0.000000
vt 0.435547 0.488636 0.000000
vt 0.464669 0.493353 0.000000
vt 0.389041 0.647654 0.000000
vt 0.385525 0.632452 0.000000
vt 0.374402 0.645145 0.000000
vt 0.762876 0.879553 0.000000
vt 0.325857 0.626492 0.000000
vt 0.326260 0.631199 0.000000
vt 0.332277 0.622869 0.000000
vt 0.421962 0.538415 0.000000
vt 0.416416 0.552021 0.000000
vt 0.742302 0.655804 0.000000
vt 0.732795 0.639414 0.000000
vt 0.737174 0.673788 0.000000
vt 0.276775 0.371009 0.000000
vt 0.282828 0.374635 0.000000
vt 0.278209 0.359626 0.000000
vt 0.252115 0.536470 0.000000
vt 0.239663 0.537781 0.000000
vt 0.245716 0.540793 0.000000
vt 0.972998 0.263540 0.000000
vt 0.981719 0.253721 0.000000
vt 0.965239 0.211899 0.000000
vt 0.393993 0.530522 0.000000
vt 0.388034 0.520263 0.000000
vt 0.383171 0.526966 0.000000
vt 0.013229 0.839248 0.000000
vt 0.960497 0.359133 0.000000
vt 0.001667 0.833363 0.000000
vt 0.321844 0.694572 0.000000
vt 0.310469 0.723487 0.000000
vt 0.315264 0.730781 0.000000
vt 0.406725 0.879940 0.000000
vt 0.406439 0.900678 0.000000
vt 0.423309 0.896519 0.000000
vt 0.026677 0.823352 0.000000
vt 0.369520 0.649549 0.000000
vt 0.359109 0.641415 0.000000
vt 0.356407 0.650995 0.000000
vt 0.043728 0.823635 0.000000
vt 0.040916 0.827631 0.000000
vt 0.051098 0.823775 0.000000
vt 0.043145 0.822302 0.000000
vt 0.363542 0.638343 0.000000
vt 0.408842 0.536182 0.000000
vt 0.399974 0.553613 0.000000
vt 0.408215 0.556707 0.000000
vt 0.462538 0.103866 0.000000
vt 0.541107 0.103866 0.000000
vt 0.541107 0.025297 0.000000
vt 0.413470 0.488118 0.000000
vt 0.402968 0.481387 0.000000
vt 0.408743 0.497650 0.000000
vt 0.658192 0.308818 0.000000
vt 0.679586 0.324123 0.000000
vt 0.675095 0.314175 0.000000
vt 0.330655 0.655317 0.000000
vt 0.329499 0.658511 0.000000
vt 0.335447 0.649411 0.000000
vt 0.327001 0.652045 0.000000
vt 0.177133 0.753711 0.000000
vt 0.166278 0.761280 0.000000
vt 0.183046 0.769279 0.000000
vt 0.329215 0.646505 0.000000
vt 0.343337 0.631011 0.000000
vt 0.243947 0.723110 0.000000
vt 0.260622 0.711444 0.000000
vt 0.229112 0.714524 0.000000
vt 0.319774 0.642297 0.000000
vt 0.323971 0.661532 0.000000
vt 0.333233 0.639333 0.000000
vt 0.326444 0.645035 0.000000
vt 0.259168 0.693738 0.000000
vt 0.266153 0.697820 0.000000
vt 0.272746 0.674557 0.000000
vt 0.368337 0.528496 0.000000
vt 0.376734 0.538322 0.000000
vt 0.291295 0.626051 0.000000
vt 0.311946 0.609643 0.000000
vt 0.327135 0.575165 0.000000
vt 0.330048 0.588830 0.000000
vt 0.337552 0.576287 0.000000
vt 0.256865 0.646087 0.000000
vt 0.264062 0.656620 0.000000
vt 0.280411 0.651880 0.000000
vt 0.346745 0.538277 0.000000
vt 0.331943 0.537759 0.000000
vt 0.338461 0.544148 0.000000
vt 0.219724 0.384660 0.000000
vt 0.219092 0.378389 0.000000
vt 0.214562 0.391306 0.000000
vt 0.309203 0.550169 0.000000
vt 0.311202 0.567985 0.000000
vt 0.320557 0.555295 0.000000
vt 0.338198 0.499439 0.000000
vt 0.335675 0.490772 0.000000
vt 0.328444 0.483830 0.000000
vt 0.088061 0.633345 0.000000
vt 0.099356 0.619940 0.000000
vt 0.092401 0.599241 0.000000
vt 0.217266 0.565577 0.000000
vt 0.206627 0.569758 0.000000
vt 0.213640 0.581730 0.000000
vt 0.233432 0.600309 0.000000
vt 0.231087 0.589873 0.000000
vt 0.226463 0.607020 0.000000
vt 0.121238 0.615278 0.000000
vt 0.104514 0.612301 0.000000
vt 0.119640 0.628308 0.000000
vt 0.293090 0.593239 0.000000
vt 0.300724 0.585520 0.000000
vt 0.293614 0.584415 0.000000
vt 0.092227 0.407447 0.000000
vt 0.110659 0.439294 0.000000
vt 0.121142 0.411436 0.000000
vt 0.271330 0.562451 0.000000
vt 0.268974 0.556314 0.000000
vt 0.256380 0.562868 0.000000
vt 0.305565 0.565642 0.000000
vt 0.300515 0.554516 0.000000
vt 0.247674 0.562167 0.000000
vt 0.277036 0.603505 0.000000
vt 0.282256 0.586365 0.000000
vt 0.277576 0.585001 0.000000
vt 0.265947 0.538758 0.000000
vt 0.203225 0.542076 0.000000
vt 0.211474 0.532757 0.000000
vt 0.206713 0.525124 0.000000
vt 0.319370 0.528362 0.000000
vt 0.313098 0.529659 0.000000
vt 0.313012 0.532344 0.000000
vt 0.285835 0.432523 0.000000
vt 0.255876 0.423032 0.000000
vt 0.244999 0.436704 0.000000
vt 0.144507 0.478276 0.000000
vt 0.147374 0.462414 0.000000
vt 0.137074 0.455083 0.000000
vt 0.302855 0.535986 0.000000
vt 0.299860 0.534379 0.000000
vt 0.293301 0.537239 0.000000
vt 0.300182 0.530456 0.000000
vt 0.264481 0.525098 0.000000
vt 0.286803 0.535763 0.000000
vt 0.286463 0.521713 0.000000
vt 0.187337 0.510981 0.000000
vt 0.201495 0.500993 0.000000
vt 0.190482 0.500493 0.000000
vt 0.798156 0.837212 0.000000
vt 0.804444 0.826494 0.000000
vt 0.795977 0.817780 0.000000
vt 0.389459 0.177782 0.000000
vt 0.389904 0.161836 0.000000
vt 0.852354 0.306690 0.000000
vt 0.867601 0.311065 0.000000
vt 0.863774 0.303015 0.000000
vt 0.295336 0.399280 0.000000
vt 0.304752 0.406989 0.000000
vt 0.306120 0.399647 0.000000
vt 0.017864 0.724105 0.000000
vt 0.013552 0.706166 0.000000
vt 0.010448 0.713044 0.000000
vt 0.199121 0.490741 0.000000
vt 0.190631 0.491874 0.000000
vt 0.194588 0.459381 0.000000
vt 0.204154 0.445979 0.000000
vt 0.196345 0.442648 0.000000
vt 0.239530 0.472638 0.000000
vt 0.243203 0.481982 0.000000
vt 0.243351 0.469893 0.000000
vt 0.241511 0.466003 0.000000
vt 0.234817 0.464977 0.000000
vt 0.807509 0.382554 0.000000
vt 0.945084 0.226472 0.000000
vt 0.954354 0.215951 0.000000
vt 0.937395 0.214340 0.000000
vt 0.745300 0.133052 0.000000
vt 0.736556 0.172142 0.000000
vt 0.752462 0.189766 0.000000
vt 0.671341 0.067382 0.000000
vt 0.623076 0.073680 0.000000
vt 0.629537 0.086245 0.000000
vt 0.621654 0.098271 0.000000
vt 0.605219 0.099159 0.000000
vt 0.194281 0.528129 0.000000
vt 0.202621 0.518971 0.000000
vt 0.158684 0.263201 0.000000
vt 0.179852 0.284940 0.000000
vt 0.186288 0.267936 0.000000
vt 0.953624 0.115802 0.000000
vt 0.916702 0.138296 0.000000
vt 0.925047 0.148672 0.000000
vt 0.063079 0.650800 0.000000
vt 0.065750 0.638618 0.000000
vt 0.053735 0.641033 0.000000
vt 0.900385 0.322572 0.000000
vt 0.875577 0.328972 0.000000
vt 0.267527 0.475857 0.000000
vt 0.274215 0.465879 0.000000
vt 0.259597 0.468290 0.000000
vt 0.288769 0.452107 0.000000
vt 0.290606 0.461530 0.000000
vt 0.295904 0.471989 0.000000
vt 0.029155 0.683352 0.000000
vt 0.031976 0.700431 0.000000
vt 0.065447 0.684467 0.000000
vt 0.912251 0.330183 0.000000
vt 0.919405 0.325988 0.000000
vt 0.429084 0.390347 0.000000
vt 0.446768 0.370827 0.000000
vt 0.417018 0.379741 0.000000
vt 0.321933 0.483906 0.000000
vt 0.327944 0.472463 0.000000
vt 0.322413 0.472980 0.000000
vt 0.102249 0.566598 0.000000
vt 0.099712 0.532086 0.000000
vt 0.078948 0.529306 0.000000
vt 0.047066 0.701902 0.000000
vt 0.060362 0.709251 0.000000
vt 0.715467 0.753015 0.000000
vt 0.728701 0.763512 0.000000
vt 0.885018 0.665709 0.000000
vt 0.927556 0.660200 0.000000
vt 0.857460 0.628006 0.000000
vt 0.080188 0.496425 0.000000
vt 0.073863 0.459206 0.000000
vt 0.054593 0.483918 0.000000
vt 0.187610 0.368053 0.000000
vt 0.152801 0.364988 0.000000
vt 0.172570 0.385887 0.000000
vt 0.124609 0.392244 0.000000
vt 0.101575 0.360404 0.000000
vt 0.087864 0.398355 0.000000
vt 0.781949 0.622166 0.000000
vt 0.776653 0.595240 0.000000
vt 0.764735 0.587961 0.000000
vt 0.681336 0.561283 0.000000
vt 0.693001 0.587609 0.000000
vt 0.706607 0.555208 0.000000
vt 0.920725 0.498514 0.000000
vt 0.932766 0.490211 0.000000
vt 0.915028 0.490211 0.000000
vt 0.153499 0.399954 0.000000
vt 0.156987 0.383273 0.000000
vt 0.146889 0.377902 0.000000
vt 0.246155 0.092435 0.000000
vt 0.205268 0.146249 0.000000
vt 0.241768 0.130032 0.000000
vt 0.494808 0.164302 0.000000
vt 0.468752 0.136810 0.000000
vt 0.457956 0.155374 0.000000
vt 0.955797 0.131912 0.000000
vt 0.224531 0.644509 0.000000
vt 0.239778 0.627345 0.000000
vt 0.219415 0.634047 0.000000
vt 0.123625 0.672313 0.000000
vt 0.143242 0.660099 0.000000
vt 0.134167 0.652958 0.000000
vt 0.138267 0.569662 0.000000
vt 0.142588 0.554223 0.000000
vt 0.130900 0.556229 0.000000
vt 0.145083 0.508656 0.000000
vt 0.132976 0.513712 0.000000
vt 0.143388 0.526296 0.000000
vt 0.532277 0.248766 0.000000
vt 0.573495 0.271633 0.000000
vt 0.542012 0.235435 0.000000
vt 0.081061 0.052759 0.000000
vt 0.027395 0.011560 0.000000
vt 0.032503 0.055830 0.000000
vt 0.926851 0.212187 0.000000
vt 0.942389 0.203001 0.000000
vt 0.916138 0.200481 0.000000
vt 0.942228 0.829313 0.000000
vt 0.984666 0.829923 0.000000
vt 0.945602 0.780816 0.000000
vt 0.140783 0.058113 0.000000
vt 0.133992 0.083378 0.000000
vt 0.157572 0.067021 0.000000
vt 0.956213 0.240814 0.000000
vt 0.421906 0.255195 0.000000
vt 0.390136 0.244296 0.000000
vt 0.388900 0.262682 0.000000
vt 0.639867 0.769850 0.000000
vt 0.662782 0.801083 0.000000
vt 0.686059 0.757753 0.000000
vt 0.651347 0.685465 0.000000
vt 0.649650 0.643659 0.000000
vt 0.158215 0.584687 0.000000
vt 0.161014 0.566648 0.000000
vt 0.415426 0.427905 0.000000
vt 0.427415 0.441951 0.000000
vt 0.440307 0.420409 0.000000
vt 0.508609 0.431114 0.000000
vt 0.178983 0.861533 0.000000
vt 0.154355 0.821159 0.000000
vt 0.139234 0.834583 0.000000
vt 0.100483 0.723803 0.000000
vt 0.134818 0.722249 0.000000
vt 0.130134 0.700271 0.000000
vt 0.371361 0.430613 0.000000
vt 0.354145 0.434473 0.000000
vt 0.368322 0.446020 0.000000
vt 0.314378 0.376164 0.000000
vt 0.301450 0.382684 0.000000
vt 0.431026 0.647449 0.000000
vt 0.728058 0.191810 0.000000
vt 0.716429 0.168061 0.000000
vt 0.706834 0.179427 0.000000
vt 0.673761 0.169997 0.000000
vt 0.666793 0.154468 0.000000
vt 0.634857 0.152173 0.000000
vt 0.349372 0.369812 0.000000
vt 0.356470 0.376574 0.000000
vt 0.369789 0.382622 0.000000
vt 0.393705 0.339272 0.000000
vt 0.374356 0.347047 0.000000
vt 0.389306 0.355340 0.000000
vt 0.412538 0.588303 0.000000
vt 0.169221 0.401047 0.000000
vt 0.160714 0.405468 0.000000
vt 0.163466 0.414887 0.000000
vt 0.126287 0.425974 0.000000
vt 0.127434 0.446602 0.000000
vt 0.138608 0.417904 0.000000
vt 0.406624 0.472066 0.000000
vt 0.394398 0.465311 0.000000
vt 0.389027 0.467259 0.000000
vt 0.675563 0.807001 0.000000
vt 0.705574 0.815342 0.000000
vt 0.737867 0.873422 0.000000
vt 0.326117 0.149914 0.000000
vt 0.313367 0.157379 0.000000
vt 0.302141 0.178386 0.000000
vt 0.369820 0.097051 0.000000
vt 0.336435 0.119292 0.000000
vt 0.335910 0.138858 0.000000
vt 0.212358 0.604121 0.000000
vt 0.194156 0.591871 0.000000
vt 0.184054 0.626154 0.000000
vt 0.215455 0.593903 0.000000
vt 0.227992 0.579470 0.000000
vt 0.763101 0.693722 0.000000
vt 0.791980 0.702058 0.000000
vt 0.776272 0.680332 0.000000
vt 0.871876 0.294326 0.000000
vt 0.859491 0.288902 0.000000
vt 0.832428 0.305410 0.000000
vt 0.852958 0.300703 0.000000
vt 0.841619 0.287764 0.000000
vt 0.014110 0.678442 0.000000
vt 0.001667 0.693915 0.000000
vt 0.017685 0.700715 0.000000
vt 0.960002 0.533175 0.000000
vt 0.907820 0.516977 0.000000
vt 0.932183 0.549647 0.000000
vt 0.567823 0.504648 0.000000
vt 0.577790 0.511833 0.000000
vt 0.582048 0.503124 0.000000
vt 0.215914 0.430950 0.000000
vt 0.192532 0.417868 0.000000
vt 0.195340 0.429368 0.000000
vt 0.190235 0.406037 0.000000
vt 0.173531 0.411667 0.000000
vt 0.301525 0.593297 0.000000
vt 0.307804 0.586785 0.000000
vt 0.321794 0.607600 0.000000
vt 0.271330 0.415956 0.000000
vt 0.650716 0.598552 0.000000
vt 0.638339 0.621224 0.000000
vt 0.648651 0.619515 0.000000
vt 0.284574 0.623789 0.000000
vt 0.288616 0.609962 0.000000
vt 0.282230 0.616797 0.000000
vt 0.474206 0.463608 0.000000
vt 0.450416 0.474948 0.000000
vt 0.501940 0.496478 0.000000
vt 0.515095 0.495687 0.000000
vt 0.279519 0.973312 0.000000
vt 0.268368 0.993807 0.000000
vt 0.288983 0.976050 0.000000
vt 0.652095 0.315910 0.000000
vt 0.646710 0.341253 0.000000
vt 0.335269 0.416345 0.000000
vt 0.314021 0.416310 0.000000
vt 0.325117 0.431259 0.000000
vt 0.794755 0.434652 0.000000
vt 0.484135 0.751717 0.000000
vt 0.479599 0.787717 0.000000
vt 0.491690 0.787717 0.000000
vt 0.342342 0.429242 0.000000
vt 0.344439 0.448506 0.000000
vt 0.339588 0.459896 0.000000
vt 0.356344 0.461974 0.000000
vt 0.105097 0.523446 0.000000
vt 0.113290 0.491762 0.000000
vt 0.073589 0.508025 0.000000
vt 0.075350 0.522028 0.000000
vt 0.311682 0.474271 0.000000
vt 0.317021 0.470317 0.000000
vt 0.309094 0.462344 0.000000
vt 0.337588 0.435399 0.000000
vt 0.325755 0.442296 0.000000
vt 0.300534 0.796953 0.000000
vt 0.277551 0.796991 0.000000
vt 0.291257 0.816517 0.000000
vt 0.224743 0.736113 0.000000
vt 0.177502 0.054575 0.000000
vt 0.210334 0.263011 0.000000
vt 0.239929 0.252240 0.000000
vt 0.213478 0.247999 0.000000
vt 0.238535 0.372054 0.000000
vt 0.221023 0.361161 0.000000
vt 0.226117 0.383253 0.000000
vt 0.373947 0.808895 0.000000
vt 0.393843 0.796643 0.000000
vt 0.370852 0.790469 0.000000
vt 0.339244 0.829489 0.000000
vt 0.364113 0.825555 0.000000
vt 0.332181 0.806220 0.000000
vt 0.401348 0.998333 0.000000
vt 0.423195 0.974019 0.000000
vt 0.400349 0.989594 0.000000
vt 0.099561 0.698314 0.000000
vt 0.105389 0.688539 0.000000
vt 0.419217 0.608332 0.000000
vt 0.404999 0.600210 0.000000
vt 0.364213 0.536937 0.000000
vt 0.371982 0.542394 0.000000
vt 0.824401 0.754362 0.000000
vt 0.816952 0.743115 0.000000
vt 0.827020 0.704926 0.000000
vt 0.786601 0.671929 0.000000
vt 0.179600 0.249700 0.000000
vt 0.155168 0.225266 0.000000
vt 0.285423 0.993558 0.000000
vt 0.310321 0.976754 0.000000
vt 0.394353 0.462203 0.000000
vt 0.445937 0.458294 0.000000
vt 0.461972 0.453135 0.000000
vt 0.014326 0.234117 0.000000
vt 0.090134 0.204672 0.000000
vt 0.080209 0.190597 0.000000
vt 0.108854 0.181021 0.000000
vt 0.097827 0.200785 0.000000
vt 0.311300 0.650474 0.000000
vt 0.308732 0.658335 0.000000
vt 0.291346 0.705384 0.000000
vt 0.324943 0.489330 0.000000
vt 0.336209 0.513830 0.000000
vt 0.353183 0.531172 0.000000
vt 0.350848 0.555164 0.000000
vt 0.357135 0.518177 0.000000
vt 0.606065 0.566852 0.000000
vt 0.596567 0.581747 0.000000
vt 0.613521 0.580430 0.000000
vt 0.734883 0.259719 0.000000
vt 0.722191 0.267706 0.000000
vt 0.741931 0.267996 0.000000
vt 0.195106 0.646871 0.000000
vt 0.211113 0.645608 0.000000
vt 0.197640 0.640392 0.000000
vt 0.740866 0.628428 0.000000
vt 0.750521 0.598382 0.000000
vt 0.695380 0.623597 0.000000
vt 0.714823 0.615792 0.000000
vt 0.071783 0.904153 0.000000
vt 0.068997 0.892989 0.000000
vt 0.085820 0.939177 0.000000
vt 0.079047 0.915506 0.000000
vt 0.245057 0.550922 0.000000
vt 0.340617 0.594143 0.000000
vt 0.349803 0.583061 0.000000
vt 0.358731 0.536806 0.000000
vt 0.355444 0.553803 0.000000
vt 0.381276 0.252351 0.000000
vt 0.353919 0.253112 0.000000
vt 0.360748 0.282439 0.000000
vt 0.662484 0.304228 0.000000
vt 0.654626 0.297502 0.000000
vt 0.017506 0.124318 0.000000
vt 0.024719 0.126648 0.000000
vt 0.017675 0.096773 0.000000
vt 0.361310 0.581307 0.000000
vt 0.363320 0.557770 0.000000
vt 0.350205 0.571471 0.000000
vt 0.371016 0.586910 0.000000
vt 0.376355 0.574265 0.000000
vt 0.372556 0.568629 0.000000
vt 0.266735 0.517453 0.000000
vt 0.258571 0.514031 0.000000
vt 0.250435 0.495432 0.000000
vt 0.239549 0.483202 0.000000
vt 0.239547 0.495442 0.000000
vt 0.312411 0.791694 0.000000
vt 0.313301 0.818879 0.000000
vt 0.331960 0.770946 0.000000
vt 0.336997 0.780341 0.000000
vt 0.347356 0.761587 0.000000
vt 0.831894 0.273343 0.000000
vt 0.882117 0.252978 0.000000
vt 0.879131 0.258533 0.000000
vt 0.901962 0.265713 0.000000
vt 0.227471 0.676853 0.000000
vt 0.252188 0.670174 0.000000
vt 0.243232 0.657756 0.000000
vt 0.043367 0.520395 0.000000
vt 0.029453 0.521152 0.000000
vt 0.029453 0.534957 0.000000
vt 0.230045 0.499371 0.000000
vt 0.230988 0.482540 0.000000
vt 0.231480 0.540408 0.000000
vt 0.237467 0.521838 0.000000
vt 0.231368 0.516510 0.000000
vt 0.488150 0.509690 0.000000
vt 0.488205 0.502722 0.000000
vt 0.250119 0.486191 0.000000
vt 0.445295 0.615033 0.000000
vt 0.456241 0.620627 0.000000
vt 0.457142 0.609046 0.000000
vt 0.831382 0.251108 0.000000
vt 0.867127 0.231577 0.000000
vt 0.839251 0.230289 0.000000
vt 0.822481 0.215603 0.000000
vt 0.850160 0.216422 0.000000
vt 0.843194 0.189296 0.000000
vt 0.223303 0.349131 0.000000
vt 0.290474 0.267373 0.000000
vt 0.276105 0.296014 0.000000
vt 0.302609 0.303639 0.000000
vt 0.190196 0.532327 0.000000
vt 0.168208 0.518455 0.000000
vt 0.174061 0.529177 0.000000
vt 0.169552 0.577286 0.000000
vt 0.184979 0.564340 0.000000
vt 0.377769 0.472294 0.000000
vt 0.374037 0.483413 0.000000
vt 0.385115 0.483683 0.000000
vt 0.365857 0.512961 0.000000
vt 0.386058 0.515604 0.000000
vt 0.371985 0.505523 0.000000
vt 0.169279 0.788654 0.000000
vt 0.131911 0.779347 0.000000
vt 0.175822 0.828841 0.000000
vt 0.197361 0.823536 0.000000
vt 0.187381 0.812852 0.000000
vt 0.257473 0.579472 0.000000
vt 0.274076 0.574738 0.000000
vt 0.255713 0.574343 0.000000
vt 0.905109 0.735082 0.000000
vt 0.917729 0.696955 0.000000
vt 0.877695 0.730442 0.000000
vt 0.299848 0.121630 0.000000
vt 0.295987 0.036727 0.000000
vt 0.287904 0.093230 0.000000
vt 0.074356 0.125614 0.000000
vt 0.078575 0.096891 0.000000
vt 0.035452 0.098558 0.000000
vt 0.135545 0.293922 0.000000
vt 0.133218 0.327008 0.000000
vt 0.149176 0.318600 0.000000
vt 0.176735 0.496554 0.000000
vt 0.156178 0.521584 0.000000
vt 0.286462 0.497620 0.000000
vt 0.281240 0.502540 0.000000
vt 0.296550 0.500629 0.000000
vt 0.318249 0.507004 0.000000
vt 0.317748 0.492485 0.000000
vt 0.310347 0.494510 0.000000
vt 0.923031 0.276109 0.000000
vt 0.937415 0.278506 0.000000
vt 0.919837 0.255241 0.000000
vt 0.928827 0.322904 0.000000
vt 0.940569 0.295275 0.000000
vt 0.386818 0.580276 0.000000
vt 0.383542 0.584838 0.000000
vt 0.393353 0.581404 0.000000
vt 0.274833 0.389837 0.000000
vt 0.266413 0.374447 0.000000
vt 0.264609 0.384846 0.000000
vt 0.246718 0.346659 0.000000
vt 0.297336 0.489378 0.000000
vt 0.303736 0.497335 0.000000
vt 0.304147 0.479430 0.000000
vt 0.185563 0.200193 0.000000
vt 0.160765 0.176378 0.000000
vt 0.144962 0.178889 0.000000
vt 0.065270 0.337854 0.000000
vt 0.052653 0.346153 0.000000
vt 0.060897 0.359325 0.000000
vt 0.400412 0.457018 0.000000
vt 0.380078 0.443319 0.000000
vt 0.381702 0.459567 0.000000
vt 0.413917 0.410825 0.000000
vt 0.396655 0.411907 0.000000
vt 0.405191 0.419783 0.000000
vt 0.308153 0.638131 0.000000
vt 0.295983 0.659148 0.000000
vt 0.303257 0.650325 0.000000
vt 0.283542 0.637956 0.000000
vt 0.180423 0.453849 0.000000
vt 0.176942 0.461529 0.000000
vt 0.301622 0.638661 0.000000
vt 0.296133 0.641445 0.000000
vt 0.275317 0.632350 0.000000
vt 0.282868 0.627596 0.000000
vt 0.407904 0.199944 0.000000
vt 0.390390 0.224468 0.000000
vt 0.409981 0.242375 0.000000
vt 0.426186 0.195446 0.000000
vt 0.621053 0.723696 0.000000
vt 0.641628 0.728349 0.000000
vt 0.633647 0.707835 0.000000
vt 0.616797 0.656142 0.000000
vt 0.605647 0.690850 0.000000
vt 0.224690 0.499970 0.000000
vt 0.227215 0.481751 0.000000
vt 0.216439 0.482783 0.000000
vt 0.231575 0.478251 0.000000
vt 0.226497 0.468270 0.000000
vt 0.219004 0.478926 0.000000
vt 0.600479 0.704923 0.000000
vt 0.576567 0.743275 0.000000
vt 0.545584 0.766977 0.000000
vt 0.555907 0.781946 0.000000
vt 0.869262 0.863901 0.000000
vt 0.901103 0.840993 0.000000
vt 0.883556 0.844399 0.000000
vt 0.825645 0.254973 0.000000
vt 0.809458 0.253771 0.000000
vt 0.891163 0.453384 0.000000
vt 0.343824 0.882912 0.000000
vt 0.407277 0.913027 0.000000
vt 0.453817 0.928056 0.000000
vt 0.443346 0.902431 0.000000
vt 0.442559 0.212181 0.000000
vt 0.459714 0.220726 0.000000
vt 0.022536 0.029330 0.000000
vt 0.196188 0.479255 0.000000
vt 0.201595 0.463854 0.000000
vt 0.186998 0.468576 0.000000
vt 0.903799 0.173939 0.000000
vt 0.895194 0.153857 0.000000
vt 0.881886 0.166191 0.000000
vt 0.168120 0.337523 0.000000
vt 0.170510 0.306177 0.000000
vt 0.156116 0.319739 0.000000
vt 0.037981 0.497495 0.000000
vt 0.041062 0.789282 0.000000
vt 0.062491 0.797131 0.000000
vt 0.065447 0.774431 0.000000
vt 0.192861 0.315336 0.000000
vt 0.170865 0.346769 0.000000
vt 0.178950 0.351230 0.000000
vt 0.158105 0.351352 0.000000
vt 0.766328 0.120258 0.000000
vt 0.737156 0.117662 0.000000
vt 0.815002 0.195177 0.000000
vt 0.832175 0.186353 0.000000
vt 0.393323 0.559668 0.000000
vt 0.386696 0.560030 0.000000
vt 0.640542 0.809860 0.000000
vt 0.694409 0.824732 0.000000
vt 0.682562 0.837287 0.000000
vt 0.823601 0.383538 0.000000
vt 0.838268 0.393340 0.000000
vt 0.837451 0.384024 0.000000
vt 0.171486 0.692689 0.000000
vt 0.167390 0.675548 0.000000
vt 0.157130 0.683185 0.000000
vt 0.158130 0.701601 0.000000
vt 0.142066 0.693350 0.000000
vt 0.144543 0.708972 0.000000
vt 0.400418 0.763651 0.000000
vt 0.404489 0.788759 0.000000
vt 0.530370 0.784297 0.000000
vt 0.515072 0.836844 0.000000
vt 0.551166 0.795824 0.000000
vt 0.780871 0.832733 0.000000
vt 0.844451 0.825856 0.000000
vt 0.871797 0.838411 0.000000
vt 0.873595 0.802869 0.000000
vt 0.177303 0.709725 0.000000
vt 0.182643 0.684875 0.000000
vt 0.159931 0.709049 0.000000
vt 0.159556 0.718833 0.000000
vt 0.172650 0.714329 0.000000
vt 0.765550 0.802742 0.000000
vt 0.743452 0.819093 0.000000
vt 0.776003 0.808670 0.000000
vt 0.465846 0.386877 0.000000
vt 0.436989 0.398970 0.000000
vt 0.474514 0.410946 0.000000
vt 0.443891 0.427598 0.000000
vt 0.454505 0.443761 0.000000
vt 0.293434 0.556516 0.000000
vt 0.287211 0.562524 0.000000
vt 0.289671 0.565763 0.000000
vt 0.284275 0.576383 0.000000
vt 0.697545 0.107179 0.000000
vt 0.714292 0.115593 0.000000
vt 0.712023 0.082784 0.000000
vt 0.691926 0.165713 0.000000
vt 0.396049 0.365829 0.000000
vt 0.251986 0.581596 0.000000
vt 0.252528 0.605745 0.000000
vt 0.258150 0.597610 0.000000
vt 0.251591 0.599144 0.000000
vt 0.343621 0.564370 0.000000
vt 0.684047 0.677676 0.000000
vt 0.711607 0.673551 0.000000
vt 0.708073 0.657154 0.000000
vt 0.712930 0.648360 0.000000
vt 0.720099 0.671002 0.000000
vt 0.923517 0.227721 0.000000
vt 0.902916 0.229967 0.000000
vt 0.905816 0.212639 0.000000
vt 0.884857 0.225563 0.000000
vt 0.230125 0.723854 0.000000
vt 0.240959 0.733707 0.000000
vt 0.220296 0.788741 0.000000
vt 0.233959 0.777115 0.000000
vt 0.215015 0.764961 0.000000
vt 0.805409 0.117041 0.000000
vt 0.786135 0.131869 0.000000
vt 0.835991 0.131869 0.000000
vt 0.204901 0.030749 0.000000
vt 0.207863 0.050489 0.000000
vt 0.224334 0.030505 0.000000
vt 0.008185 0.970480 0.000000
vt 0.029267 0.980215 0.000000
vt 0.020688 0.960535 0.000000
vt 0.493613 0.621338 0.000000
vt 0.509576 0.596306 0.000000
vt 0.500650 0.605279 0.000000
vt 0.443453 0.667939 0.000000
vt 0.479375 0.653649 0.000000
vt 0.483276 0.637903 0.000000
vt 0.438720 0.695918 0.000000
vt 0.457441 0.696360 0.000000
vt 0.444568 0.685524 0.000000
vt 0.196801 0.694538 0.000000
vt 0.227267 0.659007 0.000000
vt 0.221649 0.667876 0.000000
vt 0.526618 0.499072 0.000000
vt 0.519926 0.496571 0.000000
vt 0.013913 0.291231 0.000000
vt 0.019104 0.275569 0.000000
vt 0.012180 0.272112 0.000000
vt 0.062874 0.572244 0.000000
vt 0.020265 0.785927 0.000000
vt 0.016692 0.763055 0.000000
vt 0.001667 0.767211 0.000000
vt 0.133834 0.383276 0.000000
vt 0.126043 0.357494 0.000000
vt 0.158248 0.339478 0.000000
vt 0.140072 0.343446 0.000000
vt 0.133174 0.357999 0.000000
vt 0.263858 0.343733 0.000000
vt 0.252152 0.360448 0.000000
vt 0.265386 0.355876 0.000000
vt 0.385005 0.903715 0.000000
vt 0.369254 0.909627 0.000000
vt 0.388299 0.912727 0.000000
vt 0.274386 0.318000 0.000000
vt 0.287982 0.317787 0.000000
vt 0.295306 0.344573 0.000000
vt 0.281356 0.341086 0.000000
vt 0.288503 0.354649 0.000000
vt 0.449348 0.952599 0.000000
vt 0.460806 0.936399 0.000000
vt 0.445095 0.942153 0.000000
vt 0.921517 0.564484 0.000000
vt 0.906630 0.539167 0.000000
vt 0.897861 0.549560 0.000000
vt 0.333505 0.663665 0.000000
vt 0.307412 0.672171 0.000000
vt 0.336018 0.682202 0.000000
vt 0.281297 0.692199 0.000000
vt 0.303336 0.506368 0.000000
vt 0.418169 0.455727 0.000000
vt 0.407509 0.447083 0.000000
vt 0.386039 0.317748 0.000000
vt 0.391754 0.321704 0.000000
vt 0.402048 0.303268 0.000000
vt 0.428225 0.316975 0.000000
vt 0.326485 0.346283 0.000000
vt 0.330812 0.360674 0.000000
vt 0.345701 0.344308 0.000000
vt 0.353080 0.346104 0.000000
vt 0.236171 0.818098 0.000000
vt 0.269657 0.807454 0.000000
vt 0.260012 0.803031 0.000000
vt 0.037816 0.678442 0.000000
vt 0.065447 0.678442 0.000000
vt 0.923104 0.889359 0.000000
vt 0.931001 0.898010 0.000000
vt 0.922093 0.882413 0.000000
vt 0.740866 0.107113 0.000000
vt 0.723836 0.090374 0.000000
vt 0.729451 0.113901 0.000000
vt 0.869303 0.192477 0.000000
vt 0.868325 0.607598 0.000000
vt 0.922724 0.647279 0.000000
vt 0.920945 0.621895 0.000000
vt 0.368786 0.057872 0.000000
vt 0.388798 0.104572 0.000000
vt 0.757191 0.931564 0.000000
vt 0.765014 0.969749 0.000000
vt 0.810341 0.931797 0.000000
vt 0.228221 0.417804 0.000000
vt 0.231452 0.434799 0.000000
vt 0.719165 0.686517 0.000000
vt 0.700759 0.727958 0.000000
vt 0.675356 0.676892 0.000000
vt 0.655885 0.706131 0.000000
vt 0.675547 0.704635 0.000000
vt 0.096190 0.465983 0.000000
vt 0.109991 0.471946 0.000000
vt 0.284009 0.841170 0.000000
vt 0.244663 0.844746 0.000000
vt 0.276809 0.850318 0.000000
vt 0.321419 0.829262 0.000000
vt 0.940461 0.634368 0.000000
vt 0.844347 0.117041 0.000000
vt 0.091865 0.295416 0.000000
vt 0.122397 0.280808 0.000000
vt 0.112253 0.264137 0.000000
vt 0.117096 0.259813 0.000000
vt 0.725069 0.566429 0.000000
vt 0.751093 0.529132 0.000000
vt 0.727168 0.541667 0.000000
vt 0.678029 0.485409 0.000000
vt 0.702574 0.517754 0.000000
vt 0.714509 0.497104 0.000000
vt 0.809782 0.742672 0.000000
vt 0.795084 0.789497 0.000000
vt 0.769998 0.771290 0.000000
vt 0.772603 0.737503 0.000000
vt 0.085324 0.331985 0.000000
vt 0.112947 0.332292 0.000000
vt 0.071830 0.319919 0.000000
vt 0.097966 0.116080 0.000000
vt 0.467679 0.596183 0.000000
vt 0.473902 0.614647 0.000000
vt 0.303748 0.666074 0.000000
vt 0.282044 0.682604 0.000000
vt 0.288498 0.669082 0.000000
vt 0.273654 0.667354 0.000000
vt 0.308350 0.568580 0.000000
vt 0.304654 0.581042 0.000000
vt 0.294257 0.568340 0.000000
vt 0.216141 0.334373 0.000000
vt 0.225147 0.292953 0.000000
vt 0.206104 0.297358 0.000000
vt 0.268521 0.310251 0.000000
vt 0.264594 0.305929 0.000000
vt 0.243744 0.332181 0.000000
vt 0.749970 0.330900 0.000000
vt 0.752371 0.344705 0.000000
vt 0.775169 0.335645 0.000000
vt 0.603237 0.613013 0.000000
vt 0.588545 0.635693 0.000000
vt 0.602836 0.646220 0.000000
vt 0.086745 0.171920 0.000000
vt 0.099102 0.147757 0.000000
vt 0.601774 0.067382 0.000000
vt 0.586916 0.129001 0.000000
vt 0.063164 0.068582 0.000000
vt 0.568241 0.300356 0.000000
vt 0.564680 0.280129 0.000000
vt 0.549561 0.285899 0.000000
vt 0.260515 0.453195 0.000000
vt 0.277830 0.445277 0.000000
vt 0.266467 0.458882 0.000000
vt 0.250473 0.461204 0.000000
vt 0.873763 0.410233 0.000000
vt 0.870584 0.437731 0.000000
vt 0.897817 0.413721 0.000000
vt 0.877939 0.370788 0.000000
vt 0.887498 0.371579 0.000000
vt 0.881028 0.358030 0.000000
vt 0.734103 0.407780 0.000000
vt 0.722312 0.360050 0.000000
vt 0.716225 0.392223 0.000000
vt 0.726187 0.349954 0.000000
vt 0.743556 0.360696 0.000000
vt 0.631925 0.630966 0.000000
vt 0.620930 0.647045 0.000000
vt 0.642439 0.656206 0.000000
vt 0.276764 0.615757 0.000000
vt 0.279806 0.609842 0.000000
vt 0.298389 0.205935 0.000000
vt 0.265568 0.194304 0.000000
vt 0.309673 0.223836 0.000000
vt 0.291597 0.245213 0.000000
vt 0.300751 0.251149 0.000000
vt 0.255087 0.498512 0.000000
vt 0.245782 0.515698 0.000000
vt 0.392422 0.703065 0.000000
vt 0.477685 0.847036 0.000000
vt 0.483795 0.829446 0.000000
vt 0.474691 0.829446 0.000000
vt 0.153526 0.449511 0.000000
vt 0.150752 0.454550 0.000000
vt 0.160331 0.457829 0.000000
vt 0.129659 0.472499 0.000000
vt 0.130983 0.452734 0.000000
vt 0.112901 0.479239 0.000000
vt 0.537746 0.836726 0.000000
vt 0.513825 0.855849 0.000000
vt 0.538385 0.865673 0.000000
vt 0.397046 0.568497 0.000000
vt 0.407420 0.582408 0.000000
vt 0.409932 0.572710 0.000000
vt 0.520551 0.698060 0.000000
vt 0.550319 0.695653 0.000000
vt 0.535304 0.678595 0.000000
vt 0.446270 0.707975 0.000000
vt 0.233363 0.296208 0.000000
vt 0.228957 0.310772 0.000000
vt 0.263318 0.250512 0.000000
vt 0.270212 0.241207 0.000000
vt 0.253589 0.245739 0.000000
vt 0.707587 0.187531 0.000000
vt 0.689104 0.188936 0.000000
vt 0.705740 0.203636 0.000000
vt 0.272246 0.613469 0.000000
vt 0.269925 0.602809 0.000000
vt 0.315665 0.483458 0.000000
vt 0.316954 0.479083 0.000000
vt 0.231748 0.055082 0.000000
vt 0.273107 0.045843 0.000000
vt 0.094660 0.065863 0.000000
vt 0.082316 0.057367 0.000000
vt 0.077359 0.078143 0.000000
vt 0.656268 0.481620 0.000000
vt 0.631000 0.489254 0.000000
vt 0.294401 0.428139 0.000000
vt 0.292089 0.444440 0.000000
vt 0.316264 0.431461 0.000000
vt 0.306233 0.441564 0.000000
vt 0.788656 0.802641 0.000000
vt 0.768546 0.787760 0.000000
vt 0.398310 0.520536 0.000000
vt 0.403306 0.514556 0.000000
vt 0.393892 0.520431 0.000000
vt 0.412760 0.496701 0.000000
vt 0.572367 0.910533 0.000000
vt 0.290775 0.532727 0.000000
vt 0.288369 0.551111 0.000000
vt 0.288391 0.557088 0.000000
vt 0.572178 0.228466 0.000000
vt 0.578844 0.255697 0.000000
vt 0.595239 0.255366 0.000000
vt 0.951204 0.184773 0.000000
vt 0.907337 0.184104 0.000000
vt 0.671760 0.086425 0.000000
vt 0.537670 0.195921 0.000000
vt 0.518626 0.182985 0.000000
vt 0.534115 0.203343 0.000000
vt 0.755864 0.583584 0.000000
vt 0.765784 0.551620 0.000000
vt 0.921546 0.311441 0.000000
vt 0.883267 0.293952 0.000000
vt 0.892710 0.276479 0.000000
vt 0.391200 0.628026 0.000000
vt 0.383772 0.614002 0.000000
vt 0.369591 0.606373 0.000000
vt 0.380457 0.596173 0.000000
vt 0.371562 0.594792 0.000000
vt 0.175976 0.508507 0.000000
vt 0.216120 0.084850 0.000000
vt 0.181488 0.105170 0.000000
vt 0.176455 0.151423 0.000000
vt 0.195141 0.175337 0.000000
vt 0.192124 0.146734 0.000000
vt 0.395509 0.429176 0.000000
vt 0.103810 0.647228 0.000000
vt 0.100476 0.658434 0.000000
vt 0.104068 0.647943 0.000000
vt 0.110840 0.640200 0.000000
vt 0.334057 0.326745 0.000000
vt 0.337212 0.316904 0.000000
vt 0.326866 0.321217 0.000000
vt 0.334949 0.281416 0.000000
vt 0.348174 0.257737 0.000000
vt 0.313832 0.264115 0.000000
vt 0.352862 0.669333 0.000000
vt 0.347951 0.658186 0.000000
vt 0.340135 0.686564 0.000000
vt 0.354096 0.664123 0.000000
vt 0.360265 0.666226 0.000000
vt 0.203041 0.513156 0.000000
vt 0.206947 0.504098 0.000000
vt 0.689887 0.776399 0.000000
vt 0.689687 0.722171 0.000000
vt 0.680905 0.719704 0.000000
vt 0.383585 0.472333 0.000000
vt 0.384412 0.463754 0.000000
vt 0.379220 0.467593 0.000000
vt 0.368831 0.450777 0.000000
vt 0.220553 0.232654 0.000000
vt 0.228166 0.212728 0.000000
vt 0.324435 0.458272 0.000000
vt 0.339788 0.444438 0.000000
vt 0.312492 0.448456 0.000000
vt 0.319085 0.454086 0.000000
vt 0.138739 0.670385 0.000000
vt 0.150417 0.691734 0.000000
vt 0.144772 0.678562 0.000000
vt 0.102954 0.632856 0.000000
vt 0.106600 0.634420 0.000000
vt 0.335646 0.159256 0.000000
vt 0.319849 0.182910 0.000000
vt 0.332605 0.185882 0.000000
vt 0.140277 0.448171 0.000000
vt 0.141402 0.427491 0.000000
vt 0.562492 0.521774 0.000000
vt 0.566123 0.518426 0.000000
vt 0.545860 0.509690 0.000000
vt 0.550558 0.930427 0.000000
vt 0.548629 0.925214 0.000000
vt 0.532490 0.922390 0.000000
vt 0.272530 0.746847 0.000000
vt 0.265351 0.741280 0.000000
vt 0.272233 0.774947 0.000000
vt 0.286612 0.755292 0.000000
vt 0.826131 0.471704 0.000000
vt 0.842648 0.478424 0.000000
vt 0.847436 0.455627 0.000000
vt 0.099366 0.864626 0.000000
vt 0.081511 0.866578 0.000000
vt 0.085785 0.883306 0.000000
vt 0.256608 0.633969 0.000000
vt 0.266107 0.635835 0.000000
vt 0.654832 0.208075 0.000000
vt 0.675051 0.197734 0.000000
vt 0.652774 0.187383 0.000000
vt 0.146817 0.418454 0.000000
vt 0.223577 0.846145 0.000000
vt 0.210059 0.836565 0.000000
vt 0.197205 0.841946 0.000000
vt 0.273296 0.823930 0.000000
vt 0.420941 0.488164 0.000000
vt 0.415418 0.490143 0.000000
vt 0.425027 0.485132 0.000000
vt 0.428471 0.480046 0.000000
vt 0.050767 0.801377 0.000000
vt 0.027636 0.798877 0.000000
vt 0.029143 0.783287 0.000000
vt 0.355400 0.442820 0.000000
vt 0.361325 0.470515 0.000000
vt 0.789991 0.088176 0.000000
vt 0.774864 0.083408 0.000000
vt 0.775927 0.099104 0.000000
vt 0.500914 0.466588 0.000000
vt 0.485544 0.452780 0.000000
vt 0.483547 0.483688 0.000000
vt 0.584816 0.466255 0.000000
vt 0.519254 0.449455 0.000000
vt 0.529922 0.465862 0.000000
vt 0.324744 0.194872 0.000000
vt 0.303772 0.190635 0.000000
vt 0.320027 0.206237 0.000000
vt 0.335822 0.210292 0.000000
vt 0.352981 0.202906 0.000000
vt 0.332266 0.196304 0.000000
vt 0.161114 0.483081 0.000000
vt 0.153943 0.470227 0.000000
vt 0.150418 0.503694 0.000000
vt 0.163208 0.508240 0.000000
vt 0.171944 0.499564 0.000000
vt 0.001667 0.803280 0.000000
vt 0.534179 0.168028 0.000000
vt 0.284315 0.507592 0.000000
vt 0.298096 0.506632 0.000000
vt 0.296044 0.527049 0.000000
vt 0.656899 0.179871 0.000000
vt 0.640041 0.170587 0.000000
vt 0.983043 0.900135 0.000000
vt 0.983043 0.875530 0.000000
vt 0.971106 0.932495 0.000000
vt 0.983043 0.912867 0.000000
vt 0.962601 0.919553 0.000000
vt 0.557187 0.449750 0.000000
vt 0.618772 0.456156 0.000000
vt 0.589100 0.458876 0.000000
vt 0.592614 0.475912 0.000000
vt 0.265384 0.669567 0.000000
vt 0.282980 0.460008 0.000000
vt 0.384573 0.570846 0.000000
vt 0.381457 0.552019 0.000000
vt 0.194601 0.786857 0.000000
vt 0.209794 0.774592 0.000000
vt 0.213564 0.823997 0.000000
vt 0.223711 0.834148 0.000000
vt 0.403432 0.174412 0.000000
vt 0.416722 0.163993 0.000000
vt 0.445383 0.171836 0.000000
vt 0.311284 0.960960 0.000000
vt 0.282131 0.961554 0.000000
vt 0.562345 0.670414 0.000000
vt 0.565037 0.694136 0.000000
vt 0.592338 0.673797 0.000000
vt 0.578558 0.667861 0.000000
vt 0.851189 0.281130 0.000000
vt 0.868319 0.277980 0.000000
vt 0.839345 0.722570 0.000000
vt 0.827045 0.715369 0.000000
vt 0.815316 0.658139 0.000000
vt 0.625128 0.790086 0.000000
vt 0.587078 0.739189 0.000000
vt 0.601771 0.727734 0.000000
vt 0.578285 0.718906 0.000000
vt 0.120879 0.195371 0.000000
vt 0.122083 0.167171 0.000000
vt 0.651048 0.127091 0.000000
vt 0.684578 0.138951 0.000000
vt 0.670463 0.100928 0.000000
vt 0.694471 0.139282 0.000000
vt 0.243226 0.599597 0.000000
vt 0.246750 0.587679 0.000000
vt 0.579689 0.478144 0.000000
vt 0.580344 0.490947 0.000000
vt 0.638866 0.473339 0.000000
vt 0.616849 0.473537 0.000000
vt 0.069403 0.632489 0.000000
vt 0.044447 0.639795 0.000000
vt 0.478739 0.489864 0.000000
vt 0.805506 0.449496 0.000000
vt 0.809792 0.441132 0.000000
vt 0.680726 0.868479 0.000000
vt 0.708588 0.892411 0.000000
vt 0.704978 0.862288 0.000000
vt 0.546406 0.587359 0.000000
vt 0.558352 0.581192 0.000000
vt 0.547963 0.572506 0.000000
vt 0.554374 0.600882 0.000000
vt 0.578328 0.597559 0.000000
vt 0.582761 0.584288 0.000000
vt 0.624051 0.105431 0.000000
vt 0.618450 0.143948 0.000000
vt 0.632258 0.169327 0.000000
vt 0.887067 0.153292 0.000000
vt 0.897444 0.147247 0.000000
vt 0.894642 0.402771 0.000000
vt 0.661967 0.140098 0.000000
vt 0.638035 0.131887 0.000000
vt 0.428752 0.413395 0.000000
vt 0.433477 0.400405 0.000000
vt 0.565973 0.729546 0.000000
vt 0.739367 0.371490 0.000000
vt 0.419867 0.147886 0.000000
vt 0.830782 0.695151 0.000000
vt 0.887054 0.703907 0.000000
vt 0.371246 0.128909 0.000000
vt 0.352492 0.151044 0.000000
vt 0.111579 0.650961 0.000000
vt 0.120498 0.088072 0.000000
vt 0.987883 0.264822 0.000000
vt 0.983135 0.269042 0.000000
vt 0.315847 0.744472 0.000000
vt 0.316267 0.774789 0.000000
vt 0.249712 0.422088 0.000000
vt 0.230390 0.402937 0.000000
vt 0.242794 0.407705 0.000000
vt 0.239878 0.395956 0.000000
vt 0.675869 0.177315 0.000000
vt 0.128315 0.291462 0.000000
vt 0.146420 0.280840 0.000000
vt 0.445591 0.979729 0.000000
vt 0.445581 0.994664 0.000000
vt 0.451222 0.995307 0.000000
vt 0.018734 0.814644 0.000000
vt 0.018055 0.824218 0.000000
vt 0.461383 0.983011 0.000000
vt 0.048666 0.813280 0.000000
vt 0.289226 0.476869 0.000000
vt 0.284065 0.465209 0.000000
vt 0.248467 0.522708 0.000000
vt 0.248399 0.532199 0.000000
vt 0.216101 0.416284 0.000000
vt 0.341922 0.974038 0.000000
vt 0.342646 0.998333 0.000000
vt 0.352180 0.998333 0.000000
vt 0.352180 0.973479 0.000000
vt 0.341241 0.960960 0.000000
vt 0.270232 0.629598 0.000000
vt 0.270747 0.623561 0.000000
vt 0.260811 0.629149 0.000000
vt 0.279270 0.624160 0.000000
vt 0.162684 0.724978 0.000000
vt 0.190281 0.732052 0.000000
vt 0.025695 0.446710 0.000000
vt 0.038427 0.433689 0.000000
vt 0.011736 0.408230 0.000000
vt 0.674189 0.272130 0.000000
vt 0.675410 0.260672 0.000000
vt 0.658821 0.271205 0.000000
vt 0.515832 0.937094 0.000000
vt 0.515218 0.926590 0.000000
vt 0.498430 0.929452 0.000000
vt 0.670581 0.851096 0.000000
vt 0.343821 0.193719 0.000000
vt 0.640966 0.465474 0.000000
vt 0.590791 0.277948 0.000000
vt 0.320669 0.508866 0.000000
vt 0.326111 0.507263 0.000000
vt 0.321501 0.521226 0.000000
vt 0.355026 0.803995 0.000000
vt 0.338021 0.788578 0.000000
vt 0.324453 0.780090 0.000000
vt 0.104235 0.647644 0.000000
vt 0.235610 0.477457 0.000000
vt 0.339867 0.224360 0.000000
vt 0.340083 0.240401 0.000000
vt 0.351149 0.211264 0.000000
vt 0.373262 0.235224 0.000000
vt 0.712848 0.152961 0.000000
vt 0.696850 0.152796 0.000000
vt 0.702672 0.167792 0.000000
vt 0.312333 0.588856 0.000000
vt 0.743340 0.695795 0.000000
vt 0.742220 0.687760 0.000000
vt 0.866016 0.216805 0.000000
vt 0.680053 0.095684 0.000000
vt 0.195543 0.345478 0.000000
vt 0.207171 0.359043 0.000000
vt 0.420587 0.654649 0.000000
vt 0.430037 0.668591 0.000000
vt 0.440640 0.674490 0.000000
vt 0.467714 0.685426 0.000000
vt 0.273650 0.495421 0.000000
vt 0.278330 0.486338 0.000000
vt 0.267056 0.491823 0.000000
vt 0.265515 0.504272 0.000000
vt 0.277639 0.514810 0.000000
vt 0.159193 0.164001 0.000000
vt 0.156202 0.138415 0.000000
vt 0.150941 0.152702 0.000000
vt 0.135948 0.168486 0.000000
vt 0.698688 0.268387 0.000000
vt 0.682980 0.267522 0.000000
vt 0.698412 0.285609 0.000000
vt 0.035947 0.732063 0.000000
vt 0.039439 0.727633 0.000000
vt 0.994116 0.797503 0.000000
vt 0.981066 0.755017 0.000000
vt 0.156229 0.428440 0.000000
vt 0.152655 0.419612 0.000000
vt 0.146388 0.431651 0.000000
vt 0.465815 0.297303 0.000000
vt 0.459711 0.325801 0.000000
vt 0.486076 0.288903 0.000000
vt 0.421659 0.297574 0.000000
vt 0.405976 0.270918 0.000000
vt 0.297232 0.736741 0.000000
vt 0.306688 0.733961 0.000000
vt 0.297451 0.723227 0.000000
vt 0.284735 0.741326 0.000000
vt 0.623114 0.980412 0.000000
vt 0.648615 0.974079 0.000000
vt 0.858545 0.491405 0.000000
vt 0.857051 0.472245 0.000000
vt 0.664848 0.539007 0.000000
vt 0.676061 0.507260 0.000000
vt 0.678699 0.544491 0.000000
vt 0.107732 0.665912 0.000000
vt 0.984769 0.532912 0.000000
vt 0.964800 0.557828 0.000000
vt 0.487999 0.706943 0.000000
vt 0.462712 0.707226 0.000000
vt 0.718938 0.408964 0.000000
vt 0.724864 0.428804 0.000000
vt 0.109367 0.352379 0.000000
vt 0.114139 0.342522 0.000000
vt 0.683098 0.622820 0.000000
vt 0.681195 0.600489 0.000000
vt 0.716842 0.635604 0.000000
vt 0.324738 0.354989 0.000000
vt 0.307783 0.358967 0.000000
vt 0.331034 0.546890 0.000000
vt 0.345554 0.552739 0.000000
vt 0.789030 0.456698 0.000000
vt 0.118524 0.481948 0.000000
vt 0.806337 0.956333 0.000000
vt 0.041072 0.745580 0.000000
vt 0.022112 0.738403 0.000000
vt 0.006952 0.738837 0.000000
vt 0.183826 0.321589 0.000000
vt 0.219202 0.674107 0.000000
vt 0.209918 0.694112 0.000000
vt 0.332569 0.026198 0.000000
vt 0.313749 0.023962 0.000000
vt 0.931357 0.682941 0.000000
vt 0.141113 0.390720 0.000000
vt 0.103867 0.402531 0.000000
vt 0.265657 0.224522 0.000000
vt 0.260498 0.265377 0.000000
vt 0.255091 0.251123 0.000000
vt 0.037615 0.412157 0.000000
vt 0.020485 0.405387 0.000000
vt 0.014904 0.135455 0.000000
vt 0.337349 0.405602 0.000000
vt 0.330614 0.395013 0.000000
vt 0.324173 0.410322 0.000000
vt 0.306464 0.428859 0.000000
vt 0.660699 0.841586 0.000000
vt 0.644334 0.788771 0.000000
vt 0.803191 0.871965 0.000000
vt 0.803693 0.901678 0.000000
vt 0.799321 0.855666 0.000000
vt 0.845480 0.844861 0.000000
vt 0.491893 0.331253 0.000000
vt 0.474127 0.376849 0.000000
vt 0.440670 0.394202 0.000000
vt 0.456971 0.866641 0.000000
vt 0.465969 0.876831 0.000000
vt 0.469499 0.873831 0.000000
vt 0.285513 0.726877 0.000000
vt 0.267739 0.726430 0.000000
vt 0.272339 0.734215 0.000000
vt 0.079640 0.966917 0.000000
vt 0.071964 0.998333 0.000000
vt 0.080874 0.995368 0.000000
vt 0.086095 0.969945 0.000000
vt 0.280087 0.478960 0.000000
vt 0.743050 0.320899 0.000000
vt 0.755581 0.306104 0.000000
vt 0.175726 0.403447 0.000000
vt 0.193220 0.392060 0.000000
vt 0.745678 0.196417 0.000000
vt 0.765965 0.191404 0.000000
vt 0.992732 0.747219 0.000000
vt 0.231640 0.851505 0.000000
vt 0.211865 0.857461 0.000000
vt 0.311516 0.522687 0.000000
vt 0.308716 0.514748 0.000000
vt 0.159744 0.549683 0.000000
vt 0.175913 0.552359 0.000000
vt 0.170392 0.542313 0.000000
vt 0.475021 0.568046 0.000000
vt 0.464780 0.548344 0.000000
vt 0.463223 0.564239 0.000000
vt 0.448375 0.545120 0.000000
vt 0.435398 0.542685 0.000000
vt 0.136208 0.624827 0.000000
vt 0.131192 0.615373 0.000000
vt 0.160803 0.632593 0.000000
vt 0.165766 0.612164 0.000000
vt 0.141683 0.614574 0.000000
vt 0.358857 0.321160 0.000000
vt 0.369121 0.303553 0.000000
vt 0.349788 0.309527 0.000000
vt 0.341273 0.287669 0.000000
vt 0.030246 0.292757 0.000000
vt 0.526294 0.240338 0.000000
vt 0.485074 0.215002 0.000000
vt 0.379127 0.435339 0.000000
vt 0.370340 0.414084 0.000000
vt 0.588793 0.619854 0.000000
vt 0.571664 0.615452 0.000000
vt 0.164661 0.468993 0.000000
vt 0.169177 0.727892 0.000000
vt 0.149587 0.728176 0.000000
vt 0.153679 0.741244 0.000000
vt 0.286418 0.628392 0.000000
vt 0.293229 0.613034 0.000000
vt 0.288574 0.616913 0.000000
vt 0.243544 0.240881 0.000000
vt 0.854732 0.436713 0.000000
vt 0.839817 0.440308 0.000000
vt 0.861937 0.460416 0.000000
vt 0.846369 0.420585 0.000000
vt 0.831426 0.425194 0.000000
vt 0.868130 0.456714 0.000000
vt 0.820985 0.571931 0.000000
vt 0.849066 0.561491 0.000000
vt 0.776285 0.542206 0.000000
vt 0.914796 0.219203 0.000000
vt 0.144503 0.489838 0.000000
vt 0.752870 0.417871 0.000000
vt 0.224386 0.327603 0.000000
vt 0.679788 0.144652 0.000000
vt 0.698558 0.142454 0.000000
vt 0.818396 0.229769 0.000000
vt 0.925028 0.780093 0.000000
vt 0.349539 0.296033 0.000000
vt 0.350251 0.285542 0.000000
vt 0.350271 0.270149 0.000000
vt 0.194923 0.205520 0.000000
vt 0.164649 0.204236 0.000000
vt 0.185039 0.225217 0.000000
vt 0.714702 0.832296 0.000000
vt 0.713420 0.854343 0.000000
vt 0.737506 0.828956 0.000000
vt 0.726872 0.826100 0.000000
vt 0.353996 0.510240 0.000000
vt 0.343277 0.510583 0.000000
vt 0.643900 0.107086 0.000000
vt 0.253065 0.452427 0.000000
vt 0.152219 0.654652 0.000000
vt 0.154937 0.638876 0.000000
vt 0.134763 0.632109 0.000000
vt 0.152783 0.626924 0.000000
vt 0.314795 0.596058 0.000000
vt 0.312759 0.599121 0.000000
vt 0.333838 0.605924 0.000000
vt 0.320561 0.600841 0.000000
vt 0.360922 0.426857 0.000000
vt 0.364531 0.410858 0.000000
vt 0.350787 0.427030 0.000000
vt 0.354194 0.388556 0.000000
vt 0.348623 0.397037 0.000000
vt 0.373718 0.224277 0.000000
vt 0.472126 0.949755 0.000000
vt 0.005855 0.729243 0.000000
vt 0.249447 0.758781 0.000000
vt 0.836463 0.324640 0.000000
vt 0.842974 0.311132 0.000000
vt 0.832708 0.317755 0.000000
vt 0.490353 0.639908 0.000000
vt 0.513275 0.640190 0.000000
vt 0.503982 0.623061 0.000000
vt 0.503979 0.655001 0.000000
vt 0.520758 0.642428 0.000000
vt 0.556410 0.238518 0.000000
vt 0.346538 0.060095 0.000000
vt 0.319664 0.107817 0.000000
vt 0.875324 0.480582 0.000000
vt 0.869425 0.473737 0.000000
vt 0.863992 0.479013 0.000000
vt 0.304544 0.881893 0.000000
vt 0.331361 0.874077 0.000000
vt 0.333337 0.835240 0.000000
vt 0.055444 0.438649 0.000000
vt 0.075849 0.429395 0.000000
vt 0.026505 0.383415 0.000000
vt 0.048905 0.404003 0.000000
vt 0.966639 0.907559 0.000000
vt 0.718317 0.124403 0.000000
vt 0.723740 0.133297 0.000000
vt 0.243140 0.459404 0.000000
vt 0.238278 0.457622 0.000000
vt 0.248893 0.465632 0.000000
vt 0.303956 0.531957 0.000000
vt 0.303838 0.526280 0.000000
vt 0.300728 0.528921 0.000000
vt 0.250758 0.339706 0.000000
vt 0.336629 0.619430 0.000000
vt 0.337760 0.612546 0.000000
vt 0.135368 0.603967 0.000000
vt 0.116297 0.585963 0.000000
vt 0.265754 0.598381 0.000000
vt 0.253054 0.613937 0.000000
vt 0.259593 0.619214 0.000000
vt 0.522490 0.920936 0.000000
vt 0.912135 0.343202 0.000000
vt 0.902615 0.330860 0.000000
vt 0.488021 0.277993 0.000000
vt 0.468721 0.247680 0.000000
vt 0.443864 0.254968 0.000000
vt 0.517782 0.237750 0.000000
vt 0.515877 0.252283 0.000000
vt 0.236877 0.448230 0.000000
vt 0.224796 0.443482 0.000000
vt 0.219589 0.441652 0.000000
vt 0.250784 0.377629 0.000000
vt 0.268274 0.391104 0.000000
vt 0.254266 0.400991 0.000000
vt 0.352245 0.565719 0.000000
vt 0.073181 0.418059 0.000000
vt 0.060918 0.382381 0.000000
vt 0.483597 0.619299 0.000000
vt 0.471276 0.628731 0.000000
vt 0.464229 0.637036 0.000000
vt 0.266629 0.166827 0.000000
vt 0.288169 0.143685 0.000000
vt 0.247156 0.130805 0.000000
vt 0.257803 0.097996 0.000000
vt 0.279338 0.119453 0.000000
vt 0.447077 0.306931 0.000000
vt 0.964437 0.734516 0.000000
vt 0.239159 0.551333 0.000000
vt 0.227836 0.547365 0.000000
vt 0.230439 0.557133 0.000000
vt 0.191540 0.551746 0.000000
vt 0.202501 0.557330 0.000000
vt 0.205970 0.547227 0.000000
vt 0.221365 0.520759 0.000000
vt 0.213484 0.522078 0.000000
vt 0.818756 0.312654 0.000000
vt 0.812071 0.325261 0.000000
vt 0.826851 0.328632 0.000000
vt 0.422009 0.464568 0.000000
vt 0.418745 0.481027 0.000000
vt 0.424962 0.472718 0.000000
vt 0.231052 0.563384 0.000000
vt 0.226486 0.561350 0.000000
vt 0.216111 0.556206 0.000000
vt 0.219853 0.553753 0.000000
vt 0.211240 0.549903 0.000000
vt 0.293699 0.577918 0.000000
vt 0.299294 0.581638 0.000000
vt 0.304009 0.573314 0.000000
vt 0.147580 0.747691 0.000000
vt 0.129752 0.750517 0.000000
vt 0.288084 0.424687 0.000000
vt 0.285780 0.417613 0.000000
vt 0.479388 0.475658 0.000000
vt 0.246784 0.071627 0.000000
vt 0.135657 0.491792 0.000000
vt 0.162076 0.493549 0.000000
vt 0.292034 0.330022 0.000000
vt 0.301173 0.327008 0.000000
vt 0.313136 0.297458 0.000000
vt 0.311489 0.483965 0.000000
vt 0.301427 0.480598 0.000000
vt 0.463310 0.342121 0.000000
vt 0.213910 0.547402 0.000000
vt 0.219918 0.542285 0.000000
vt 0.223944 0.541030 0.000000
vt 0.491957 0.671118 0.000000
vt 0.504011 0.684840 0.000000
vt 0.479676 0.671790 0.000000
vt 0.243436 0.457321 0.000000
vt 0.247393 0.461959 0.000000
vt 0.245232 0.465488 0.000000
vt 0.183254 0.634462 0.000000
vt 0.212032 0.624937 0.000000
vt 0.199952 0.367308 0.000000
vt 0.203565 0.392547 0.000000
vt 0.337962 0.674903 0.000000
vt 0.215209 0.371160 0.000000
vt 0.346796 0.425991 0.000000
vt 0.346262 0.416604 0.000000
vt 0.337951 0.413037 0.000000
vt 0.338914 0.398736 0.000000
vt 0.343460 0.410235 0.000000
vt 0.423519 0.967293 0.000000
vt 0.133762 0.734327 0.000000
vt 0.468281 0.693198 0.000000
vt 0.507865 0.700276 0.000000
vt 0.272369 0.478244 0.000000
vt 0.734020 0.452841 0.000000
vt 0.769074 0.454282 0.000000
vt 0.964944 0.457027 0.000000
vt 0.978528 0.487005 0.000000
vt 0.966575 0.487005 0.000000
vt 0.971040 0.500746 0.000000
vt 0.266679 0.088205 0.000000
vt 0.656231 0.635009 0.000000
vt 0.674621 0.629815 0.000000
vt 0.639815 0.634506 0.000000
vt 0.564391 0.633817 0.000000
vt 0.671338 0.961898 0.000000
vt 0.701325 0.948699 0.000000
vt 0.690511 0.967225 0.000000
vt 0.669047 0.977994 0.000000
vt 0.674076 0.993113 0.000000
vt 0.926969 0.733332 0.000000
vt 0.377349 0.165919 0.000000
vt 0.388143 0.500151 0.000000
vt 0.390849 0.497665 0.000000
vt 0.963100 0.281942 0.000000
vt 0.957748 0.261556 0.000000
vt 0.929328 0.254794 0.000000
vt 0.088454 0.412037 0.000000
vt 0.296464 0.422184 0.000000
vt 0.937561 0.251445 0.000000
vt 0.935259 0.240409 0.000000
vt 0.946530 0.250480 0.000000
vt 0.302116 0.486508 0.000000
vt 0.948843 0.741458 0.000000
vt 0.902322 0.757163 0.000000
vt 0.249312 0.575166 0.000000
vt 0.250558 0.566967 0.000000
vt 0.728333 0.861256 0.000000
vt 0.747198 0.846683 0.000000
vt 0.756596 0.825145 0.000000
vt 0.918681 0.832895 0.000000
vt 0.177394 0.655547 0.000000
vt 0.168698 0.665685 0.000000
vt 0.186608 0.666475 0.000000
vt 0.508572 0.310291 0.000000
vt 0.486386 0.261736 0.000000
vt 0.826365 0.803347 0.000000
vt 0.818829 0.791482 0.000000
vt 0.147934 0.355970 0.000000
vt 0.140009 0.371822 0.000000
vt 0.338840 0.378618 0.000000
vt 0.334314 0.390132 0.000000
vt 0.345089 0.384241 0.000000
vt 0.338012 0.702518 0.000000
vt 0.334797 0.697761 0.000000
vt 0.492036 0.552255 0.000000
vt 0.490584 0.564008 0.000000
vt 0.513608 0.564967 0.000000
vt 0.515343 0.584559 0.000000
vt 0.363617 0.618112 0.000000
vt 0.372158 0.626119 0.000000
vt 0.376287 0.609641 0.000000
vt 0.358182 0.629166 0.000000
vt 0.347327 0.608234 0.000000
vt 0.808890 0.811407 0.000000
vt 0.297001 0.226276 0.000000
vt 0.691199 0.704494 0.000000
vt 0.433056 0.862028 0.000000
vt 0.448549 0.870262 0.000000
vt 0.453005 0.857419 0.000000
vt 0.053090 0.663027 0.000000
vt 0.045130 0.659047 0.000000
vt 0.315125 0.550658 0.000000
vt 0.317231 0.545218 0.000000
vt 0.296394 0.745103 0.000000
vt 0.184936 0.544797 0.000000
vt 0.185275 0.537438 0.000000
vt 0.173477 0.538146 0.000000
vt 0.196182 0.545549 0.000000
vt 0.389365 0.539527 0.000000
vt 0.401034 0.533665 0.000000
vt 0.087643 0.803280 0.000000
vt 0.095822 0.793037 0.000000
vt 0.075448 0.798763 0.000000
vt 0.262203 0.071075 0.000000
vt 0.395356 0.281133 0.000000
vt 0.407944 0.287044 0.000000
vt 0.832681 0.173337 0.000000
vt 0.852697 0.180336 0.000000
vt 0.759675 0.517276 0.000000
vt 0.790830 0.571175 0.000000
vt 0.876794 0.581340 0.000000
vt 0.420539 0.087356 0.000000
vt 0.257287 0.589592 0.000000
vt 0.267112 0.584872 0.000000
vt 0.515905 0.605983 0.000000
vt 0.908560 0.270936 0.000000
vt 0.268543 0.333791 0.000000
vt 0.288051 0.327645 0.000000
vt 0.716538 0.147769 0.000000
vt 0.742086 0.190576 0.000000
vt 0.297723 0.788327 0.000000
vt 0.781600 0.719769 0.000000
vt 0.743522 0.738265 0.000000
vt 0.103892 0.207944 0.000000
vt 0.114433 0.226026 0.000000
vt 0.129378 0.204622 0.000000
vt 0.131201 0.172761 0.000000
vt 0.849673 0.870496 0.000000
vt 0.431964 0.456625 0.000000
vt 0.434905 0.470737 0.000000
vt 0.210016 0.798163 0.000000
vt 0.328040 0.765352 0.000000
vt 0.337262 0.744758 0.000000
vt 0.230048 0.705654 0.000000
vt 0.228080 0.697893 0.000000
vt 0.375798 0.467026 0.000000
vt 0.368015 0.457766 0.000000
vt 0.368755 0.466326 0.000000
vt 0.196953 0.407335 0.000000
vt 0.162144 0.873943 0.000000
vt 0.157651 0.884995 0.000000
vt 0.188107 0.875796 0.000000
vt 0.171005 0.768540 0.000000
vt 0.164025 0.778118 0.000000
vt 0.512863 0.670853 0.000000
vt 0.519277 0.686646 0.000000
vt 0.005446 0.097439 0.000000
vt 0.001667 0.106466 0.000000
vt 0.255317 0.989930 0.000000
vt 0.267383 0.969344 0.000000
vt 0.721693 0.281903 0.000000
vt 0.730175 0.290948 0.000000
vt 0.747188 0.279166 0.000000
vt 0.732958 0.280191 0.000000
vt 0.420644 0.185150 0.000000
vt 0.435433 0.172015 0.000000
vt 0.425369 0.170512 0.000000
vt 0.205913 0.805746 0.000000
vt 0.097966 0.092279 0.000000
vt 0.329672 0.990830 0.000000
vt 0.335730 0.969520 0.000000
vt 0.346712 0.466154 0.000000
vt 0.335767 0.467380 0.000000
vt 0.339352 0.479221 0.000000
vt 0.865929 0.379947 0.000000
vt 0.858626 0.353784 0.000000
vt 0.846735 0.363641 0.000000
vt 0.564160 0.653022 0.000000
vt 0.587734 0.651674 0.000000
vt 0.897861 0.528748 0.000000
vt 0.032923 0.125834 0.000000
vt 0.332472 0.472305 0.000000
vt 0.897861 0.577688 0.000000
vt 0.922516 0.577688 0.000000
vt 0.389705 0.654666 0.000000
vt 0.403457 0.650453 0.000000
vt 0.405776 0.662091 0.000000
vt 0.408635 0.652996 0.000000
vt 0.134026 0.155231 0.000000
vt 0.924354 0.909028 0.000000
vt 0.897861 0.913059 0.000000
vt 0.912024 0.930795 0.000000
vt 0.278193 0.551412 0.000000
vt 0.282769 0.559851 0.000000
vt 0.370496 0.545894 0.000000
vt 0.488430 0.847036 0.000000
vt 0.017297 0.994358 0.000000
vt 0.426320 0.459997 0.000000
vt 0.288315 0.635216 0.000000
vt 0.589055 0.324641 0.000000
vt 0.281183 0.661499 0.000000
vt 0.158605 0.217393 0.000000
vt 0.395982 0.588071 0.000000
vt 0.571352 0.280749 0.000000
vt 0.238594 0.980664 0.000000
vt 0.276114 0.960960 0.000000
vt 0.230502 0.960960 0.000000
vt 0.482595 0.360567 0.000000
vt 0.509503 0.349717 0.000000
vt 0.507026 0.407192 0.000000
vt 0.207876 0.688649 0.000000
vt 0.196908 0.667669 0.000000
vt 0.232038 0.076538 0.000000
vt 0.292406 0.549677 0.000000
vt 0.286848 0.547291 0.000000
vt 0.305843 0.539879 0.000000
vt 0.624720 0.206197 0.000000
vt 0.614651 0.197699 0.000000
vt 0.614651 0.214425 0.000000
vt 0.435006 0.210040 0.000000
vt 0.709724 0.588296 0.000000
vt 0.725138 0.592610 0.000000
vt 0.358357 0.198776 0.000000
vt 0.347311 0.183418 0.000000
vt 0.791475 0.641158 0.000000
vt 0.769517 0.659071 0.000000
vt 0.806409 0.640929 0.000000
vt 0.785395 0.607650 0.000000
vt 0.443198 0.158657 0.000000
vt 0.441531 0.112990 0.000000
vt 0.427238 0.142748 0.000000
vt 0.049998 0.472067 0.000000
vt 0.702919 0.262423 0.000000
vt 0.681314 0.251748 0.000000
vt 0.762126 0.670153 0.000000
vt 0.778373 0.641371 0.000000
vt 0.128828 0.526163 0.000000
vt 0.115940 0.509817 0.000000
vt 0.120440 0.542551 0.000000
vt 0.640900 0.712581 0.000000
vt 0.654355 0.727329 0.000000
vt 0.638017 0.698173 0.000000
vt 0.636353 0.673461 0.000000
vt 0.364344 0.783954 0.000000
vt 0.353121 0.790128 0.000000
vt 0.364918 0.775091 0.000000
vt 0.399021 0.502584 0.000000
vt 0.387978 0.506347 0.000000
vt 0.419575 0.570316 0.000000
vt 0.397113 0.596141 0.000000
vt 0.521475 0.580955 0.000000
vt 0.527812 0.575094 0.000000
vt 0.733384 0.253575 0.000000
vt 0.734491 0.235249 0.000000
vt 0.318401 0.463795 0.000000
vt 0.504144 0.327551 0.000000
vt 0.492093 0.310387 0.000000
vt 0.568667 0.472053 0.000000
vt 0.591232 0.495289 0.000000
vt 0.249176 0.632219 0.000000
vt 0.241869 0.623353 0.000000
vt 0.506729 0.207873 0.000000
vt 0.490865 0.176994 0.000000
vt 0.847642 0.699571 0.000000
vt 0.847983 0.289862 0.000000
vt 0.841850 0.274876 0.000000
vt 0.847664 0.258076 0.000000
vt 0.833749 0.263264 0.000000
vt 0.195940 0.677896 0.000000
vt 0.204058 0.716415 0.000000
vt 0.357224 0.717947 0.000000
vt 0.322422 0.592811 0.000000
vt 0.381437 0.391411 0.000000
vt 0.377201 0.421828 0.000000
vt 0.252888 0.998333 0.000000
vt 0.270428 0.998333 0.000000
vt 0.529135 0.585018 0.000000
vt 0.701898 0.924004 0.000000
vt 0.734892 0.943216 0.000000
vt 0.137592 0.386183 0.000000
vt 0.151016 0.306862 0.000000
vt 0.166241 0.301436 0.000000
vt 0.049056 0.410628 0.000000
vt 0.248277 0.645624 0.000000
vt 0.252771 0.636504 0.000000
vt 0.247729 0.638893 0.000000
vt 0.495064 0.280557 0.000000
vt 0.983043 0.932495 0.000000
vt 0.064942 0.815817 0.000000
vt 0.707586 0.770573 0.000000
vt 0.726914 0.780203 0.000000
vt 0.045795 0.772672 0.000000
vt 0.058710 0.761643 0.000000
vt 0.040142 0.760631 0.000000
vt 0.826246 0.934798 0.000000
vt 0.845629 0.906323 0.000000
vt 0.876199 0.903569 0.000000
vt 0.857976 0.906606 0.000000
vt 0.862780 0.917152 0.000000
vt 0.495667 0.224456 0.000000
vt 0.472383 0.231523 0.000000
vt 0.749322 0.794039 0.000000
vt 0.739051 0.794350 0.000000
vt 0.874286 0.222460 0.000000
vt 0.881611 0.242870 0.000000
vt 0.885265 0.877691 0.000000
vt 0.702919 0.281878 0.000000
vt 0.258973 0.483989 0.000000
vt 0.583078 0.492128 0.000000
vt 0.587431 0.513018 0.000000
vt 0.593708 0.499480 0.000000
vt 0.587420 0.498942 0.000000
vt 0.159451 0.659951 0.000000
vt 0.150153 0.674261 0.000000
vt 0.159755 0.671470 0.000000
vt 0.696781 0.098897 0.000000
vt 0.693121 0.089354 0.000000
vt 0.834406 0.453589 0.000000
vt 0.820754 0.446448 0.000000
vt 0.665099 0.998333 0.000000
vt 0.636642 0.601222 0.000000
vt 0.630014 0.581646 0.000000
vt 0.632882 0.613785 0.000000
vt 0.667644 0.600749 0.000000
vt 0.656298 0.604413 0.000000
vt 0.347719 0.323260 0.000000
vt 0.508507 0.587515 0.000000
vt 0.474926 0.600951 0.000000
vt 0.914659 0.293875 0.000000
vt 0.917786 0.321933 0.000000
vt 0.072925 0.073590 0.000000
vt 0.558922 0.415437 0.000000
vt 0.527480 0.414230 0.000000
vt 0.527769 0.435766 0.000000
vt 0.303270 0.741495 0.000000
vt 0.305675 0.757506 0.000000
vt 0.491275 0.500257 0.000000
vt 0.605851 0.742286 0.000000
vt 0.461070 0.580223 0.000000
vt 0.476773 0.584475 0.000000
vt 0.289706 0.605702 0.000000
vt 0.291872 0.601139 0.000000
vt 0.287603 0.601324 0.000000
vt 0.302890 0.601101 0.000000
vt 0.915028 0.480211 0.000000
vt 0.930116 0.480211 0.000000
vt 0.927297 0.472760 0.000000
vt 0.948170 0.355735 0.000000
vt 0.964254 0.352808 0.000000
vt 0.952234 0.345210 0.000000
vt 0.213315 0.469586 0.000000
vt 0.210893 0.461233 0.000000
vt 0.207187 0.462223 0.000000
vt 0.150627 0.443788 0.000000
vt 0.217455 0.469564 0.000000
vt 0.028647 0.708886 0.000000
vt 0.044971 0.709967 0.000000
vt 0.228771 0.494522 0.000000
vt 0.546059 0.598658 0.000000
vt 0.554083 0.610949 0.000000
vt 0.565020 0.571650 0.000000
vt 0.299582 0.519104 0.000000
vt 0.305216 0.454331 0.000000
vt 0.312728 0.458040 0.000000
vt 0.312840 0.453197 0.000000
vt 0.579853 0.577335 0.000000
vt 0.834984 0.831241 0.000000
vt 0.264971 0.620300 0.000000
vt 0.887056 0.801463 0.000000
vt 0.900860 0.793314 0.000000
vt 0.867866 0.998333 0.000000
vt 0.887861 0.990592 0.000000
vt 0.870173 0.988847 0.000000
vt 0.581890 0.450050 0.000000
vt 0.422577 0.956726 0.000000
vt 0.401256 0.954301 0.000000
vt 0.402594 0.970668 0.000000
vt 0.400738 0.928279 0.000000
vt 0.422414 0.943477 0.000000
vt 0.411119 0.916632 0.000000
vt 0.158606 0.333539 0.000000
vt 0.725845 0.157763 0.000000
vt 0.718963 0.149784 0.000000
vt 0.311562 0.321916 0.000000
vt 0.316896 0.326931 0.000000
vt 0.534838 0.214959 0.000000
vt 0.728172 0.527021 0.000000
vt 0.286975 0.582173 0.000000
vt 0.298452 0.599278 0.000000
vt 0.291620 0.598025 0.000000
vt 0.213157 0.220091 0.000000
vt 0.210882 0.211100 0.000000
vt 0.220755 0.204353 0.000000
vt 0.226895 0.169322 0.000000
vt 0.534067 0.228514 0.000000
vt 0.548096 0.229464 0.000000
vt 0.443673 0.278239 0.000000
vt 0.443332 0.293191 0.000000
vt 0.303286 0.457729 0.000000
vt 0.218277 0.502176 0.000000
vt 0.222124 0.510629 0.000000
vt 0.222271 0.456348 0.000000
vt 0.210901 0.452515 0.000000
vt 0.215001 0.458131 0.000000
vt 0.656906 0.979458 0.000000
vt 0.193490 0.192624 0.000000
vt 0.207521 0.158316 0.000000
vt 0.386770 0.416687 0.000000
vt 0.391092 0.437425 0.000000
vt 0.462538 0.808805 0.000000
vt 0.479599 0.808805 0.000000
vt 0.462538 0.787717 0.000000
vt 0.579327 0.442311 0.000000
vt 0.593425 0.443503 0.000000
vt 0.586043 0.431059 0.000000
vt 0.871769 0.113261 0.000000
vt 0.858199 0.124811 0.000000
vt 0.864287 0.129322 0.000000
vt 0.904136 0.319464 0.000000
vt 0.881054 0.302470 0.000000
vt 0.204741 0.320419 0.000000
vt 0.163779 0.427127 0.000000
vt 0.239705 0.579114 0.000000
vt 0.235058 0.559635 0.000000
vt 0.181364 0.304806 0.000000
vt 0.197222 0.297124 0.000000
vt 0.947356 0.283371 0.000000
vt 0.530507 0.977006 0.000000
vt 0.542080 0.981268 0.000000
vt 0.562154 0.983543 0.000000
vt 0.669827 0.723766 0.000000
vt 0.322844 0.513306 0.000000
vt 0.806618 0.203654 0.000000
vt 0.789030 0.186717 0.000000
vt 0.403578 0.402756 0.000000
vt 0.396067 0.403862 0.000000
vt 0.230310 0.510305 0.000000
vt 0.240845 0.521071 0.000000
vt 0.230186 0.465286 0.000000
vt 0.397096 0.123729 0.000000
vt 0.383204 0.152431 0.000000
vt 0.253549 0.272283 0.000000
vt 0.229927 0.286684 0.000000
vt 0.694575 0.789813 0.000000
vt 0.692396 0.742246 0.000000
vt 0.007579 0.994132 0.000000
vt 0.481006 0.818805 0.000000
vt 0.793062 0.359441 0.000000
vt 0.785448 0.361233 0.000000
vt 0.795553 0.377438 0.000000
vt 0.017864 0.500835 0.000000
vt 0.031231 0.471453 0.000000
vt 0.945026 0.715889 0.000000
vt 0.953758 0.682850 0.000000
vt 0.159247 0.743881 0.000000
vt 0.171357 0.744084 0.000000
vt 0.088499 0.279372 0.000000
vt 0.081511 0.823280 0.000000
vt 0.087016 0.829799 0.000000
vt 0.093324 0.823540 0.000000
vt 0.479799 0.412561 0.000000
vt 0.369254 0.916758 0.000000
vt 0.369254 0.939881 0.000000
vt 0.588620 0.571793 0.000000
vt 0.595549 0.568361 0.000000
vt 0.575288 0.563442 0.000000
vt 0.861141 0.375410 0.000000
vt 0.360157 0.546786 0.000000
vt 0.419875 0.051857 0.000000
vt 0.400349 0.038557 0.000000
vt 0.405766 0.052955 0.000000
vt 0.151375 0.085871 0.000000
vt 0.396479 0.548268 0.000000
vt 0.384112 0.547378 0.000000
vt 0.654419 0.544266 0.000000
vt 0.620762 0.529912 0.000000
vt 0.617794 0.546320 0.000000
vt 0.642886 0.535726 0.000000
vt 0.645743 0.520983 0.000000
vt 0.738251 0.611802 0.000000
vt 0.725597 0.613770 0.000000
vt 0.784130 0.100365 0.000000
vt 0.502342 0.336551 0.000000
vt 0.816073 0.265678 0.000000
vt 0.832425 0.728397 0.000000
vt 0.848661 0.378452 0.000000
vt 0.318230 0.837198 0.000000
vt 0.315655 0.855957 0.000000
vt 0.310372 0.523853 0.000000
vt 0.304794 0.511518 0.000000
vt 0.354787 0.817295 0.000000
vt 0.715230 0.870917 0.000000
vt 0.698707 0.858253 0.000000
vt 0.704515 0.832186 0.000000
vt 0.202870 0.480785 0.000000
vt 0.388299 0.936967 0.000000
vt 0.385788 0.924243 0.000000
vt 0.280908 0.490963 0.000000
vt 0.826359 0.453671 0.000000
vt 0.804907 0.459526 0.000000
vt 0.039543 0.705253 0.000000
vt 0.717497 0.199485 0.000000
vt 0.709495 0.197648 0.000000
vt 0.342256 0.735410 0.000000
vt 0.337139 0.719722 0.000000
vt 0.802985 0.095776 0.000000
vt 0.793018 0.103683 0.000000
vt 0.856571 0.414122 0.000000
vt 0.557142 0.625954 0.000000
vt 0.560488 0.616337 0.000000
vt 0.711726 0.165363 0.000000
vt 0.836691 0.578018 0.000000
vt 0.836421 0.639461 0.000000
vt 0.842049 0.613172 0.000000
vt 0.183325 0.378356 0.000000
vt 0.399868 0.563980 0.000000
vt 0.404676 0.566442 0.000000
vt 0.916834 0.343412 0.000000
vt 0.932816 0.337147 0.000000
vt 0.132194 0.409830 0.000000
vt 0.375222 0.948632 0.000000
vt 0.061404 0.327422 0.000000
vt 0.040548 0.329077 0.000000
vt 0.093324 0.845675 0.000000
vt 0.633304 0.121191 0.000000
vt 0.208411 0.285708 0.000000
vt 0.248887 0.286936 0.000000
vt 0.186741 0.556737 0.000000
vt 0.197600 0.351521 0.000000
vt 0.172763 0.453447 0.000000
vt 0.183050 0.433709 0.000000
vt 0.158737 0.440812 0.000000
vt 0.284124 0.784495 0.000000
vt 0.269426 0.788124 0.000000
vt 0.820489 0.654241 0.000000
vt 0.840404 0.686076 0.000000
vt 0.309820 0.306037 0.000000
vt 0.171327 0.515312 0.000000
vt 0.397797 0.608030 0.000000
vt 0.206954 0.247747 0.000000
vt 0.195348 0.256810 0.000000
vt 0.205725 0.256647 0.000000
vt 0.850326 0.498718 0.000000
vt 0.893033 0.350749 0.000000
vt 0.875820 0.347558 0.000000
vt 0.866431 0.372313 0.000000
vt 0.868267 0.355294 0.000000
vt 0.172180 0.647573 0.000000
vt 0.168859 0.436398 0.000000
vt 0.167528 0.443597 0.000000
vt 0.172259 0.426429 0.000000
vt 0.830006 0.620086 0.000000
vt 0.799581 0.610954 0.000000
vt 0.725289 0.769094 0.000000
vt 0.297657 0.312582 0.000000
vt 0.188033 0.854909 0.000000
vt 0.098972 0.936291 0.000000
vt 0.110235 0.948295 0.000000
vt 0.116038 0.945556 0.000000
vt 0.400349 0.884588 0.000000
vt 0.412374 0.862519 0.000000
vt 0.423855 0.839743 0.000000
vt 0.213153 0.614907 0.000000
vt 0.221753 0.620982 0.000000
vt 0.231529 0.620125 0.000000
vt 0.223144 0.611551 0.000000
vt 0.177621 0.424094 0.000000
vt 0.293284 0.156225 0.000000
vt 0.311308 0.139296 0.000000
vt 0.823291 0.632809 0.000000
vt 0.310028 0.686239 0.000000
vt 0.300368 0.671416 0.000000
vt 0.295962 0.689640 0.000000
vt 0.697818 0.067382 0.000000
vt 0.690151 0.085078 0.000000
vt 0.714618 0.074264 0.000000
vt 0.651356 0.098102 0.000000
vt 0.001667 0.275345 0.000000
vt 0.488430 0.977847 0.000000
vt 0.250296 0.805802 0.000000
vt 0.128652 0.812176 0.000000
vt 0.252570 0.853697 0.000000
vt 0.264591 0.870416 0.000000
vt 0.292253 0.859407 0.000000
vt 0.888716 0.463075 0.000000
vt 0.876040 0.476791 0.000000
vt 0.287686 0.861621 0.000000
vt 0.323091 0.540910 0.000000
vt 0.330711 0.543139 0.000000
vt 0.328453 0.529958 0.000000
vt 0.423571 0.702909 0.000000
vt 0.435051 0.717995 0.000000
vt 0.495909 0.203400 0.000000
vt 0.487506 0.592916 0.000000
vt 0.179218 0.476148 0.000000
vt 0.170546 0.484571 0.000000
vt 0.169576 0.486904 0.000000
vt 0.273448 0.407917 0.000000
vt 0.473272 0.728841 0.000000
vt 0.402509 0.540937 0.000000
vt 0.067837 0.879835 0.000000
vt 0.062826 0.855066 0.000000
vt 0.064065 0.842322 0.000000
vt 0.330762 0.561934 0.000000
vt 0.306812 0.773299 0.000000
vt 0.625558 0.616906 0.000000
vt 0.619734 0.604892 0.000000
vt 0.230268 0.323690 0.000000
vt 0.180751 0.552059 0.000000
vt 0.989093 0.988449 0.000000
vt 0.938535 0.947775 0.000000
vt 0.897861 0.998333 0.000000
vt 0.479558 0.905796 0.000000
vt 0.474441 0.893815 0.000000
vt 0.455779 0.904134 0.000000
vt 0.391075 0.597390 0.000000
vt 0.236871 0.587426 0.000000
vt 0.336380 0.602977 0.000000
vt 0.354303 0.605690 0.000000
vt 0.589870 0.525472 0.000000
vt 0.581368 0.535358 0.000000
vt 0.592208 0.536200 0.000000
vt 0.600058 0.554046 0.000000
vt 0.598328 0.542274 0.000000
vt 0.590568 0.547634 0.000000
vt 0.206861 0.543625 0.000000
vt 0.945958 0.209136 0.000000
vt 0.325496 0.522352 0.000000
vt 0.349053 0.516649 0.000000
vt 0.337612 0.521853 0.000000
vt 0.188204 0.288121 0.000000
vt 0.751628 0.207618 0.000000
vt 0.776135 0.214425 0.000000
vt 0.996692 0.713694 0.000000
vt 0.435583 0.266706 0.000000
vt 0.603503 0.542749 0.000000
vt 0.606929 0.487572 0.000000
vt 0.252713 0.875787 0.000000
vt 0.217968 0.535051 0.000000
vt 0.388299 0.947325 0.000000
vt 0.609728 0.556006 0.000000
vt 0.229948 0.468015 0.000000
vt 0.271806 0.617358 0.000000
vt 0.897534 0.342241 0.000000
vt 0.871249 0.339626 0.000000
vt 0.887083 0.342866 0.000000
vt 0.417191 0.786434 0.000000
vt 0.415896 0.808805 0.000000
vt 0.418426 0.793159 0.000000
vt 0.255877 0.721857 0.000000
vt 0.242769 0.860092 0.000000
vt 0.925153 0.403241 0.000000
vt 0.934657 0.407930 0.000000
vt 0.935647 0.403241 0.000000
vt 0.212238 0.272694 0.000000
vt 0.200195 0.262588 0.000000
vt 0.047837 0.135455 0.000000
vt 0.063902 0.135455 0.000000
vt 0.944354 0.922093 0.000000
vt 0.952600 0.922093 0.000000
vt 0.952600 0.913223 0.000000
vt 0.966575 0.478399 0.000000
vt 0.978528 0.468811 0.000000
vt 0.509226 0.558533 0.000000
vt 0.395735 0.691047 0.000000
vt 0.949545 0.235963 0.000000
vt 0.462799 0.888939 0.000000
vt 0.436836 0.878006 0.000000
vt 0.293033 0.418994 0.000000
vt 0.295690 0.404961 0.000000
vt 0.873575 0.883079 0.000000
vt 0.863031 0.874129 0.000000
vt 0.367382 0.408213 0.000000
vt 0.513184 0.113899 0.000000
vt 0.952600 0.891966 0.000000
vt 0.944354 0.891966 0.000000
vt 0.944354 0.913223 0.000000
vt 0.621308 0.590523 0.000000
vt 0.826071 0.392682 0.000000
vt 0.830127 0.402647 0.000000
vt 0.808352 0.394660 0.000000
vt 0.818141 0.392195 0.000000
vt 0.864443 0.853085 0.000000
vt 0.881249 0.337112 0.000000
vt 0.302512 0.470833 0.000000
vt 0.157259 0.592787 0.000000
vt 0.170344 0.597086 0.000000
vt 0.176014 0.587155 0.000000
vt 0.435893 0.868434 0.000000
vt 0.115436 0.936291 0.000000
vt 0.101523 0.925399 0.000000
vt 0.270416 0.184299 0.000000
vt 0.226019 0.531632 0.000000
vt 0.748425 0.870986 0.000000
vt 0.759148 0.844914 0.000000
vt 0.392928 0.484909 0.000000
vt 0.897861 0.932593 0.000000
vt 0.052746 0.843249 0.000000
vt 0.516653 0.462561 0.000000
vt 0.502675 0.452158 0.000000
vt 0.256106 0.662086 0.000000
vt 0.250890 0.647655 0.000000
vt 0.158621 0.761601 0.000000
vt 0.485722 0.940043 0.000000
vt 0.476185 0.929359 0.000000
vt 0.731807 0.320899 0.000000
vt 0.726014 0.307768 0.000000
vt 0.757196 0.729992 0.000000
vt 0.760535 0.750012 0.000000
vt 0.884054 0.395632 0.000000
vt 0.870420 0.394862 0.000000
vt 0.138152 0.192321 0.000000
vt 0.976989 0.516977 0.000000
vt 0.057649 0.991009 0.000000
vt 0.213671 0.512253 0.000000
vt 0.866671 0.336457 0.000000
vt 0.905402 0.189665 0.000000
vt 0.880172 0.203647 0.000000
vt 0.642774 0.570367 0.000000
vt 0.378023 0.330009 0.000000
vt 0.361718 0.336896 0.000000
vt 0.375339 0.342318 0.000000
vt 0.303399 0.155379 0.000000
vt 0.827698 0.773893 0.000000
vt 0.418066 0.418086 0.000000
vt 0.859114 0.404606 0.000000
vt 0.844038 0.399948 0.000000
vt 0.906962 0.803914 0.000000
vt 0.807229 0.267761 0.000000
vt 0.512185 0.913646 0.000000
vt 0.250593 0.774218 0.000000
vt 0.222693 0.558549 0.000000
vt 0.207555 0.561605 0.000000
vt 0.402271 0.349092 0.000000
vt 0.204278 0.460803 0.000000
vt 0.692916 0.288704 0.000000
vt 0.819876 0.299344 0.000000
vt 0.403110 0.428298 0.000000
vt 0.406744 0.428761 0.000000
vt 0.406645 0.433933 0.000000
vt 0.410809 0.427559 0.000000
vt 0.911640 0.158797 0.000000
vt 0.926928 0.171819 0.000000
vt 0.135624 0.902915 0.000000
vt 0.381974 0.504542 0.000000
vt 0.858190 0.139151 0.000000
vt 0.107966 0.135455 0.000000
vt 0.116045 0.120085 0.000000
vt 0.108432 0.116501 0.000000
vt 0.241201 0.641299 0.000000
vt 0.697357 0.206065 0.000000
vt 0.700114 0.214425 0.000000
vt 0.910957 0.790085 0.000000
vt 0.332724 0.523073 0.000000
vt 0.333382 0.534899 0.000000
vt 0.813703 0.629763 0.000000
vt 0.200695 0.566006 0.000000
vt 0.410781 0.420390 0.000000
vt 0.146113 0.591071 0.000000
vt 0.217296 0.662976 0.000000
vt 0.203313 0.662438 0.000000
vt 0.022905 0.373678 0.000000
vt 0.025276 0.345926 0.000000
vt 0.013588 0.364254 0.000000
vt 0.862021 0.144827 0.000000
vt 0.866340 0.139594 0.000000
vt 0.116045 0.109820 0.000000
vt 0.107967 0.101243 0.000000
vt 0.615331 0.296463 0.000000
vt 0.598165 0.278247 0.000000
vt 0.657054 0.497616 0.000000
vt 0.547453 0.400301 0.000000
vt 0.913867 0.148267 0.000000
vt 0.308443 0.591454 0.000000
vt 0.312086 0.604491 0.000000
vt 0.934571 0.860974 0.000000
vt 0.922075 0.871818 0.000000
vt 0.952600 0.872412 0.000000
vt 0.313975 0.941260 0.000000
vt 0.313975 0.948295 0.000000
vt 0.213781 0.908258 0.000000
vt 0.885373 0.979181 0.000000
vt 0.046324 0.074202 0.000000
vt 0.404111 0.497073 0.000000
vt 0.411651 0.509518 0.000000
vt 0.404193 0.502297 0.000000
vt 0.208031 0.513730 0.000000
vt 0.732132 0.952649 0.000000
vt 0.346644 0.699780 0.000000
vt 0.211114 0.711048 0.000000
vt 0.217777 0.700179 0.000000
vt 0.223247 0.709726 0.000000
vt 0.018757 0.390519 0.000000
vt 0.007488 0.374484 0.000000
vt 0.591348 0.451473 0.000000
vt 0.377624 0.415395 0.000000
vt 0.864403 0.270956 0.000000
vt 0.869001 0.264664 0.000000
vt 0.856152 0.257003 0.000000
vt 0.856163 0.272867 0.000000
vt 0.850816 0.263939 0.000000
vt 0.481843 0.858928 0.000000
vt 0.042908 0.362461 0.000000
vt 0.853973 0.705331 0.000000
vt 0.857504 0.680564 0.000000
vt 0.233070 0.640936 0.000000
vt 0.238875 0.652922 0.000000
vt 0.239277 0.645623 0.000000
vt 0.244389 0.650671 0.000000
vt 0.212075 0.010942 0.000000
vt 0.218111 0.004852 0.000000
vt 0.233185 0.003308 0.000000
vt 0.750065 0.736008 0.000000
vt 0.858634 0.248697 0.000000
vt 0.746458 0.708133 0.000000
vt 0.938901 0.577688 0.000000
vt 0.752102 0.688072 0.000000
vt 0.043367 0.534957 0.000000
vt 0.180064 0.605288 0.000000
vt 0.160804 0.603117 0.000000
vt 0.021609 0.534957 0.000000
vt 0.021609 0.518718 0.000000
vt 0.201691 0.650837 0.000000
vt 0.438995 0.657253 0.000000
vt 0.198445 0.863568 0.000000
vt 0.203302 0.332085 0.000000
vt 0.193086 0.336001 0.000000
vt 0.233710 0.762574 0.000000
vt 0.672669 0.740302 0.000000
vt 0.157144 0.554439 0.000000
vt 0.166155 0.558865 0.000000
vt 0.065447 0.803280 0.000000
vt 0.299093 0.602612 0.000000
vt 0.327929 0.687198 0.000000
vt 0.001667 0.522128 0.000000
vt 0.867205 0.289880 0.000000
vt 0.859661 0.276136 0.000000
vt 0.697144 0.595032 0.000000
vt 0.766575 0.091542 0.000000
vt 0.754598 0.095646 0.000000
vt 0.767942 0.106396 0.000000
vt 0.255790 0.410443 0.000000
vt 0.703049 0.642661 0.000000
vt 0.077224 0.347661 0.000000
vt 0.254528 0.108727 0.000000
vt 0.272203 0.133882 0.000000
vt 0.268175 0.114599 0.000000
vt 0.854348 0.148779 0.000000
vt 0.857821 0.158200 0.000000
vt 0.038308 0.309189 0.000000
vt 0.030610 0.302907 0.000000
vt 0.020141 0.304339 0.000000
vt 0.303125 0.598001 0.000000
vt 0.411978 0.559944 0.000000
vt 0.423585 0.565320 0.000000
vt 0.483541 0.189904 0.000000
vt 0.721532 0.287746 0.000000
vt 0.684029 0.661911 0.000000
vt 0.610289 0.675050 0.000000
vt 0.369068 0.487227 0.000000
vt 0.352874 0.494139 0.000000
vt 0.367886 0.496890 0.000000
vt 0.376606 0.501827 0.000000
vt 0.698268 0.648795 0.000000
vt 0.149710 0.715703 0.000000
vt 0.382655 0.691904 0.000000
vt 0.300692 0.751819 0.000000
vt 0.582156 0.280251 0.000000
vt 0.600984 0.296120 0.000000
vt 0.042933 0.649209 0.000000
vt 0.205678 0.226396 0.000000
vt 0.190937 0.234542 0.000000
vt 0.017401 0.832390 0.000000
vt 0.723921 0.143866 0.000000
vt 0.705605 0.128612 0.000000
vt 0.719134 0.136766 0.000000
vt 0.215847 0.717089 0.000000
vt 0.421886 0.904102 0.000000
vt 0.282914 0.826911 0.000000
vt 0.291329 0.839465 0.000000
vt 0.304171 0.850845 0.000000
vt 0.692877 0.071961 0.000000
vt 0.322666 0.773778 0.000000
vt 0.165516 0.387900 0.000000
vt 0.163192 0.401804 0.000000
vt 0.433959 0.897438 0.000000
vt 0.203751 0.586508 0.000000
vt 0.196747 0.582474 0.000000
vt 0.116404 0.532757 0.000000
vt 0.765636 0.651221 0.000000
vt 0.754465 0.638818 0.000000
vt 0.431908 0.894102 0.000000
vt 0.344133 0.489352 0.000000
vt 0.339897 0.485330 0.000000
vt 0.017440 0.468093 0.000000
vt 0.746999 0.401991 0.000000
vt 0.649363 0.636889 0.000000
vt 0.652525 0.629335 0.000000
vt 0.802386 0.083408 0.000000
vt 0.351984 0.480033 0.000000
vt 0.041044 0.481999 0.000000
vt 0.868545 0.892555 0.000000
vt 0.836892 0.899679 0.000000
vt 0.140270 0.540808 0.000000
vt 0.097837 0.883306 0.000000
vt 0.616845 0.572024 0.000000
vt 0.374607 0.960222 0.000000
vt 0.270832 0.978223 0.000000
vt 0.265029 0.364293 0.000000
vt 0.287715 0.302989 0.000000
vt 0.483285 0.666706 0.000000
vt 0.502616 0.647180 0.000000
vt 0.255992 0.448960 0.000000
vt 0.020793 0.092279 0.000000
vt 0.271647 0.404890 0.000000
vt 0.172779 0.478844 0.000000
vt 0.168755 0.470712 0.000000
vt 0.449360 0.848339 0.000000
vt 0.010177 0.536911 0.000000
vt 0.387944 0.569036 0.000000
vt 0.865072 0.982096 0.000000
vt 0.859170 0.989986 0.000000
vt 0.278168 0.246891 0.000000
vt 0.276880 0.259992 0.000000
vt 0.272179 0.231822 0.000000
vt 0.286557 0.237997 0.000000
vt 0.107428 0.868219 0.000000
vt 0.307500 0.343136 0.000000
vt 0.310778 0.769412 0.000000
vt 0.515398 0.232410 0.000000
vt 0.522087 0.211975 0.000000
vt 0.517136 0.196538 0.000000
vt 0.760938 0.783670 0.000000
vt 0.250740 0.548718 0.000000
vt 0.125471 0.507019 0.000000
vt 0.130675 0.498412 0.000000
vt 0.164275 0.455736 0.000000
vt 0.171776 0.460425 0.000000
vt 0.920026 0.866808 0.000000
vt 0.678170 0.086744 0.000000
vt 0.223174 0.461177 0.000000
vt 0.220436 0.461591 0.000000
vt 0.506830 0.291173 0.000000
vt 0.499164 0.292374 0.000000
vt 0.819801 0.436135 0.000000
vt 0.901403 0.140888 0.000000
vt 0.887916 0.400345 0.000000
vt 0.498377 0.782146 0.000000
vt 0.491690 0.808805 0.000000
vt 0.504726 0.787717 0.000000
vt 0.354355 0.328426 0.000000
vt 0.345620 0.352792 0.000000
vt 0.151425 0.663212 0.000000
vt 0.321882 0.395628 0.000000
vt 0.448230 0.334684 0.000000
vt 0.586277 0.998333 0.000000
vt 0.572155 0.977988 0.000000
vt 0.806117 0.795299 0.000000
vt 0.121627 0.795975 0.000000
vt 0.905110 0.284481 0.000000
vt 0.088972 0.950576 0.000000
vt 0.607225 0.656384 0.000000
vt 0.905614 0.296000 0.000000
vt 0.225401 0.624982 0.000000
vt 0.666415 0.251748 0.000000
vt 0.646710 0.272601 0.000000
vt 0.652264 0.281785 0.000000
vt 0.685196 0.297365 0.000000
vt 0.183339 0.508154 0.000000
vt 0.407664 0.942236 0.000000
vt 0.208929 0.520101 0.000000
vt 0.316442 0.456824 0.000000
vt 0.521457 0.979703 0.000000
vt 0.499419 0.998333 0.000000
vt 0.523364 0.990607 0.000000
vt 0.633557 0.306263 0.000000
vt 0.636473 0.288918 0.000000
vt 0.633557 0.287406 0.000000
vt 0.323733 0.998333 0.000000
vt 0.104658 0.261698 0.000000
vt 0.366654 0.425260 0.000000
vt 0.141936 0.212172 0.000000
vt 0.003933 0.826099 0.000000
vt 0.269965 0.266406 0.000000
vt 0.264709 0.276158 0.000000
vt 0.265873 0.289264 0.000000
vt 0.598051 0.666380 0.000000
vt 0.762939 0.156307 0.000000
vt 0.128872 0.485850 0.000000
vt 0.305724 0.644996 0.000000
vt 0.927777 0.860062 0.000000
vt 0.636473 0.307006 0.000000
vt 0.349302 0.748139 0.000000
vt 0.361157 0.735527 0.000000
vt 0.088298 0.963827 0.000000
vt 0.533201 0.945011 0.000000
vt 0.551368 0.942496 0.000000
vt 0.388299 0.966661 0.000000
vt 0.308118 0.534141 0.000000
vt 0.321786 0.536733 0.000000
vt 0.574904 0.021228 0.000000
vt 0.559636 0.027319 0.000000
vt 0.565471 0.037569 0.000000
vt 0.823874 0.168200 0.000000
vt 0.134943 0.144096 0.000000
vt 0.143751 0.151030 0.000000
vt 0.294673 0.520558 0.000000
vt 0.691413 0.351254 0.000000
vt 0.680957 0.357207 0.000000
vt 0.694730 0.358377 0.000000
vt 0.938170 0.476002 0.000000
vt 0.475533 0.593743 0.000000
vt 0.405072 0.643799 0.000000
vt 0.716433 0.231310 0.000000
vt 0.074758 0.181102 0.000000
vt 0.644004 0.206514 0.000000
vt 0.400868 0.482199 0.000000
vt 0.698024 0.615757 0.000000
vt 0.626068 0.574086 0.000000
vt 0.659340 0.585763 0.000000
vt 0.939032 0.671961 0.000000
vt 0.658225 0.966085 0.000000
vt 0.583654 0.539376 0.000000
vt 0.316995 0.127474 0.000000
vt 0.504726 0.808805 0.000000
vt 0.762776 0.895068 0.000000
vt 0.474998 0.453111 0.000000
vt 0.028147 0.279281 0.000000
vt 0.038308 0.265718 0.000000
vt 0.034735 0.064687 0.000000
vt 0.871769 0.150337 0.000000
vt 0.865992 0.150522 0.000000
vt 0.419217 0.056484 0.000000
vt 0.427403 0.580673 0.000000
vt 0.283384 0.998333 0.000000
vt 0.652150 0.214425 0.000000
vt 0.665530 0.622301 0.000000
vt 0.223179 0.535439 0.000000
vt 0.131805 0.056513 0.000000
vt 0.138386 0.025251 0.000000
vt 0.146506 0.031227 0.000000
vt 0.965314 0.506977 0.000000
vt 0.001667 0.976150 0.000000
vt 0.318472 0.488482 0.000000
vt 0.005868 0.123625 0.000000
vt 0.377614 0.625868 0.000000
vt 0.869113 0.404028 0.000000
vt 0.873335 0.384530 0.000000
vt 0.085538 0.925709 0.000000
vt 0.164259 0.528678 0.000000
vt 0.200757 0.741424 0.000000
vt 0.660256 0.592919 0.000000
vt 0.819331 0.724249 0.000000
vt 0.819460 0.716608 0.000000
vt 0.264793 0.404997 0.000000
vt 0.700579 0.327215 0.000000
vt 0.692984 0.341253 0.000000
vt 0.702919 0.332768 0.000000
vt 0.857751 0.381165 0.000000
vt 0.307421 0.595671 0.000000
vt 0.925532 0.895967 0.000000
vt 0.065447 0.745421 0.000000
vt 0.047499 0.735596 0.000000
vt 0.056895 0.750392 0.000000
vt 0.061129 0.731433 0.000000
vt 0.698186 0.301821 0.000000
vt 0.377655 0.507902 0.000000
vt 0.005449 0.755967 0.000000
vt 0.897861 0.560688 0.000000
vt 0.601148 0.480037 0.000000
vt 0.733724 0.912797 0.000000
vt 0.289025 0.260704 0.000000
vt 0.272719 0.286526 0.000000
vt 0.083562 0.848109 0.000000
vt 0.808449 0.881058 0.000000
vt 0.147153 0.722622 0.000000
vt 0.120498 0.017561 0.000000
vt 0.137136 0.028688 0.000000
vt 0.526728 0.969025 0.000000
vt 0.511574 0.973125 0.000000
vt 0.514217 0.961074 0.000000
vt 0.383689 0.230799 0.000000
vt 0.179334 0.798023 0.000000
vt 0.302796 0.511671 0.000000
vt 0.300601 0.507889 0.000000
vt 0.295756 0.661845 0.000000
vt 0.297361 0.664762 0.000000
vt 0.340306 0.366212 0.000000
vt 0.165987 0.484745 0.000000
vt 0.505359 0.980019 0.000000
vt 0.498430 0.988721 0.000000
vt 0.941873 0.118472 0.000000
vt 0.905189 0.135863 0.000000
vt 0.909424 0.938653 0.000000
vt 0.805599 0.152163 0.000000
vt 0.795490 0.148775 0.000000
vt 0.795490 0.158200 0.000000
vt 0.815428 0.652066 0.000000
vt 0.816331 0.641261 0.000000
vt 0.715204 0.381410 0.000000
vt 0.853983 0.867581 0.000000
vt 0.343160 0.367463 0.000000
vt 0.814183 0.336910 0.000000
vt 0.835765 0.335234 0.000000
vt 0.812939 0.330851 0.000000
vt 0.111665 0.883572 0.000000
vt 0.220774 0.658145 0.000000
vt 0.114716 0.873030 0.000000
vt 0.740666 0.599344 0.000000
vt 0.037528 0.003308 0.000000
vt 0.270284 0.307681 0.000000
vt 0.673578 0.310269 0.000000
vt 0.665339 0.293608 0.000000
vt 0.805599 0.158200 0.000000
vt 0.197459 0.877861 0.000000
vt 0.218379 0.864741 0.000000
vt 0.204416 0.871633 0.000000
vt 0.761844 0.467130 0.000000
vt 0.775169 0.466615 0.000000
vt 0.861106 0.341848 0.000000
vt 0.629902 0.666206 0.000000
vt 0.786135 0.142851 0.000000
vt 0.330033 0.335915 0.000000
vt 0.646710 0.285281 0.000000
vt 0.787402 0.980325 0.000000
vt 0.115896 0.887395 0.000000
vt 0.215000 0.648264 0.000000
vt 0.072164 0.591233 0.000000
vt 0.676119 0.657507 0.000000
vt 0.666623 0.671923 0.000000
vt 0.449247 0.625289 0.000000
vt 0.231189 0.685668 0.000000
vt 0.938084 0.497128 0.000000
vt 0.929900 0.506977 0.000000
vt 0.783215 0.106396 0.000000
vt 0.958410 0.516977 0.000000
vt 0.501595 0.923906 0.000000
vt 0.916242 0.506977 0.000000
vt 0.338687 0.331585 0.000000
vt 0.810510 0.296832 0.000000
vt 0.001667 0.135455 0.000000
vt 0.344330 0.335847 0.000000
vt 0.903799 0.159357 0.000000
vt 0.881202 0.184105 0.000000
vt 0.622675 0.566457 0.000000
vt 0.382837 0.962851 0.000000
vt 0.566046 0.020478 0.000000
vt 0.525346 0.231639 0.000000
vt 0.419288 0.818805 0.000000
vt 0.445863 0.837215 0.000000
vt 0.451402 0.822439 0.000000
vt 0.498430 0.945011 0.000000
vt 0.576979 0.538517 0.000000
vt 0.348912 0.410054 0.000000
vt 0.543754 0.879111 0.000000
vt 0.302889 0.830618 0.000000
vt 0.522490 0.945011 0.000000
vt 0.936666 0.328547 0.000000
vt 0.094368 0.343169 0.000000
vt 0.702919 0.303255 0.000000
vt 0.605282 0.530273 0.000000
vt 0.408414 0.129004 0.000000
vt 0.575144 0.013837 0.000000
vt 0.456708 0.975730 0.000000
vt 0.132635 0.504606 0.000000
vt 0.976760 0.938653 0.000000
vt 0.682905 0.078992 0.000000
vt 0.685668 0.087551 0.000000
vt 0.414243 0.120585 0.000000
vt 0.107803 0.743745 0.000000
vt 0.890001 0.289370 0.000000
vt 0.197039 0.661236 0.000000
vt 0.189721 0.664052 0.000000
vt 0.001667 0.498998 0.000000
vt 0.984769 0.516977 0.000000
vt 0.467900 0.864246 0.000000
vt 0.417621 0.499674 0.000000
vt 0.809696 0.083408 0.000000
vt 0.266137 0.591882 0.000000
vt 0.253507 0.680887 0.000000
vt 0.200874 0.339448 0.000000
vt 0.578350 0.528719 0.000000
vt 0.233872 0.624900 0.000000
vt 0.980544 0.277585 0.000000
vt 0.195414 0.283383 0.000000
vt 0.744991 0.263763 0.000000
vt 0.336115 0.729079 0.000000
vt 0.162283 0.697374 0.000000
vt 0.662214 0.737289 0.000000
vt 0.691929 0.179408 0.000000
vt 0.771922 0.149250 0.000000
vt 0.808900 0.235776 0.000000
vt 0.938013 0.410023 0.000000
vt 0.648224 0.186188 0.000000
vt 0.844236 0.314873 0.000000
vt 0.372888 0.409880 0.000000
vt 0.380451 0.629045 0.000000
vt 0.278959 0.716850 0.000000
vt 0.332832 0.948295 0.000000
vt 0.043479 0.803280 0.000000
vt 0.066955 0.822952 0.000000
vt 0.624006 0.224435 0.000000
vt 0.618010 0.226760 0.000000
vt 0.623727 0.241747 0.000000
vt 0.712919 0.270856 0.000000
vt 0.643629 0.198360 0.000000
vt 0.628825 0.187721 0.000000
vt 0.557657 0.998333 0.000000
vt 0.420181 0.036088 0.000000
vt 0.752566 0.742116 0.000000
vt 0.097340 0.060551 0.000000
vt 0.514848 0.452472 0.000000
vt 0.876179 0.355570 0.000000
vt 0.910711 0.315603 0.000000
vt 0.112115 0.403342 0.000000
vt 0.409807 0.566532 0.000000
vt 0.165490 0.135385 0.000000
vt 0.255740 0.279124 0.000000
vt 0.148474 0.548089 0.000000
vt 0.286826 0.482527 0.000000
vt 0.775443 0.187834 0.000000
vt 0.818368 0.637374 0.000000
vt 0.955083 0.109799 0.000000
vt 0.894764 0.357694 0.000000
vt 0.552376 0.437625 0.000000
vt 0.835672 0.989986 0.000000
vt 0.907070 0.441244 0.000000
vt 0.597735 0.529192 0.000000
vt 0.920852 0.212070 0.000000
vt 0.627129 0.454401 0.000000
vt 0.385153 0.596028 0.000000
vt 0.255660 0.751411 0.000000
vt 0.289551 0.400381 0.000000
vt 0.285958 0.395314 0.000000
vt 0.115303 0.865981 0.000000
vt 0.214641 0.657313 0.000000
vt 0.411701 0.708193 0.000000
vt 0.091695 0.787217 0.000000
vt 0.005442 0.788191 0.000000
vt 0.577278 0.556955 0.000000
vt 0.571211 0.555141 0.000000
vt 0.418426 0.771592 0.000000
vt 0.048592 0.668442 0.000000
vt 0.452537 0.088072 0.000000
vt 0.452537 0.078359 0.000000
vt 0.792027 0.774056 0.000000
vt 0.712969 0.067382 0.000000
vt 0.924354 0.936934 0.000000
vt 0.660645 0.460649 0.000000
vt 0.768201 0.250870 0.000000
vt 0.761859 0.260292 0.000000
vt 0.584834 0.660998 0.000000
vt 0.215428 0.725231 0.000000
vt 0.298756 0.445511 0.000000
vt 0.852553 0.655902 0.000000
vt 0.001667 0.092279 0.000000
vt 0.336307 0.668049 0.000000
vt 0.356649 0.174786 0.000000
vt 0.355524 0.175461 0.000000
vt 0.911400 0.212141 0.000000
vt 0.483230 0.923599 0.000000
vt 0.219176 0.695057 0.000000
vt 0.003652 0.712649 0.000000
vt 0.337213 0.964715 0.000000
vt 0.113524 0.776337 0.000000
vt 0.785169 0.378545 0.000000
vt 0.517830 0.955011 0.000000
vt 0.913408 0.872412 0.000000
vt 0.880740 0.296010 0.000000
vt 0.712919 0.284549 0.000000
vt 0.090787 0.211459 0.000000
vt 0.461383 0.998333 0.000000
vt 0.957046 0.206453 0.000000
vt 0.356779 0.179118 0.000000
vt 0.883978 0.948431 0.000000
vt 0.474691 0.818805 0.000000
vt 0.887490 0.889971 0.000000
vt 0.788314 0.083408 0.000000
vt 0.076254 0.135455 0.000000
vt 0.052041 0.315835 0.000000
vt 0.452521 0.056484 0.000000
vt 0.915028 0.410023 0.000000
vt 0.008701 0.662832 0.000000
vt 0.032933 0.546912 0.000000
vt 0.001667 0.668442 0.000000
vt 0.098972 0.967067 0.000000
vt 0.220502 0.998333 0.000000
vt 0.101452 0.958296 0.000000
vt 0.589752 0.189462 0.000000
vt 0.704767 0.824183 0.000000
vt 0.471383 0.977847 0.000000
vt 0.074493 0.261807 0.000000
vt 0.074493 0.238206 0.000000
vt 0.061745 0.241601 0.000000
vt 0.602463 0.339136 0.000000
vt 0.624592 0.419747 0.000000
vt 0.705204 0.397618 0.000000
vt 0.058309 0.234425 0.000000
vt 0.455198 0.840867 0.000000
vt 0.304672 0.868491 0.000000
vt 0.385573 0.604615 0.000000
vt 0.002485 0.588996 0.000000
vt 0.002485 0.556205 0.000000
vt 0.001667 0.546912 0.000000
vt 0.191252 0.895168 0.000000
vt 0.001667 0.068612 0.000000
vt 0.488430 0.949317 0.000000
vt 0.870226 0.489642 0.000000
vt 0.092004 0.854626 0.000000
vt 0.186909 0.961368 0.000000
vt 0.178418 0.958476 0.000000
vt 0.187921 0.968314 0.000000
vt 0.488430 0.998333 0.000000
vt 0.115436 0.925399 0.000000
vt 0.058350 0.258982 0.000000
# 3010 texture coordinates

o 4
usemtl Default_1
f 2/3/3 3/2/2 4/1/1
f 5/7/6 6/6/5 7/5/4
f 8/10/9 9/9/8 10/8/7
f 11/13/12 12/12/11 13/11/10
f 14/16/15 15/15/14 16/14/13
f 1794/19/18 2249/18/17 1651/17/16
f 20/22/21 21/21/20 22/20/19
f 1909/25/24 23/24/23 24/23/22
f 22/20/19 21/21/20 26/26/25
f 22/29/19 27/28/27 25/27/26
f 29/32/30 30/31/29 28/30/28
f 607/35/33 31/34/32 32/33/31
f 30/31/29 29/32/30 33/36/34
f 33/36/34 29/32/30 34/37/35
f 27/38/27 22/20/19 26/26/25
f 35/41/38 36/40/37 37/39/36
f 37/39/36 36/40/37 38/42/39
f 32/33/31 39/44/41 40/43/40
f 41/47/44 42/46/43 43/45/42
f 44/50/47 45/49/46 46/48/45
f 47/53/50 48/52/49 49/51/48
f 50/56/53 51/55/52 148/54/51
f 52/59/56 53/58/55 54/57/54
f 55/62/59 56/61/58 57/60/57
f 58/65/62 59/64/61 60/63/60
f 61/68/65 62/67/64 63/66/63
f 64/71/68 65/70/67 66/69/66
f 67/74/71 68/73/70 69/72/69
f 61/68/65 70/76/73 71/75/72
f 72/79/76 73/78/75 74/77/74
f 75/82/79 76/81/78 77/80/77
f 78/85/82 80/84/81 81/83/80
f 82/87/84 148/54/51 83/86/83
f 79/90/87 84/89/86 85/88/85
f 88/93/90 87/92/89 89/91/88
f 90/96/93 91/95/92 92/94/91
f 95/98/95 85/88/85 93/97/94
f 96/101/98 97/100/97 98/99/96
f 99/104/101 100/103/100 101/102/99
f 102/106/103 103/105/102 95/98/95
f 104/109/106 105/108/105 106/107/104
f 107/112/109 108/111/108 109/110/107
f 110/114/111 96/101/98 111/113/110
f 94/117/113 112/116/112 93/115/94
f 95/98/95 113/118/114 102/106/103
f 114/121/117 115/120/116 116/119/115
f 93/97/94 113/118/114 95/98/95
f 113/118/114 93/97/94 112/122/112
f 115/120/116 114/121/117 119/123/118
f 120/124/119 115/120/116 119/123/118
f 122/125/120 113/118/114 112/122/112
f 102/106/103 123/127/122 124/126/121
f 118/130/125 126/129/124 127/128/123
f 120/124/119 116/119/115 115/120/116
f 102/106/103 113/118/114 122/125/120
f 128/133/128 129/132/127 130/131/126
f 133/134/129 102/106/103 122/125/120
f 134/137/132 135/136/131 136/135/130
f 112/116/112 125/139/134 138/138/133
f 138/140/133 122/125/120 112/122/112
f 139/143/137 140/142/136 141/141/135
f 143/146/140 144/145/139 145/144/138
f 122/125/120 138/140/133 146/147/141
f 1691/150/144 788/149/143 1690/148/142
f 147/151/145 138/138/133 125/139/134
f 122/125/120 146/147/141 137/152/146
f 1762/155/149 1761/154/148 17/153/147
f 17/153/147 990/156/150 1762/155/149
f 150/159/153 151/158/152 152/157/151
f 138/140/133 153/160/154 146/147/141
f 153/160/154 138/140/133 149/161/155
f 154/164/158 155/163/157 156/162/156
f 157/167/161 158/166/160 159/165/159
f 149/161/155 160/168/162 153/160/154
f 147/151/145 161/170/163 149/169/155
f 162/172/165 144/145/139 163/171/164
f 161/173/163 160/168/162 149/161/155
f 147/151/145 164/174/166 161/170/163
f 165/176/168 166/175/167 123/127/122
f 137/152/146 153/160/154 160/168/162
f 2402/179/170 2401/178/169 1690/177/142
f 17/153/147 1761/154/148 1907/180/171
f 567/183/174 2205/182/173 1313/181/172
f 101/186/99 693/185/176 550/184/175
f 170/189/179 174/188/178 169/187/177
f 500/190/180 30/31/29 42/46/43
f 537/193/183 230/192/182 231/191/181
f 175/195/184 164/194/166 151/158/152
f 1372/198/187 894/197/186 2357/196/185
f 1587/201/190 939/200/189 2404/199/188
f 649/204/193 648/203/192 2387/202/191
f 567/207/174 1313/206/172 437/205/194
f 229/210/197 2424/209/196 213/208/195
f 178/211/198 137/152/146 160/168/162
f 179/212/199 161/170/163 164/174/166
f 161/173/163 179/213/199 160/168/162
f 178/211/198 160/168/162 179/213/199
f 180/216/202 181/215/201 182/214/200
f 183/219/205 2137/218/204 184/217/203
f 166/175/167 165/176/168 185/220/206
f 186/223/209 187/222/208 188/221/207
f 190/226/212 191/225/211 189/224/210
f 192/227/213 190/226/212 189/224/210
f 192/227/213 189/224/210 191/225/211
f 187/222/208 193/228/214 188/221/207
f 194/231/217 195/230/216 196/229/215
f 197/234/220 198/233/219 199/232/218
f 200/237/223 201/236/222 202/235/221
f 203/240/226 204/239/225 205/238/224
f 206/243/229 207/242/228 208/241/227
f 209/244/230 206/243/229 208/241/227
f 209/244/230 208/241/227 207/242/228
f 210/247/233 211/246/232 212/245/231
f 209/244/230 215/248/234 206/243/229
f 215/248/234 216/249/235 206/243/229
f 217/252/238 218/251/237 219/250/236
f 209/244/230 220/254/240 221/253/239
f 216/249/235 215/248/234 222/255/241
f 222/255/241 215/248/234 223/256/242
f 209/244/230 223/256/242 215/248/234
f 223/256/242 209/244/230 221/253/239
f 221/253/239 222/255/241 223/256/242
f 224/259/245 225/258/244 226/257/243
f 227/261/247 228/260/246 229/210/197
f 230/192/182 221/253/239 231/191/181
f 232/263/249 231/191/181 233/262/248
f 234/266/252 235/265/251 236/264/250
f 237/269/255 238/268/254 1203/267/253
f 239/272/258 240/271/257 241/270/256
f 242/275/261 243/274/260 244/273/259
f 245/278/264 246/277/263 247/276/262
f 248/281/267 249/280/266 250/279/265
f 251/284/270 252/283/269 253/282/268
f 260/287/273 261/286/272 262/285/271
f 268/290/276 263/289/275 264/288/274
f 265/293/279 266/292/278 267/291/277
f 270/296/282 271/295/281 272/294/280
f 273/299/285 274/298/284 275/297/283
f 269/302/288 278/301/287 277/300/286
f 279/304/290 247/276/262 280/303/289
f 269/302/288 283/305/291 278/301/287
f 284/308/294 285/307/293 286/306/292
f 278/301/287 283/305/291 287/309/295
f 288/312/298 289/311/297 290/310/296
f 291/315/301 293/314/300 292/313/299
f 987/318/304 294/317/303 295/316/302
f 296/321/307 297/320/306 298/319/305
f 299/324/310 300/323/309 301/322/308
f 302/325/311 301/322/308 300/323/309
f 299/324/310 302/325/311 300/323/309
f 303/328/314 304/327/313 305/326/312
f 306/331/317 307/330/316 308/329/315
f 866/334/320 1451/333/319 856/332/318
f 1260/336/322 786/335/321 1691/150/144
f 516/339/325 353/338/324 2234/337/323
f 468/342/328 1448/341/327 938/340/326
f 1556/345/331 1959/344/330 1394/343/329
f 314/346/332 307/330/316 306/331/317
f 306/331/317 313/347/333 314/346/332
f 315/350/336 316/349/335 317/348/334
f 318/353/339 319/352/338 320/351/337
f 321/355/341 322/354/340 320/351/337
f 38/356/39 64/71/68 66/69/66
f 325/359/344 326/358/343 327/357/342
f 328/362/347 329/361/346 330/360/345
f 331/365/350 332/364/349 333/363/348
f 334/367/352 332/364/349 335/366/351
f 308/329/315 336/369/354 337/368/353
f 340/372/357 341/371/356 342/370/355
f 347/375/360 348/374/359 349/373/358
f 350/378/362 351/377/361 139/376/137
f 352/380/364 353/338/324 354/379/363
f 355/383/367 356/382/366 357/381/365
f 358/386/370 359/385/369 360/384/368
f 361/389/373 362/388/372 363/387/371
f 364/391/375 365/390/374 354/379/363
f 366/394/378 367/393/377 368/392/376
f 369/397/381 370/396/380 371/395/379
f 372/400/384 1855/399/383 373/398/382
f 374/402/386 375/401/385 361/389/373
f 17/153/147 376/404/388 377/403/387
f 378/407/391 379/406/390 380/405/389
f 383/410/394 384/409/393 385/408/392
f 386/413/397 387/412/396 388/411/395
f 389/416/400 390/415/399 391/414/398
f 392/419/403 1518/418/402 393/417/401
f 394/422/406 395/421/405 396/420/404
f 397/425/409 398/424/408 399/423/407
f 400/428/412 401/427/411 402/426/410
f 403/431/415 404/430/414 405/429/413
f 406/434/418 407/433/417 408/432/416
f 349/373/358 411/435/419 347/375/360
f 412/438/422 413/437/421 414/436/420
f 415/441/425 416/440/424 417/439/423
f 418/444/428 419/443/427 259/442/426
f 420/447/431 382/446/430 421/445/429
f 422/450/434 1816/449/433 423/448/432
f 424/453/437 425/452/436 426/451/435
f 427/456/440 428/455/439 429/454/438
f 430/459/443 431/458/442 432/457/441
f 433/462/446 434/461/445 435/460/444
f 436/463/447 326/358/343 437/205/194
f 440/466/450 441/465/449 442/464/448
f 443/469/453 444/468/452 1271/467/451
f 445/471/455 3/2/2 446/470/454
f 259/442/426 449/473/457 450/472/456
f 455/476/460 456/475/459 457/474/458
f 91/95/92 90/96/93 458/477/461
f 459/480/464 460/479/463 461/478/462
f 462/483/467 463/482/466 464/481/465
f 465/486/470 466/485/469 467/484/468
f 468/342/328 469/488/472 470/487/471
f 471/489/473 128/133/128 130/131/126
f 473/492/476 474/491/475 475/490/474
f 476/495/479 477/494/478 478/493/477
f 479/498/482 480/497/481 481/496/480
f 482/501/485 483/500/484 484/499/483
f 130/131/126 485/502/486 126/129/124
f 486/505/489 487/504/488 488/503/487
f 489/508/492 490/507/491 491/506/490
f 492/511/495 493/510/494 494/509/493
f 1909/25/24 497/513/497 498/512/496
f 499/514/498 500/190/180 42/46/43
f 501/517/501 502/516/500 503/515/499
f 504/520/504 505/519/503 982/518/502
f 506/523/507 507/522/506 508/521/505
f 260/287/273 509/525/509 510/524/508
f 513/528/512 514/527/511 515/526/510
f 516/339/325 517/530/514 518/529/513
f 519/533/517 520/532/516 521/531/515
f 522/536/520 523/535/519 524/534/518
f 525/539/523 926/538/522 526/537/521
f 527/542/526 528/541/525 529/540/524
f 530/545/529 534/544/528 531/543/527
f 532/547/531 533/546/530 534/544/528
f 271/295/281 535/549/533 536/548/532
f 232/263/249 1549/550/534 537/193/183
f 295/316/302 294/317/303 538/551/535
f 541/554/538 542/553/537 543/552/536
f 544/557/541 545/556/540 546/555/539
f 548/559/543 549/558/542 550/184/175
f 69/72/69 88/561/90 89/560/88
f 551/564/546 552/563/545 553/562/544
f 204/239/225 554/566/548 555/565/547
f 147/151/145 149/169/155 138/138/133
f 1794/19/18 1651/17/16 367/393/377
f 556/569/551 557/568/550 558/567/549
f 48/52/49 561/570/552 49/51/48
f 564/573/555 565/572/554 566/571/553
f 326/358/343 567/207/174 437/205/194
f 556/569/551 558/567/549 568/574/556
f 569/577/559 570/576/558 571/575/557
f 572/580/562 573/579/561 574/578/560
f 572/580/562 574/578/560 575/581/563
f 576/584/566 577/583/565 578/582/564
f 579/586/568 556/569/551 580/585/567
f 581/589/571 582/588/570 583/587/569
f 212/245/231 584/590/572 210/247/233
f 433/462/446 435/460/444 585/591/573
f 588/594/576 589/593/575 590/592/574
f 591/597/579 592/596/578 593/595/577
f 594/600/582 595/599/581 596/598/580
f 597/603/585 598/602/584 811/601/583
f 599/606/588 600/605/587 601/604/586
f 601/608/586 462/483/467 599/607/588
f 129/132/127 602/610/590 603/609/589
f 227/261/247 604/612/592 605/611/591
f 606/614/594 607/35/33 608/613/593
f 609/616/596 610/615/595 514/527/511
f 342/370/355 611/618/598 612/617/597
f 551/564/546 613/620/600 614/619/599
f 493/510/494 615/621/601 494/509/493
f 616/623/603 548/559/543 617/622/602
f 618/626/605 619/625/604 565/624/554
f 620/628/607 618/626/605 621/627/606
f 220/254/240 622/630/609 623/629/608
f 182/214/200 181/215/201 624/631/610
f 250/279/265 625/633/612 626/632/611
f 627/636/615 628/635/614 629/634/613
f 630/639/618 631/638/617 632/637/616
f 633/642/621 634/641/620 635/640/619
f 636/645/624 637/644/623 638/643/622
f 641/647/626 393/417/401 642/646/625
f 643/649/628 642/646/625 644/648/627
f 103/105/102 100/651/100 99/650/101
f 645/653/630 86/652/629 80/84/81
f 647/654/631 648/203/192 649/204/193
f 650/656/633 651/655/632 235/265/251
f 652/658/635 628/635/614 653/657/634
f 654/661/638 655/660/637 656/659/636
f 656/659/636 441/465/449 440/466/450
f 657/663/640 658/662/639 205/238/224
f 659/666/643 660/665/642 661/664/641
f 662/669/646 663/668/645 664/667/644
f 665/672/649 666/671/648 667/670/647
f 305/326/312 668/674/651 669/673/650
f 670/677/654 671/676/653 672/675/652
f 673/679/656 674/678/655 597/603/585
f 675/682/659 676/681/658 677/680/657
f 678/683/660 519/533/517 521/531/515
f 679/686/663 680/685/662 681/684/661
f 682/689/666 683/688/665 684/687/664
f 685/692/668 686/691/667 637/690/623
f 687/694/670 670/677/654 688/693/669
f 689/697/673 690/696/672 691/695/671
f 692/699/674 99/698/101 101/186/99
f 550/184/175 693/185/176 548/559/543
f 694/700/675 318/353/339 355/383/367
f 697/703/678 698/702/677 699/701/676
f 701/706/681 702/705/680 703/704/679
f 704/709/684 705/708/683 706/707/682
f 593/595/577 592/596/578 707/710/685
f 708/713/688 709/712/687 710/711/686
f 714/716/691 715/715/690 716/714/689
f 449/473/457 717/718/693 718/717/692
f 719/721/696 720/720/695 721/719/694
f 722/724/699 723/723/698 1538/722/697
f 627/636/615 653/657/634 628/635/614
f 724/726/701 725/725/700 460/479/463
f 726/729/704 727/728/703 728/727/702
f 729/732/707 731/731/706 730/730/705
f 269/302/288 277/300/286 731/731/706
f 732/735/710 733/734/709 734/733/708
f 735/738/713 736/737/712 737/736/711
f 738/741/716 1019/740/715 739/739/714
f 740/744/719 741/743/718 742/742/717
f 313/347/333 306/331/317 743/745/720
f 421/445/429 715/715/690 744/746/721
f 745/749/724 746/748/723 747/747/722
f 748/752/727 749/751/726 750/750/725
f 751/755/730 752/754/729 753/753/728
f 753/753/728 754/757/732 755/756/731
f 602/610/590 485/502/486 603/609/589
f 756/760/735 757/759/734 758/758/733
f 759/763/738 760/762/737 540/761/736
f 593/595/577 707/710/685 761/764/739
f 762/766/741 763/765/740 748/752/727
f 1102/767/742 576/584/566 578/582/564
f 765/770/745 766/769/744 767/768/743
f 768/773/748 769/772/747 770/771/746
f 773/776/751 1176/775/750 495/774/749
f 774/779/754 775/778/753 883/777/752
f 776/780/755 233/262/248 231/191/181
f 547/783/758 777/782/757 778/781/756
f 780/785/760 781/784/759 317/348/334
f 717/718/693 507/522/506 718/717/692
f 782/787/762 233/262/248 783/786/761
f 784/789/764 547/783/758 785/788/763
f 786/335/321 787/790/765 788/149/143
f 789/793/768 790/792/767 791/791/766
f 792/796/771 793/795/770 794/794/769
f 795/798/773 796/797/772 792/796/771
f 797/801/776 798/800/775 799/799/774
f 800/804/779 696/803/778 801/802/777
f 794/794/769 802/805/780 792/796/771
f 803/808/783 804/807/782 805/806/781
f 806/811/786 807/810/785 808/809/784
f 1707/813/788 701/706/681 809/812/787
f 810/814/789 106/107/104 105/108/105
f 82/815/84 811/601/583 598/602/584
f 813/818/792 814/817/791 815/816/790
f 1496/820/794 790/792/767 816/819/793
f 817/821/795 425/452/436 424/453/437
f 819/824/798 818/823/797 779/822/796
f 345/827/801 820/826/800 346/825/799
f 824/830/804 825/829/803 826/828/802
f 385/408/392 827/831/805 383/410/394
f 827/834/805 572/833/562 828/832/806
f 829/837/809 830/836/808 831/835/807
f 388/411/395 387/412/396 832/838/810
f 330/360/345 833/840/812 834/839/811
f 835/842/813 706/707/682 834/841/811
f 837/844/815 195/230/216 838/843/814
f 50/56/53 70/76/73 839/845/816
f 840/847/818 498/512/496 841/846/817
f 844/850/821 845/849/820 846/848/819
f 847/853/824 848/852/823 849/851/822
f 850/856/827 851/855/826 852/854/825
f 853/858/829 96/101/98 854/857/828
f 855/861/832 712/860/831 711/859/830
f 856/332/318 34/37/35 857/862/833
f 858/865/836 859/864/835 1970/863/834
f 849/851/822 860/867/838 861/866/837
f 862/870/841 863/869/840 864/868/839
f 867/873/844 868/872/843 869/871/842
f 870/876/847 871/875/846 872/874/845
f 870/876/847 873/878/849 874/877/848
f 875/881/852 876/880/851 877/879/850
f 878/882/853 876/880/851 875/881/852
f 879/885/856 880/884/855 881/883/854
f 478/493/477 477/494/478 882/886/857
f 479/498/482 482/501/485 438/887/858
f 885/888/859 729/732/707 730/730/705
f 886/891/862 887/890/861 1282/889/860
f 234/266/252 236/264/250 888/892/863
f 664/667/644 650/656/633 662/669/646
f 889/895/866 890/894/865 891/893/864
f 892/897/868 893/896/867 894/197/186
f 895/898/869 679/686/663 681/684/661
f 896/901/872 897/900/871 898/899/870
f 899/903/874 584/590/572 900/902/873
f 1557/906/877 901/905/876 902/904/875
f 736/909/712 903/908/879 904/907/878
f 905/912/881 906/911/880 475/910/474
f 907/915/884 908/914/883 909/913/882
f 910/918/887 911/917/886 912/916/885
f 913/921/890 914/920/889 915/919/888
f 916/924/893 917/923/892 918/922/891
f 860/867/838 919/925/894 861/866/837
f 920/927/896 921/926/895 682/689/666
f 2032/929/898 68/73/70 922/928/897
f 923/932/901 924/931/900 925/930/899
f 372/400/384 373/398/382 926/933/522
f 927/936/904 928/935/903 929/934/902
f 390/415/399 930/938/906 931/937/905
f 932/941/909 933/940/908 934/939/907
f 935/944/912 936/943/911 937/942/910
f 469/488/472 938/340/326 939/200/189
f 940/947/915 941/946/914 942/945/913
f 943/949/917 944/948/916 709/712/687
f 945/952/920 946/951/919 947/950/918
f 948/955/923 949/954/922 950/953/921
f 927/958/904 951/957/925 952/956/924
f 207/242/228 206/243/229 953/959/926
f 2295/961/928 954/960/927 220/254/240
f 225/258/244 224/259/245 955/962/929
f 956/963/930 748/752/727 750/750/725
f 958/965/932 456/475/459 496/964/931
f 617/622/602 873/878/849 616/623/603
f 959/967/934 960/966/933 134/137/132
f 961/969/936 959/967/934 962/968/935
f 963/972/939 964/971/938 965/970/937
f 481/496/480 966/973/940 479/498/482
f 967/976/943 968/975/942 969/974/941
f 971/978/945 363/387/371 972/977/944
f 973/981/948 974/980/947 812/979/946
f 975/984/951 976/983/950 977/982/949
f 978/985/952 705/708/683 704/709/684
f 979/988/955 980/987/954 981/986/953
f 2026/990/956 982/518/502 979/989/955
f 983/993/958 49/992/48 562/991/957
f 987/318/304 988/995/960 989/994/959
f 990/156/150 991/997/962 992/996/961
f 993/1000/965 994/999/964 995/998/963
f 996/1002/967 385/408/392 997/1001/966
f 996/1002/967 274/298/284 490/507/491
f 998/1005/970 999/1004/969 1000/1003/968
f 673/679/656 597/603/585 1001/1006/971
f 1002/1007/972 980/987/954 979/988/955
f 736/909/712 904/907/878 1003/1008/973
f 1004/1011/976 1005/1010/975 1006/1009/974
f 1007/1012/977 1005/1010/975 1004/1011/976
f 1008/1015/980 1989/1014/979 1009/1013/978
f 1010/1018/983 1011/1017/982 1012/1016/981
f 1013/1020/985 1014/1019/984 608/613/593
f 1015/1022/987 1014/1019/984 1016/1021/986
f 1017/1025/990 772/1024/989 1018/1023/988
f 739/739/714 1019/740/715 1020/1026/991
f 1021/1028/993 697/703/678 1022/1027/992
f 698/702/677 697/703/678 1021/1028/993
f 778/781/756 777/782/757 1023/1029/994
f 1024/1032/997 1025/1031/996 1026/1030/995
f 1027/1034/999 1028/1033/998 535/549/533
f 279/304/290 280/303/289 1029/1035/1000
f 1030/1038/1003 1031/1037/1002 1032/1036/1001
f 1033/1041/1006 1034/1040/1005 1035/1039/1004
f 792/1044/771 802/1043/780 795/1042/773
f 1036/1047/1009 1037/1046/1008 1038/1045/1007
f 1039/1049/1011 621/627/606 1040/1048/1010
f 334/367/352 1041/1051/1012 565/1050/554
f 424/453/437 426/451/435 1042/1052/1013
f 1043/1055/1016 1044/1054/1015 1045/1053/1014
f 1046/1057/1018 1048/1056/1017 295/316/302
f 1047/1059/1020 1048/1056/1017 1251/1058/1019
f 1051/1062/1023 1052/1061/1022 1053/1060/1021
f 843/1065/1026 1054/1064/1025 1055/1063/1024
f 1056/1068/1029 1057/1067/1028 1058/1066/1027
f 795/1042/773 1059/1070/1031 1060/1069/1030
f 1061/1073/1034 1062/1072/1033 1063/1071/1032
f 1065/1075/1036 545/556/540 1066/1074/1035
f 272/294/280 271/295/281 536/548/532
f 119/123/118 1067/1077/1038 1068/1076/1037
f 1069/1080/1041 1070/1079/1040 1071/1078/1039
f 1073/1082/1043 1074/1081/1042 668/674/651
f 918/922/891 107/112/109 109/110/107
f 110/114/111 111/113/110 1075/1083/1044
f 908/914/883 907/915/884 79/90/87
f 1076/1086/1047 1077/1085/1046 1078/1084/1045
f 1079/1089/1049 1080/1088/1048 398/1087/408
f 1081/1092/1052 1082/1091/1051 338/1090/1050
f 853/1095/829 854/1094/828 1083/1093/1053
f 1083/1093/1053 71/75/72 853/1095/829
f 1084/1098/1056 1085/1097/1055 1086/1096/1054
f 1086/1096/1054 1085/1097/1055 756/760/735
f 1087/1101/1058 1057/1100/1028 1088/1099/1057
f 918/922/891 917/923/892 1089/1102/1059
f 1034/1040/1005 1090/1104/1061 1091/1103/1060
f 1092/1107/1064 1093/1106/1063 1094/1105/1062
f 1095/1110/1067 1096/1109/1066 1097/1108/1065
f 1100/1112/1069 286/306/292 1101/1111/1068
f 1102/767/742 578/582/564 1103/1113/1070
f 577/583/565 1104/1114/1071 578/582/564
f 905/912/881 1105/1115/1072 906/911/880
f 1745/1116/1073 905/912/881 736/737/712
f 1106/1119/1076 1107/1118/1075 1108/1117/1074
f 6/6/5 1109/1121/1078 1110/1120/1077
f 1111/1123/1080 1046/1057/1018 1112/1122/1079
f 579/586/568 1113/1125/1082 1114/1124/1081
f 1115/1127/1084 865/1126/1083 867/873/844
f 1117/1130/1087 1118/1129/1086 1119/1128/1085
f 202/235/221 1120/1131/1088 200/237/223
f 82/87/84 598/1132/584 148/54/51
f 304/327/313 303/328/314 1121/1133/1089
f 1122/1135/1091 1123/1134/1090 877/879/850
f 1012/1138/981 1126/1137/1092 1010/1136/983
f 428/455/439 333/1140/348 332/1139/349
f 333/363/348 1374/1141/1093 331/365/350
f 1132/1144/1096 1124/1143/1095 1133/1142/1094
f 1989/1014/979 1134/1146/1098 1135/1145/1097
f 753/753/728 755/756/731 1136/1147/1099
f 1137/1149/1101 1138/1148/1100 518/529/513
f 174/188/178 1139/1151/1103 1140/1150/1102
f 1141/1154/1106 1142/1153/1105 1143/1152/1104
f 743/745/720 306/331/317 1144/1155/1107
f 1145/1157/1109 1146/1156/1108 404/430/414
f 1147/1160/1112 1148/1159/1111 1149/1158/1110
f 774/779/754 1150/1161/1113 775/778/753
f 1152/1164/1116 257/1163/1115 1153/1162/1114
f 257/1163/1115 1152/1164/1116 1154/1165/1117
f 1157/1168/1120 1158/1167/1119 1159/1166/1118
f 1160/1171/1123 1161/1170/1122 1162/1169/1121
f 1163/1174/1126 1164/1173/1125 1165/1172/1124
f 1166/1176/1128 1167/1175/1127 145/144/138
f 307/330/316 1168/1178/1130 1169/1177/1129
f 2029/1179/1131 444/468/452 443/469/453
f 1170/1181/1133 1171/1180/1132 443/469/453
f 1172/1184/1136 1173/1183/1135 1174/1182/1134
f 773/776/751 1175/1185/1137 1176/775/750
f 120/124/119 344/1186/1138 116/119/115
f 1177/1187/1139 116/119/115 344/1186/1138
f 1178/1189/1141 1874/1188/1140 579/586/568
f 579/586/568 1179/1191/1143 1995/1190/1142
f 417/439/423 1180/1192/1144 851/855/826
f 1181/1194/1146 847/853/824 1182/1193/1145
f 1183/1195/1147 1153/1162/1114 253/282/268
f 1153/1162/1114 1183/1195/1147 1184/1196/1148
f 1185/1199/1151 1186/1198/1150 1187/1197/1149
f 1188/1201/1153 1189/1200/1152 490/507/491
f 1188/1201/1153 490/507/491 489/508/492
f 1190/1204/1154 924/1203/900 923/1202/901
f 1190/1207/1154 1191/1206/1156 1192/1205/1155
f 1193/1210/1159 1194/1209/1158 1195/1208/1157
f 155/163/157 154/164/158 1196/1211/1160
f 878/882/853 731/731/706 277/300/286
f 1197/1214/1163 1198/1213/1162 1199/1212/1161
f 1200/1217/1165 1201/1216/1164 921/1215/895
f 1202/1219/1167 1203/267/253 1204/1218/1166
f 1206/1222/1169 1145/1221/1109 1207/1220/1168
f 402/426/410 1208/1223/1170 489/508/492
f 1209/1226/1173 1210/1225/1172 1211/1224/1171
f 999/1004/969 969/974/941 1212/1227/1174
f 1120/1131/1088 1213/1229/1176 1214/1228/1175
f 1215/1231/1178 693/185/176 1216/1230/1177
f 572/833/562 575/1232/563 828/832/806
f 929/934/902 1217/1234/1180 1218/1233/1179
f 1175/1185/1137 569/577/559 1219/1235/1181
f 1220/1236/1182 721/719/694 720/720/695
f 1989/1014/979 1135/1145/1097 1009/1013/978
f 1221/1239/1185 1222/1238/1184 1223/1237/1183
f 1224/1242/1188 1225/1241/1187 1226/1240/1186
f 1227/1245/1191 1228/1244/1190 1229/1243/1189
f 1230/1248/1194 451/1247/1193 1351/1246/1192
f 1231/1251/1197 1232/1250/1196 1233/1249/1195
f 298/319/305 1234/1253/1199 1235/1252/1198
f 1236/1256/1202 1237/1255/1201 1238/1254/1200
f 1218/1233/1179 926/1257/522 929/934/902
f 926/538/522 525/539/523 951/957/925
f 1133/1142/1094 1124/1143/1095 1239/1258/1203
f 408/432/416 407/433/417 1239/1258/1203
f 1240/1260/1205 957/1259/1204 745/749/724
f 303/328/314 1241/1261/1206 1121/1133/1089
f 1242/1263/1208 476/495/479 1243/1262/1207
f 651/655/632 650/656/633 1141/1154/1106
f 1141/1154/1106 1143/1152/1104 651/655/632
f 1244/1265/1210 1245/1264/1209 101/102/99
f 693/1268/176 1246/1267/1211 1216/1266/1177
f 1228/1244/1190 1247/1269/1212 1229/1243/1189
f 1248/1272/1214 1249/1271/1213 1108/1270/1074
f 226/257/243 683/688/665 1250/1273/1215
f 356/382/366 1251/1058/1019 1252/1274/1216
f 665/672/649 1253/1276/1218 1254/1275/1217
f 1255/1278/1220 902/904/875 1256/1277/1219
f 969/974/941 1257/1280/1222 1258/1279/1221
f 1259/1282/1224 2144/1281/1223 1260/336/322
f 54/57/54 53/58/55 1261/1283/1225
f 551/564/546 566/1284/553 613/620/600
f 566/1284/553 551/564/546 1262/1285/1226
f 1263/1286/1227 1057/1100/1028 1087/1101/1058
f 1264/1289/1229 1265/1288/1228 1060/1287/1030
f 1266/1290/1230 517/530/514 520/532/516
f 1137/1149/1101 1267/1291/1231 680/685/662
f 1268/1293/1233 610/615/595 1269/1292/1232
f 610/615/595 609/616/596 1270/1294/1234
f 62/67/64 1271/467/451 1272/1295/1235
f 1059/1298/1031 1273/1297/1237 1274/1296/1236
f 620/628/607 1275/1300/1239 1276/1299/1238
f 611/618/598 1005/1010/975 1007/1012/977
f 1277/1303/1242 1278/1302/1241 1279/1301/1240
f 881/883/854 1280/1304/1243 1278/1302/1241
f 1281/1305/1244 886/891/862 1282/889/860
f 263/289/275 1283/1306/1245 264/288/274
f 1284/1308/1247 529/540/524 1285/1307/1246
f 1286/1310/1249 1287/1309/1248 1109/1121/1078
f 1288/1312/1251 2088/1311/1250 350/378/362
f 101/186/99 550/184/175 1289/1313/1252
f 561/570/552 1290/1315/1254 1291/1314/1253
f 1292/1318/1257 1293/1317/1256 1294/1316/1255
f 59/1321/61 1295/1320/1258 60/1319/60
f 1296/1324/1261 1297/1323/1260 1298/1322/1259
f 334/367/352 1299/1325/1262 1041/1051/1012
f 1300/1327/1263 1039/1326/1011 476/495/479
f 1301/1329/1264 820/826/800 1051/1328/1023
f 1301/1330/1264 1051/1062/1023 1053/1060/1021
f 476/495/479 1279/1301/1240 1302/1331/1265
f 476/495/479 1039/1326/1011 1303/1332/1266
f 366/394/378 1304/1334/1268 1305/1333/1267
f 455/476/460 871/875/846 870/876/847
f 805/806/781 804/807/782 1306/1335/1269
f 1057/1067/1028 1306/1336/1269 1058/1066/1027
f 1259/1282/1224 1260/336/322 1307/1337/1270
f 54/57/54 1261/1283/1225 406/434/418
f 1308/1338/1271 610/615/595 1270/1294/1234
f 380/405/389 379/406/390 1309/1339/1272
f 1310/1341/1274 504/520/504 1311/1340/1273
f 504/520/504 982/518/502 1311/1340/1273
f 257/1163/1115 1154/1165/1117 256/1342/1275
f 434/461/445 971/1343/945 435/460/444
f 1312/1345/1276 1313/206/172 971/1344/945
f 1314/1347/1278 1315/1346/1277 157/167/161
f 987/318/304 989/994/959 1317/1348/1279
f 1318/1351/1282 1319/1350/1281 1320/1349/1280
f 1145/1221/1109 1206/1222/1169 1205/1352/1283
f 476/495/479 478/493/477 1243/1262/1207
f 742/742/717 741/743/718 771/1353/1284
f 1321/1354/1285 1005/1010/975 611/618/598
f 192/1357/213 191/1356/211 185/1355/206
f 199/1359/218 198/1358/219 185/220/206
f 185/1355/206 1322/1360/1286 192/1357/213
f 1323/1361/1287 190/226/212 192/227/213
f 1324/1363/1289 358/386/370 1325/1362/1288
f 668/674/651 1328/1364/1290 1073/1082/1043
f 648/203/192 690/696/672 1329/1365/1291
f 531/543/527 534/544/528 1331/1366/1292
f 401/427/411 387/412/396 386/413/397
f 1007/1369/977 1332/1368/1294 1333/1367/1293
f 1334/1371/1296 1335/1370/1295 1333/1367/1293
f 1099/1374/1299 1336/1373/1298 1337/1372/1297
f 785/788/763 1336/1373/1298 1338/1375/1300
f 863/869/840 862/870/841 1339/1376/1301
f 639/1377/1302 861/866/837 919/925/894
f 1340/1380/1305 1341/1379/1304 1342/1378/1303
f 1343/1383/1308 1344/1382/1307 1345/1381/1306
f 349/1386/358 1346/1385/1310 1347/1384/1309
f 444/468/452 840/847/818 1349/1387/1311
f 1185/1199/1151 1351/1246/1192 1186/1198/1150
f 1352/1388/1312 1232/1250/1196 1231/1251/1197
f 1286/1310/1249 1353/1389/1313 1287/1309/1248
f 2465/1390/1314 1126/1137/1092 1012/1138/981
f 749/751/726 1354/1392/1316 1355/1391/1315
f 293/314/300 1356/1393/1317 292/313/299
f 597/603/585 1357/1395/1319 1358/1394/1318
f 597/603/585 1359/1396/1320 1357/1395/1319
f 1153/1162/1114 1154/1165/1117 1360/1397/1321
f 1360/1397/1321 1154/1165/1117 1152/1164/1116
f 801/802/777 321/355/341 320/351/337
f 687/694/670 1361/1398/1322 670/677/654
f 1362/1400/1324 1363/1399/1323 656/659/636
f 1364/1402/1326 1363/1399/1323 1365/1401/1325
f 1366/1405/1329 1367/1404/1328 1368/1403/1327
f 879/885/856 975/984/951 880/884/855
f 1369/1406/1330 246/277/263 235/265/251
f 992/996/961 1371/1407/1331 990/156/150
f 992/996/961 1372/198/187 1373/1408/1332
f 978/985/952 1129/1409/1333 705/708/683
f 1129/1409/1333 702/705/680 705/708/683
f 1374/1141/1093 1375/1410/1334 1277/1303/1242
f 1032/1036/1001 1376/1412/1336 1377/1411/1335
f 1378/1414/1338 108/111/108 2430/1413/1337
f 1379/1416/1340 916/924/893 2181/1415/1339
f 1380/1419/1343 1381/1418/1342 1382/1417/1341
f 1383/1421/1345 1384/1420/1344 746/748/723
f 1385/1424/1348 1386/1423/1347 1387/1422/1346
f 766/769/744 765/770/745 1388/1425/1349
f 1389/1428/1352 1390/1427/1351 1391/1426/1350
f 1392/1430/1354 1393/1429/1353 1394/343/329
f 431/458/442 1395/1432/1356 1396/1431/1355
f 489/508/492 1208/1223/1170 1188/1201/1153
f 1397/1435/1359 1398/1434/1358 1399/1433/1357
f 1400/1438/1362 1401/1437/1361 1402/1436/1360
f 1403/1440/1364 442/464/448 1404/1439/1363
f 1405/1443/1367 168/1442/1366 1406/1441/1365
f 1407/1444/1368 1405/1443/1367 1406/1441/1365
f 1199/1446/1161 1198/1445/1162 82/87/84
f 1198/1213/1162 1408/1448/1370 1409/1447/1369
f 419/443/427 449/473/457 259/442/426
f 1410/1450/1372 1011/1017/982 1411/1449/1371
f 1411/1449/1371 1011/1017/982 1412/1451/1373
f 256/1342/1275 417/439/423 1413/1452/1374
f 600/1454/587 526/537/521 601/1453/586
f 1414/1456/1376 917/923/892 1415/1455/1375
f 1058/1066/1027 1414/1458/1376 1415/1457/1375
f 1417/1460/1378 930/938/906 1418/1459/1377
f 1419/1462/1380 644/648/627 1420/1461/1379
f 644/648/627 642/646/625 1421/1463/1381
f 1422/1465/1383 1423/1464/1382 470/487/471
f 945/952/920 947/950/918 1422/1465/1383
f 1424/1467/1385 888/892/863 1425/1466/1384
f 234/266/252 888/892/863 662/669/646
f 51/55/52 83/86/83 148/54/51
f 561/570/552 1291/1314/1253 1426/1468/1386
f 1081/1092/1052 338/1090/1050 1427/1469/1387
f 1428/1470/1388 38/42/39 49/992/48
f 983/993/958 1428/1470/1388 49/992/48
f 1429/1472/1390 1430/1471/1389 928/935/903
f 1431/1473/1391 1429/1472/1390 928/935/903
f 1432/1474/1392 826/828/802 825/829/803
f 1433/1476/1394 1434/1475/1393 684/687/664
f 1003/1478/973 1436/1477/1395 736/737/712
f 1437/1479/1396 733/734/709 732/735/710
f 1438/1480/1397 402/426/410 489/508/492
f 391/414/398 1439/1481/1398 389/416/400
f 1093/1106/1063 1092/1107/1064 1440/1482/1399
f 589/593/575 1441/1484/1401 1442/1483/1400
f 389/416/400 1439/1481/1398 275/297/283
f 1340/1380/1305 1571/1485/1402 1341/1379/1304
f 1443/1486/1403 1571/1485/1402 1340/1380/1305
f 661/664/641 660/665/642 1444/1487/1404
f 1445/1490/1407 1446/1489/1406 1447/1488/1405
f 557/568/550 559/1491/1408 1448/341/327
f 1449/1492/1409 839/845/816 444/468/452
f 1271/467/451 444/468/452 1450/1493/1410
f 985/1495/1412 34/37/35 984/1494/1411
f 1451/333/319 1452/1497/1414 1453/1496/1413
f 1454/1498/1415 1401/1437/1361 1400/1438/1362
f 1455/1500/1417 367/393/377 1649/1499/1416
f 586/1503/1420 1456/1502/1419 1457/1501/1418
f 1458/1506/1423 1459/1505/1422 1460/1504/1421
f 81/83/80 80/84/81 1462/1507/1424
f 1191/1510/1156 1463/1509/1425 27/1508/27
f 1325/1362/1288 1464/1511/1426 1324/1363/1289
f 25/1513/26 925/1512/899 20/22/21
f 532/547/531 1467/1514/1427 533/546/530
f 1467/1514/1427 1468/1515/1428 533/546/530
f 1469/1517/1430 1470/1516/1429 328/362/347
f 1471/1518/1431 1396/1431/1355 1395/1432/1356
f 1473/1520/1433 1209/1226/1173 1474/1519/1432
f 1475/1522/1435 750/750/725 1476/1521/1434
f 1445/1490/1407 1448/341/327 468/342/328
f 1479/1525/1438 1480/1524/1437 1478/1523/1436
f 1481/1528/1440 94/1527/113 1482/1526/1439
f 147/1530/145 125/1529/134 152/157/151
f 1483/1532/1442 1484/1531/1441 265/293/279
f 1485/1535/1445 1486/1534/1444 1487/1533/1443
f 1488/1538/1448 1489/1537/1447 1490/1536/1446
f 1157/1168/1120 1491/1539/1449 1158/1167/1119
f 925/930/899 924/931/900 1494/1540/1450
f 423/448/432 1495/1541/1451 422/450/434
f 1496/820/794 816/819/793 1497/1542/1452
f 1169/1177/1129 308/329/315 307/330/316
f 467/484/468 1498/1544/1454 1499/1543/1453
f 465/486/470 467/484/468 1499/1543/1453
f 1038/1045/1007 1037/1046/1008 1500/1545/1455
f 1500/1545/1455 1037/1046/1008 1501/1546/1456
f 1234/1253/1199 1502/1547/1457 1235/1252/1198
f 297/320/306 1080/1088/1048 1079/1089/1049
f 1503/1550/1460 1504/1549/1459 1505/1548/1458
f 547/783/758 784/789/764 1508/1551/1461
f 546/555/539 1509/1553/1463 1510/1552/1462
f 1502/1547/1457 1234/1253/1199 1079/1089/1049
f 120/124/119 1511/1554/1464 344/1186/1138
f 1092/1107/1064 1511/1554/1464 120/124/119
f 1512/1557/1467 1513/1556/1466 1514/1555/1465
f 323/1559/1469 324/1558/1468 1513/1556/1466
f 106/107/104 810/814/789 1515/1560/1470
f 1239/1563/1203 407/1562/417 1517/1561/1471
f 897/900/871 1519/1564/1472 898/899/870
f 339/1565/1473 338/1090/1050 298/319/305
f 1082/1091/1051 296/321/307 338/1090/1050
f 1414/1458/1376 1058/1066/1027 711/1566/830
f 803/808/783 711/859/830 804/807/782
f 1032/1036/1001 761/764/739 707/710/685
f 1520/1567/1474 1032/1036/1001 1031/1037/1002
f 1367/1404/1328 1521/1568/1475 1280/1304/1243
f 1522/1569/1476 1368/1403/1327 1367/1404/1328
f 1523/1570/1477 701/706/681 1707/813/788
f 432/457/441 1524/1571/1478 430/459/443
f 1525/1573/1480 1526/1572/1479 1491/1539/1449
f 1525/1573/1480 1162/1169/1121 1527/1574/1481
f 1529/1577/1484 1530/1576/1483 1531/1575/1482
f 1532/1580/1487 1533/1579/1486 1534/1578/1485
f 24/23/22 23/24/23 1535/1581/1488
f 627/636/615 1536/1583/1490 1537/1582/1489
f 476/495/479 1303/1332/1266 1279/1301/1240
f 1279/1301/1240 1299/1325/1262 1539/1584/1491
f 1047/1059/1020 1541/1585/1492 1048/1056/1017
f 1542/1588/1495 1543/1587/1494 1544/1586/1493
f 1484/1531/1441 1485/1535/1445 1545/1589/1496
f 1546/1591/1498 1370/1590/1497 1549/550/534
f 1547/1593/1500 1548/1592/1499 1549/550/534
f 1684/1596/1503 1550/1595/1502 1131/1594/1501
f 1551/1598/1505 1552/1597/1504 1550/1595/1502
f 1364/1402/1326 1365/1401/1325 1553/1599/1506
f 791/791/766 788/149/143 787/790/765
f 949/954/922 1554/1600/1507 950/953/921
f 1394/343/329 1555/1601/1508 1556/345/331
f 584/590/572 1557/906/877 210/247/233
f 584/590/572 899/903/874 1558/1602/1509
f 1560/1605/1512 1561/1604/1511 1562/1603/1510
f 1563/1608/1515 1564/1607/1514 1565/1606/1513
f 472/1610/1517 1566/1609/1516 1564/1607/1514
f 1010/1136/983 1126/1137/1092 1567/1611/1518
f 1567/1611/1518 1126/1137/1092 1816/449/433
f 982/518/502 1002/1612/972 979/989/955
f 1568/1613/1519 1002/1612/972 982/518/502
f 1569/1616/1522 1570/1615/1521 1516/1614/1520
f 2060/1619/1523 1409/1618/1369 1408/1617/1370
f 1571/1485/1402 1572/1621/1525 1573/1620/1524
f 1574/1623/1527 1571/1485/1402 1575/1622/1526
f 101/102/99 1245/1264/1209 1576/1624/1528
f 1577/1625/1529 880/884/855 975/984/951
f 833/840/812 1578/1626/1530 975/984/951
f 322/354/340 1579/1628/1532 1580/1627/1531
f 1581/1629/1533 1047/1059/1020 355/383/367
f 1584/1632/1536 1585/1631/1535 1586/1630/1534
f 937/942/910 946/951/919 1587/201/190
f 1588/1633/1537 1033/1041/1006 1035/1039/1004
f 1589/1634/1538 537/193/183 1549/550/534
f 1549/550/534 1548/1592/1499 1590/1635/1539
f 258/1637/1541 259/442/426 1592/1636/1540
f 887/890/861 1807/1638/1542 1282/889/860
f 1100/1112/1069 1098/1640/1544 1593/1639/1543
f 1347/1384/1309 1346/1385/1310 2088/1641/1250
f 1594/1643/1545 365/390/374 1346/1642/1310
f 1282/889/860 1100/1112/1069 1593/1639/1543
f 1593/1639/1543 1281/1305/1244 1282/889/860
f 1595/1646/1548 1596/1645/1547 1597/1644/1546
f 1495/1541/1451 1598/1648/1550 1599/1647/1549
f 1600/1650/1552 988/995/960 986/1649/1551
f 530/545/529 531/543/527 1601/1651/1553
f 759/763/738 1602/1652/1554 760/762/737
f 1493/1654/1556 593/595/577 1603/1653/1555
f 1604/1655/1557 888/892/863 628/635/614
f 652/658/635 1604/1655/1557 628/635/614
f 1605/1657/1559 389/416/400 1606/1656/1558
f 390/415/399 389/416/400 1605/1657/1559
f 1607/1659/1561 1939/1658/1560 913/921/890
f 913/921/890 915/919/888 1559/1660/1562
f 454/1663/1565 1608/1662/1564 453/1661/1563
f 1609/1665/1567 1610/1664/1566 735/738/713
f 1141/1154/1106 650/656/633 667/670/647
f 757/759/734 1142/1153/1105 1141/1154/1106
f 1611/1666/1568 1402/1436/1360 1401/1437/1361
f 1612/1667/1569 430/459/443 1524/1571/1478
f 1612/1667/1569 1395/1432/1356 430/459/443
f 496/964/931 456/475/459 873/878/849
f 873/878/849 456/475/459 874/877/848
f 1613/1670/1572 1614/1669/1571 1615/1668/1570
f 1616/1673/1575 1617/1672/1574 2152/1671/1573
f 1620/1675/1577 1621/1674/1576 289/311/297
f 1622/1678/1580 1623/1677/1579 1624/1676/1578
f 1627/1681/1583 1628/1680/1582 1629/1679/1581
f 1628/1680/1582 1215/1231/1178 1216/1230/1177
f 1630/1683/1585 1155/1682/1584 262/285/271
f 1631/1686/1588 1632/1685/1587 1633/1684/1586
f 2163/1688/1590 1634/1687/1589 1029/1035/1000
f 2163/1688/1590 1029/1035/1000 1635/1689/1591
f 1637/1691/1593 1507/1690/1592 724/726/701
f 538/551/535 1639/1693/1595 1640/1692/1594
f 1289/1313/1252 550/184/175 1224/1242/1188
f 1641/1694/1596 550/184/175 549/558/542
f 405/429/413 1642/1695/1597 1610/1664/1566
f 1745/1116/1073 1105/1115/1072 905/912/881
f 151/158/152 164/194/166 147/1530/145
f 147/1530/145 152/157/151 151/158/152
f 1238/1254/1200 1643/1696/1598 339/1565/1473
f 1238/1254/1200 339/1565/1473 1644/1697/1599
f 943/949/917 1645/1699/1601 2478/1698/1600
f 1157/1168/1120 1646/1700/1602 1491/1539/1449
f 748/752/727 1647/1702/1604 1648/1701/1603
f 1354/1392/1316 749/751/726 626/632/611
f 1649/1499/1416 367/393/377 1650/1703/1605
f 1614/1669/1571 1632/1685/1587 1652/1704/1606
f 1653/1706/1608 1614/1669/1571 1654/1705/1607
f 1655/1708/1610 1656/1707/1609 1566/1609/1516
f 2181/1415/1339 1657/1709/1611 1379/1416/1340
f 1047/1059/1020 1658/1710/1612 1541/1585/1492
f 1659/1712/1614 1660/1711/1613 1047/1059/1020
f 1661/1714/1616 636/645/624 447/1713/1615
f 622/630/609 220/254/240 954/960/927
f 1663/1716/1618 1664/1715/1617 243/274/260
f 1163/1174/1126 1665/1717/1619 1164/1173/1125
f 953/959/926 2295/961/928 220/254/240
f 591/597/579 1666/1718/1620 592/596/578
f 1667/1721/1623 1668/1720/1622 1669/1719/1621
f 1670/1723/1625 1671/1722/1624 1551/1598/1505
f 599/606/588 1672/1724/1626 600/605/587
f 464/481/465 1506/1725/1627 1637/1691/1593
f 1655/1708/1610 1056/1727/1029 1673/1726/1628
f 1655/1708/1610 1379/1416/1340 1657/1709/1611
f 1674/1728/1629 1381/1418/1342 1380/1419/1343
f 1089/1102/1059 917/923/892 1414/1456/1376
f 712/1730/831 713/1729/1630 711/1566/830
f 94/117/113 93/115/94 1677/1731/1631
f 909/1734/882 1678/1733/1632 907/1732/884
f 735/738/713 1610/1664/1566 1679/1735/1633
f 1105/1115/1072 1745/1116/1073 1642/1695/1597
f 1680/1737/1635 4/1/1 1681/1736/1634
f 1061/1073/1034 1682/1738/1636 445/471/455
f 1501/1546/1456 1037/1046/1008 1683/1739/1637
f 73/78/75 56/61/58 472/1610/1517
f 569/577/559 571/575/557 1684/1596/1503
f 558/567/549 1669/1719/1621 568/574/556
f 875/881/852 1634/1687/1589 878/882/853
f 285/307/293 731/731/706 878/882/853
f 1426/1741/1386 1685/1740/1638 83/86/83
f 1686/1744/1641 1687/1743/1640 1688/1742/1639
f 1689/1745/1642 734/733/708 733/734/709
f 1691/1746/144 1310/1341/1274 1311/1340/1273
f 720/720/695 719/721/696 1692/1747/1643
f 1693/1748/1644 1692/1747/1643 719/721/696
f 1694/1750/1646 437/205/194 1695/1749/1645
f 1696/1751/1647 752/754/729 751/755/730
f 389/416/400 1697/1752/1648 1606/1656/1558
f 1572/1621/1525 1697/1752/1648 274/298/284
f 1113/1125/1082 1112/1122/1079 559/1491/1408
f 1112/1122/1079 560/1753/1649 559/1491/1408
f 1698/1754/1650 1694/1750/1646 752/754/729
f 751/755/730 1699/1755/1651 1696/1751/1647
f 327/357/342 326/358/343 436/463/447
f 1700/1756/1652 1698/1754/1650 1699/1755/1651
f 763/765/740 1701/1757/1653 748/752/727
f 763/765/740 1325/1362/1288 358/386/370
f 1702/1759/1655 1703/1758/1654 1524/1571/1478
f 885/888/859 281/1760/1656 729/732/707
f 281/1760/1656 276/1761/1657 729/732/707
f 1704/1763/1659 1705/1762/1658 1532/1580/1487
f 1704/1763/1659 1532/1580/1487 1706/1764/1660
f 858/865/836 807/810/785 806/811/786
f 1707/1765/788 1524/1571/1478 432/457/441
f 1708/1768/1663 1709/1767/1662 1710/1766/1661
f 1712/1769/1664 1043/1055/1016 1045/1053/1014
f 1713/1770/1665 1599/1647/1549 1598/1648/1550
f 32/33/31 858/865/836 2425/1771/1666
f 1714/1772/1667 1013/1020/985 608/613/593
f 1715/1773/1668 932/941/909 934/939/907
f 932/941/909 1715/1773/1668 1716/1774/1669
f 1717/1777/1672 1718/1776/1671 1719/1775/1670
f 1447/1488/1405 1446/1489/1406 1671/1722/1624
f 180/216/202 1720/1779/1674 1721/1778/1673
f 1721/1778/1673 1163/1174/1126 163/171/164
f 1722/1781/1675 94/1527/113 1677/1780/1631
f 1723/1783/1676 1722/1781/1675 1678/1782/1632
f 1724/1786/1679 1725/1785/1678 142/1784/1677
f 1726/1788/1681 1727/1787/1680 1590/1635/1539
f 1451/333/319 866/334/320 1728/1789/1682
f 2425/1771/1666 858/865/836 1970/863/834
f 1163/1174/1126 1165/1172/1124 163/171/164
f 163/171/164 1166/1176/1128 162/172/165
f 1729/1790/1683 1440/1482/1399 1068/1076/1037
f 992/996/961 1730/1791/1684 891/893/864
f 1730/1791/1684 993/1000/965 891/893/864
f 1733/1794/1687 1731/1793/1686 1732/1792/1685
f 1733/1796/1687 139/376/137 141/1795/135
f 1734/1798/1689 245/278/264 1735/1797/1688
f 1046/1057/1018 1252/1274/1216 1251/1058/1019
f 1111/1123/1080 360/384/368 1046/1057/1018
f 1406/1441/1365 1737/1799/1690 1407/1444/1368
f 1193/1210/1159 1195/1208/1157 1196/1211/1160
f 1738/1802/1693 1739/1801/1692 1740/1800/1691
f 1741/1803/1694 1616/1673/1575 2152/1671/1573
f 1742/1805/1696 214/1804/1695 213/208/195
f 197/1808/220 1743/1807/1698 1744/1806/1697
f 735/738/713 1745/1116/1073 736/737/712
f 1746/1809/1699 1745/1116/1073 735/738/713
f 962/968/935 136/135/130 1747/1810/1700
f 962/968/935 1748/1811/1701 961/969/936
f 835/842/813 834/841/811 977/1812/949
f 977/1812/949 976/1813/950 704/709/684
f 1239/1563/1203 1134/1146/1098 1133/1814/1094
f 1239/1563/1203 1517/1561/1471 1749/1815/1702
f 561/570/552 48/52/49 1290/1315/1254
f 1750/1816/1703 979/988/955 981/986/953
f 1750/1817/1703 2026/990/956 979/989/955
f 885/888/859 730/730/705 1751/1818/1704
f 730/730/705 731/731/706 1752/1819/1705
f 913/921/890 912/916/885 1563/1608/1515
f 912/916/885 911/917/886 1753/1820/1706
f 895/898/869 1699/1755/1651 751/755/730
f 895/898/869 751/755/730 1754/1821/1707
f 1755/1823/1709 1756/1822/1708 944/948/916
f 1755/1823/1709 944/948/916 943/949/917
f 1240/1260/1205 745/749/724 762/766/741
f 762/766/741 745/749/724 763/765/740
f 1757/1824/1710 1368/1403/1327 1522/1569/1476
f 1758/1825/1711 474/491/475 329/361/346
f 156/162/156 1316/1826/1712 154/164/158
f 1758/1825/1711 329/361/346 328/362/347
f 328/362/347 1470/1516/1429 1758/1825/1711
f 1014/1019/984 1015/1022/987 1760/1827/1713
f 1761/154/148 1762/155/149 1763/1828/1714
f 1764/1831/1715 1335/1830/1295 1334/1829/1296
f 1765/1832/1716 1764/1831/1715 1276/1299/1238
f 456/475/459 455/476/460 874/877/848
f 776/780/755 231/191/181 221/253/239
f 782/787/762 783/786/761 777/782/757
f 1452/1497/1414 44/50/47 1453/1496/1413
f 1452/1497/1414 1766/1833/1717 44/50/47
f 1767/1835/1719 1627/1681/1583 1768/1834/1718
f 1215/1231/1178 548/559/543 693/185/176
f 1256/1277/1219 902/904/875 1770/1836/1720
f 1314/1347/1278 157/167/161 1771/1837/1721
f 1771/1837/1721 157/167/161 1772/1838/1722
f 1435/1840/1724 226/257/243 1773/1839/1723
f 226/257/243 225/258/244 1773/1839/1723
f 1774/1841/1725 1175/1185/1137 773/776/751
f 1774/1841/1725 1775/1843/1727 1776/1842/1726
f 1331/1366/1292 534/544/528 1777/1844/1728
f 346/1846/799 459/480/464 1778/1845/1729
f 345/1847/801 346/1846/799 1778/1845/1729
f 1779/1848/1730 210/247/233 725/725/700
f 724/726/701 1780/1849/1731 725/725/700
f 472/1610/1517 1781/1850/1732 1566/1609/1516
f 1655/1708/1610 1782/1851/1733 1056/1727/1029
f 657/1853/640 1783/1852/1734 659/666/643
f 554/1855/548 552/563/545 555/1854/547
f 1319/1350/1281 989/994/959 1320/1349/1280
f 1331/1366/1292 1777/1844/1728 242/275/261
f 1784/1856/1735 634/641/620 633/642/621
f 1785/1859/1738 1786/1858/1737 1787/1857/1736
f 1788/1862/1741 1789/1861/1740 1790/1860/1739
f 1789/1861/1740 1788/1862/1741 1307/1337/1270
f 1209/1226/1173 727/728/703 1210/1225/1172
f 1791/1863/1742 727/728/703 726/729/704
f 366/394/378 1794/19/18 367/393/377
f 1019/740/715 1332/1864/1294 1020/1026/991
f 613/620/600 1795/1866/1744 1796/1865/1743
f 1797/1868/1746 570/576/558 1798/1867/1745
f 248/281/267 370/396/380 1799/1869/1747
f 1055/1063/1024 1800/1870/1748 843/1065/1026
f 1801/1872/1750 65/70/67 1802/1871/1749
f 1683/1739/1637 1803/1874/1752 1804/1873/1751
f 57/60/57 1263/1286/1227 1087/1101/1058
f 927/958/904 1805/1875/1753 951/957/925
f 926/538/522 951/957/925 1805/1875/1753
f 1718/1776/1671 1551/1598/1505 1671/1722/1624
f 730/730/705 1752/1819/1705 1751/1818/1704
f 738/741/716 739/739/714 1809/1876/1754
f 1798/1867/1745 1799/1869/1747 1810/1877/1755
f 525/539/523 526/537/521 600/1454/587
f 1811/1879/1756 1431/1878/1391 952/956/924
f 521/531/515 520/532/516 1561/1604/1511
f 353/338/324 516/339/325 518/529/513
f 1812/1881/1758 143/146/140 1813/1880/1757
f 1812/1881/1758 1814/1883/1760 1815/1882/1759
f 620/628/607 621/627/606 1275/1300/1239
f 1275/1300/1239 1039/1049/1011 1300/1884/1263
f 1126/1137/1092 2465/1390/1314 1816/449/433
f 1817/1887/1761 426/1886/435 1045/1885/1014
f 1331/1366/1292 242/275/261 1320/1349/1280
f 242/275/261 1318/1351/1282 1320/1349/1280
f 1818/1889/1763 1819/1888/1762 1123/1134/1090
f 663/668/645 1821/1890/1764 1253/1276/1218
f 663/668/645 1604/1655/1557 652/658/635
f 908/1891/883 1078/1084/1045 1077/1085/1046
f 1077/1892/1046 909/913/882 908/914/883
f 1629/1679/1581 495/774/749 1822/1893/1765
f 1629/1679/1581 1822/1893/1765 1627/1681/1583
f 547/783/758 1508/1551/1461 1823/1894/1766
f 782/787/762 777/782/757 547/783/758
f 426/1895/435 1712/1769/1664 1045/1053/1014
f 1299/1325/1262 334/367/352 335/366/351
f 238/268/254 237/269/255 1824/1896/1767
f 1529/1577/1484 611/618/598 1825/1897/1768
f 1727/1787/1680 537/193/183 1589/1634/1538
f 989/994/959 1331/1366/1292 1320/1349/1280
f 1826/1898/1769 757/759/734 756/760/735
f 756/760/735 1085/1097/1055 1826/1898/1769
f 1045/1053/1014 1044/1054/1015 1827/1899/1770
f 1313/1902/172 1829/1901/1771 204/1900/225
f 1768/1834/1718 873/878/849 617/622/602
f 617/622/602 1767/1835/1719 1768/1834/1718
f 1830/1903/1772 1650/1703/1605 1454/1498/1415
f 1831/1905/1773 1830/1903/1772 817/1904/795
f 470/487/471 469/488/472 1422/1465/1383
f 939/200/189 1422/1465/1383 469/488/472
f 1832/1907/1775 1434/1475/1393 1833/1906/1774
f 1105/1115/1072 1642/1695/1597 1834/1908/1776
f 1146/1156/1108 906/911/880 1105/1115/1072
f 207/242/228 953/959/926 220/254/240
f 220/254/240 209/244/230 207/242/228
f 1820/1910/1778 299/324/310 1835/1909/1777
f 299/324/310 1836/1911/1779 279/304/290
f 1787/1857/1736 1786/1858/1737 20/22/21
f 103/105/102 99/650/101 645/653/630
f 1837/1914/1780 645/1913/630 99/1912/101
f 1838/1915/1781 790/792/767 789/793/768
f 1047/1059/1020 1251/1058/1019 355/383/367
f 1251/1058/1019 356/382/366 355/383/367
f 1009/1013/978 1839/1917/1782 1222/1916/1184
f 1009/1013/978 395/421/405 394/422/406
f 1840/1919/1784 1690/148/142 1841/1918/1783
f 1842/1921/1786 1843/1920/1785 1270/1294/1234
f 1844/1923/1788 1845/1922/1787 1843/1920/1785
f 1846/1924/1789 1789/1861/1740 1307/1337/1270
f 1847/1926/1790 1750/1925/1703 1846/1924/1789
f 1342/1378/1303 1573/1620/1524 1848/1927/1791
f 1849/1929/1793 1850/1928/1792 1344/1382/1307
f 1372/198/187 1851/1930/1794 1373/1408/1332
f 1842/1921/1786 1852/1931/1795 1843/1920/1785
f 1351/1246/1192 1233/1249/1195 1230/1248/1194
f 1069/1080/1041 1071/1078/1039 1363/1399/1323
f 1853/1933/1797 1854/1932/1796 574/578/560
f 1855/399/383 1856/1934/1798 373/398/382
f 456/475/459 958/965/932 457/474/458
f 994/999/964 1857/1936/1800 1858/1935/1799
f 1859/1938/1802 994/999/964 1860/1937/1801
f 1863/1940/1804 1864/1939/1803 1358/1394/1318
f 675/682/659 1865/1941/1805 1863/1940/1804
f 1117/1130/1087 1866/1943/1807 1867/1942/1806
f 1117/1130/1087 1867/1942/1806 1118/1129/1086
f 485/502/486 1085/1097/1055 1868/1944/1808
f 1869/1945/1809 1085/1097/1055 485/502/486
f 1678/1782/1632 1870/1947/1811 1871/1946/1810
f 1870/1949/1811 1872/1948/1812 58/65/62
f 1873/1950/1813 1874/1188/1140 370/396/380
f 579/586/568 1874/1188/1140 1179/1191/1143
f 1454/1498/1415 1875/1952/1814 425/1951/436
f 1400/1438/1362 1402/1436/1360 1597/1644/1546
f 1229/1243/1189 1876/1953/1815 1227/1245/1191
f 1285/1307/1246 1248/1272/1214 1877/1954/1816
f 1878/1956/1818 1098/1640/1544 1879/1955/1817
f 264/288/274 1098/1640/1544 1878/1956/1818
f 1880/1958/1820 1124/1143/1095 1881/1957/1819
f 610/615/595 1882/1959/1821 1269/1292/1232
f 1883/1960/1822 1266/1290/1230 520/532/516
f 1884/1963/1825 1885/1962/1824 1886/1961/1823
f 1832/1907/1775 1833/1906/1774 1887/1964/1826
f 639/1377/1302 919/925/894 1888/1965/1827
f 333/1140/348 428/455/439 427/456/440
f 247/276/262 1836/1911/1779 1734/1798/1689
f 247/276/262 279/304/290 1836/1911/1779
f 144/145/139 1891/1966/1828 163/171/164
f 1893/1967/1829 1548/1592/1499 1547/1593/1500
f 1369/1406/1330 1893/1967/1829 1370/1590/1497
f 366/394/378 1894/1968/1830 438/887/858
f 465/486/470 1499/1543/1453 1176/775/750
f 1895/1969/1831 1499/1543/1453 1498/1544/1454
f 555/565/547 205/238/224 204/239/225
f 555/1854/547 1896/1971/1832 205/1970/224
f 58/1972/62 1753/1820/1706 1723/1783/1676
f 1871/1946/1810 1723/1783/1676 1678/1782/1632
f 1897/1973/1833 51/55/52 50/56/53
f 1897/1973/1833 563/1974/1834 1426/1741/1386
f 1898/1975/1835 391/414/398 931/937/905
f 1321/1354/1285 1899/1977/1837 1900/1976/1836
f 1697/1752/1648 1572/1621/1525 1606/1656/1558
f 1901/1978/1838 1606/1656/1558 1572/1621/1525
f 1902/1981/1841 1903/1980/1840 1904/1979/1839
f 1905/1982/1842 1400/1438/1362 1597/1644/1546
f 1246/1267/1211 1906/1983/1843 1216/1266/1177
f 1323/1361/1287 1214/1984/1175 190/226/212
f 1908/1986/1845 1909/25/24 1910/1985/1844
f 623/629/608 221/253/239 220/254/240
f 1911/1989/1848 1912/1988/1847 1913/1987/1846
f 928/935/903 1217/1234/1180 929/934/902
f 1642/1695/1597 405/429/413 1834/1908/1776
f 404/430/414 1146/1156/1108 405/429/413
f 1429/1472/1390 1394/343/329 1393/1429/1353
f 742/742/717 1321/1354/1285 1900/1976/1836
f 1321/1354/1285 742/742/717 771/1353/1284
f 1915/1991/1850 35/41/38 1916/1990/1849
f 1623/1994/1579 1917/1993/1851 1624/1992/1578
f 969/974/941 1258/1279/1221 1770/1836/1720
f 727/728/703 1791/1863/1742 1258/1279/1221
f 1918/1996/1853 1497/1542/1452 1919/1995/1852
f 1713/1770/1665 1918/1996/1853 1919/1995/1852
f 1384/1420/1344 1380/1419/1343 1382/1417/1341
f 1074/1081/1042 1380/1419/1343 1384/1420/1344
f 1920/1998/1855 1921/1997/1854 868/872/843
f 1908/1986/1845 376/404/388 1920/1998/1855
f 1922/2000/1857 1923/1999/1856 896/901/872
f 808/809/784 807/810/785 1049/2001/1858
f 1389/1428/1352 1391/1426/1350 1925/2002/1859
f 671/676/653 694/700/675 672/675/652
f 694/700/675 1072/2003/1860 1074/1081/1042
f 1926/2004/1861 1285/1307/1246 1877/1954/1816
f 1927/2007/1864 1928/2006/1863 2260/2005/1862
f 416/440/424 1180/1192/1144 417/439/423
f 1929/2010/1867 1711/2009/1866 1930/2008/1865
f 1061/1073/1034 1063/1071/1032 1682/1738/1636
f 976/1813/950 978/985/952 704/709/684
f 1931/2012/1869 879/885/856 1932/2011/1868
f 1056/1727/1029 1415/1455/1375 1673/1726/1628
f 1056/1068/1029 1058/1066/1027 1415/1457/1375
f 1933/2014/1871 1513/1556/1466 1934/2013/1870
f 1686/1744/1641 1934/2015/1870 1687/1743/1640
f 1935/2017/1873 543/552/536 1936/2016/1872
f 543/552/536 1937/2018/1874 1936/2016/1872
f 511/2020/1876 512/2019/1875 1420/1461/1379
f 483/500/484 479/498/482 966/973/940
f 1490/1536/1446 1938/2021/1877 1488/1538/1448
f 1482/1526/1439 1723/1783/1676 2259/2022/1878
f 910/918/887 1939/1658/1560 1940/2023/1879
f 1941/2024/1880 753/753/728 1136/1147/1099
f 364/391/375 354/379/363 1942/2025/1881
f 1042/1052/1013 426/451/435 1943/2026/1882
f 1944/2029/1885 1945/2028/1884 1946/2027/1883
f 180/216/202 1947/2031/1887 167/2030/1886
f 158/166/160 180/216/202 1721/1778/1673
f 99/698/101 692/699/674 1837/2032/1780
f 1914/2033/1888 1271/467/451 62/67/64
f 1271/467/451 1914/2033/1888 793/795/770
f 1727/1787/1680 216/249/235 537/193/183
f 216/249/235 222/255/241 537/193/183
f 1481/1528/1440 1482/1526/1439 117/2034/1889
f 1482/1526/1439 2259/2022/1878 1948/2035/1890
f 1930/2008/1865 1710/1766/1661 1709/1767/1662
f 1949/2038/1893 1950/2037/1892 1951/2036/1891
f 1510/1552/1462 1952/2039/1894 233/262/248
f 1742/2042/1696 197/2041/220 1744/2040/1697
f 1742/2045/1696 1744/2044/1697 196/2043/215
f 1953/2048/1897 1954/2047/1896 1675/2046/1895
f 818/823/797 780/785/760 317/348/334
f 1302/1331/1265 1279/1301/1240 1521/1568/1475
f 882/886/857 477/494/478 1521/1568/1475
f 1955/2049/1898 1397/1435/1359 1399/1433/1357
f 1397/1435/1359 1955/2049/1898 1189/1200/1152
f 800/804/779 1956/2050/1899 696/803/778
f 1957/2052/1901 1392/1430/1354 1958/2051/1900
f 1959/344/330 523/535/519 522/536/520
f 798/800/775 687/694/670 1960/2053/1902
f 96/101/98 853/858/829 594/600/582
f 72/79/76 60/1319/60 1961/2054/1903
f 1962/2055/1904 1961/2054/1903 1298/1322/1259
f 1458/1506/1423 1460/1504/1421 1407/1444/1368
f 1295/1320/1258 1296/1324/1261 1298/1322/1259
f 1963/2056/1905 1295/1320/1258 59/1321/61
f 1585/1631/1535 1584/1632/1536 1582/2057/1906
f 1874/1188/1140 1873/1950/1813 1179/1191/1143
f 1965/2060/1909 1966/2059/1908 1967/2058/1907
f 1296/1324/1261 1295/1320/1258 1968/2061/1910
f 1460/1504/1421 624/631/610 1405/1443/1367
f 1460/1504/1421 1405/1443/1367 1407/1444/1368
f 1971/2062/1911 1970/863/834 859/864/835
f 1099/1374/1299 1972/2063/1912 1336/1373/1298
f 1101/1111/1068 1065/1075/1036 1066/1074/1035
f 1271/467/451 1450/1493/1410 1272/1295/1235
f 1973/2064/1913 807/810/785 858/865/836
f 1973/2064/1913 39/44/41 1974/2065/1914
f 1975/2068/1916 1976/2067/1915 1247/2066/1212
f 1229/1243/1189 1247/1269/1212 1977/2069/1917
f 464/2072/465 1978/2071/1919 1979/2070/1918
f 1636/2075/1922 1980/2074/1921 1981/2073/1920
f 829/837/809 832/838/810 830/836/808
f 824/830/804 826/828/802 1982/2076/1923
f 1983/2078/1925 1984/2077/1924 474/491/475
f 1572/1621/1525 274/298/284 1573/1620/1524
f 1573/1620/1524 384/409/393 1848/1927/1791
f 1986/2080/1927 1645/1699/1601 1987/2079/1926
f 1010/1136/983 1988/2081/1928 1133/1142/1094
f 1010/1018/983 1989/1014/979 1990/2082/1929
f 39/44/41 1702/1759/1655 1524/1571/1478
f 1087/1101/1058 1781/1850/1732 55/62/59
f 1087/1101/1058 55/62/59 57/60/57
f 1991/2083/1930 272/294/280 1949/2038/1893
f 1992/2085/1932 272/294/280 1993/2084/1931
f 1531/1575/1482 1994/2087/1934 343/2086/1933
f 1531/1575/1482 764/2089/1936 121/2088/1935
f 1113/1125/1082 1995/1190/1142 1967/2058/1907
f 1495/1541/1451 1793/2090/1937 422/450/434
f 1010/1136/983 1567/1611/1518 1996/2091/1938
f 854/857/828 96/101/98 98/99/96
f 1402/1436/1360 1997/2093/1940 1998/2092/1939
f 1402/1436/1360 1595/1646/1548 1597/1644/1546
f 576/584/566 1102/767/742 1999/2094/1941
f 1967/2058/1907 1966/2059/1908 576/584/566
f 1960/2053/1902 687/694/670 688/693/669
f 799/799/774 1619/2096/1943 2000/2095/1942
f 2001/2097/1944 1600/1650/1552 986/1649/1551
f 2002/2099/1946 2003/2098/1945 1600/1650/1552
f 82/87/84 83/86/83 1199/1446/1161
f 2004/2100/1947 1934/2015/1870 1199/1446/1161
f 373/398/382 252/283/269 251/284/270
f 266/292/278 373/398/382 267/291/277
f 1148/1159/1111 2006/2102/1949 2005/2101/1948
f 2007/2103/1950 775/778/753 1150/1161/1113
f 1499/1543/1453 2007/2103/1950 2008/2104/1951
f 565/1050/554 332/364/349 334/367/352
f 332/2107/349 1127/2106/1953 1128/2105/1952
f 1042/2110/1013 1943/2109/1882 1976/2108/1915
f 1229/1243/1189 1977/2069/1917 1249/1271/1213
f 68/73/70 924/1203/900 1190/1204/1154
f 2009/2113/1955 2010/2112/1954 529/2111/524
f 354/379/363 2011/2114/1956 1942/2025/1881
f 353/338/324 2012/2115/1957 354/379/363
f 293/314/300 1476/1521/1434 1356/1393/1317
f 1030/1038/1003 1032/1036/1001 2013/2116/1958
f 831/835/807 1030/1038/1003 2013/2116/1958
f 2014/2117/1959 1398/1434/1358 486/505/489
f 1398/1434/1358 487/504/488 486/505/489
f 282/2118/1960 276/1761/1657 281/1760/1656
f 646/2119/1961 276/1761/1657 1155/1682/1584
f 825/829/803 2015/2120/1962 1432/1474/1392
f 1030/1038/1003 831/835/807 2016/2121/1963
f 1694/1750/1646 1695/1749/1645 2017/2122/1964
f 2018/2125/1966 585/2124/573 2019/2123/1965
f 1857/1936/1800 994/999/964 2020/2126/1967
f 635/640/619 634/641/620 1872/1948/1812
f 1263/1286/1227 1804/1873/1751 1264/1289/1229
f 1263/1286/1227 1264/1289/1229 1060/1287/1030
f 750/750/725 749/751/726 1355/1391/1315
f 1476/1521/1434 750/750/725 2177/2127/1968
f 706/707/682 431/2128/442 834/841/811
f 431/2128/442 1396/2129/1355 834/841/811
f 883/777/752 775/778/753 884/2130/1969
f 775/778/753 2007/2103/1950 1130/2131/1970
f 2022/2132/1971 1073/1082/1043 689/697/673
f 1328/1364/1290 2023/2133/1972 1073/1082/1043
f 1939/1658/1560 912/916/885 913/921/890
f 1939/1658/1560 910/918/887 912/916/885
f 986/1649/1551 695/2134/1973 2001/2097/1944
f 2025/2135/1974 2026/990/956 1750/1817/1703
f 1311/1340/1273 2025/2135/1974 1260/2136/322
f 2093/2138/1976 589/593/575 2027/2137/1975
f 589/593/575 2093/2138/1976 590/592/574
f 1909/25/24 498/512/496 2028/2139/1977
f 1910/1985/1844 2029/1179/1131 2030/2140/1978
f 909/913/882 1077/1892/1046 1872/2141/1812
f 1077/1085/1046 1076/1086/1047 1872/2142/1812
f 2031/2145/1979 2032/2144/898 922/2143/897
f 2033/2147/1980 827/831/805 1912/2146/1847
f 1437/1479/1396 1003/2149/973 2034/2148/1981
f 2034/2148/1981 1003/2149/973 1612/1667/1569
f 815/816/790 814/817/791 1636/2075/1922
f 2035/2151/1983 2036/2150/1982 1505/1548/1458
f 861/866/837 639/1377/1302 1505/1548/1458
f 695/2134/1973 986/1649/1551 1579/1628/1532
f 1020/2152/991 1004/1011/976 1006/1009/974
f 1006/2155/974 2037/2154/1984 1020/2153/991
f 616/623/603 873/878/849 90/96/93
f 90/96/93 873/878/849 870/876/847
f 741/743/718 772/1024/989 771/1353/1284
f 458/477/461 1945/2028/1884 1944/2029/1885
f 90/96/93 2038/2156/1985 458/477/461
f 940/947/915 2039/2158/1987 2040/2157/1986
f 1969/2161/1989 2039/2160/1987 2041/2159/1988
f 1802/1871/1749 2043/2162/1990 1801/1872/1750
f 2038/2156/1985 1649/1499/1416 1831/1905/1773
f 458/477/461 2038/2156/1985 1831/1905/1773
f 1344/1382/1307 1850/1928/1792 1391/1426/1350
f 1393/1429/1353 1430/1471/1389 1429/1472/1390
f 2044/2163/1991 1821/1890/1764 663/668/645
f 2044/2163/1991 605/611/591 604/612/592
f 2017/2166/1964 1695/2165/1645 2018/2164/1966
f 433/462/446 1695/2167/1645 434/461/445
f 1413/1452/1374 417/439/423 601/608/586
f 417/439/423 462/483/467 601/608/586
f 1148/1159/1111 404/430/414 2006/2102/1949
f 1253/1276/1218 1821/1890/1764 604/612/592
f 2045/2169/1993 2046/2168/1992 837/844/815
f 12/12/11 11/13/12 2047/2170/1994
f 11/13/12 2048/2172/1996 2049/2171/1995
f 1083/1093/1053 712/860/831 855/861/832
f 855/861/832 71/75/72 1083/1093/1053
f 1014/1019/984 606/614/594 608/613/593
f 514/527/511 1014/1019/984 1760/1827/1713
f 11/13/12 2050/2173/1997 2047/2170/1994
f 1411/1449/1371 2050/2173/1997 2052/2174/1998
f 1410/1450/1372 1411/1449/1371 2052/2174/1998
f 642/646/625 2053/2176/2000 2054/2175/1999
f 1221/1239/1185 1223/1237/1183 2055/2177/2001
f 817/1904/795 2056/2178/2002 425/1951/436
f 817/1904/795 1830/1903/1772 2056/2178/2002
f 1884/1963/1825 1886/1961/1823 678/683/660
f 2057/2179/2003 1707/813/788 809/812/787
f 1268/1293/1233 1269/1292/1232 2058/2180/2004
f 1801/1872/1750 2042/2181/2005 844/850/821
f 1801/1872/1750 844/850/821 65/70/67
f 1167/1175/1127 188/221/207 145/144/138
f 1813/1880/1757 188/221/207 169/187/177
f 277/300/286 1818/1889/1763 878/882/853
f 1819/1888/1762 1818/1889/1763 277/300/286
f 2060/1619/1523 1001/1006/971 597/603/585
f 2060/1619/1523 2061/2183/2007 2062/2182/2006
f 1585/1631/1535 2501/2185/2009 2063/2184/2008
f 2063/2184/2008 1586/1630/1534 1585/1631/1535
f 1141/1154/1106 667/670/647 757/759/734
f 667/670/647 666/671/648 757/759/734
f 1181/1194/1146 1711/2009/1866 847/853/824
f 598/602/584 596/598/580 595/599/581
f 597/603/585 2064/2186/2010 598/602/584
f 1292/1318/1257 2065/2187/2011 1293/1317/1256
f 2066/2189/2013 1533/1579/1486 1350/2188/2012
f 313/347/333 2067/2190/2014 314/346/332
f 307/330/316 2067/2190/2014 1168/1178/1130
f 2068/2192/2016 2069/2191/2015 2039/2158/1987
f 2048/2172/1996 11/13/12 13/11/10
f 746/748/723 1326/2193/2017 747/747/722
f 746/748/723 1384/1420/1344 1382/1417/1341
f 1318/1351/1282 591/597/579 593/595/577
f 1318/1351/1282 242/275/261 244/273/259
f 124/126/121 100/651/100 102/106/103
f 102/106/103 100/651/100 103/105/102
f 1934/2013/1870 1686/2194/1641 1933/2014/1871
f 1933/2014/1871 1686/2194/1641 1688/2195/1639
f 180/216/202 168/1442/1366 181/215/201
f 168/1442/1366 180/216/202 167/2030/1886
f 361/389/373 375/401/385 362/388/372
f 2070/2196/2018 1958/2051/1900 362/388/372
f 1097/1108/1065 475/490/474 906/2197/880
f 1095/1110/1067 1097/1108/1065 2071/2198/2019
f 2072/2200/2021 1891/1966/1828 2073/2199/2020
f 2053/2202/2000 1223/1237/1183 2054/2201/1999
f 1009/1013/978 1135/1145/1097 1839/1917/1782
f 1052/1061/1022 1512/1557/1467 1514/1555/1465
f 1052/1061/1022 1514/1555/1465 2075/2203/2022
f 997/1001/966 274/298/284 996/1002/967
f 1573/1620/1524 274/298/284 997/1001/966
f 994/999/964 1170/1181/1133 2020/2126/1967
f 56/61/58 2077/2204/2023 57/60/57
f 1962/2055/1904 1298/1322/1259 2078/2205/2024
f 1368/1403/1327 1983/2078/1925 474/491/475
f 2079/2206/2025 1368/1403/1327 474/491/475
f 2080/2207/2026 1750/1816/1703 981/986/953
f 2080/2207/2026 2081/2209/2028 2082/2208/2027
f 1663/1716/1618 1468/1515/1428 2083/2210/2029
f 195/230/216 194/231/217 2084/2211/2030
f 1086/1096/1054 2085/2212/2031 1084/1098/1056
f 755/756/731 2087/2214/2032 2088/2213/1250
f 860/867/838 1708/1768/1663 1887/1964/1826
f 523/535/519 1959/344/330 1556/345/331
f 1515/1560/1470 1512/1557/1467 1052/1061/1022
f 1197/1214/1163 1408/1448/1370 1198/1213/1162
f 1438/1480/1397 489/508/492 2089/2215/2033
f 2089/2215/2033 489/508/492 491/506/490
f 2069/2191/2015 632/2216/616 2039/2158/1987
f 631/638/617 2039/2160/1987 632/637/616
f 2090/2218/2035 2091/2217/2034 769/772/747
f 1006/2155/974 1017/2219/990 2037/2154/1984
f 1299/1325/1262 1279/1301/1240 2092/2220/2036
f 2093/2138/1976 1031/1037/1002 2024/2221/2037
f 2094/2222/2038 1091/1103/1060 2093/2138/1976
f 1958/2051/1900 1392/1430/1354 1959/344/330
f 449/473/457 1480/1524/1437 717/718/693
f 1617/1672/1574 717/718/693 2095/2223/2039
f 1376/1412/1336 1664/1715/1617 2096/2224/2040
f 1376/1412/1336 592/596/578 1664/1715/1617
f 2097/2226/2042 781/784/759 2098/2225/2041
f 1955/2049/1898 1399/1433/1357 2099/2227/2043
f 2100/2229/2045 2101/2228/2044 582/588/570
f 583/587/569 582/588/570 2101/2228/2044
f 2102/2231/2047 2103/2230/2046 2082/2208/2027
f 708/713/688 710/711/686 1646/1700/1602
f 1646/1700/1602 1157/1168/1120 2104/2232/2048
f 1237/1255/1201 1236/1256/1202 1144/1155/1107
f 2105/2233/2049 308/329/315 716/714/689
f 129/132/127 1140/1150/1102 1139/1151/1103
f 2106/2234/2050 602/610/590 129/132/127
f 611/618/598 1529/1577/1484 612/617/597
f 2107/2237/2053 2108/2236/2052 2109/2235/2051
f 1409/1618/1369 2060/1619/1523 82/815/84
f 1198/1213/1162 1409/1447/1369 82/2238/84
f 1504/1549/1459 1503/1550/1460 1506/1725/1627
f 462/483/467 850/856/827 463/482/466
f 2110/2240/2055 842/2239/2054 843/1065/1026
f 2111/2242/2057 843/1065/1026 2112/2241/2056
f 407/433/417 406/434/418 1846/1924/1789
f 406/434/418 1261/1283/1225 1846/1924/1789
f 1949/2038/1893 1951/2036/1891 545/556/540
f 545/556/540 1509/1553/1463 546/555/539
f 1486/1534/1444 506/523/507 1487/1533/1443
f 1487/1533/1443 447/1713/1615 448/2243/2058
f 579/586/568 580/585/567 1178/1189/1141
f 571/575/557 568/574/556 1684/1596/1503
f 2113/2245/2060 2114/2244/2059 2097/2226/2042
f 2115/2246/2061 2014/2117/1959 486/505/489
f 2080/2207/2026 2082/2208/2027 2116/2247/2062
f 1845/1922/1787 1844/1923/1788 2117/2248/2063
f 377/403/387 2118/2249/2064 1910/1985/1844
f 1646/1700/1602 2104/2232/2048 708/713/688
f 1645/1699/1601 2119/2250/2065 1987/2079/1926
f 337/368/353 288/312/298 290/310/296
f 451/1247/1193 1230/1248/1194 1068/1076/1037
f 1729/1790/1683 1068/1076/1037 1071/1078/1039
f 461/478/462 1472/2251/2066 345/1847/801
f 2120/2254/2067 1473/2253/1433 1474/2252/1432
f 2121/2257/2069 2122/2256/2068 459/2255/464
f 1733/1794/1687 1732/1792/1685 2121/2257/2069
f 1664/1715/1617 388/411/395 2096/2224/2040
f 1663/1716/1618 388/411/395 1664/1715/1617
f 506/523/507 2123/2258/2070 1661/1714/1616
f 2124/2261/2073 2125/2260/2072 2126/2259/2071
f 1746/1809/1699 1642/1695/1597 1745/1116/1073
f 1679/1735/1633 1610/1664/1566 1642/1695/1597
f 2127/2262/2074 2097/2226/2042 486/505/489
f 453/1661/1563 1608/1662/1564 452/2263/2075
f 2128/2264/2076 503/515/499 502/516/500
f 2103/2230/2046 2129/2265/2077 2082/2208/2027
f 2130/2268/2080 2131/2267/2079 2132/2266/2078
f 2132/2266/2078 182/214/200 624/631/610
f 2133/2271/2083 2134/2270/2082 2135/2269/2081
f 2133/2271/2083 879/885/856 2134/2270/2082
f 1539/1584/1491 331/365/350 2136/2272/2084
f 1539/1584/1491 1299/1325/1262 331/365/350
f 25/2273/26 923/932/901 925/930/899
f 27/28/27 923/2274/901 25/27/26
f 902/904/875 1759/2275/2085 969/974/941
f 1770/1836/1720 902/904/875 969/974/941
f 2137/2276/204 460/479/463 459/480/464
f 184/217/203 2137/218/204 459/2255/464
f 998/1005/970 2138/2278/2087 2139/2277/2086
f 1516/2279/1520 998/1005/970 1000/1003/968
f 2140/2281/2088 1570/1615/1521 2138/2280/2087
f 998/1005/970 2140/2282/2088 2138/2278/2087
f 2141/2284/2090 245/278/264 2142/2283/2089
f 240/271/257 2142/2283/2089 2143/2285/2091
f 1587/201/190 935/944/912 937/942/910
f 1422/1465/1383 939/200/189 945/952/920
f 701/706/681 1523/1570/1477 706/707/682
f 431/2128/442 706/707/682 1523/1570/1477
f 1790/1860/1739 2144/1281/1223 1788/1862/1741
f 786/335/321 2144/1281/1223 787/790/765
f 1517/1561/1471 2080/2207/2026 2116/2247/2062
f 789/793/768 1790/1860/1739 1789/1861/1740
f 1790/1860/1739 787/790/765 2144/1281/1223
f 713/2287/1630 2148/2286/2092 918/922/891
f 1881/1957/1819 1919/1995/1852 2149/2288/2093
f 1880/1958/1820 1881/1957/1819 2149/2288/2093
f 1940/2023/1879 2150/2289/2094 910/918/887
f 1864/1939/1803 594/600/582 1358/1394/1318
f 96/101/98 594/600/582 1865/1941/1805
f 2151/2290/2095 819/824/798 779/822/796
f 1449/1492/1409 444/468/452 1349/1387/1311
f 1738/1802/1693 1740/1800/1691 1480/1524/1437
f 1740/1800/1691 1741/1803/1694 2152/1671/1573
f 2153/2292/2097 2154/2291/2096 743/745/720
f 1144/1155/1107 1236/1256/1202 743/745/720
f 2157/2293/2098 1639/1693/1595 538/551/535
f 1202/1219/1167 785/788/763 1203/267/253
f 1337/1372/1297 1336/1373/1298 785/788/763
f 1795/1866/1744 613/620/600 566/1284/553
f 565/572/554 619/2294/604 566/571/553
f 1034/1040/1005 1033/1041/1006 1090/1104/1061
f 1588/1633/1537 1520/1567/1474 1033/1041/1006
f 214/1804/1695 2158/2295/2099 2046/2168/1992
f 2158/2295/2099 196/229/215 195/230/216
f 1596/1645/1547 1595/1646/1548 1496/820/794
f 124/126/121 1245/2297/1209 1244/2296/1210
f 1246/2298/1211 166/175/167 190/226/212
f 878/882/853 1991/2083/1930 285/307/293
f 285/307/293 1991/2083/1930 1949/2038/1893
f 224/259/245 1026/1030/995 955/962/929
f 624/631/610 2130/2268/2080 2132/2266/2078
f 988/995/960 531/543/527 1331/1366/1292
f 988/995/960 1600/1650/1552 531/543/527
f 245/278/264 2159/2299/2100 246/277/263
f 245/278/264 1425/1466/1384 2159/2299/2100
f 468/342/328 938/340/326 469/488/472
f 1425/1466/1384 245/278/264 2141/2284/2090
f 1947/2031/1887 1327/2300/2101 156/162/156
f 14/16/15 1064/2302/2103 2161/2301/2102
f 1682/1738/1636 1063/1071/1032 542/553/537
f 1033/1041/1006 1520/1567/1474 2162/2303/2104
f 2162/2303/2104 1520/1567/1474 1090/1104/1061
f 1680/1737/1635 2/3/3 4/1/1
f 644/648/627 2/3/3 1420/1461/1379
f 1091/1103/1060 2094/2222/2038 1034/1040/1005
f 1449/1492/1409 1294/1316/1255 50/56/53
f 839/845/816 1449/1492/1409 50/56/53
f 878/882/853 1634/1687/1589 1991/2083/1930
f 1634/1687/1589 2163/1688/1590 270/296/282
f 1740/1800/1691 2152/1671/1573 2164/2304/2105
f 2095/2223/2039 717/718/693 2164/2304/2105
f 2165/2307/2106 974/2306/947 973/2305/948
f 2166/2310/2107 973/2309/948 523/2308/519
f 2167/2311/2108 757/759/734 1869/1945/1809
f 1869/1945/1809 2106/2234/2050 2167/2311/2108
f 282/2118/1960 1156/2312/2109 509/525/509
f 510/524/508 509/525/509 263/289/275
f 1749/1815/1702 1134/1146/1098 1239/1563/1203
f 392/419/403 1135/1145/1097 1134/1146/1098
f 1489/1537/1447 1526/1572/1479 654/661/638
f 1489/1537/1447 654/661/638 1747/1810/1700
f 234/266/252 662/669/646 650/656/633
f 235/265/251 234/266/252 650/656/633
f 646/2119/1961 1615/1668/1570 283/305/291
f 651/655/632 2169/2313/2110 235/265/251
f 1726/1788/1681 2170/2314/2111 1727/1787/1680
f 2171/2317/2114 2172/2316/2113 2173/2315/2112
f 2068/2320/2016 2174/2319/2115 2069/2318/2015
f 1488/1538/1448 1938/2021/1877 1158/1167/1119
f 1526/1572/1479 1158/1167/1119 1491/1539/1449
f 289/311/297 1652/1704/1606 2175/2321/2116
f 1654/1705/1607 1614/1669/1571 1652/1704/1606
f 326/358/343 325/359/344 1128/2322/1952
f 1273/1297/1237 802/805/780 794/794/769
f 2176/2323/2117 2177/2127/1968 625/633/612
f 2178/2325/2119 1536/1583/1490 2179/2324/2118
f 825/829/803 341/371/356 2180/2326/2120
f 108/111/108 1378/1414/1338 109/110/107
f 1378/1414/1338 2181/1415/1339 109/110/107
f 904/2328/878 903/2327/879 1469/1517/1430
f 1612/1667/1569 904/2329/878 1395/1432/1356
f 1134/1146/1098 1749/1815/1702 392/419/403
f 1517/1561/1471 1518/418/402 1749/1815/1702
f 442/464/448 2182/2330/2121 1998/2092/1939
f 1595/1646/1548 790/792/767 1496/820/794
f 2174/2319/2115 2183/2331/2122 2069/2318/2015
f 1673/1726/1628 916/924/893 1379/1416/1340
f 1379/1416/1340 1655/1708/1610 1673/1726/1628
f 1520/1567/1474 1031/1037/1002 1090/1104/1061
f 1091/1103/1060 1031/1037/1002 2093/2138/1976
f 442/464/448 1998/2092/1939 1404/1439/1363
f 1611/1666/1568 1651/17/16 961/969/936
f 832/838/810 1715/1773/1668 934/939/907
f 830/836/808 832/838/810 934/939/907
f 1927/2007/1864 1877/1954/1816 1928/2006/1863
f 1877/1954/1816 2184/2332/2123 5/7/6
f 2138/2280/2087 1515/1560/1470 810/814/789
f 2138/2278/2087 810/2333/789 2139/2277/2086
f 289/311/297 1621/1674/1576 2185/2334/2124
f 2069/2191/2015 2188/2335/2125 632/2216/616
f 2069/2318/2015 2183/2331/2122 2188/2336/2125
f 695/2134/1973 321/355/341 2189/2337/2126
f 801/802/777 2189/2337/2126 321/355/341
f 1338/1375/1300 1336/1373/1298 2190/2338/2127
f 1447/1488/1405 558/567/549 1445/1490/1407
f 785/788/763 1338/1375/1300 784/789/764
f 544/557/541 546/555/539 1338/1375/1300
f 1563/1608/1515 74/77/74 1564/1607/1514
f 1563/1608/1515 912/916/885 1753/1820/1706
f 128/133/128 1140/1150/1102 129/132/127
f 1997/2093/1940 1404/1439/1363 1998/2092/1939
f 1395/1432/1356 431/458/442 430/459/443
f 352/380/364 1594/1643/1545 1348/2339/2128
f 2191/2341/2130 2110/2240/2055 2192/2340/2129
f 1554/2344/1507 1431/2343/1391 1811/2342/1756
f 218/251/237 1459/1505/1422 2193/2345/2131
f 970/2346/2132 2139/2277/2086 810/2333/789
f 1257/1280/1222 969/974/941 999/1004/969
f 280/2349/289 1028/2348/998 1635/2347/1591
f 280/303/289 247/276/262 246/277/263
f 2194/2350/2133 590/592/574 2093/2138/1976
f 823/2351/2134 590/592/574 2194/2350/2133
f 1280/1304/1243 1521/1568/1475 1278/1302/1241
f 1521/1568/1475 1279/1301/1240 1278/1302/1241
f 739/739/714 2090/2353/2035 2195/2352/2135
f 2196/2356/2137 2091/2355/2034 2197/2354/2136
f 304/327/313 299/324/310 1820/1910/1778
f 1819/1888/1762 304/327/313 1820/1910/1778
f 936/943/911 761/764/739 937/942/910
f 1756/1822/1708 1588/1633/1537 944/948/916
f 1677/1731/1631 84/2358/86 2198/2357/2138
f 2198/2359/2138 1722/1781/1675 1677/1780/1631
f 108/111/108 2199/2360/2139 143/146/140
f 1699/1755/1651 327/357/342 2200/2361/2140
f 2166/2310/2107 2201/2362/2141 973/2309/948
f 409/2363/2142 1456/1502/1419 813/818/792
f 1640/1692/1594 1639/1693/1595 2202/2364/2143
f 1639/1693/1595 2160/2365/2144 2202/2364/2143
f 2203/2367/2146 1049/2001/1858 1924/2366/2145
f 44/50/47 1766/1833/1717 45/49/46
f 2204/2368/2147 480/497/481 479/498/482
f 1130/2131/1970 1894/1968/1830 884/2130/1969
f 1313/181/172 2205/182/173 1829/2369/1771
f 1020/2371/991 2037/2370/1984 2196/2356/2137
f 2196/2356/2137 2197/2354/2136 739/2372/714
f 1936/2016/1872 2206/2373/2148 1935/2017/1873
f 2207/2375/2150 47/53/50 2208/2374/2149
f 38/356/39 66/69/66 846/848/819
f 2209/2376/2151 47/53/50 49/51/48
f 2210/2377/2152 47/53/50 2209/2376/2151
f 2211/2378/2153 806/811/786 808/809/784
f 2213/2379/2154 1348/2339/2128 2191/2341/2130
f 108/111/108 1815/1882/1759 2430/1413/1337
f 358/386/370 1701/1757/1653 763/765/740
f 358/386/370 360/384/368 2214/2380/2155
f 1862/2383/2158 2215/2382/2157 1861/2381/2156
f 449/473/457 718/717/692 450/472/456
f 2122/2256/2068 184/217/203 459/2255/464
f 2122/2256/2068 1732/1792/1685 2216/2384/2159
f 1474/2252/1432 970/2386/2132 105/2385/105
f 1474/1519/1432 1211/1224/1171 999/1004/969
f 2217/2387/2160 764/2089/1936 453/1661/1563
f 451/1247/1193 453/1661/1563 452/2263/2075
f 2185/2334/2124 1621/1674/1576 2187/2388/2161
f 1705/1762/1658 1704/1763/1659 2218/2389/2162
f 2219/2390/2163 28/30/28 30/31/29
f 719/721/696 2220/2391/2164 1693/1748/1644
f 2106/2234/2050 129/132/127 1139/1151/1103
f 1139/1151/1103 2167/2311/2108 2106/2234/2050
f 1108/1270/1074 1353/1389/1313 1286/1310/1249
f 426/1886/435 1817/1887/1761 2221/2392/2165
f 1245/2297/1209 124/126/121 2222/2393/2166
f 2222/2393/2166 124/126/121 123/127/122
f 1226/1240/1186 69/72/69 1224/1242/1188
f 2223/2395/2168 2224/2394/2167 1226/1240/1186
f 616/623/603 90/96/93 92/94/91
f 2225/2397/2170 1203/267/253 2226/2396/2169
f 1903/1980/1840 1203/267/253 2225/2397/2170
f 1375/1410/1334 1931/2012/1869 1932/2011/1868
f 1277/1303/1242 881/883/854 1278/1302/1241
f 1248/1272/1214 1108/1270/1074 1286/1310/1249
f 1877/1954/1816 1248/1272/1214 2184/2332/2123
f 2227/2398/2171 2036/2150/1982 2035/2151/1983
f 1555/2399/1508 1554/1600/1507 949/954/922
f 523/2308/519 2228/2400/2172 949/954/922
f 942/2402/913 20/22/21 1465/2401/2173
f 1760/1827/1713 1015/1022/987 2229/2403/2174
f 1015/1022/987 1016/1021/986 2230/2404/2175
f 2231/2406/2177 2232/2405/2176 1053/1060/1021
f 1053/1060/1021 1052/1061/1022 2075/2203/2022
f 1529/1577/1484 1825/1897/1768 1530/1576/1483
f 2233/2407/2178 1764/1831/1715 1765/1832/1716
f 495/774/749 958/965/932 496/964/931
f 526/537/521 257/2408/1115 601/1453/586
f 257/1163/1115 253/282/268 1153/1162/1114
f 523/2308/519 949/954/922 814/817/791
f 814/817/791 2166/2310/2107 523/2308/519
f 26/2409/25 81/83/80 27/1508/27
f 81/83/80 1462/1507/1424 27/1508/27
f 936/943/911 593/595/577 761/764/739
f 1603/1653/1555 593/595/577 1602/1652/1554
f 1168/1178/1130 2000/2095/1942 1618/2410/2179
f 797/801/776 2000/2095/1942 1168/1178/1130
f 1852/1931/1795 393/417/401 1843/1920/1785
f 393/417/401 1844/1923/1788 1843/1920/1785
f 2234/337/323 353/338/324 2235/2411/2180
f 62/67/64 803/808/783 805/806/781
f 427/456/440 897/900/871 1889/2412/2181
f 1889/2412/2181 897/900/871 1890/2413/2182
f 12/12/11 396/420/404 8/2414/9
f 2238/2417/2185 2236/2416/2184 2239/2415/2183
f 368/392/376 1304/1334/1268 366/394/378
f 871/875/846 1455/1500/1417 872/874/845
f 1608/1662/1564 2128/2264/2076 2240/2418/2186
f 607/35/33 32/33/31 2241/2419/2187
f 1176/775/750 1499/1543/1453 2008/2104/1951
f 1305/1333/1267 2242/2420/2188 883/777/752
f 884/2130/1969 1305/1333/1267 883/777/752
f 1053/1060/1021 2075/2203/2022 2243/2421/2189
f 2208/2374/2149 2244/2422/2190 2207/2375/2150
f 1707/1765/788 807/810/785 2245/2423/2191
f 807/2424/785 1707/813/788 2057/2179/2003
f 557/568/550 1445/1490/1407 558/567/549
f 557/568/550 1448/341/327 1445/1490/1407
f 755/756/731 2088/2213/1250 365/390/374
f 2088/1641/1250 1346/1385/1310 365/2425/374
f 2246/2426/2192 2100/2229/2045 967/976/943
f 2246/2426/2192 1558/1602/1509 1193/1210/1159
f 1226/1240/1186 2224/2394/2167 69/72/69
f 69/72/69 1227/1245/1191 1876/1953/1815
f 1631/1686/1588 1633/1684/1586 1617/1672/1574
f 262/285/271 2247/2428/2194 2248/2427/2193
f 483/500/484 2238/2417/2185 484/499/483
f 2249/18/17 439/2429/2195 959/967/934
f 317/348/334 316/349/335 2250/2430/2196
f 2250/2430/2196 818/823/797 317/348/334
f 1345/1381/1306 2251/2431/2197 1343/1383/1308
f 417/439/423 851/855/826 462/483/467
f 1754/1821/1707 751/755/730 753/753/728
f 1137/1149/1101 680/685/662 679/686/663
f 521/531/515 1622/1678/1580 1624/1676/1578
f 678/683/660 521/531/515 1050/2432/2198
f 1971/2062/1911 859/864/835 1452/1497/1414
f 1452/1497/1414 859/864/835 2211/2378/2153
f 553/562/544 1262/1285/1226 551/564/546
f 1829/1901/1771 554/1855/548 204/1900/225
f 2252/2433/2199 1150/1161/1113 774/779/754
f 2253/2436/2202 2254/2435/2201 2255/2434/2200
f 1716/1774/1669 1715/1773/1668 387/412/396
f 1715/1773/1668 832/838/810 387/412/396
f 2121/2438/2069 346/825/799 2256/2437/2203
f 2121/2439/2069 459/480/464 346/1846/799
f 118/130/125 150/159/153 152/157/151
f 152/157/151 94/1527/113 1481/1528/1440
f 261/286/272 2247/2428/2194 262/285/271
f 394/422/406 1008/1015/980 1009/1013/978
f 1011/1017/982 1010/1018/983 1990/2082/1929
f 888/892/863 236/264/250 2159/2299/2100
f 2159/2299/2100 1425/1466/1384 888/892/863
f 720/720/695 1692/1747/1643 2257/2440/2204
f 1601/1651/1553 1600/1650/1552 2003/2098/1945
f 1600/1650/1552 1601/1651/1553 531/543/527
f 2010/2112/1954 2009/2113/1955 1494/2441/1450
f 1928/2006/1863 7/5/4 2260/2005/1862
f 2259/2022/1878 911/917/886 910/918/887
f 910/918/887 2150/2289/2094 2259/2022/1878
f 1011/1017/982 1008/1015/980 394/422/406
f 1011/1017/982 394/422/406 396/420/404
f 528/541/525 527/542/526 2260/2005/1862
f 528/2444/525 2009/2443/1955 529/2442/524
f 1781/1850/1732 1087/1101/1058 1655/1708/1610
f 1566/1609/1516 1781/1850/1732 1655/1708/1610
f 2263/2445/2205 413/437/421 1879/1955/1817
f 1902/1981/1841 1904/1979/1839 2263/2445/2205
f 1146/2447/1108 2264/2446/2206 1095/1110/1067
f 1145/1221/1109 2264/2446/2206 1146/2447/1108
f 1974/2065/1914 39/44/41 2265/2448/2207
f 2265/2448/2207 1707/1765/788 2245/2423/2191
f 264/288/274 1593/1639/1543 1098/1640/1544
f 2176/2323/2117 625/633/612 2266/2449/2208
f 2143/2285/2091 2266/2449/2208 2267/2450/2209
f 2129/2265/2077 2116/2247/2062 2082/2208/2027
f 2146/2451/2210 2116/2247/2062 2129/2265/2077
f 1706/1764/1660 28/30/28 2219/2390/2163
f 1002/1007/972 379/406/390 980/987/954
f 379/406/390 981/986/953 980/987/954
f 736/737/712 1436/1477/1395 1002/1612/972
f 1568/1613/1519 736/737/712 1002/1612/972
f 1803/1874/1752 1683/1739/1637 1037/1046/1008
f 1803/1874/1752 1037/1046/1008 1036/1047/1009
f 1890/2413/2182 897/900/871 896/901/872
f 1129/1409/1333 1923/1999/1856 702/705/680
f 1617/1672/1574 2247/2428/2194 254/2452/2211
f 717/718/693 1617/1672/1574 254/2452/2211
f 856/332/318 857/862/833 866/334/320
f 774/779/754 2268/2453/2212 2255/2434/2200
f 2268/2453/2212 774/779/754 883/777/752
f 1646/1700/1602 710/711/686 1160/1171/1123
f 1491/1539/1449 1646/1700/1602 1160/1171/1123
f 1484/1531/1441 1483/1532/1442 1485/1535/1445
f 1591/2454/2213 1485/1535/1445 1592/1636/1540
f 1434/1475/1393 2269/2455/2214 920/927/896
f 685/2456/668 1434/1475/1393 1832/1907/1775
f 1809/2459/1754 2195/2458/2135 2270/2457/2215
f 1809/1876/1754 739/739/714 2195/2352/2135
f 1494/2441/1450 2271/2461/2217 2272/2460/2216
f 2260/2463/1862 2271/2462/2217 528/2444/525
f 1154/1165/1117 265/293/279 1542/1588/1495
f 2273/2465/2218 1012/1138/981 1287/2464/1248
f 1110/1120/1077 1012/1016/981 2274/2466/2219
f 1946/2027/1883 1945/2028/1884 2275/2467/2220
f 347/375/360 2276/2468/2221 348/374/359
f 2121/2438/2069 2256/2437/2203 347/375/360
f 536/548/532 535/549/533 2277/2469/2222
f 2278/2470/2223 1546/1591/1498 1549/550/534
f 2220/2391/2164 1867/1942/1806 1693/1748/1644
f 585/2473/573 2279/2472/2225 2086/2471/2224
f 2165/2476/2106 2280/2475/2226 974/2474/947
f 1042/2477/1013 1976/2067/1915 1975/2068/1916
f 1042/1052/1013 1946/2478/1883 424/453/437
f 200/237/223 2281/2479/2227 201/236/222
f 2059/2481/2228 200/237/223 1322/2480/1286
f 1168/1178/1130 1618/2410/2179 2282/2482/2229
f 289/311/297 288/312/298 1620/1675/1577
f 563/1974/1834 561/2483/552 1426/1741/1386
f 561/2483/552 563/1974/1834 49/992/48
f 1892/2484/2230 2072/2200/2021 1721/1778/1673
f 158/166/160 1721/1778/1673 2072/2200/2021
f 501/517/501 503/515/499 1186/1198/1150
f 1351/1246/1192 451/1247/1193 1186/1198/1150
f 154/164/158 1193/1210/1159 1196/1211/1160
f 2100/2229/2045 154/164/158 2101/2228/2044
f 919/925/894 2283/2486/2232 2284/2485/2231
f 2283/2486/2232 2285/2487/2233 2284/2485/2231
f 1605/1657/1559 1574/1623/1527 1575/1622/1526
f 660/2489/642 2270/2457/2215 1444/2488/1404
f 655/660/637 1362/1400/1324 656/659/636
f 370/396/380 369/397/381 1873/1950/1813
f 576/584/566 1873/1950/1813 577/583/565
f 1530/1576/1483 765/770/745 767/768/743
f 2233/2407/2178 1530/1576/1483 1825/1897/1768
f 1249/1271/1213 1977/2069/1917 1106/2490/1076
f 1108/1270/1074 1249/1271/1213 1106/2490/1076
f 2007/2103/1950 1151/2491/2234 1130/2131/1970
f 1895/1969/1831 1498/1544/1454 1151/2491/2234
f 2286/2494/2237 1625/2493/2236 1626/2492/2235
f 2287/2496/2239 2288/2495/2238 1886/1961/1823
f 79/90/87 81/83/80 26/2409/25
f 79/2497/87 1078/1084/1045 908/1891/883
f 1819/1888/1762 305/326/312 304/327/313
f 1357/1395/1319 1863/1940/1804 1358/1394/1318
f 676/681/658 675/682/659 1863/1940/1804
f 1616/1673/1575 2175/2321/2116 1652/1704/1606
f 1631/1686/1588 1617/1672/1574 1616/1673/1575
f 2270/2457/2215 769/772/747 2289/2498/2240
f 1882/1959/1821 2290/2499/2241 1269/1292/1232
f 2290/2499/2241 1882/1959/1821 2291/2500/2242
f 1991/2083/1930 270/296/282 272/294/280
f 270/296/282 1991/2083/1930 1634/1687/1589
f 1200/2501/1165 413/437/421 2263/2445/2205
f 2292/2503/2243 1201/2502/1164 1200/2501/1165
f 2263/2445/2205 1904/1979/1839 2293/2504/2244
f 2293/2504/2244 2225/2397/2170 2226/2396/2169
f 1038/1045/1007 1062/1072/1033 1036/1047/1009
f 1038/1045/1007 1063/1071/1032 1062/1072/1033
f 1470/2506/1429 905/912/881 1758/2505/1711
f 905/912/881 903/2507/879 736/737/712
f 2229/2403/2174 2294/2508/2245 515/526/510
f 1721/1778/1673 1720/1779/1674 2295/961/928
f 2286/2494/2237 2288/2495/2238 2287/2496/2239
f 2297/2509/2246 1885/1962/1824 703/704/679
f 515/526/510 2294/2508/2245 2298/2510/2247
f 1672/1724/1626 950/953/921 600/605/587
f 525/539/523 600/1454/587 950/2511/921
f 2299/2512/2248 2298/2510/2247 1371/1407/1331
f 1371/1407/1331 2298/2510/2247 990/156/150
f 1074/1081/1042 1072/2003/1860 1380/1419/1343
f 357/381/365 1674/1728/1629 1380/1419/1343
f 1065/1075/1036 1949/2038/1893 545/556/540
f 285/307/293 1949/2038/1893 1065/1075/1036
f 1151/2491/2234 2007/2103/1950 1895/1969/1831
f 1499/1543/1453 1895/1969/1831 2007/2103/1950
f 685/692/668 637/690/623 2300/2513/2249
f 2269/2455/2214 1434/1475/1393 685/2456/668
f 698/702/677 1021/1028/993 1607/1659/1561
f 2215/2382/2157 2301/2514/2250 1486/1534/1444
f 1485/1535/1445 2302/2515/2251 1486/1534/1444
f 638/2517/622 686/691/667 2303/2516/2252
f 638/643/622 637/644/623 686/2518/667
f 1378/1414/1338 2430/1413/1337 2304/2519/2253
f 727/728/703 1209/1226/1173 728/727/702
f 1209/1226/1173 2305/2520/2254 1472/2251/2066
f 2013/2116/1958 1032/1036/1001 2306/2521/2255
f 2013/2116/1958 2307/2522/2256 831/835/807
f 1557/906/877 1558/1602/1509 2308/2523/2257
f 1557/906/877 584/590/572 1558/1602/1509
f 1774/1841/1725 1776/1842/1726 1175/1185/1137
f 1258/1279/1221 1210/1225/1172 727/728/703
f 1210/1225/1172 1258/1279/1221 1211/1224/1171
f 1170/1181/1133 2076/2524/2258 2020/2126/1967
f 1170/1181/1133 443/469/453 2076/2524/2258
f 419/443/427 2310/2525/2259 449/473/457
f 449/473/457 2311/2526/2260 1480/1524/1437
f 1807/1638/1542 1100/1112/1069 1282/889/860
f 1807/1638/1542 286/306/292 1100/1112/1069
f 827/834/805 385/2527/392 572/833/562
f 385/408/392 573/579/561 572/580/562
f 2235/2411/2180 2192/2340/2129 2111/2242/2057
f 259/442/426 450/472/456 1591/2454/2213
f 1592/1636/1540 259/442/426 1591/2454/2213
f 1992/2085/1932 1993/2084/1931 1950/2037/1892
f 1951/2036/1891 1950/2037/1892 2312/2528/2261
f 1667/1721/1623 1669/1719/1621 558/567/549
f 182/214/200 2132/2266/2078 2296/2529/2262
f 2303/2516/2252 1710/2530/1661 638/2517/622
f 448/2243/2058 638/643/622 1710/1766/1661
f 518/529/513 517/530/514 2313/2531/2263
f 2314/2532/2264 1267/1291/1231 517/530/514
f 395/421/405 2315/2533/2265 1419/1462/1380
f 2316/2536/2266 1419/2535/1380 2315/2534/2265
f 1317/1348/1279 989/994/959 1319/1350/1281
f 294/317/303 1492/2537/2267 538/551/535
f 2027/2137/1975 589/593/575 1442/1483/1400
f 644/648/627 2318/2538/2268 2/3/3
f 2289/2498/2240 1605/1657/1559 1575/1622/1526
f 768/773/748 2321/2539/2269 1605/1657/1559
f 811/601/583 2060/1619/1523 597/603/585
f 82/815/84 2060/1619/1523 811/601/583
f 15/15/14 1500/1545/1455 1501/1546/1456
f 1038/1045/1007 1500/1545/1455 15/15/14
f 1383/1421/1345 746/748/723 957/1259/1204
f 403/431/415 405/429/413 2322/2540/2270
f 454/1663/1565 2323/2542/2272 2324/2541/2271
f 1208/1223/1170 1398/1434/1358 1188/1201/1153
f 1208/1223/1170 487/504/488 1398/1434/1358
f 2323/2542/2272 1609/1665/1567 2324/2541/2271
f 2173/2544/2112 1466/2543/2273 2272/2460/2216
f 1465/2547/2173 1466/2546/2273 2173/2545/2112
f 1950/2037/1892 1993/2084/1931 2312/2528/2261
f 1993/2084/1931 2325/2548/2274 1952/2039/1894
f 1173/1183/1135 1172/1184/1136 773/776/751
f 615/621/601 773/776/751 495/774/749
f 2326/2550/2276 2327/2549/2275 151/158/152
f 2326/2550/2276 151/158/152 150/159/153
f 1497/1542/1452 2149/2288/2093 1919/1995/1852
f 2149/2288/2093 2328/2551/2277 1880/1958/1820
f 1961/2054/1903 60/1319/60 1298/1322/1259
f 1295/1320/1258 1298/1322/1259 60/1319/60
f 1468/1515/1428 1467/1514/1427 2083/2210/2029
f 144/145/139 111/113/110 1891/1966/1828
f 107/112/109 2199/2360/2139 108/111/108
f 852/854/825 851/855/826 1182/1193/1145
f 861/866/837 862/870/841 864/868/839
f 942/2402/913 941/2552/914 1787/1857/1736
f 942/2402/913 1787/1857/1736 20/22/21
f 993/1000/965 995/998/963 891/893/864
f 889/895/866 891/893/864 2320/2553/2278
f 1971/2062/1911 1452/1497/1414 1451/333/319
f 386/413/397 1467/1514/1427 488/503/487
f 357/381/365 356/382/366 1674/1728/1629
f 2227/2398/2171 2035/2151/1983 211/246/232
f 1617/1672/1574 1633/1684/1586 2247/2428/2194
f 2247/2428/2194 1633/1684/1586 2248/2427/2193
f 1962/2055/1904 2078/2205/2024 56/61/58
f 1962/2055/1904 56/61/58 1961/2054/1903
f 233/262/248 1952/2039/1894 232/263/249
f 2325/2548/2274 2278/2470/2223 1952/2039/1894
f 1598/1648/1550 423/448/432 1816/449/433
f 1495/1541/1451 423/448/432 1598/1648/1550
f 1844/1923/1788 393/417/401 1518/418/402
f 1844/1923/1788 1518/418/402 2117/2248/2063
f 796/797/772 795/798/773 2331/2554/2279
f 795/798/773 1060/1287/1030 2331/2554/2279
f 2332/2557/2282 2261/2556/2281 2262/2555/2280
f 2332/2557/2282 2333/2558/2283 722/724/699
f 2319/2559/2284 889/895/866 2320/2553/2278
f 1367/1404/1328 882/886/857 1521/1568/1475
f 852/854/825 861/866/837 864/868/839
f 852/854/825 864/868/839 2335/2560/2285
f 2292/2503/2243 2293/2504/2244 1201/2502/1164
f 682/689/666 2293/2504/2244 2226/2396/2169
f 1628/1680/1582 201/236/222 494/509/493
f 1628/1680/1582 494/509/493 1629/1679/1581
f 889/895/866 2319/2559/2284 2318/2538/2268
f 893/896/867 890/894/865 889/895/866
f 741/743/718 740/744/719 933/940/908
f 144/145/139 2336/2561/2286 111/113/110
f 144/145/139 143/146/140 2199/2360/2139
f 155/163/157 1196/1211/1160 2337/2562/2287
f 1361/1398/1322 320/351/337 319/352/338
f 1817/2564/1761 1827/1899/1770 1828/2563/2288
f 1872/1948/1812 59/64/61 58/65/62
f 634/641/620 59/64/61 1872/1948/1812
f 2375/2565/2289 1288/1312/1251 350/378/362
f 350/378/362 139/376/137 1733/1796/1687
f 2109/2235/2051 588/594/576 2107/2237/2053
f 2338/2567/2291 2339/2566/2290 344/1186/1138
f 179/213/199 1743/2568/1698 178/211/198
f 1743/2568/1698 185/220/206 165/176/168
f 1703/1758/1654 1612/1667/1569 1524/1571/1478
f 498/512/496 840/847/818 444/468/452
f 2028/2139/1977 498/512/496 444/468/452
f 1910/1985/1844 2118/2249/2064 1908/1986/1845
f 2118/2249/2064 376/404/388 1908/1986/1845
f 1614/1669/1571 1653/1706/1608 691/695/671
f 691/695/671 1615/1668/1570 1614/1669/1571
f 2340/2569/2292 1984/2077/1924 1983/2078/1925
f 2341/2571/2294 2342/2570/2293 1577/1625/1529
f 1888/1965/1827 2285/2487/2233 1330/2572/2295
f 217/252/238 1773/1839/1723 218/251/237
f 1621/1674/1576 689/697/673 2187/2388/2161
f 978/985/952 1890/2413/2182 1129/1409/1333
f 1890/2413/2182 1923/1999/1856 1129/1409/1333
f 724/726/701 460/479/463 2137/2276/204
f 2343/2573/2296 815/816/790 2137/218/204
f 959/967/934 484/499/483 2239/2415/2183
f 2278/2470/2223 232/263/249 1952/2039/1894
f 1549/550/534 232/263/249 2278/2470/2223
f 581/589/571 2344/2574/2297 582/588/570
f 2345/2576/2299 1000/1003/968 2346/2575/2298
f 2347/2577/2300 333/363/348 2135/2269/2081
f 1314/1347/1278 2348/2578/2301 1359/1396/1320
f 97/100/97 2148/2286/2092 98/99/96
f 1515/1560/1470 2138/2280/2087 1570/1615/1521
f 1515/1560/1470 1569/1616/1522 1512/1557/1467
f 385/408/392 996/1002/967 1081/1092/1052
f 996/1002/967 1082/1091/1051 1081/1092/1052
f 2329/2580/2303 401/427/411 2330/2579/2302
f 2330/2579/2302 401/427/411 386/413/397
f 409/2363/2142 813/818/792 2349/2581/2304
f 814/817/791 813/818/792 2166/2310/2107
f 800/804/779 798/800/775 797/801/776
f 1334/1829/1296 620/628/607 1276/1299/1238
f 1276/1299/1238 1764/1831/1715 1334/1829/1296
f 255/2583/2306 254/2452/2211 2350/2582/2305
f 95/98/95 103/105/102 85/88/85
f 825/829/803 1899/1977/1837 341/371/356
f 1899/1977/1837 1321/1354/1285 341/371/356
f 1208/1223/1170 402/426/410 487/504/488
f 574/578/560 1855/399/383 372/400/384
f 1855/399/383 574/578/560 2351/2584/2307
f 2352/2586/2309 393/417/401 2353/2585/2308
f 183/219/205 2343/2573/2296 2137/218/204
f 409/2363/2142 2349/2581/2304 410/2587/2310
f 2261/2556/2281 2354/2588/2311 2262/2555/2280
f 248/281/267 1799/1869/1747 2355/2589/2312
f 2033/2147/1980 1849/2590/1793 1342/1378/1303
f 2350/2582/2305 508/521/505 507/522/506
f 507/522/506 255/2583/2306 2350/2582/2305
f 1230/1248/1194 1233/1249/1195 1363/1399/1323
f 1363/1399/1323 1233/1249/1195 1365/1401/1325
f 2310/2525/2259 2311/2526/2260 449/473/457
f 1061/1073/1034 446/470/454 1859/1938/1802
f 445/471/455 446/470/454 1061/1073/1034
f 1058/1066/1027 804/2591/782 711/1566/830
f 1058/1066/1027 1306/1336/1269 804/2591/782
f 2352/2586/2309 2353/2585/2308 2357/196/185
f 894/197/186 1372/198/187 892/897/868
f 2358/2593/2314 2359/2592/2313 1682/1738/1636
f 542/553/537 2358/2593/2314 1682/1738/1636
f 1421/1463/1381 642/646/625 894/197/186
f 2352/2586/2309 2357/196/185 894/197/186
f 1111/1123/1080 1112/1122/1079 1113/1125/1082
f 1009/1013/978 1222/1916/1184 395/421/405
f 1221/1239/1185 2315/2534/2265 1222/1238/1184
f 986/1649/1551 1658/1710/1612 1579/1628/1532
f 2361/2594/2315 2054/2201/1999 1223/1237/1183
f 642/646/625 2054/2175/1999 641/647/626
f 2260/2005/1862 527/542/526 1927/2007/1864
f 1926/2004/1861 527/542/526 529/540/524
f 2362/2595/2316 2262/2555/2280 2354/2588/2311
f 2362/2595/2316 1798/1867/1745 1220/1236/1182
f 2314/2532/2264 1626/2492/2235 1267/1291/1231
f 1886/1961/1823 2288/2495/2238 1266/1290/1230
f 383/410/394 827/831/805 2363/2596/2317
f 2022/2132/1971 1619/2096/1943 688/693/669
f 1917/1993/1851 2364/2597/2318 1624/1992/1578
f 45/49/46 1917/1993/1851 2365/2598/2319
f 1238/1254/1200 1237/1255/1201 715/715/690
f 716/714/689 715/715/690 2105/2233/2049
f 1856/1934/1798 1855/399/383 2351/2584/2307
f 2351/2584/2307 1477/2599/2320 1856/1934/1798
f 994/999/964 993/1000/965 1170/1181/1133
f 1170/1181/1133 993/1000/965 1171/1180/1132
f 921/1215/895 414/2600/420 1200/1217/1165
f 413/437/421 1200/2501/1165 414/436/420
f 632/637/616 2366/2601/2321 630/639/618
f 632/2216/616 2188/2335/2125 2366/2602/2321
f 918/922/891 2148/2286/2092 107/112/109
f 1833/1906/1774 919/925/894 1887/1964/1826
f 860/867/838 1887/1964/1826 919/925/894
f 554/1855/548 2367/2603/2322 552/563/545
f 1262/1285/1226 2367/2603/2322 554/1855/548
f 2143/2285/2091 2176/2323/2117 2266/2449/2208
f 721/719/694 1174/1182/1134 719/721/696
f 719/721/696 1174/1182/1134 2220/2391/2164
f 126/129/124 118/130/125 117/2034/1889
f 699/701/676 126/129/124 697/703/678
f 2369/2604/2323 1602/1652/1554 936/943/911
f 1602/1652/1554 593/595/577 936/943/911
f 2119/2250/2065 1645/1699/1601 943/949/917
f 708/713/688 2370/2605/2324 709/712/687
f 914/920/889 2371/2606/2325 915/919/888
f 1655/1708/1610 1657/1709/1611 1656/1707/1609
f 1564/1607/1514 2372/2607/2326 1565/1606/1513
f 1565/1606/1513 1566/1609/1516 914/920/889
f 1048/1056/1017 1540/2608/2327 295/316/302
f 295/316/302 538/551/535 1640/1692/1594
f 2355/2589/2312 1799/1869/1747 2362/2595/2316
f 1799/1869/1747 1798/1867/1745 2362/2595/2316
f 2049/2171/1995 2050/2173/1997 11/13/12
f 2049/2171/1995 2052/2174/1998 2050/2173/1997
f 506/523/507 1661/1714/1616 447/1713/1615
f 1487/1533/1443 506/523/507 447/1713/1615
f 1896/2609/1832 738/741/716 660/665/642
f 551/564/546 614/619/599 552/563/545
f 508/521/505 2123/2258/2070 506/523/507
f 2123/2258/2070 2124/2261/2073 2126/2259/2071
f 446/470/454 994/999/964 1859/1938/1802
f 995/998/963 994/999/964 446/470/454
f 1603/1653/1555 1602/1652/1554 759/763/738
f 1603/1653/1555 540/761/736 539/2610/2328
f 696/803/778 2189/2337/2126 801/802/777
f 695/2134/1973 2189/2337/2126 696/803/778
f 2373/2612/2330 2374/2611/2329 2154/2291/2096
f 2008/2104/1951 2007/2103/1950 1150/1161/1113
f 1150/1161/1113 2252/2433/2199 2008/2104/1951
f 508/521/505 2124/2261/2073 2123/2258/2070
f 268/290/276 510/524/508 263/289/275
f 350/378/362 1733/1796/1687 2375/2565/2289
f 2121/2257/2069 2375/2613/2289 1733/1794/1687
f 1710/2530/1661 2303/2516/2252 2376/2614/2331
f 1524/1571/1478 2265/2448/2207 39/44/41
f 1707/1765/788 2265/2448/2207 1524/1571/1478
f 855/861/832 711/859/830 803/808/783
f 71/75/72 855/861/832 61/68/65
f 2085/2212/2031 1086/1096/1054 2084/2211/2030
f 836/2615/2332 1086/1096/1054 756/760/735
f 2377/2617/2333 1946/2616/1883 1247/2066/1212
f 1228/1244/1190 1944/2029/1885 1247/1269/1212
f 1302/1331/1265 1521/1568/1475 477/494/478
f 1302/1331/1265 477/494/478 476/495/479
f 2378/2619/2335 1093/1106/1063 2379/2618/2334
f 2380/2621/2337 2381/2620/2336 1440/1482/1399
f 850/856/827 462/483/467 851/855/826
f 682/689/666 2226/2396/2169 683/688/665
f 2226/2396/2169 1250/1273/1215 683/688/665
f 319/352/338 318/353/339 694/700/675
f 671/676/653 319/352/338 694/700/675
f 552/563/545 1896/1971/1832 555/1854/547
f 552/563/545 614/619/599 1896/1971/1832
f 408/432/416 1124/1143/1095 1880/1958/1820
f 1124/1143/1095 408/432/416 1239/1258/1203
f 2261/2556/2281 1538/722/697 627/636/615
f 21/21/20 20/22/21 1786/1858/1737
f 1927/2007/1864 527/542/526 1926/2004/1861
f 1926/2004/1861 1877/1954/1816 1927/2007/1864
f 84/2358/86 907/1732/884 2198/2357/2138
f 907/915/884 84/89/86 79/90/87
f 2382/2622/2338 414/2600/420 921/1215/895
f 920/927/896 2269/2455/2214 921/926/895
f 264/288/274 1281/1305/1244 1593/1639/1543
f 264/288/274 1283/1306/1245 1281/1305/1244
f 164/194/166 194/231/217 196/229/215
f 196/2043/215 179/212/199 164/174/166
f 968/975/942 582/588/570 2344/2574/2297
f 2100/2229/2045 582/588/570 968/975/942
f 1986/2080/1927 965/970/937 1985/2623/2339
f 1987/2079/1926 1157/1168/1120 1986/2080/1927
f 1327/2300/2101 1314/1347/1278 1359/1396/1320
f 1314/1347/1278 2383/2624/2340 1315/1346/1277
f 1881/1957/1819 2384/2626/2342 2385/2625/2341
f 1124/1143/1095 1125/2627/2343 1881/1957/1819
f 252/283/269 373/398/382 266/292/278
f 1184/1196/1148 1183/1195/1147 266/292/278
f 1013/1020/985 1115/1127/1084 1016/1021/986
f 1016/1021/986 2386/2628/2344 2230/2404/2175
f 1846/1924/1789 1750/1925/1703 407/433/417
f 407/1562/417 1750/1816/1703 2080/2207/2026
f 2371/2606/2325 2181/1415/1339 915/919/888
f 915/919/888 2181/1415/1339 1378/1414/1338
f 1133/1814/1094 1134/1146/1098 1989/1014/979
f 1010/1018/983 1133/1814/1094 1989/1014/979
f 830/836/808 1432/1474/1392 831/835/807
f 1432/1474/1392 2015/2120/1962 831/835/807
f 1854/1932/1796 2351/2584/2307 574/578/560
f 1854/1932/1796 1477/2599/2320 2351/2584/2307
f 148/54/51 70/76/73 50/56/53
f 283/305/291 2168/2629/2345 287/309/295
f 2387/202/191 1329/1365/1291 287/309/295
f 2083/2210/2029 388/411/395 1663/1716/1618
f 1802/1871/1749 65/70/67 75/82/79
f 1802/1871/1749 75/82/79 77/80/77
f 1853/1933/1797 2388/2630/2346 382/446/430
f 1427/1469/1387 2389/2631/2347 573/579/561
f 905/912/881 1470/2506/1429 903/2507/879
f 1469/1517/1430 903/2327/879 1470/1516/1429
f 2098/2225/2041 2390/2633/2348 397/2632/409
f 974/2634/947 2086/2471/2224 2279/2472/2225
f 1374/1141/1093 333/363/348 2391/2635/2349
f 2391/2635/2349 1375/1410/1334 1374/1141/1093
f 746/748/723 1382/1417/1341 1326/2193/2017
f 1382/1417/1341 1381/1418/1342 1326/2193/2017
f 2392/2636/2350 2001/2097/1944 695/2134/1973
f 2002/2099/1946 1676/2637/2351 1675/2046/1895
f 2342/2570/2293 881/883/854 880/884/855
f 1000/1003/968 2344/2574/2297 2346/2575/2298
f 878/882/853 1818/1889/1763 876/880/851
f 1818/1889/1763 1123/1134/1090 1122/1135/1091
f 1712/1769/1664 2393/2639/2353 2394/2638/2352
f 1712/1769/1664 2394/2638/2352 1598/1648/1550
f 1513/1556/1466 1933/2014/1871 2395/2640/2354
f 2395/2640/2354 323/1559/1469 1513/1556/1466
f 1066/1074/1035 544/557/541 1338/1375/1300
f 1066/1074/1035 545/556/540 544/557/541
f 2276/2468/2221 1301/1329/1264 2396/2641/2355
f 2396/2642/2355 1301/1330/1264 1053/1060/1021
f 564/573/555 566/571/553 1829/2643/1771
f 564/573/555 1829/2645/1771 567/2644/174
f 2236/2416/2184 966/973/940 2237/2646/2356
f 964/971/938 963/972/939 2397/2647/2357
f 1710/1766/1661 1930/2008/1865 448/2243/2058
f 1544/1586/1493 1930/2008/1865 2398/2648/2358
f 1993/2084/1931 272/294/280 536/548/532
f 536/548/532 2325/2548/2274 1993/2084/1931
f 997/1001/966 385/408/392 384/409/393
f 2255/2434/2200 2268/2453/2212 2253/2436/2202
f 2242/2420/2188 455/476/460 457/474/458
f 2379/2618/2334 1093/1106/1063 2380/2621/2337
f 964/971/938 470/487/471 1423/1464/1382
f 2399/2649/2359 470/487/471 1719/1775/1670
f 654/661/638 656/659/636 1747/1810/1700
f 529/540/524 67/74/71 1285/1307/1246
f 1229/1243/1189 1285/1307/1246 1876/1953/1815
f 1445/1490/1407 468/342/328 2399/2649/2359
f 468/342/328 470/487/471 2399/2649/2359
f 1454/1498/1415 1650/1703/1605 1401/1437/1361
f 367/393/377 1651/17/16 2400/2650/2360
f 1260/336/322 2144/1281/1223 786/335/321
f 1691/2652/144 2401/178/169 2402/2651/170
f 2403/2653/2361 1013/1020/985 1714/1772/1667
f 2425/1771/1666 1714/1772/1667 2241/2419/2187
f 815/2654/790 724/726/701 2137/2276/204
f 2404/199/188 2369/2604/2323 1587/201/190
f 282/2118/1960 1155/1682/1584 276/1761/1657
f 509/525/509 1155/1682/1584 282/2118/1960
f 1754/1821/1707 753/753/728 2405/2655/2362
f 2405/2655/2362 753/753/728 1941/2024/1880
f 1211/1224/1171 1257/1280/1222 999/1004/969
f 1258/1279/1221 1257/1280/1222 1211/1224/1171
f 672/675/652 694/700/675 1074/1081/1042
f 672/675/652 1074/1081/1042 1073/1082/1043
f 1717/1777/1672 1551/1598/1505 1718/1776/1671
f 2152/1671/1573 2095/2223/2039 2164/2304/2105
f 2152/1671/1573 1617/1672/1574 2095/2223/2039
f 2380/2621/2337 1440/1482/1399 1729/1790/1683
f 488/503/487 1467/1514/1427 532/547/531
f 1363/1399/1323 1160/1171/1123 1069/1080/1041
f 34/37/35 856/332/318 1453/1496/1413
f 1456/1502/1419 2201/2362/2141 813/818/792
f 1462/1507/1424 80/84/81 2031/2656/1979
f 898/899/870 895/898/869 681/684/661
f 1519/1564/1472 895/898/869 898/899/870
f 2406/2657/2363 796/797/772 2331/2554/2279
f 1137/1149/1101 679/686/663 2405/2655/2362
f 2405/2655/2362 2407/2658/2364 1137/1149/1101
f 1662/2659/2365 412/438/422 636/645/624
f 636/645/624 412/438/422 637/644/623
f 1340/2661/1305 1342/2660/1303 1343/1383/1308
f 2408/2663/2367 2409/2662/2366 1343/1383/1308
f 1144/1155/1107 306/331/317 2410/2664/2368
f 1144/1155/1107 2410/2664/2368 2105/2233/2049
f 1722/1781/1675 2198/2359/2138 1678/1782/1632
f 1678/1733/1632 2198/2357/2138 907/1732/884
f 1303/1332/1266 1039/1326/1011 2092/2220/2036
f 2092/2220/2036 1279/1301/1240 1303/1332/1266
f 603/609/589 485/502/486 130/131/126
f 603/609/589 130/131/126 129/132/127
f 893/896/867 892/897/868 890/894/865
f 992/996/961 891/893/864 890/894/865
f 316/349/335 2003/2098/1945 2250/2430/2196
f 1980/2074/1921 1979/2070/1918 2413/2665/2369
f 1979/2070/1918 948/955/923 950/953/921
f 1029/1035/1000 875/881/852 877/879/850
f 875/881/852 1029/1035/1000 1634/1687/1589
f 2254/2435/2201 2252/2433/2199 2255/2434/2200
f 2255/2434/2200 2252/2433/2199 774/779/754
f 1672/1724/1626 599/606/588 464/2072/465
f 599/607/588 462/483/467 464/481/465
f 1101/1111/1068 1066/1074/1035 2190/2338/2127
f 1545/1589/1496 1543/1587/1494 1542/1588/1495
f 24/23/22 497/513/497 1909/25/24
f 24/23/22 1535/1581/1488 497/513/497
f 1467/1514/1427 386/413/397 2083/2210/2029
f 1620/1675/1577 288/312/298 2415/2666/2370
f 1169/1177/1129 1168/1178/1130 2282/2482/2229
f 1777/1844/1728 1663/1716/1618 242/275/261
f 242/275/261 1663/1716/1618 243/274/260
f 2256/2437/2203 1301/1329/1264 2276/2468/2221
f 347/375/360 2256/2437/2203 2276/2468/2221
f 1635/1689/1591 1027/1034/999 2163/1688/1590
f 1027/1034/999 535/549/533 271/295/281
f 2371/2606/2325 1657/1709/1611 2181/1415/1339
f 2371/2606/2325 1656/1707/1609 1657/1709/1611
f 195/230/216 2084/2211/2030 838/843/814
f 836/2615/2332 2084/2211/2030 1086/1096/1054
f 1966/2059/1908 1965/2060/1909 2416/2667/2371
f 1684/1596/1503 1219/1235/1181 569/577/559
f 466/485/469 1684/1596/1503 1131/1594/1501
f 1888/1965/1827 919/925/894 2284/2485/2231
f 1888/1965/1827 2284/2485/2231 2285/2487/2233
f 2086/2670/2224 586/2669/1420 587/2668/2372
f 1456/2673/1419 586/2672/1420 2280/2671/2226
f 585/2124/573 2086/2670/2224 2019/2123/1965
f 2339/2566/2290 1529/1577/1484 1531/1575/1482
f 2338/2567/2291 1529/1577/1484 2339/2566/2290
f 977/1812/949 704/709/684 835/842/813
f 706/707/682 835/842/813 704/709/684
f 1019/2674/715 1796/1865/1743 1332/1368/1294
f 1332/2675/1294 1007/1012/977 1004/1011/976
f 1795/1866/1744 1333/1367/1293 1796/1865/1743
f 1334/1371/1296 1333/1367/1293 1795/1866/1744
f 1131/1594/1501 1498/1544/1454 2417/2676/2373
f 466/485/469 1131/1594/1501 467/484/468
f 413/437/421 1878/1956/1818 1879/1955/1817
f 1662/2659/2365 413/437/421 412/438/422
f 1007/1012/977 1528/2677/2374 611/618/598
f 1335/1370/1295 1007/1369/977 1333/1367/1293
f 179/212/199 196/2043/215 1744/2044/1697
f 1744/2678/1697 1743/2568/1698 179/213/199
f 1215/1231/1178 1767/1835/1719 548/559/543
f 1767/1835/1719 617/622/602 548/559/543
f 1627/1681/1583 1767/1835/1719 1215/1231/1178
f 1627/1681/1583 1215/1231/1178 1628/1680/1582
f 2169/2313/2110 651/655/632 1726/1788/1681
f 651/655/632 1143/1152/1104 2170/2314/2111
f 1571/1485/1402 1573/1620/1524 1341/1379/1304
f 1342/1378/1303 1341/1379/1304 1573/1620/1524
f 117/2034/1889 1948/2035/1890 1022/1027/992
f 1948/2035/1890 117/2034/1889 1482/1526/1439
f 1094/1105/1062 1442/1483/1400 1441/1484/1401
f 1093/1106/1063 2378/2619/2335 1094/1105/1062
f 975/984/951 879/885/856 976/983/950
f 2317/2681/2377 2412/2680/2376 2418/2679/2375
f 2418/2679/2375 1442/1483/1400 1094/1105/1062
f 1861/2381/2156 2215/2382/2157 2302/2515/2251
f 2302/2515/2251 2215/2382/2157 1486/1534/1444
f 2419/2682/2378 2406/2657/2363 2331/2554/2279
f 328/362/347 330/360/345 2420/2683/2379
f 297/320/306 1234/1253/1199 298/319/305
f 1234/1253/1199 297/320/306 1079/1089/1049
f 1094/1105/1062 2378/2619/2335 2418/2679/2375
f 1427/1469/1387 2422/2684/2380 2389/2631/2347
f 39/44/41 32/33/31 31/34/32
f 1702/1759/1655 39/44/41 31/34/32
f 777/782/757 623/629/608 622/630/609
f 2423/2685/2381 623/629/608 777/782/757
f 1082/1091/1051 996/1002/967 490/507/491
f 490/507/491 1189/1200/1152 1082/1091/1051
f 985/1495/1412 1916/1990/1849 983/993/958
f 1916/1990/1849 37/39/36 983/993/958
f 2280/2686/2226 2086/2471/2224 974/2634/947
f 2280/2671/2226 586/2672/1420 2086/2687/2224
f 783/786/761 233/262/248 776/780/755
f 2415/2666/2370 288/312/298 336/369/354
f 337/368/353 336/369/354 288/312/298
f 131/2689/2383 132/2688/2382 2073/2199/2020
f 675/682/659 132/2688/2382 131/2689/2383
f 1862/2383/2158 2301/2514/2250 2215/2382/2157
f 1440/1482/1399 1092/1107/1064 120/124/119
f 1440/1482/1399 120/124/119 119/123/118
f 606/614/594 2058/2180/2004 607/35/33
f 607/35/33 1269/1292/1232 31/34/32
f 1192/2690/1155 1462/1507/1424 2031/2656/1979
f 1192/1205/1155 2031/2692/1979 922/2691/897
f 953/959/926 206/243/229 1164/1173/1125
f 188/221/207 1167/1175/1127 186/223/209
f 8/2414/9 13/11/10 12/12/11
f 13/2693/10 8/10/9 10/8/7
f 627/636/615 1538/722/697 723/723/698
f 213/208/195 2424/209/196 1117/1130/1087
f 1658/1710/1612 986/1649/1551 1540/2608/2327
f 987/318/304 986/1649/1551 988/995/960
f 1734/1798/1689 1736/2694/2384 291/315/301
f 292/313/299 2368/2695/2385 291/315/301
f 789/793/768 791/791/766 787/790/765
f 1790/1860/1739 789/793/768 787/790/765
f 2117/2248/2063 2116/2247/2062 2146/2451/2210
f 1246/2298/1211 1245/2297/1209 2222/2393/2166
f 1576/1624/1528 1245/1264/1209 1246/1267/1211
f 1772/1838/1722 675/682/659 677/680/657
f 675/682/659 1772/1838/1722 132/2688/2382
f 1567/1611/1518 422/450/434 1996/2091/1938
f 422/450/434 1567/1611/1518 1816/449/433
f 214/1804/1695 2046/2168/1992 2045/2169/1993
f 229/210/197 214/1804/1695 227/261/247
f 1387/1422/1346 1388/1425/1349 1300/1884/1263
f 1765/1832/1716 1275/1300/1239 1300/1884/1263
f 1114/1124/1081 1113/1125/1082 559/1491/1408
f 1114/1124/1081 559/1491/1408 557/568/550
f 2075/2203/2022 324/1558/1468 2244/2422/2190
f 1119/1128/1085 213/208/195 1117/1130/1087
f 197/2698/220 1119/2697/1085 198/2696/219
f 1714/1772/1667 2425/1771/1666 2403/2653/2361
f 2425/1771/1666 1970/863/834 1728/1789/1682
f 510/524/508 268/290/276 2124/2261/2073
f 733/734/709 2034/2148/1981 1689/1745/1642
f 1437/1479/1396 2034/2148/1981 733/734/709
f 1321/1354/1285 342/370/355 341/371/356
f 342/370/355 1321/1354/1285 611/618/598
f 2178/2325/2119 627/636/615 629/634/613
f 629/634/613 2267/2450/2209 2178/2325/2119
f 1804/1873/1751 57/60/57 2077/2204/2023
f 833/840/812 975/984/951 977/982/949
f 834/841/811 833/2699/812 977/1812/949
f 1385/1424/1348 1387/1422/1346 1300/1884/1263
f 2426/2701/2386 1242/2700/1208 1386/1423/1347
f 671/676/653 1361/1398/1322 319/352/338
f 1361/1398/1322 671/676/653 670/677/654
f 1240/1260/1205 1964/2702/2387 303/328/314
f 213/2705/195 1119/2704/1085 197/2703/220
f 1742/2042/1696 213/2706/195 197/2041/220
f 1864/1939/1803 1865/1941/1805 594/600/582
f 1021/1028/993 1022/1027/992 1940/2023/1879
f 1948/2035/1890 2427/2707/2388 1022/1027/992
f 476/495/479 1242/1263/1208 1300/1327/1263
f 1242/2700/1208 2426/2701/2386 1300/1884/1263
f 2428/2708/2389 1814/1883/1760 1812/1881/1758
f 2428/2708/2389 1812/1881/1758 1140/1150/1102
f 102/106/103 133/134/129 123/127/122
f 60/63/60 72/2709/76 58/65/62
f 72/79/76 1753/1820/1706 58/1972/62
f 1387/1422/1346 1149/1158/1110 1148/1159/1111
f 2005/2101/1948 766/769/744 1148/1159/1111
f 1041/2710/1012 1040/1048/1010 621/627/606
f 1040/1048/1010 1041/2710/1012 1039/1049/1011
f 1207/1220/1168 1147/2711/1112 1206/1222/1169
f 404/430/414 1148/1159/1111 1147/1160/1112
f 2429/2712/2390 2281/2479/2227 2220/2391/2164
f 2429/2712/2390 2220/2391/2164 1174/1182/1134
f 2403/2653/2361 2425/1771/1666 1728/1789/1682
f 866/334/320 2403/2653/2361 1728/1789/1682
f 2316/2713/2266 644/648/627 1419/1462/1380
f 2316/2713/2266 643/649/628 644/648/627
f 1935/2017/1873 2206/2373/2148 10/2714/7
f 1935/2017/1873 10/2714/7 9/2715/8
f 471/489/473 2304/2519/2253 2430/1413/1337
f 2428/2708/2389 471/489/473 2430/1413/1337
f 1309/1339/1272 379/406/390 1437/1479/1396
f 1002/1007/972 1436/2716/1395 379/406/390
f 1199/1446/1161 83/86/83 2431/2717/2391
f 1083/1093/1053 854/1094/828 712/860/831
f 193/228/214 1725/1785/1678 170/189/179
f 2401/178/169 1691/2652/144 1690/177/142
f 1343/1383/1308 1342/2660/1303 1344/1382/1307
f 1849/1929/1793 1344/1382/1307 1342/2660/1303
f 664/667/644 667/670/647 650/656/633
f 2267/2450/2209 240/271/257 2143/2285/2091
f 240/271/257 2267/2450/2209 241/270/256
f 14/16/15 2161/2301/2102 1038/1045/1007
f 940/947/915 2068/2192/2016 2039/2158/1987
f 2068/2320/2016 940/2718/915 2171/2317/2114
f 1700/1756/1652 1699/1755/1651 436/463/447
f 436/463/447 437/205/194 1694/1750/1646
f 1961/2054/1903 56/61/58 73/78/75
f 857/862/833 28/30/28 1706/1764/1660
f 857/862/833 34/37/35 28/30/28
f 2128/2264/2076 737/736/711 2432/2719/2392
f 1564/1607/1514 74/77/74 73/78/75
f 567/2644/174 1829/2645/1771 2205/2720/173
f 459/480/464 461/478/462 1778/1845/1729
f 461/478/462 345/1847/801 1778/1845/1729
f 2433/2721/2393 562/991/957 563/1974/1834
f 985/1495/1412 33/36/34 34/37/35
f 802/805/780 1273/1297/1237 1059/1298/1031
f 795/1042/773 802/1043/780 1059/1070/1031
f 2149/2288/2093 1497/1542/1452 52/59/56
f 1225/1241/1187 2434/2722/2394 92/94/91
f 1225/1241/1187 1641/1694/1596 2434/2722/2394
f 1978/2071/1919 2413/2665/2369 1979/2070/1918
f 924/931/900 529/2724/524 2010/2723/1954
f 1494/1540/1450 924/931/900 2010/2723/1954
f 571/575/557 1178/1189/1141 580/585/567
f 1946/2616/1883 1975/2068/1916 1247/2066/1212
f 1975/2068/1916 1946/2616/1883 1042/2477/1013
f 1951/2036/1891 1510/1552/1462 545/556/540
f 1510/1552/1462 1951/2036/1891 2312/2528/2261
f 2226/2396/2169 1203/267/253 238/268/254
f 1250/1273/1215 2226/2396/2169 238/268/254
f 1741/1803/1694 290/310/296 1616/1673/1575
f 337/368/353 290/310/296 716/714/689
f 2025/2135/1974 1311/1340/1273 2026/990/956
f 1311/1340/1273 982/518/502 2026/990/956
f 800/804/779 801/802/777 798/800/775
f 2182/2330/2121 442/464/448 1595/1646/1548
f 1998/2092/1939 1595/1646/1548 1402/1436/1360
f 2275/2725/2220 817/821/795 424/453/437
f 424/453/437 1946/2478/1883 2275/2725/2220
f 580/585/567 568/574/556 571/575/557
f 580/585/567 556/569/551 568/574/556
f 154/164/158 2100/2229/2045 1193/1210/1159
f 2246/2426/2192 1193/1210/1159 2100/2229/2045
f 1740/1800/1691 1739/1801/1692 1741/1803/1694
f 1739/1801/1692 290/310/296 1741/1803/1694
f 958/965/932 2254/2435/2201 2253/2436/2202
f 958/965/932 2252/2433/2199 2254/2435/2201
f 2272/2460/2216 2271/2461/2217 2260/2726/1862
f 2435/2727/2395 2260/2726/1862 2173/2544/2112
f 752/754/729 1694/1750/1646 2017/2122/1964
f 754/2728/732 2017/2166/1964 2018/2164/1966
f 1868/1944/1808 2436/2729/2396 485/502/486
f 126/129/124 485/502/486 127/128/123
f 2017/2122/1964 754/757/732 752/754/729
f 753/753/728 752/754/729 754/757/732
f 2327/2549/2275 2326/2550/2276 1868/1944/1808
f 2326/2550/2276 2436/2729/2396 1868/1944/1808
f 613/620/600 1019/2674/715 738/2730/716
f 1796/1865/1743 1019/2674/715 613/620/600
f 794/794/769 1914/2033/1888 1273/1297/1237
f 1207/1220/1168 1145/1221/1109 404/2731/414
f 1207/1220/1168 404/2731/414 1147/2711/1112
f 1512/1557/1467 1569/1616/1522 1408/1448/1370
f 1886/1961/1823 1266/1290/1230 519/533/517
f 678/683/660 1886/1961/1823 519/533/517
f 1706/1764/1660 1532/1580/1487 868/872/843
f 23/24/23 868/872/843 1532/1580/1487
f 1195/1208/1157 1407/1444/1368 1196/1211/1160
f 1195/1208/1157 1458/1506/1423 1407/1444/1368
f 1067/1077/1038 119/123/118 114/121/117
f 1068/1076/1037 1067/1077/1038 2217/2387/2160
f 839/845/816 70/76/73 1272/1295/1235
f 62/67/64 1272/1295/1235 63/66/63
f 2374/2611/2329 2373/2612/2330 2151/2290/2095
f 2373/2612/2330 819/824/798 2151/2290/2095
f 702/705/680 680/685/662 1625/2493/2236
f 1525/1573/1480 1491/1539/1449 1162/1169/1121
f 1491/1539/1449 1160/1171/1123 1162/1169/1121
f 1/2732/2397 1680/1737/1635 1681/1736/1634
f 1680/1737/1635 1420/1461/1379 2/3/3
f 1536/1583/1490 250/279/265 2261/2556/2281
f 250/279/265 2354/2588/2311 2261/2556/2281
f 2185/2334/2124 2187/2388/2161 2186/2733/2398
f 1654/1705/1607 2185/2334/2124 2186/2733/2398
f 971/1343/945 972/2734/944 435/460/444
f 2437/2736/2399 972/2734/944 812/2735/946
f 909/1734/882 1870/2737/1811 1678/1733/1632
f 1872/2141/1812 1870/2738/1811 909/913/882
f 1337/1372/1297 1202/1219/1167 1099/1374/1299
f 785/788/763 1202/1219/1167 1337/1372/1297
f 435/460/444 972/2734/944 2437/2736/2399
f 585/591/573 435/460/444 2437/2736/2399
f 764/2089/1936 2217/2387/2160 114/121/117
f 2217/2387/2160 1067/1077/1038 114/121/117
f 299/324/310 301/322/308 1836/1911/1779
f 663/668/645 1253/1276/1218 665/672/649
f 664/667/644 663/668/645 665/672/649
f 749/751/726 2438/2739/2400 626/632/611
f 371/395/379 370/396/380 248/281/267
f 1340/2661/1305 1343/1383/1308 2409/2662/2366
f 657/1853/640 659/666/643 2439/2740/2401
f 882/886/857 1366/1405/1329 473/492/476
f 1366/1405/1329 474/491/475 473/492/476
f 2321/2539/2269 390/415/399 1605/1657/1559
f 1188/1201/1153 1397/1435/1359 1189/1200/1152
f 1398/1434/1358 1397/1435/1359 1188/1201/1153
f 2183/2331/2122 2048/2172/1996 2188/2336/2125
f 1827/1899/1770 1817/2564/1761 1045/1053/1014
f 2406/2657/2363 1036/1047/1009 1062/1072/1033
f 2406/2657/2363 1803/1874/1752 1036/1047/1009
f 1725/1785/1678 2440/2741/2402 170/189/179
f 2440/2741/2402 1725/1785/1678 1139/1151/1103
f 2231/2406/2177 1053/1060/1021 2441/2742/2403
f 1800/1870/1748 2442/2743/2404 2243/2421/2189
f 748/752/727 1648/1701/1603 749/751/726
f 1363/1399/1323 1071/1078/1039 1230/1248/1194
f 1230/1248/1194 1071/1078/1039 1068/1076/1037
f 87/92/89 645/1913/630 89/91/88
f 87/2744/89 86/652/629 645/653/630
f 744/746/721 715/715/690 2443/2745/2405
f 420/447/431 744/746/721 1477/2599/2320
f 487/504/488 402/426/410 2329/2580/2303
f 402/426/410 401/427/411 2329/2580/2303
f 2206/2373/2148 630/639/618 10/2714/7
f 2206/2373/2148 14/16/15 16/14/13
f 273/299/285 2089/2215/2033 491/506/490
f 1505/1548/1458 639/1377/1302 2035/2151/1983
f 212/245/231 2414/2746/2406 584/590/572
f 543/552/536 1935/2017/1873 9/2715/8
f 396/420/404 395/421/405 2445/2747/2407
f 900/902/873 217/252/238 219/250/236
f 219/250/236 1194/1209/1158 899/903/874
f 1696/1751/1647 1698/1754/1650 752/754/729
f 1698/1754/1650 1696/1751/1647 1699/1755/1651
f 2446/2748/2408 1014/1019/984 514/527/511
f 514/527/511 610/615/595 2447/2749/2409
f 1788/1862/1741 2144/1281/1223 1259/1282/1224
f 1307/1337/1270 1788/1862/1741 1259/1282/1224
f 2044/2163/1991 653/657/634 605/611/591
f 653/657/634 627/636/615 228/260/246
f 1492/2537/2267 1638/2750/2410 538/551/535
f 538/551/535 1638/2750/2410 2157/2293/2098
f 971/2753/945 1313/2752/172 361/2751/373
f 971/978/945 361/389/373 363/387/371
f 1117/1130/1087 2424/209/196 1866/1943/1807
f 648/203/192 1329/1365/1291 2387/202/191
f 1800/1870/1748 2243/2421/2189 2448/2754/2411
f 2111/2242/2057 2112/2241/2056 2043/2162/1990
f 2119/2250/2065 2370/2605/2324 708/713/688
f 1893/1967/1829 2169/2313/2110 1548/1592/1499
f 1548/1592/1499 2169/2313/2110 1590/1635/1539
f 1229/1243/1189 1249/1271/1213 1248/1272/1214
f 1285/1307/1246 1229/1243/1189 1248/1272/1214
f 180/216/202 182/214/200 1720/1779/1674
f 2295/961/928 1720/1779/1674 2296/2529/2262
f 2449/2755/2412 2278/2470/2223 2325/2548/2274
f 536/548/532 2277/2469/2222 2325/2548/2274
f 812/979/946 974/980/947 2437/2756/2399
f 2383/2624/2340 1947/2031/1887 1315/1346/1277
f 1947/2031/1887 180/216/202 1315/1346/1277
f 1580/1627/1531 1659/1712/1614 322/354/340
f 1488/1538/1448 1526/1572/1479 1489/1537/1447
f 1488/1538/1448 1158/1167/1119 1526/1572/1479
f 1850/2759/1792 2450/2758/2413 1391/2757/1350
f 2450/2758/2413 1925/2760/1859 1391/2757/1350
f 1925/2002/1859 2258/2761/2414 1389/1428/1352
f 1356/1393/1317 2177/2127/1968 2176/2323/2117
f 1241/1261/1206 302/325/311 1121/1133/1089
f 2067/2190/2014 1956/2050/1899 800/804/779
f 2067/2190/2014 800/804/779 797/801/776
f 1866/1943/1807 2424/209/196 723/723/698
f 723/723/698 2451/2762/2415 1866/1943/1807
f 569/577/559 1798/1867/1745 570/576/558
f 1798/1867/1745 569/577/559 1220/1236/1182
f 1746/1809/1699 735/738/713 1679/1735/1633
f 1679/1735/1633 1642/1695/1597 1746/1809/1699
f 2452/2763/2416 1431/1473/1391 928/935/903
f 1431/1878/1391 2452/2764/2416 952/956/924
f 766/769/744 1387/1422/1346 1148/1159/1111
f 766/769/744 1388/1425/1349 1387/1422/1346
f 1947/2031/1887 155/163/157 2337/2562/2287
f 155/163/157 1947/2031/1887 156/162/156
f 1841/1918/1783 1232/1250/1196 1352/1388/1312
f 791/791/766 1232/1250/1196 788/149/143
f 429/454/438 1128/2322/1952 325/359/344
f 429/454/438 325/359/344 327/357/342
f 66/69/66 844/850/821 846/848/819
f 806/811/786 2211/2378/2153 859/864/835
f 1587/201/190 946/951/919 945/952/920
f 514/527/511 2447/2749/2409 2446/2748/2408
f 2447/2749/2409 2058/2180/2004 2446/2748/2408
f 626/632/611 371/395/379 248/281/267
f 626/632/611 248/281/267 250/279/265
f 1248/1272/1214 1286/1310/1249 2453/2765/2417
f 2454/2766/2418 2433/2721/2393 563/1974/1834
f 1897/1973/1833 2454/2766/2418 563/1974/1834
f 1553/1599/1506 1365/1401/1325 1232/1250/1196
f 1365/1401/1325 1233/1249/1195 1232/1250/1196
f 1743/2568/1698 165/176/168 178/211/198
f 165/176/168 137/152/146 178/211/198
f 721/719/694 1172/1184/1136 1174/1182/1134
f 1179/1191/1143 1965/2060/1909 1995/1190/1142
f 1967/2058/1907 1995/1190/1142 1965/2060/1909
f 2421/2767/2419 1070/1079/1040 1160/1171/1123
f 2378/2619/2335 2379/2618/2334 2421/2767/2419
f 359/385/369 358/386/370 1324/1363/1289
f 1324/1363/1289 1252/1274/1216 359/385/369
f 1046/1057/1018 360/384/368 1252/1274/1216
f 2317/2681/2377 2411/2768/2420 709/712/687
f 1447/1488/1405 1667/1721/1623 558/567/549
f 1670/1723/1625 1447/1488/1405 1671/1722/1624
f 231/191/181 232/263/249 537/193/183
f 2196/2769/2137 2037/2154/1984 1017/2219/990
f 1876/1953/1815 1285/1307/1246 67/74/71
f 67/74/71 69/72/69 1876/1953/1815
f 796/797/772 1860/1937/1801 792/796/771
f 793/795/770 792/796/771 1858/1935/1799
f 2365/2598/2319 1915/1991/1850 1916/1990/1849
f 2455/2770/2421 46/48/45 985/1495/1412
f 2108/2236/2052 2338/2567/2291 2109/2235/2051
f 588/594/576 2109/2235/2051 2338/2567/2291
f 1256/1277/1219 725/725/700 210/247/233
f 1256/1277/1219 210/247/233 1255/1278/1220
f 863/869/840 1339/1376/1301 1504/1549/1459
f 864/868/839 863/869/840 2456/2771/2422
f 1891/1966/1828 131/2689/2383 2073/2199/2020
f 1189/1200/1152 1955/2049/1898 1080/1088/1048
f 1189/1200/1152 1080/1088/1048 297/320/306
f 812/2735/946 524/2773/518 523/2772/519
f 972/977/944 363/387/371 524/534/518
f 2087/2774/2032 2019/2123/1965 587/2668/2372
f 351/2776/361 2087/2774/2032 139/2775/137
f 594/600/582 596/598/580 1358/1394/1318
f 598/602/584 2064/2186/2010 596/598/580
f 962/968/935 1747/1810/1700 1748/1811/1701
f 1403/1440/1364 440/466/450 442/464/448
f 2153/2292/2097 743/745/720 1644/1697/1599
f 1364/1402/1326 2457/2777/2423 441/465/449
f 790/792/767 441/465/449 2457/2777/2423
f 1350/2188/2012 1533/1579/1486 1292/1318/1257
f 2457/2777/2423 791/791/766 790/792/767
f 1553/1599/1506 2457/2777/2423 1364/1402/1326
f 1256/1277/1219 1769/2778/2424 725/725/700
f 1769/2778/2424 728/727/702 725/725/700
f 1553/1599/1506 791/791/766 2457/2777/2423
f 1553/1599/1506 1232/1250/1196 791/791/766
f 174/188/178 1140/1150/1102 169/187/177
f 1140/1150/1102 1812/1881/1758 169/187/177
f 680/685/662 702/705/680 681/684/661
f 1923/1999/1856 681/684/661 702/705/680
f 2264/2446/2206 1145/1221/1109 1096/1109/1066
f 1582/2057/1906 2458/2780/2426 1583/2779/2425
f 764/2089/1936 454/1663/1565 453/1661/1563
f 2365/2598/2319 1917/1993/1851 1915/1991/1850
f 1917/1993/1851 1623/1994/1579 1915/1991/1850
f 2204/2368/2147 479/498/482 1894/1968/1830
f 2459/2782/2428 2460/2781/2427 1023/1029/994
f 879/885/856 881/883/854 1932/2011/1868
f 1932/2011/1868 881/883/854 1375/1410/1334
f 2461/2783/2429 964/971/938 2397/2647/2357
f 1719/1775/1670 470/487/471 964/971/938
f 983/993/958 37/39/36 1428/1470/1388
f 37/39/36 38/42/39 1428/1470/1388
f 1644/1697/1599 2462/2784/2430 2153/2292/2097
f 339/1565/1473 1235/1252/1198 1644/1697/1599
f 870/876/847 872/874/845 1649/1499/1416
f 872/874/845 1455/1500/1417 1649/1499/1416
f 1192/2690/1155 1191/1510/1156 1462/1507/1424
f 1462/1507/1424 1191/1510/1156 27/1508/27
f 2447/2749/2409 1268/1293/1233 2058/2180/2004
f 2447/2749/2409 610/615/595 1268/1293/1233
f 1836/1911/1779 1736/2694/2384 1734/1798/1689
f 1586/1630/1534 1736/2694/2384 1836/1911/1779
f 938/340/326 760/762/737 939/200/189
f 1139/1151/1103 1725/1785/1678 1724/1786/1679
f 721/719/694 1774/1841/1725 1172/1184/1136
f 1172/1184/1136 1774/1841/1725 773/776/751
f 235/265/251 2169/2313/2110 1893/1967/1829
f 235/265/251 1893/1967/1829 1369/1406/1330
f 885/888/859 282/2118/1960 281/1760/1656
f 1283/1306/1245 886/891/862 1281/1305/1244
f 1700/1756/1652 436/463/447 1694/1750/1646
f 1700/1756/1652 1694/1750/1646 1698/1754/1650
f 107/112/109 111/113/110 2336/2561/2286
f 2006/2102/1949 454/1663/1565 764/2089/1936
f 2005/2101/1948 2006/2102/1949 764/2089/1936
f 2464/2786/2431 140/2785/136 587/2668/2372
f 139/2775/137 2087/2774/2032 587/2668/2372
f 1512/1557/1467 1197/1214/1163 1513/1556/1466
f 1661/1714/1616 1662/2659/2365 636/645/624
f 1661/1714/1616 2123/2258/2070 2126/2259/2071
f 2232/2788/2176 2212/2787/2432 348/374/359
f 2232/2788/2176 348/374/359 2276/2468/2221
f 1353/2789/1313 2221/2392/2165 1817/1887/1761
f 2465/1390/1314 2273/2465/2218 1817/2564/1761
f 1473/1520/1433 2305/2520/2254 1209/1226/1173
f 2466/2792/2433 2305/2791/2254 1473/2790/1433
f 2468/2794/2435 2103/2230/2046 2467/2793/2434
f 2331/2554/2279 1060/1287/1030 1265/1288/1228
f 2331/2554/2279 1265/1288/1228 2419/2682/2378
f 2350/2582/2305 254/2452/2211 261/286/272
f 261/286/272 254/2452/2211 2247/2428/2194
f 1614/1669/1571 1613/1670/1572 1632/1685/1587
f 1155/1682/1584 1630/1683/1585 646/2119/1961
f 1088/2795/1057 1057/1067/1028 1056/1068/1029
f 1056/1727/1029 1782/1851/1733 1088/1099/1057
f 1903/1980/1840 1204/1218/1166 1203/267/253
f 1879/1955/1817 1204/1218/1166 1903/1980/1840
f 917/923/892 1673/1726/1628 1415/1455/1375
f 917/923/892 916/924/893 1673/1726/1628
f 1766/1833/1717 1452/1497/1414 2470/2796/2436
f 2470/2796/2436 2203/2367/2146 1766/1833/1717
f 2461/2783/2429 966/973/940 2471/2797/2437
f 35/2800/38 2472/2799/2438 36/2798/37
f 64/71/68 38/356/39 36/2798/37
f 244/273/259 243/274/260 591/597/579
f 1318/1351/1282 244/273/259 591/597/579
f 938/340/326 540/761/736 760/762/737
f 2195/2458/2135 769/772/747 2270/2457/2215
f 2195/2458/2135 2090/2218/2035 769/772/747
f 2449/2755/2412 1546/1591/1498 2278/2470/2223
f 2277/2469/2222 535/549/533 1369/1406/1330
f 135/136/131 2239/2415/2183 2236/2416/2184
f 1426/1468/1386 1291/1314/1253 1688/2195/1639
f 1933/2014/1871 1688/2195/1639 1291/1314/1253
f 2045/2169/1993 837/844/815 1253/1276/1218
f 837/844/815 1254/1275/1217 1253/1276/1218
f 2047/2170/1994 2050/2173/1997 1411/1449/1371
f 2184/2332/2123 1286/1310/1249 1109/1121/1078
f 2453/2765/2417 1286/1310/1249 2184/2332/2123
f 47/53/50 323/1559/1469 48/52/49
f 933/940/908 1982/2076/1923 934/939/907
f 2473/2801/2439 414/2600/420 2382/2622/2338
f 637/644/623 412/438/422 414/436/420
f 826/828/802 934/939/907 1982/2076/1923
f 2269/2455/2214 2382/2802/2338 921/926/895
f 2382/2622/2338 2300/2803/2249 2473/2801/2439
f 1220/1236/1182 569/577/559 1775/1843/1727
f 781/784/759 780/785/760 2390/2633/2348
f 2390/2633/2348 780/785/760 2373/2612/2330
f 1839/1917/1782 1135/1145/1097 2361/2804/2315
f 1227/1245/1191 69/72/69 2224/2394/2167
f 2224/2394/2167 1228/1244/1190 1227/1245/1191
f 877/879/850 279/304/290 1029/1035/1000
f 299/324/310 279/304/290 1835/1909/1777
f 654/661/638 1525/1573/1480 1527/1574/1481
f 1526/1572/1479 1525/1573/1480 654/661/638
f 425/1951/436 1875/1952/1814 1712/1769/1664
f 425/452/436 1712/2805/1664 426/451/435
f 1073/1082/1043 2023/2133/1972 690/696/672
f 2233/2407/2178 765/770/745 1530/1576/1483
f 765/770/745 2233/2407/2178 1765/1832/1716
f 2468/2794/2435 2467/2793/2434 1845/1922/1787
f 1845/1922/1787 2467/2793/2434 1270/1294/1234
f 1719/1775/1670 964/971/938 2461/2783/2429
f 286/306/292 1065/1075/1036 1101/1111/1068
f 286/306/292 285/307/293 1065/1075/1036
f 1123/1134/1090 1835/1909/1777 877/879/850
f 279/304/290 877/879/850 1835/1909/1777
f 726/729/704 1769/2778/2424 1791/1863/1742
f 728/727/702 1769/2778/2424 726/729/704
f 918/922/891 1089/1102/1059 713/2287/1630
f 1089/1102/1059 1414/1456/1376 713/2287/1630
f 1588/1633/1537 1035/1039/1004 944/948/916
f 944/948/916 2474/2806/2440 709/712/687
f 1604/1655/1557 662/669/646 888/892/863
f 663/668/645 662/669/646 1604/1655/1557
f 125/1529/134 94/1527/113 152/157/151
f 125/139/134 112/116/112 94/117/113
f 2408/2663/2367 203/240/226 2334/2807/2441
f 2475/2808/2442 2408/2663/2367 2334/2807/2441
f 296/321/307 1189/1200/1152 297/320/306
f 2115/2246/2061 2114/2244/2059 2014/2117/1959
f 1399/1433/1357 2114/2244/2059 2113/2245/2060
f 1343/1383/1308 2251/2431/2197 2408/2663/2367
f 2258/2761/2414 2251/2431/2197 1389/1428/1352
f 1123/1134/1090 1820/1910/1778 1835/1909/1777
f 1819/1888/1762 1820/1910/1778 1123/1134/1090
f 2466/2792/2433 1473/2790/1433 2120/2809/2067
f 2466/2812/2433 2120/2811/2067 104/2810/106
f 712/1730/831 854/2814/828 98/2813/96
f 1797/1868/1746 370/396/380 1874/1188/1140
f 1810/1877/1755 1797/1868/1746 1798/1867/1745
f 2234/337/323 2235/2411/2180 2476/2815/2443
f 2111/2242/2057 2476/2815/2443 2235/2411/2180
f 2302/2515/2251 1591/2454/2213 1861/2381/2156
f 1485/1535/1445 1591/2454/2213 2302/2515/2251
f 839/845/816 1272/1295/1235 1450/1493/1410
f 2477/2816/2444 1860/1937/1801 796/797/772
f 1062/1072/1033 1061/1073/1034 2477/2816/2444
f 237/269/255 547/783/758 778/781/756
f 1024/1032/997 1824/1896/1767 1025/1031/996
f 2393/2639/2353 1400/1438/1362 1905/1982/1842
f 1454/1498/1415 1400/1438/1362 1875/1952/1814
f 2466/2792/2433 1472/2817/2066 2305/2791/2254
f 2477/2816/2444 1061/1073/1034 1859/1938/1802
f 1859/1938/1802 1860/1937/1801 2477/2816/2444
f 1930/2008/1865 1709/1767/1662 848/852/823
f 848/852/823 1709/1767/1662 1708/1768/1663
f 2231/2406/2177 2442/2743/2404 2232/2405/2176
f 2243/2421/2189 2442/2743/2404 2231/2406/2177
f 1825/1897/1768 611/618/598 1528/2677/2374
f 2233/2407/2178 1825/1897/1768 1528/2677/2374
f 2478/1698/1600 1756/1822/1708 1755/1823/1709
f 946/951/919 2478/1698/1600 947/950/918
f 1157/1168/1120 2479/2818/2445 1986/2080/1927
f 1157/1168/1120 1159/1166/1118 2479/2818/2445
f 688/693/669 670/677/654 1073/1082/1043
f 1797/1868/1746 1810/1877/1755 370/396/380
f 1799/1869/1747 370/396/380 1810/1877/1755
f 814/817/791 1980/2074/1921 1636/2075/1922
f 1968/2061/1910 1969/2161/1989 2041/2159/1988
f 658/662/639 2475/2808/2442 2334/2807/2441
f 657/663/640 2439/2819/2401 2475/2808/2442
f 1219/1235/1181 1684/1596/1503 466/485/469
f 1219/1235/1181 466/485/469 465/486/470
f 1175/1185/1137 1219/1235/1181 465/486/470
f 465/486/470 1176/775/750 1175/1185/1137
f 869/871/842 868/872/843 1921/1997/1854
f 362/388/372 375/401/385 2070/2196/2018
f 1834/1908/1776 405/429/413 1146/1156/1108
f 1834/1908/1776 1146/1156/1108 1105/1115/1072
f 1565/1606/1513 914/920/889 913/921/890
f 913/921/890 1563/1608/1515 1565/1606/1513
f 49/992/48 38/42/39 2209/2820/2151
f 38/356/39 846/848/819 2209/2376/2151
f 1283/1306/1245 282/2118/1960 885/888/859
f 1283/1306/1245 885/888/859 1751/1818/1704
f 2184/2332/2123 1109/1121/1078 5/7/6
f 1109/1121/1078 6/6/5 5/7/6
f 2300/2803/2249 637/2821/623 2473/2801/2439
f 637/644/623 414/436/420 2473/2822/2439
f 150/159/153 2436/2729/2396 2326/2550/2276
f 127/128/123 150/159/153 118/130/125
f 2357/196/185 2353/2585/2308 1372/198/187
f 442/464/448 790/792/767 1595/1646/1548
f 442/464/448 441/465/449 790/792/767
f 1541/1585/1492 1658/1710/1612 1540/2608/2327
f 1048/1056/1017 1541/1585/1492 1540/2608/2327
f 2480/2823/2446 251/284/270 253/282/268
f 2065/2187/2011 2454/2766/2418 1293/1317/1256
f 1897/1973/1833 1293/1317/1256 2454/2766/2418
f 691/695/671 690/696/672 648/203/192
f 1615/1668/1570 691/695/671 648/203/192
f 448/2243/2058 447/1713/1615 636/645/624
f 636/645/624 638/643/622 448/2243/2058
f 2108/2236/2052 612/617/597 2338/2567/2291
f 2340/2569/2292 1578/1626/1530 833/840/812
f 2341/2571/2294 1578/1626/1530 2340/2569/2292
f 252/283/269 1183/1195/1147 253/282/268
f 252/283/269 266/292/278 1183/1195/1147
f 758/758/733 757/759/734 666/671/648
f 836/2615/2332 756/760/735 1254/1275/1217
f 1095/1110/1067 906/2197/880 1146/2447/1108
f 2071/2198/2019 1097/1108/1065 906/2197/880
f 1274/1296/1236 805/806/781 1059/1298/1031
f 1274/1296/1236 62/67/64 805/806/781
f 2481/2824/2447 2319/2559/2284 2320/2553/2278
f 2482/2825/2448 995/998/963 446/470/454
f 1531/1575/1482 2005/2101/1948 764/2089/1936
f 1399/1433/1357 2014/2117/1959 2114/2244/2059
f 1398/1434/1358 2014/2117/1959 1399/1433/1357
f 790/792/767 1838/1915/1781 816/819/793
f 52/59/56 816/819/793 53/58/55
f 1156/2312/2109 1283/1306/1245 263/289/275
f 509/525/509 1156/2312/2109 263/289/275
f 130/131/126 700/2826/2449 471/489/473
f 699/701/676 698/702/677 700/2826/2449
f 1433/1476/1394 684/687/664 2483/2827/2450
f 684/687/664 683/688/665 2483/2827/2450
f 970/2346/2132 999/1004/969 2139/2277/2086
f 998/1005/970 2139/2277/2086 999/1004/969
f 1960/2053/1902 799/799/774 798/800/775
f 194/231/217 164/194/166 175/195/184
f 151/158/152 2327/2549/2275 175/195/184
f 1517/1561/1471 407/1562/417 2080/2207/2026
f 130/131/126 699/701/676 700/2826/2449
f 130/131/126 126/129/124 699/701/676
f 72/79/76 74/77/74 1753/1820/1706
f 74/77/74 1563/1608/1515 1753/1820/1706
f 2208/2374/2149 846/848/819 845/849/820
f 2210/2377/2152 2209/2376/2151 846/848/819
f 1955/2828/1898 399/423/407 398/424/408
f 1955/2049/1898 398/1087/408 1080/1088/1048
f 1727/1787/1680 187/222/208 216/249/235
f 1164/1173/1125 216/249/235 187/222/208
f 830/836/808 826/828/802 1432/1474/1392
f 830/836/808 934/939/907 826/828/802
f 2113/2245/2060 2099/2227/2043 1399/1433/1357
f 2099/2829/2043 399/423/407 1955/2828/1898
f 2316/2536/2266 2055/2177/2001 643/2830/628
f 1212/1227/1174 2344/2574/2297 1000/1003/968
f 999/1004/969 1212/1227/1174 1000/1003/968
f 2132/2266/2078 2131/2267/2079 954/960/927
f 257/2408/1115 526/537/521 253/2831/268
f 926/538/522 253/2831/268 526/537/521
f 349/1386/358 1348/2832/2128 1346/1385/1310
f 2212/2787/2432 349/373/358 348/374/359
f 6/6/5 2052/2174/1998 2049/2171/1995
f 6/6/5 1110/1120/1077 2052/2174/1998
f 605/611/591 653/657/634 228/260/246
f 228/260/246 227/261/247 605/611/591
f 1840/1919/1784 1841/1918/1783 1352/1388/1312
f 1185/1199/1151 1187/1197/1149 1840/1919/1784
f 2099/2829/2043 2113/2833/2060 399/423/407
f 2113/2833/2060 397/425/409 399/423/407
f 2246/2426/2192 2308/2523/2257 1558/1602/1509
f 902/904/875 901/905/876 2246/2426/2192
f 1159/1166/1118 2484/2834/2451 2479/2818/2445
f 1490/1536/1446 2237/2646/2356 1938/2021/1877
f 2283/2486/2232 919/925/894 1433/1476/1394
f 1874/1188/1140 570/576/558 1797/1868/1746
f 1990/2082/1929 1008/1015/980 1011/1017/982
f 1990/2082/1929 1989/1014/979 1008/1015/980
f 2434/2722/2394 549/558/542 548/559/543
f 549/558/542 2434/2722/2394 1641/1694/1596
f 1540/2608/2327 987/318/304 295/316/302
f 1640/1692/1594 2202/2364/2143 560/1753/1649
f 2341/2571/2294 1757/1824/1710 2342/2570/2293
f 2340/2569/2292 1983/2078/1925 2341/2571/2294
f 335/366/351 332/364/349 331/365/350
f 1299/1325/1262 335/366/351 331/365/350
f 249/280/266 2354/2588/2311 250/279/265
f 2355/2589/2312 2362/2595/2316 2354/2588/2311
f 1901/1978/1838 1574/1623/1527 1606/1656/1558
f 1605/1657/1559 1606/1656/1558 1574/1623/1527
f 678/683/660 1050/2432/2198 1049/2835/1858
f 2439/2819/2401 2409/2662/2366 2475/2808/2442
f 2409/2662/2366 2408/2663/2367 2475/2808/2442
f 1826/1898/1769 1085/1097/1055 1869/1945/1809
f 2106/2234/2050 1869/1945/1809 602/610/590
f 2439/2819/2401 1340/2661/1305 2409/2662/2366
f 661/664/641 1444/1487/1404 1340/2836/1305
f 2352/2586/2309 642/646/625 393/417/401
f 642/646/625 2352/2586/2309 894/197/186
f 2486/2837/2452 965/970/937 2479/2818/2445
f 965/970/937 1986/2080/1927 2479/2818/2445
f 904/2329/878 1471/1518/1431 1395/1432/1356
f 1550/1595/1502 1498/1544/1454 1131/1594/1501
f 1552/1597/1504 2204/2368/2147 1550/1595/1502
f 670/677/654 672/675/652 1073/1082/1043
f 1358/1394/1318 596/598/580 2064/2186/2010
f 2064/2186/2010 597/603/585 1358/1394/1318
f 1987/2079/1926 2104/2232/2048 1157/1168/1120
f 1987/2079/1926 708/713/688 2104/2232/2048
f 2429/2712/2390 201/236/222 2281/2479/2227
f 201/236/222 492/511/495 494/509/493
f 274/298/284 273/299/285 491/506/490
f 1777/1844/1728 534/544/528 533/546/530
f 3/2/2 2/3/3 2481/2824/2447
f 3/2/2 2482/2825/2448 446/470/454
f 194/231/217 2085/2212/2031 2084/2211/2030
f 194/231/217 175/195/184 2327/2549/2275
f 1494/1540/1450 1466/2546/2273 925/930/899
f 1466/2543/2273 1494/2441/1450 2272/2460/2216
f 992/996/961 890/894/865 892/897/868
f 892/897/868 1372/198/187 992/996/961
f 405/429/413 1610/1664/1566 2322/2540/2270
f 1609/1665/1567 2323/2542/2272 1610/1664/1566
f 1723/1783/1676 911/917/886 2259/2022/1878
f 2482/2825/2448 2481/2824/2447 995/998/963
f 2481/2824/2447 2482/2825/2448 3/2/2
f 2425/1771/1666 2241/2419/2187 32/33/31
f 2256/2437/2203 346/825/799 2487/2838/2453
f 2256/2437/2203 2487/2838/2453 1301/1329/1264
f 2135/2839/2081 333/1140/348 1889/2412/2181
f 2135/2839/2081 1889/2412/2181 1890/2413/2182
f 2488/2840/2454 2188/2336/2125 2048/2172/1996
f 2188/2335/2125 2488/2841/2454 2366/2602/2321
f 2365/2598/2319 1916/1990/1849 985/1495/1412
f 258/1637/1541 1592/1636/1540 267/291/277
f 1483/1532/1442 1592/1636/1540 1485/1535/1445
f 1029/1035/1000 280/303/289 1635/1689/1591
f 1340/1380/1305 1444/2488/1404 1443/1486/1403
f 1575/1622/1526 1571/1485/1402 1443/1486/1403
f 621/627/606 1039/1049/1011 1275/1300/1239
f 807/2424/785 2057/2179/2003 1049/2835/1858
f 1119/2697/1085 1118/2842/1086 198/2696/219
f 1713/1770/1665 1919/1995/1852 1599/1647/1549
f 1881/1957/1819 2385/2625/2341 1919/1995/1852
f 302/325/311 299/324/310 1121/1133/1089
f 304/327/313 1121/1133/1089 299/324/310
f 2287/2496/2239 1886/1961/1823 1885/1962/1824
f 1885/1962/1824 2286/2494/2237 2287/2496/2239
f 1599/1647/1549 1919/1995/1852 2385/2625/2341
f 2385/2625/2341 1792/2843/2455 1599/1647/1549
f 247/276/262 1734/1798/1689 1735/1797/1688
f 247/276/262 1735/1797/1688 245/278/264
f 1720/1779/1674 182/214/200 2296/2529/2262
f 597/603/585 674/678/655 1359/1396/1320
f 674/678/655 1327/2300/2101 1359/1396/1320
f 1689/1745/1642 1703/1758/1654 1702/1759/1655
f 2034/2148/1981 1703/1758/1654 1689/1745/1642
f 543/552/536 542/553/537 1937/2018/1874
f 2161/2301/2102 1937/2018/1874 542/553/537
f 986/1649/1551 987/318/304 1540/2608/2327
f 503/515/499 504/520/504 1187/1197/1149
f 2128/2264/2076 504/520/504 503/515/499
f 411/2846/419 821/2845/2456 347/2844/360
f 411/2847/419 349/1386/358 1347/1384/1309
f 482/501/485 484/499/483 439/2429/2195
f 439/2429/2195 484/499/483 959/967/934
f 2410/2664/2368 306/331/317 308/329/315
f 2105/2233/2049 2410/2664/2368 308/329/315
f 262/285/271 2248/2427/2193 1630/1683/1585
f 1630/1683/1585 2248/2427/2193 1613/1670/1572
f 267/291/277 1592/1636/1540 1483/1532/1442
f 265/293/279 267/291/277 1483/1532/1442
f 217/252/238 1330/2572/2295 2285/2487/2233
f 1330/2572/2295 217/252/238 900/902/873
f 940/2718/915 2172/2316/2113 2171/2317/2114
f 942/2848/913 2172/2316/2113 940/2718/915
f 1559/1660/1562 1607/1659/1561 913/921/890
f 322/354/340 318/353/339 320/351/337
f 322/354/340 1659/1712/1614 318/353/339
f 2489/2849/2457 1550/1595/1502 1684/1596/1503
f 2489/2849/2457 1668/1720/1622 1670/1723/1625
f 594/600/582 853/858/829 595/599/581
f 595/2850/581 853/1095/829 71/75/72
f 2378/2619/2335 2421/2767/2419 710/711/686
f 765/770/745 1765/1832/1716 1388/1425/1349
f 1388/1425/1349 1765/1832/1716 1300/1884/1263
f 933/940/908 932/941/909 930/938/906
f 931/937/905 930/938/906 932/941/909
f 1923/1999/1856 1890/2413/2182 896/901/872
f 583/587/569 673/679/656 2356/2851/2458
f 2062/2182/2006 2356/2851/2458 673/679/656
f 1347/1384/1309 2088/1641/1250 1288/2852/1251
f 1288/2852/1251 411/2847/419 1347/1384/1309
f 512/2019/1875 1419/1462/1380 1420/1461/1379
f 2445/2747/2407 1419/1462/1380 512/2019/1875
f 282/2118/1960 1283/1306/1245 1156/2312/2109
f 1981/2073/1920 815/816/790 1636/2075/1922
f 13/11/10 2488/2840/2454 2048/2172/1996
f 13/2693/10 10/8/7 2488/2841/2454
f 831/835/807 2015/2120/1962 2016/2121/1963
f 755/756/731 2019/2853/1965 2087/2214/2032
f 2467/2793/2434 2103/2230/2046 1270/1294/1234
f 1270/1294/1234 2103/2230/2046 2102/2231/2047
f 772/1024/989 1416/2854/2459 1018/1023/988
f 1948/2035/1890 2259/2022/1878 2150/2289/2094
f 2150/2289/2094 2427/2707/2388 1948/2035/1890
f 2075/2203/2022 2244/2422/2190 2243/2421/2189
f 2448/2754/2411 2243/2421/2189 2244/2422/2190
f 2320/2553/2278 891/893/864 995/998/963
f 2481/2824/2447 2320/2553/2278 995/998/963
f 255/2583/2306 507/522/506 717/718/693
f 717/718/693 254/2452/2211 255/2583/2306
f 1575/1622/1526 1443/1486/1403 1444/2488/1404
f 1940/2023/1879 1022/1027/992 2427/2707/2388
f 1940/2023/1879 2427/2707/2388 2150/2289/2094
f 2208/2374/2149 845/849/820 2244/2422/2190
f 1438/1480/1397 400/428/412 402/426/410
f 400/428/412 1898/1975/1835 931/937/905
f 1313/2752/172 204/239/225 361/2751/373
f 374/2855/386 361/2751/373 204/239/225
f 798/800/775 801/802/777 687/694/670
f 801/802/777 1361/1398/1322 687/694/670
f 359/385/369 1252/1274/1216 360/384/368
f 2174/2319/2115 2051/2856/2460 2183/2331/2122
f 356/382/366 1464/1511/1426 1674/1728/1629
f 1260/2136/322 2025/2135/1974 1307/2857/1270
f 1846/1924/1789 1307/1337/1270 1847/1926/1790
f 1297/1323/1260 1501/1546/1456 1298/1322/1259
f 1501/1546/1456 2078/2205/2024 1298/1322/1259
f 677/680/657 1771/1837/1721 1772/1838/1722
f 1314/1347/1278 1771/1837/1721 2348/2578/2301
f 318/353/339 1659/1712/1614 355/383/367
f 1171/1180/1132 2030/2140/1978 443/469/453
f 373/398/382 258/1637/1541 267/291/277
f 867/873/844 1706/1764/1660 868/872/843
f 867/873/844 857/862/833 1706/1764/1660
f 15/15/14 1501/1546/1456 1297/1323/1260
f 15/15/14 1297/1323/1260 16/14/13
f 1118/2842/1086 1322/2858/1286 198/2696/219
f 198/2859/219 1322/1360/1286 185/1355/206
f 1643/1696/1598 1238/1254/1200 381/2860/2461
f 421/445/429 1238/1254/1200 715/715/690
f 1628/1680/1582 1216/1230/1177 1214/1228/1175
f 1906/1983/1843 1214/2861/1175 1216/1266/1177
f 1184/1196/1148 266/292/278 265/293/279
f 1885/1962/1824 2297/2509/2246 2286/2494/2237
f 2297/2509/2246 1625/2493/2236 2286/2494/2237
f 760/762/737 1602/1652/1554 2369/2604/2323
f 2347/2577/2300 2490/2862/2462 333/363/348
f 2135/2269/2081 2134/2270/2082 2347/2577/2300
f 2347/2577/2300 2134/2270/2082 2490/2862/2462
f 2491/2863/2463 1931/2012/1869 1375/1410/1334
f 1949/2038/1893 272/294/280 1992/2085/1932
f 1949/2038/1893 1992/2085/1932 1950/2037/1892
f 1847/2864/1790 2025/2135/1974 1750/1817/1703
f 2025/2135/1974 1847/2864/1790 1307/2857/1270
f 609/616/596 514/527/511 513/528/512
f 1842/1921/1786 1851/1930/1794 2353/2585/2308
f 180/216/202 158/166/160 1315/1346/1277
f 1315/1346/1277 158/166/160 157/167/161
f 578/582/564 1104/1114/1071 1103/1113/1070
f 626/632/611 2438/2739/2400 371/395/379
f 1647/1702/1604 1102/767/742 1648/1701/1603
f 2214/2380/2155 1647/1702/1604 358/386/370
f 1171/1180/1132 991/997/962 2030/2140/1978
f 724/726/701 1978/2865/1919 1637/1691/1593
f 1978/2865/1919 464/481/465 1637/1691/1593
f 2119/2250/2065 943/949/917 2370/2605/2324
f 2370/2605/2324 943/949/917 709/712/687
f 2004/2100/1947 1687/1743/1640 1934/2015/1870
f 2431/2717/2391 83/86/83 1685/1740/1638
f 214/1804/1695 1742/1805/1696 2158/2295/2099
f 196/229/215 2158/2295/2099 1742/1805/1696
f 1492/2537/2267 1317/1348/1279 1319/1350/1281
f 1319/1350/1281 1493/1654/1556 1492/2537/2267
f 1748/1811/1701 1747/1810/1700 1403/1440/1364
f 1404/1439/1363 1748/1811/1701 1403/1440/1364
f 203/240/226 374/2855/386 204/239/225
f 454/1663/1565 403/431/415 2322/2540/2270
f 1016/1021/986 1115/1127/1084 2386/2628/2344
f 2202/2364/2143 2160/2365/2144 1448/341/327
f 1104/1114/1071 2438/2739/2400 1103/1113/1070
f 1648/1701/1603 1102/767/742 1103/1113/1070
f 289/311/297 1654/1705/1607 1652/1704/1606
f 289/311/297 2185/2334/2124 1654/1705/1607
f 2492/2866/2464 1137/1149/1101 2407/2658/2364
f 1653/1706/1608 2186/2733/2398 2187/2388/2161
f 2186/2733/2398 1653/1706/1608 1654/1705/1607
f 2336/2561/2286 2199/2360/2139 107/112/109
f 2336/2561/2286 144/145/139 2199/2360/2139
f 2220/2391/2164 2281/2479/2227 1867/1942/1806
f 1484/1531/1441 1542/1588/1495 265/293/279
f 1542/1588/1495 1484/1531/1441 1545/1589/1496
f 2376/2868/2331 2303/2867/2252 1832/1907/1775
f 1708/1768/1663 1832/1907/1775 1887/1964/1826
f 1014/1019/984 2446/2748/2408 606/614/594
f 2446/2748/2408 2058/2180/2004 606/614/594
f 1543/1587/1494 1545/1589/1496 1487/1533/1443
f 1545/1589/1496 1485/1535/1445 1487/1533/1443
f 2492/2866/2464 2407/2658/2364 2012/2115/1957
f 990/156/150 17/153/147 377/403/387
f 991/997/962 990/156/150 2030/2140/1978
f 1849/2590/1793 2033/2147/1980 1850/2869/1792
f 1644/1697/1599 1236/1256/1202 1238/1254/1200
f 1644/1697/1599 743/745/720 1236/1256/1202
f 1758/2505/1711 905/912/881 475/910/474
f 1758/1825/1711 475/490/474 474/491/475
f 257/2408/1115 1413/2870/1374 601/1453/586
f 257/1163/1115 256/1342/1275 1413/1452/1374
f 1793/2090/1937 2384/2626/2342 1988/2081/1928
f 1793/2090/1937 1996/2091/1938 422/450/434
f 1010/1136/983 1996/2091/1938 1988/2081/1928
f 1996/2091/1938 1793/2090/1937 1988/2081/1928
f 2364/2597/2318 1917/1993/1851 45/49/46
f 1943/2026/1882 426/451/435 1107/1118/1075
f 501/517/501 452/2263/2075 2240/2418/2186
f 2240/2418/2186 452/2263/2075 1608/1662/1564
f 1609/1665/1567 1608/1662/1564 2324/2541/2271
f 1608/1662/1564 737/736/711 2128/2264/2076
f 587/2668/2372 586/2669/1420 2464/2786/2431
f 2464/2871/2431 586/1503/1420 1457/1501/1418
f 1717/1777/1672 1719/1775/1670 481/496/480
f 1552/1597/1504 480/497/481 2204/2368/2147
f 1323/2872/1287 200/237/223 1120/1131/1088
f 1323/2872/1287 1120/1131/1088 1214/1228/1175
f 1853/1933/1797 382/446/430 1854/1932/1796
f 382/446/430 420/447/431 1854/1932/1796
f 2239/2415/2183 960/966/933 959/967/934
f 134/137/132 960/966/933 135/136/131
f 573/579/561 1853/1933/1797 574/578/560
f 573/579/561 2389/2631/2347 1853/1933/1797
f 2376/2868/2331 1708/1768/1663 1710/1766/1661
f 1708/1768/1663 2376/2868/2331 1832/1907/1775
f 135/136/131 960/966/933 2239/2415/2183
f 2433/2721/2393 42/46/43 33/36/34
f 30/31/29 33/36/34 42/46/43
f 641/2873/626 2054/2201/1999 2361/2594/2315
f 1135/1145/1097 641/647/626 2361/2804/2315
f 1752/1819/1705 1808/2874/2465 1751/1818/1704
f 683/688/665 2493/2875/2466 2483/2827/2450
f 2483/2827/2450 2493/2875/2466 1435/1840/1724
f 2306/2521/2255 2307/2522/2256 2013/2116/1958
f 2306/2521/2255 1032/1036/1001 2494/2876/2467
f 1608/1662/1564 1609/1665/1567 737/736/711
f 2307/2522/2256 2306/2521/2255 2494/2876/2467
f 829/837/809 2307/2522/2256 1377/1411/1335
f 1907/180/171 376/404/388 17/153/147
f 145/144/138 144/145/139 162/172/165
f 305/326/312 1383/1421/1345 303/328/314
f 327/357/342 1699/1755/1651 895/898/869
f 429/454/438 327/357/342 895/898/869
f 381/2860/2461 382/446/430 2388/2630/2346
f 2389/2631/2347 2388/2630/2346 1853/1933/1797
f 2389/2631/2347 381/2860/2461 2388/2630/2346
f 381/2860/2461 2389/2631/2347 1643/1696/1598
f 942/2848/913 1465/2877/2173 2172/2316/2113
f 1985/2623/2339 1645/1699/1601 1986/2080/1927
f 1985/2623/2339 2478/1698/1600 1645/1699/1601
f 472/1610/1517 55/62/59 1781/1850/1732
f 55/62/59 472/1610/1517 56/61/58
f 2389/2631/2347 2422/2684/2380 1643/1696/1598
f 2422/2684/2380 339/1565/1473 1643/1696/1598
f 2293/2504/2244 1904/1979/1839 2225/2397/2170
f 2225/2397/2170 1904/1979/1839 1903/1980/1840
f 264/288/274 1878/1956/1818 268/290/276
f 2495/2878/2468 1878/1956/1818 413/437/421
f 522/536/520 1958/2051/1900 1959/344/330
f 131/2689/2383 1865/1941/1805 675/682/659
f 96/101/98 1865/1941/1805 131/2689/2383
f 437/205/194 434/2879/445 1695/1749/1645
f 1312/1345/1276 437/205/194 1313/206/172
f 1367/1404/1328 1280/1304/1243 1522/1569/1476
f 1030/1038/1003 2016/2121/1963 822/2880/2469
f 2016/2121/1963 2180/2326/2120 822/2880/2469
f 445/471/455 1681/1736/1634 4/1/1
f 4/1/1 3/2/2 445/471/455
f 488/503/487 532/547/531 486/505/489
f 486/505/489 532/547/531 2127/2262/2074
f 21/21/20 1786/1858/1737 1076/2881/1047
f 26/26/25 21/21/20 1076/2881/1047
f 2450/2758/2413 1850/2759/1792 1430/1471/1389
f 1911/1989/1848 1430/1471/1389 1850/2759/1792
f 2074/2882/2470 157/167/161 159/165/159
f 159/165/159 158/166/160 2072/2200/2021
f 48/52/49 323/1559/1469 2395/2640/2354
f 1290/1315/1254 48/52/49 2395/2640/2354
f 847/853/824 849/851/822 2496/2883/2471
f 2496/2883/2471 861/866/837 852/854/825
f 556/569/551 1114/1124/1081 557/568/550
f 579/586/568 1114/1124/1081 556/569/551
f 541/554/538 1/2732/2397 2358/2593/2314
f 2359/2592/2313 2358/2593/2314 1681/1736/1634
f 2021/2884/2472 443/469/453 1271/467/451
f 2021/2884/2472 1271/467/451 793/795/770
f 2074/2882/2470 2072/2200/2021 2073/2199/2020
f 159/165/159 2072/2200/2021 2074/2882/2470
f 1533/1579/1486 2065/2187/2011 1292/1318/1257
f 1532/1580/1487 1705/1762/1658 1533/1579/1486
f 56/61/58 2078/2205/2024 2077/2204/2023
f 1501/1546/1456 1683/1739/1637 2078/2205/2024
f 967/976/943 2100/2229/2045 968/975/942
f 2496/2883/2471 849/851/822 861/866/837
f 797/801/776 1168/1178/1130 2067/2190/2014
f 443/469/453 2021/2884/2472 2076/2524/2258
f 1846/1924/1789 1261/1283/1225 1789/1861/1740
f 797/801/776 799/799/774 2000/2095/1942
f 771/1353/1284 1006/1009/974 1005/1010/975
f 771/1353/1284 1005/1010/975 1321/1354/1285
f 1894/1968/1830 479/498/482 438/887/858
f 2497/2885/2473 882/886/857 473/492/476
f 2497/2885/2473 1205/1352/1283 882/886/857
f 731/731/706 284/308/294 1752/1819/1705
f 285/307/293 284/308/294 731/731/706
f 2359/2592/2313 445/471/455 1682/1738/1636
f 2359/2592/2313 1681/1736/1634 445/471/455
f 356/382/366 1252/1274/1216 1324/1363/1289
f 2491/2863/2463 1375/1410/1334 2391/2635/2349
f 2490/2862/2462 2391/2635/2349 333/363/348
f 928/935/903 1430/1471/1389 1911/1989/1848
f 1911/1989/1848 1217/1234/1180 928/935/903
f 1164/1173/1125 1167/1175/1127 1165/1172/1124
f 41/47/44 2454/2766/2418 2065/2187/2011
f 499/514/498 42/46/43 41/47/44
f 793/795/770 1858/1935/1799 1857/1936/1800
f 1857/1936/1800 2021/2884/2472 793/795/770
f 1396/2886/1355 330/360/345 834/839/811
f 1945/2028/1884 458/477/461 1831/1905/1773
f 1945/2028/1884 1831/1905/1773 2275/2467/2220
f 1707/813/788 432/2887/441 1523/1570/1477
f 432/2887/441 431/2128/442 1523/1570/1477
f 947/950/918 2478/1698/1600 1985/2623/2339
f 1028/1033/998 246/277/263 535/549/533
f 280/2349/289 246/2888/263 1028/2348/998
f 1242/1263/1208 1243/1262/1207 1386/2889/1347
f 2065/2187/2011 499/514/498 41/47/44
f 1533/1579/1486 499/514/498 2065/2187/2011
f 1351/1246/1192 1231/1251/1197 1233/1249/1195
f 118/130/125 152/157/151 1481/1528/1440
f 118/130/125 1481/1528/1440 117/2034/1889
f 1026/1030/995 2131/2267/2079 2130/2268/2080
f 1026/1030/995 2130/2268/2080 624/631/610
f 225/258/244 955/962/929 624/631/610
f 1615/1668/1570 647/654/631 283/305/291
f 2452/2764/2416 927/958/904 952/956/924
f 927/936/904 2452/2763/2416 928/935/903
f 1733/1794/1687 1457/1501/1418 1731/1793/1686
f 1457/1501/1418 1456/1502/1419 1731/1793/1686
f 1224/1242/1188 69/72/69 89/560/88
f 89/91/88 645/1913/630 1837/1914/1780
f 661/664/641 1340/2836/1305 2439/2740/2401
f 2439/2740/2401 659/666/643 661/664/641
f 1562/1603/1510 1561/1604/1511 2498/2890/2474
f 1561/1604/1511 520/532/516 2234/337/323
f 1482/1526/1439 1722/1781/1675 1723/1783/1676
f 94/1527/113 1722/1781/1675 1482/1526/1439
f 201/236/222 1628/1680/1582 202/235/221
f 1213/1229/1176 1628/1680/1582 1214/1228/1175
f 2028/2139/1977 2029/1179/1131 1910/1985/1844
f 1910/1985/1844 1909/25/24 2028/2139/1977
f 522/536/520 362/388/372 1958/2051/1900
f 362/388/372 522/536/520 524/534/518
f 346/825/799 820/826/800 2487/2838/2453
f 1301/1329/1264 2487/2838/2453 820/826/800
f 1205/1352/1283 1206/1222/1169 1243/1262/1207
f 1204/1218/1166 1099/1374/1299 1202/1219/1167
f 859/864/835 858/865/836 806/811/786
f 570/576/558 1874/1188/1140 571/575/557
f 1426/1741/1386 83/86/83 51/55/52
f 51/55/52 1897/1973/1833 1426/1741/1386
f 1151/2491/2234 1498/1544/1454 2500/2891/2475
f 1550/1595/1502 2204/2368/2147 1498/1544/1454
f 1309/1339/1272 2290/2499/2241 380/405/389
f 937/942/910 1756/1822/1708 2478/1698/1600
f 761/764/739 1756/1822/1708 937/942/910
f 1329/1365/1291 305/326/312 287/309/295
f 1504/1549/1459 2456/2771/2422 863/869/840
f 2456/2771/2422 1504/1549/1459 1506/1725/1627
f 1354/1392/1316 625/633/612 2177/2127/1968
f 1354/1392/1316 626/632/611 625/633/612
f 1475/1522/1435 2063/2184/2008 2501/2185/2009
f 1762/155/149 2294/2508/2245 1763/1828/1714
f 1761/154/148 1763/1828/1714 2294/2508/2245
f 2440/2741/2402 1139/1151/1103 2502/2892/2476
f 170/189/179 2440/2741/2402 2502/2892/2476
f 156/162/156 1327/2300/2101 1316/1826/1712
f 674/678/655 673/679/656 583/587/569
f 354/379/363 365/390/374 1594/1643/1545
f 354/379/363 1594/1643/1545 352/380/364
f 958/965/932 2253/2436/2202 457/474/458
f 457/474/458 2253/2436/2202 2242/2420/2188
f 2253/2436/2202 2268/2453/2212 2242/2420/2188
f 883/777/752 2242/2420/2188 2268/2453/2212
f 1773/1839/1723 225/258/244 218/251/237
f 218/251/237 225/258/244 1461/2893/2477
f 478/493/477 882/886/857 1205/1352/1283
f 1205/1352/1283 1243/1262/1207 478/493/477
f 1043/1055/1016 1816/449/433 1044/1054/1015
f 1827/1899/1770 1044/1054/1015 1816/449/433
f 2206/2373/2148 1064/2302/2103 14/16/15
f 2206/2373/2148 1936/2016/1872 1064/2302/2103
f 324/1558/1468 2207/2375/2150 2244/2422/2190
f 1809/2459/1754 2270/2457/2215 660/2489/642
f 738/741/716 1809/1876/1754 660/665/642
f 1096/1109/1066 2497/2885/2473 473/492/476
f 1096/1109/1066 1205/1352/1283 2497/2885/2473
f 1372/198/187 2353/2585/2308 1851/1930/1794
f 1506/1725/1627 1503/1550/1460 1507/1690/1592
f 450/472/456 718/717/692 1862/2383/2158
f 507/522/506 1862/2383/2158 718/717/692
f 142/1784/1677 1143/1152/1104 1724/1786/1679
f 2368/2695/2385 1734/1798/1689 291/315/301
f 1734/1798/1689 2142/2283/2089 245/278/264
f 1456/2894/1419 2280/2475/2226 2165/2476/2106
f 1896/2609/1832 660/665/642 659/666/643
f 1896/2609/1832 659/666/643 1783/1852/1734
f 2272/2460/2216 2435/2727/2395 2173/2544/2112
f 2435/2727/2395 2272/2460/2216 2260/2726/1862
f 372/2895/384 828/832/806 575/1232/563
f 575/581/563 574/578/560 372/400/384
f 287/309/295 305/326/312 1819/1888/1762
f 1505/1548/1458 2036/2150/1982 1503/1550/1460
f 1507/1690/1592 1503/1550/1460 2036/2150/1982
f 1026/1030/995 624/631/610 955/962/929
f 2057/2179/2003 1884/1963/1825 678/683/660
f 809/812/787 1884/1963/1825 2057/2179/2003
f 1164/1173/1125 206/243/229 216/249/235
f 1049/2835/1858 2057/2179/2003 678/683/660
f 395/421/405 1222/1916/1184 2315/2533/2265
f 2445/2747/2407 512/2019/1875 511/2020/1876
f 740/744/719 742/742/717 1900/1976/1836
f 874/877/848 455/476/460 870/876/847
f 1160/1171/1123 1363/1399/1323 1362/1400/1324
f 1362/1400/1324 1161/1170/1122 1160/1171/1123
f 1161/1170/1122 1362/1400/1324 655/660/637
f 502/516/500 501/517/501 2240/2418/2186
f 2240/2418/2186 2128/2264/2076 502/516/500
f 2121/2257/2069 1732/1792/1685 2122/2256/2068
f 1404/1439/1363 1997/2093/1940 1611/1666/1568
f 1402/1436/1360 1611/1666/1568 1997/2093/1940
f 1214/1984/1175 1906/2896/1843 190/226/212
f 1906/2896/1843 1246/2298/1211 190/226/212
f 2472/2799/2438 64/71/68 36/2798/37
f 1096/1109/1066 473/492/476 1097/1108/1065
f 86/2899/629 88/2898/90 2032/2897/898
f 779/822/796 2067/2190/2014 313/347/333
f 313/347/333 743/745/720 779/822/796
f 1954/2047/1896 2003/2098/1945 2002/2099/1946
f 1953/2048/1897 2250/2430/2196 2003/2098/1945
f 2044/2163/1991 604/612/592 1821/1890/1764
f 239/272/258 1425/1466/1384 2141/2284/2090
f 2142/2283/2089 240/271/257 2141/2284/2090
f 104/109/106 106/107/104 1051/1062/1023
f 1051/1328/1023 820/826/800 345/827/801
f 103/105/102 80/84/81 85/88/85
f 645/653/630 80/84/81 103/105/102
f 2451/2762/2415 2257/2440/2204 1866/1943/1807
f 384/409/393 1573/1620/1524 997/1001/966
f 1600/1650/1552 2001/2097/1944 2002/2099/1946
f 2001/2097/1944 1676/2637/2351 2002/2099/1946
f 2353/2585/2308 1852/1931/1795 1842/1921/1786
f 1852/1931/1795 2353/2585/2308 393/417/401
f 634/641/620 1963/2900/1905 59/64/61
f 1963/2900/1905 634/641/620 1784/1856/1735
f 8/2414/9 396/420/404 9/2715/8
f 396/420/404 2445/2747/2407 9/2715/8
f 1464/1511/1426 1381/1418/1342 1674/1728/1629
f 1381/1418/1342 1464/1511/1426 1326/2193/2017
f 825/829/803 824/830/804 1900/1976/1836
f 740/744/719 1900/1976/1836 824/830/804
f 1964/2702/2387 1241/1261/1206 303/328/314
f 1964/2702/2387 1584/1632/1536 1241/1261/1206
f 240/271/257 239/272/258 2141/2284/2090
f 1475/1522/1435 1476/1521/1434 2063/2184/2008
f 293/314/300 2063/2184/2008 1476/1521/1434
f 2029/1179/1131 2028/2139/1977 444/468/452
f 1472/2251/2066 2466/2812/2433 345/1847/801
f 2466/2812/2433 104/2810/106 345/1847/801
f 758/758/733 666/671/648 1254/1275/1217
f 666/671/648 665/672/649 1254/1275/1217
f 1387/2902/1346 1386/2889/1347 1149/2901/1110
f 1243/1262/1207 1206/1222/1169 1386/2889/1347
f 716/714/689 308/329/315 337/368/353
f 2430/1413/1337 1815/1882/1759 1814/1883/1760
f 193/228/214 170/189/179 188/221/207
f 170/189/179 169/187/177 188/221/207
f 760/762/737 2369/2604/2323 2404/199/188
f 760/762/737 2404/199/188 939/200/189
f 1843/1920/1785 1845/1922/1787 1270/1294/1234
f 1857/1936/1800 2020/2126/1967 2021/2884/2472
f 2020/2126/1967 2076/2524/2258 2021/2884/2472
f 1294/1316/1255 1449/1492/1409 1349/1387/1311
f 1349/1387/1311 1350/2188/2012 1294/1316/1255
f 1601/1651/1553 2003/2098/1945 316/349/335
f 315/350/336 1601/1651/1553 316/349/335
f 2018/2125/1966 433/2903/446 585/2124/573
f 1695/2165/1645 433/2904/446 2018/2164/1966
f 2080/2207/2026 981/986/953 2081/2209/2028
f 378/407/391 981/986/953 379/406/390
f 461/478/462 728/727/702 1472/2251/2066
f 725/725/700 728/727/702 460/479/463
f 2504/2905/2478 1761/154/148 2294/2508/2245
f 1907/180/171 1761/154/148 2504/2905/2478
f 1021/1028/993 1940/2023/1879 1939/1658/1560
f 514/527/511 1760/1827/1713 515/526/510
f 1747/1810/1700 440/466/450 1403/1440/1364
f 1747/1810/1700 656/659/636 440/466/450
f 822/2880/2469 2194/2350/2133 2024/2221/2037
f 2093/2138/1976 2024/2221/2037 2194/2350/2133
f 840/847/818 1350/2188/2012 1349/1387/1311
f 841/846/817 2066/2189/2013 1350/2188/2012
f 1538/722/697 2332/2557/2282 722/724/699
f 1538/722/697 2261/2556/2281 2332/2557/2282
f 1107/1118/1075 426/451/435 2221/2906/2165
f 92/94/91 91/95/92 1228/1244/1190
f 2505/2907/2479 1228/1244/1190 2224/2394/2167
f 2453/2765/2417 2184/2332/2123 1248/1272/1214
f 521/531/515 1561/1604/1511 1560/1605/1512
f 521/531/515 1560/1605/1512 1622/1678/1580
f 353/338/324 352/380/364 2235/2411/2180
f 2213/2379/2154 2191/2341/2130 2192/2340/2129
f 1568/1613/1519 982/518/502 505/519/503
f 1510/1552/1462 2312/2528/2261 1952/2039/1894
f 819/824/798 780/785/760 818/823/797
f 780/785/760 819/824/798 2373/2612/2330
f 1587/201/190 945/952/920 939/200/189
f 495/774/749 496/964/931 1822/1893/1765
f 1768/1834/1718 1627/1681/1583 1822/1893/1765
f 2166/2310/2107 813/818/792 2201/2362/2141
f 2111/2242/2057 2506/2908/2480 843/1065/1026
f 2506/2908/2480 2111/2242/2057 2192/2340/2129
f 881/883/854 1277/1303/1242 1375/1410/1334
f 23/24/23 1920/1998/1855 868/872/843
f 2262/2555/2280 2362/2595/2316 1220/1236/1182
f 914/920/889 1566/1609/1516 1656/1707/1609
f 1656/1707/1609 2371/2606/2325 914/920/889
f 1138/1148/1100 1137/1149/1101 2492/2866/2464
f 836/2615/2332 837/844/815 838/843/814
f 2084/2211/2030 836/2615/2332 838/843/814
f 1726/1788/1681 651/655/632 2170/2314/2111
f 1489/1537/1447 1747/1810/1700 136/135/130
f 136/135/130 135/136/131 1489/1537/1447
f 2384/2626/2342 1132/1144/1096 1988/2081/1928
f 1133/1142/1094 1988/2081/1928 1132/1144/1096
f 1826/1898/1769 1869/1945/1809 757/759/734
f 505/519/503 2432/2719/2392 1568/1613/1519
f 1364/1402/1326 441/465/449 656/659/636
f 1363/1399/1323 1364/1402/1326 656/659/636
f 1943/2109/1882 1106/2490/1076 1977/2069/1917
f 1943/2026/1882 1107/1118/1075 1106/1119/1076
f 1901/1978/1838 1571/1485/1402 1574/1623/1527
f 1571/1485/1402 1901/1978/1838 1572/1621/1525
f 2432/2719/2392 737/736/711 1568/1613/1519
f 737/736/711 736/737/712 1568/1613/1519
f 1580/1627/1531 1660/1711/1613 1659/1712/1614
f 1580/1627/1531 1047/1059/1020 1660/1711/1613
f 1392/1430/1354 2450/2758/2413 1393/1429/1353
f 1430/1471/1389 1393/1429/1353 2450/2758/2413
f 2407/2658/2364 2011/2114/1956 354/379/363
f 2011/2114/1956 2407/2658/2364 2507/2909/2481
f 1603/1653/1555 759/763/738 540/761/736
f 1290/1315/1254 1933/2014/1871 1291/1314/1253
f 1933/2014/1871 1290/1315/1254 2395/2640/2354
f 2266/2449/2208 625/633/612 2178/2325/2119
f 2266/2449/2208 2178/2325/2119 2267/2450/2209
f 153/160/154 137/152/146 146/147/141
f 2089/2215/2033 273/299/285 2444/2910/2482
f 2444/2910/2482 273/299/285 275/297/283
f 2085/2212/2031 312/2911/2483 1084/1098/1056
f 2085/2212/2031 194/231/217 2327/2549/2275
f 233/262/248 1508/1551/1461 546/555/539
f 1508/1551/1461 233/262/248 1823/1894/1766
f 1508/1551/1461 784/789/764 546/555/539
f 784/789/764 1338/1375/1300 546/555/539
f 506/523/507 1486/1534/1444 2301/2514/2250
f 1149/2901/1110 1386/2889/1347 1206/1222/1169
f 1149/1158/1110 1206/2912/1169 1147/1160/1112
f 1401/1437/1361 1651/17/16 1611/1666/1568
f 1869/1945/1809 485/502/486 602/610/590
f 592/596/578 1376/1412/1336 707/710/685
f 1213/1229/1176 1120/1131/1088 202/235/221
f 805/806/781 1306/1335/1269 1059/1298/1031
f 1057/1067/1028 1059/1070/1031 1306/1336/1269
f 371/395/379 2438/2739/2400 1104/1114/1071
f 952/956/924 951/957/925 525/539/523
f 952/956/924 525/539/523 950/2511/921
f 1228/1244/1190 2505/2907/2479 92/94/91
f 2223/2395/2168 2505/2907/2479 2224/2394/2167
f 775/778/753 1130/2131/1970 884/2130/1969
f 1318/1351/1282 593/595/577 1493/1654/1556
f 1760/1827/1713 2229/2403/2174 515/526/510
f 1738/1802/1693 714/716/691 1739/1801/1692
f 714/716/691 2443/2745/2405 715/715/690
f 1738/1802/1693 2443/2745/2405 714/716/691
f 1478/1523/1436 2443/2745/2405 1479/1525/1438
f 517/530/514 516/339/325 520/532/516
f 520/532/516 516/339/325 2234/337/323
f 1598/1648/1550 1905/1982/1842 1713/1770/1665
f 1905/1982/1842 1597/1644/1546 1713/1770/1665
f 311/2913/2484 2412/2680/2376 2317/2681/2377
f 1001/1006/971 2062/2182/2006 673/679/656
f 2210/2377/2152 2208/2374/2149 47/53/50
f 846/848/819 2208/2374/2149 2210/2377/2152
f 700/2826/2449 698/702/677 1607/1659/1561
f 871/875/846 1304/1334/1268 368/392/376
f 368/392/376 367/393/377 1455/1500/1417
f 2423/2685/2381 776/780/755 623/629/608
f 623/629/608 776/780/755 221/253/239
f 1856/1934/1798 1477/2599/2320 310/2914/2485
f 1477/2599/2320 1478/1523/1436 310/2914/2485
f 1377/1411/1335 1376/1412/1336 2096/2224/2040
f 2096/2224/2040 829/837/809 1377/1411/1335
f 2506/2908/2480 2110/2240/2055 843/1065/1026
f 2506/2908/2480 2192/2340/2129 2110/2240/2055
f 767/768/743 766/769/744 2005/2101/1948
f 2297/2509/2246 702/705/680 1625/2493/2236
f 2297/2509/2246 703/704/679 702/705/680
f 1559/1660/1562 2304/2519/2253 471/489/473
f 2304/2519/2253 1559/1660/1562 915/919/888
f 1713/1770/1665 1596/1645/1547 1918/1996/1853
f 1596/1645/1547 1496/820/794 1918/1996/1853
f 92/94/91 2505/2907/2479 2223/2395/2168
f 1225/1241/1187 92/94/91 2223/2395/2168
f 930/938/906 1417/1460/1378 933/940/908
f 933/940/908 1417/1460/1378 741/743/718
f 1738/1802/1693 1479/1525/1438 2443/2745/2405
f 1479/1525/1438 1738/1802/1693 1480/1524/1437
f 1829/1901/1771 566/1284/553 1262/1285/1226
f 1262/1285/1226 554/1855/548 1829/1901/1771
f 1608/1662/1564 454/1663/1565 2324/2541/2271
f 488/503/487 2329/2580/2303 2330/2579/2302
f 487/504/488 2329/2580/2303 488/503/487
f 2062/2182/2006 1001/1006/971 2060/1619/1523
f 1579/1628/1532 322/354/340 321/355/341
f 695/2134/1973 1579/1628/1532 321/355/341
f 309/2915/2486 763/765/740 747/747/722
f 747/747/722 763/765/740 745/749/724
f 1396/2886/1355 1471/2916/1431 1469/1517/1430
f 2316/2536/2266 1221/1239/1185 2055/2177/2001
f 2316/2536/2266 2315/2534/2265 1221/1239/1185
f 2145/2917/2487 2103/2230/2046 2468/2794/2435
f 2146/2451/2210 2145/2917/2487 1845/1922/1787
f 2420/2683/2379 1469/1517/1430 328/362/347
f 2424/209/196 627/636/615 723/723/698
f 229/210/197 213/208/195 214/1804/1695
f 1032/1036/1001 1377/1411/1335 2494/2876/2467
f 2494/2876/2467 1377/1411/1335 2307/2522/2256
f 1670/1723/1625 1667/1721/1623 1447/1488/1405
f 1668/1720/1622 1667/1721/1623 1670/1723/1625
f 167/2030/1886 1737/1799/1690 1406/1441/1365
f 168/1442/1366 167/2030/1886 1406/1441/1365
f 876/880/851 1122/1135/1091 877/879/850
f 1122/1135/1091 876/880/851 1818/1889/1763
f 1342/1378/1303 1848/1927/1791 2033/2147/1980
f 1873/1950/1813 369/397/381 577/583/565
f 371/395/379 577/583/565 369/397/381
f 2212/2787/2432 1348/2918/2128 349/373/358
f 1348/2339/2128 2212/2919/2432 842/2239/2054
f 768/773/748 2289/2498/2240 769/772/747
f 768/773/748 1605/1657/1559 2289/2498/2240
f 583/587/569 1316/1826/1712 1327/2300/2101
f 1576/1624/1528 693/1268/176 101/102/99
f 363/387/371 362/388/372 524/534/518
f 1247/1269/1212 1944/2029/1885 2377/2920/2333
f 1946/2616/1883 2377/2617/2333 1944/2921/1885
f 577/583/565 371/395/379 1104/1114/1071
f 1791/1863/1742 1770/1836/1720 1258/1279/1221
f 1925/2760/1859 2450/2758/2413 1392/1430/1354
f 106/107/104 1052/1061/1022 1051/1062/1023
f 106/107/104 1515/1560/1470 1052/1061/1022
f 104/109/106 2120/2922/2067 105/108/105
f 105/2385/105 2120/2254/2067 1474/2252/1432
f 1213/1229/1176 202/235/221 1628/1680/1582
f 2421/2767/2419 2379/2618/2334 1070/1079/1040
f 2380/2621/2337 1070/1079/1040 2379/2618/2334
f 705/708/683 701/706/681 706/707/682
f 702/705/680 701/706/681 705/708/683
f 455/476/460 2242/2420/2188 1305/1333/1267
f 46/48/45 2365/2598/2319 985/1495/1412
f 45/49/46 2365/2598/2319 46/48/45
f 2260/2005/1862 7/5/4 2173/2315/2112
f 2469/2923/2488 2173/2315/2112 7/5/4
f 1630/1683/1585 1613/1670/1572 646/2119/1961
f 1615/1668/1570 646/2119/1961 1613/1670/1572
f 1066/1074/1035 1338/1375/1300 2190/2338/2127
f 1438/1480/1397 1898/1975/1835 400/428/412
f 1898/1975/1835 1438/1480/1397 391/414/398
f 1451/333/319 1453/1496/1413 856/332/318
f 1920/1998/1855 1909/25/24 1908/1986/1845
f 1909/25/24 1920/1998/1855 23/24/23
f 463/482/466 2335/2560/2285 2456/2771/2422
f 2456/2771/2422 2335/2560/2285 864/868/839
f 2097/2226/2042 530/545/529 315/350/336
f 530/545/529 1601/1651/1553 315/350/336
f 1160/1171/1123 1070/1079/1040 1069/1080/1041
f 1944/2029/1885 91/95/92 458/477/461
f 91/95/92 1944/2029/1885 1228/1244/1190
f 1519/1564/1472 429/454/438 895/898/869
f 427/456/440 429/454/438 19/2924/2489
f 372/2895/384 926/1257/522 1218/1233/1179
f 249/280/266 248/281/267 2355/2589/2312
f 2354/2588/2311 249/280/266 2355/2589/2312
f 2310/2525/2259 1478/1523/1436 2311/2526/2260
f 1478/1523/1436 1480/1524/1437 2311/2526/2260
f 2221/2925/2165 1353/1389/1313 1108/1270/1074
f 1107/1118/1075 2221/2906/2165 1108/1117/1074
f 2264/2446/2206 1096/1109/1066 1095/1110/1067
f 803/808/783 61/68/65 855/861/832
f 62/67/64 61/68/65 803/808/783
f 1272/1295/1235 70/76/73 63/66/63
f 61/68/65 63/66/63 70/76/73
f 1159/1166/1118 1158/1167/1119 1938/2021/1877
f 2486/2837/2452 2484/2834/2451 1938/2021/1877
f 757/759/734 2167/2311/2108 18/2926/2490
f 2263/2445/2205 1879/1955/1817 1902/1981/1841
f 1903/1980/1840 1902/1981/1841 1879/1955/1817
f 18/2926/2490 1142/1153/1105 757/759/734
f 268/290/276 1878/1956/1818 2495/2878/2468
f 2350/2582/2305 260/287/273 510/524/508
f 261/286/272 260/287/273 2350/2582/2305
f 463/482/466 1506/1725/1627 464/481/465
f 463/482/466 2456/2771/2422 1506/1725/1627
f 1786/1858/1737 633/642/621 1076/2881/1047
f 2350/2582/2305 510/524/508 508/521/505
f 1558/1602/1509 2309/2927/2491 1193/1210/1159
f 1050/2432/2198 521/531/515 1624/1676/1578
f 1225/1241/1187 2223/2395/2168 1226/1240/1186
f 1140/1150/1102 128/133/128 2428/2708/2389
f 128/133/128 471/489/473 2428/2708/2389
f 2309/2927/2491 1558/1602/1509 899/903/874
f 2154/2291/2096 2374/2611/2329 743/745/720
f 565/624/554 1041/2710/1012 618/626/605
f 618/626/605 1041/2710/1012 621/627/606
f 1856/1934/1798 310/2914/2485 419/443/427
f 2310/2525/2259 419/443/427 310/2914/2485
f 2134/2270/2082 879/885/856 1931/2012/1869
f 1931/2012/1869 2491/2863/2463 2134/2270/2082
f 1880/1958/1820 2328/2551/2277 54/57/54
f 54/57/54 408/432/416 1880/1958/1820
f 2387/202/191 287/309/295 2168/2629/2345
f 649/204/193 2387/202/191 2168/2629/2345
f 647/654/631 649/204/193 2168/2629/2345
f 2203/2367/2146 1924/2366/2145 2364/2597/2318
f 2364/2597/2318 1924/2366/2145 1624/1992/1578
f 1807/1638/1542 284/308/294 286/306/292
f 35/41/38 37/39/36 1916/1990/1849
f 899/903/874 1194/1209/1158 2309/2927/2491
f 2155/2929/2493 2156/2928/2492 2157/2293/2098
f 539/2610/2328 540/761/736 2155/2929/2493
f 508/521/505 510/524/508 2124/2261/2073
f 2382/2622/2338 2269/2930/2214 2300/2803/2249
f 2269/2455/2214 685/2456/668 2300/2931/2249
f 1588/1633/1537 761/764/739 1032/1036/1001
f 761/764/739 1588/1633/1537 1756/1822/1708
f 607/35/33 2241/2419/2187 608/613/593
f 608/613/593 2241/2419/2187 1714/1772/1667
f 73/78/75 472/1610/1517 1564/1607/1514
f 1631/1686/1588 1616/1673/1575 1652/1704/1606
f 1652/1704/1606 1632/1685/1587 1631/1686/1588
f 1452/1497/1414 2211/2378/2153 2470/2796/2436
f 2211/2378/2153 808/809/784 2470/2796/2436
f 2157/2293/2098 539/2610/2328 2155/2929/2493
f 1333/1367/1293 1332/1368/1294 1796/1865/1743
f 2148/2286/2092 2147/2932/2494 107/112/109
f 1384/1420/1344 1383/1421/1345 668/674/651
f 1074/1081/1042 1384/1420/1344 668/674/651
f 197/1808/220 199/2933/218 1743/1807/1698
f 199/1359/218 185/220/206 1743/2568/1698
f 1464/1511/1426 356/382/366 1324/1363/1289
f 111/113/110 107/112/109 1075/1083/1044
f 1805/2934/1753 929/934/902 926/1257/522
f 927/936/904 929/934/902 1805/2934/1753
f 1979/2070/1918 1672/1724/1626 464/2072/465
f 1979/2070/1918 950/953/921 1672/1724/1626
f 1348/2339/2128 842/2239/2054 2191/2341/2130
f 2191/2341/2130 842/2239/2054 2110/2240/2055
f 2292/2503/2243 2263/2445/2205 2293/2504/2244
f 2490/2862/2462 2491/2863/2463 2391/2635/2349
f 2490/2862/2462 2134/2270/2082 2491/2863/2463
f 2203/2367/2146 808/809/784 1049/2001/1858
f 1639/1693/1595 2157/2293/2098 2156/2928/2492
f 1639/1693/1595 2156/2928/2492 2160/2365/2144
f 1102/767/742 1647/1702/1604 2214/2380/2155
f 1102/767/742 2214/2380/2155 1999/2094/1941
f 65/70/67 844/850/821 66/69/66
f 1730/1791/1684 991/997/962 1171/1180/1132
f 2317/2681/2377 2418/2679/2375 2411/2768/2420
f 1661/1714/1616 2126/2259/2071 1662/2659/2365
f 2465/1390/1314 1012/1138/981 2273/2465/2218
f 2465/1390/1314 1828/2563/2288 1816/449/433
f 2288/2495/2238 1626/2492/2235 2314/2532/2264
f 2286/2494/2237 1626/2492/2235 2288/2495/2238
f 1730/1791/1684 992/996/961 991/997/962
f 269/302/288 731/731/706 729/732/707
f 276/1761/1657 269/302/288 729/732/707
f 31/34/32 734/733/708 1702/1759/1655
f 1689/1745/1642 1702/1759/1655 734/733/708
f 355/383/367 357/381/365 1072/2003/1860
f 357/381/365 1380/1419/1343 1072/2003/1860
f 1250/1273/1215 224/259/245 226/257/243
f 1024/1032/997 1026/1030/995 224/259/245
f 867/873/844 869/871/842 1115/1127/1084
f 1453/1496/1413 44/50/47 984/1494/1411
f 44/50/47 46/48/45 984/1494/1411
f 1151/2491/2234 2500/2891/2475 1130/2131/1970
f 689/697/673 691/695/671 2187/2388/2161
f 2187/2388/2161 691/695/671 1653/1706/1608
f 906/2197/880 1095/1110/1067 2071/2198/2019
f 1896/1971/1832 614/619/599 738/2730/716
f 613/620/600 738/2730/716 614/619/599
f 454/1663/1565 2322/2540/2270 2323/2542/2272
f 2323/2542/2272 2322/2540/2270 1610/1664/1566
f 2438/2739/2400 1648/1701/1603 1103/1113/1070
f 2438/2739/2400 749/751/726 1648/1701/1603
f 294/317/303 987/318/304 1317/1348/1279
f 236/264/250 246/277/263 2159/2299/2100
f 246/277/263 236/264/250 235/265/251
f 1701/1757/1653 1647/1702/1604 748/752/727
f 1701/1757/1653 358/386/370 1647/1702/1604
f 1093/1106/1063 2381/2620/2336 2380/2621/2337
f 1093/1106/1063 1440/1482/1399 2381/2620/2336
f 450/472/456 1861/2381/2156 1591/2454/2213
f 450/472/456 1862/2383/2158 1861/2381/2156
f 1817/2564/1761 1828/2563/2288 2465/1390/1314
f 1194/1209/1158 1193/1210/1159 2309/2927/2491
f 785/788/763 237/269/255 1203/267/253
f 785/788/763 547/783/758 237/269/255
f 2416/2667/2371 1965/2060/1909 1179/1191/1143
f 1873/1950/1813 2416/2667/2371 1179/1191/1143
f 2230/2404/2175 2386/2628/2344 1907/180/171
f 2504/2905/2478 2230/2404/2175 1907/180/171
f 1649/1499/1416 1650/1703/1605 1830/1903/1772
f 1649/1499/1416 1830/1903/1772 1831/1905/1773
f 2412/2680/2376 311/2913/2484 1442/1483/1400
f 2412/2680/2376 1442/1483/1400 2418/2679/2375
f 259/442/426 1856/1934/1798 418/444/428
f 870/876/847 1649/1499/1416 2038/2156/1985
f 342/370/355 612/617/597 823/2351/2134
f 1046/1057/1018 295/316/302 1112/1122/1079
f 1762/155/149 2298/2510/2247 2294/2508/2245
f 2298/2510/2247 1762/155/149 990/156/150
f 2034/2148/1981 1612/1667/1569 1703/1758/1654
f 451/1247/1193 2217/2387/2160 453/1661/1563
f 2217/2387/2160 451/1247/1193 1068/1076/1037
f 2094/2222/2038 2093/2138/1976 2027/2137/1975
f 452/2263/2075 501/517/501 451/1247/1193
f 1220/1236/1182 1775/1843/1727 721/719/694
f 1774/1841/1725 721/719/694 1775/1843/1727
f 732/735/710 1309/1339/1272 1437/1479/1396
f 896/901/872 898/899/870 681/684/661
f 1947/2031/1887 2337/2562/2287 167/2030/1886
f 311/2913/2484 2027/2137/1975 1442/1483/1400
f 941/2936/914 2040/2935/1986 1969/2161/1989
f 1785/1859/1738 1784/1856/1735 633/642/621
f 1305/1333/1267 884/2130/1969 366/394/378
f 1109/1121/1078 1287/1309/1248 1110/1120/1077
f 1012/1016/981 1110/1120/1077 1287/1309/1248
f 2206/2373/2148 16/14/13 630/639/618
f 631/638/617 630/639/618 16/14/13
f 76/81/78 2498/2890/2474 2476/2815/2443
f 1224/1242/1188 1641/1694/1596 1225/1241/1187
f 550/184/175 1641/1694/1596 1224/1242/1188
f 2044/2163/1991 652/658/635 653/657/634
f 2044/2163/1991 663/668/645 652/658/635
f 1511/1554/1464 588/594/576 344/1186/1138
f 588/594/576 2338/2567/2291 344/1186/1138
f 1518/418/402 1517/1561/1471 2117/2248/2063
f 2116/2247/2062 2117/2248/2063 1517/1561/1471
f 1669/1719/1621 1684/1596/1503 568/574/556
f 1964/2702/2387 1240/1260/1205 1582/2057/1906
f 2117/2248/2063 2146/2451/2210 1845/1922/1787
f 2035/2151/1983 2414/2746/2406 212/245/231
f 211/246/232 2035/2151/1983 212/245/231
f 1561/1604/1511 2234/337/323 2498/2890/2474
f 2498/2890/2474 2234/337/323 2476/2815/2443
f 1620/1675/1577 1619/2096/1943 1621/1674/1576
f 1619/2096/1943 2022/2132/1971 1621/1674/1576
f 1823/1894/1766 233/262/248 782/787/762
f 782/787/762 547/783/758 1823/1894/1766
f 762/766/741 956/963/930 1240/1260/1205
f 2501/2185/2009 2458/2780/2426 956/963/930
f 2105/2233/2049 1237/1255/1201 1144/1155/1107
f 1237/1255/1201 2105/2233/2049 715/715/690
f 2458/2780/2426 2501/2185/2009 1583/2779/2425
f 2501/2185/2009 1582/2057/1906 1583/2779/2425
f 783/786/761 776/780/755 2423/2685/2381
f 783/786/761 2423/2685/2381 777/782/757
f 2063/2184/2008 293/314/300 1586/1630/1534
f 2290/2499/2241 732/735/710 1269/1292/1232
f 1309/1339/1272 732/735/710 2290/2499/2241
f 1554/2344/1507 1811/2342/1756 950/2937/921
f 1811/1879/1756 952/956/924 950/2511/921
f 1174/1182/1134 492/511/495 2429/2712/2390
f 2429/2712/2390 492/511/495 201/236/222
f 2072/2200/2021 1892/2484/2230 1891/1966/1828
f 2169/2313/2110 1726/1788/1681 1590/1635/1539
f 483/500/484 2236/2416/2184 2238/2417/2185
f 966/973/940 2236/2416/2184 483/500/484
f 902/904/875 1255/1278/1220 1557/906/877
f 210/247/233 1557/906/877 1255/1278/1220
f 1733/1796/1687 141/1795/135 1457/2938/1418
f 2464/2940/2431 1457/2939/1418 141/141/135
f 233/262/248 546/555/539 1510/1552/1462
f 2303/2516/2252 686/691/667 685/692/668
f 685/2456/668 1832/1907/1775 2303/2867/2252
f 329/361/346 1984/2077/1924 2340/2569/2292
f 887/890/861 1283/1306/1245 1751/1818/1704
f 1014/1019/984 1013/1020/985 1116/2941/2495
f 1014/1019/984 1116/2941/2495 1016/1021/986
f 1560/1605/1512 1562/1603/1510 1622/1678/1580
f 1318/1351/1282 1493/1654/1556 1319/1350/1281
f 2384/2626/2342 1792/2843/2455 2385/2625/2341
f 1792/2843/2455 2384/2626/2342 1793/2090/1937
f 1173/1183/1135 492/511/495 1174/1182/1134
f 1913/1987/1846 828/832/806 1217/1234/1180
f 1913/1987/1846 1217/1234/1180 1911/1989/1848
f 390/415/399 931/937/905 391/414/398
f 946/951/919 937/942/910 2478/1698/1600
f 2112/2241/2056 2448/2754/2411 2043/2162/1990
f 1211/1224/1171 1474/1519/1432 1209/1226/1173
f 2135/2839/2081 1890/2413/2182 978/985/952
f 2133/2271/2083 2135/2269/2081 978/2942/952
f 2127/2262/2074 532/547/531 534/544/528
f 2127/2262/2074 534/544/528 2097/2226/2042
f 250/279/265 1536/1583/1490 625/633/612
f 625/633/612 1536/1583/1490 2178/2325/2119
f 191/225/211 166/175/167 185/220/206
f 1352/1388/1312 1231/1251/1197 1185/1199/1151
f 1352/1388/1312 1185/1199/1151 1840/1919/1784
f 2273/2943/2218 1353/2789/1313 1817/1887/1761
f 1287/1309/1248 1353/1389/1313 2273/2944/2218
f 865/1126/1083 866/334/320 857/862/833
f 865/1126/1083 857/862/833 867/873/844
f 26/26/25 1078/2946/1045 79/2945/87
f 26/26/25 1076/2881/1047 1078/2946/1045
f 1328/1364/1290 305/326/312 1329/1365/1291
f 1328/1364/1290 668/674/651 305/326/312
f 541/554/538 543/552/536 511/2020/1876
f 2133/2271/2083 978/2942/952 976/983/950
f 1618/2410/2179 1619/2096/1943 1620/1675/1577
f 1618/2410/2179 1620/1675/1577 2282/2482/2229
f 339/1565/1473 298/319/305 1235/1252/1198
f 940/947/915 2040/2157/1986 941/946/914
f 679/686/663 1754/1821/1707 2405/2655/2362
f 889/895/866 2318/2538/2268 893/896/867
f 1421/1463/1381 2318/2538/2268 644/648/627
f 2476/2815/2443 1802/1871/1749 77/80/77
f 76/81/78 2476/2815/2443 77/80/77
f 1264/1289/1229 1804/1873/1751 1806/2947/2496
f 701/706/681 703/704/679 809/812/787
f 1446/1489/1406 1718/1776/1671 1671/1722/1624
f 640/2948/2497 1330/2572/2295 900/902/873
f 724/726/701 2227/2398/2171 1780/1849/1731
f 1780/1849/1731 2227/2398/2171 1779/1848/1730
f 2136/2272/2084 331/365/350 1374/1141/1093
f 211/246/232 210/247/233 1779/1848/1730
f 1779/1848/1730 2227/2398/2171 211/246/232
f 2163/1688/1590 1027/1034/999 271/295/281
f 270/296/282 2163/1688/1590 271/295/281
f 657/663/640 2475/2808/2442 658/662/639
f 1693/1748/1644 1867/1942/1806 1866/1943/1807
f 2460/2781/2427 778/781/756 1023/1029/994
f 2460/2781/2427 237/269/255 778/781/756
f 333/1140/348 427/456/440 1889/2412/2181
f 1396/2886/1355 2420/2683/2379 330/360/345
f 1396/2886/1355 1469/1517/1430 2420/2683/2379
f 2097/2226/2042 534/544/528 530/545/529
f 2459/2782/2428 1023/1029/994 2131/2267/2079
f 1837/2032/1780 1289/1313/1252 1224/1242/1188
f 101/186/99 1289/1313/1252 1837/2032/1780
f 1444/2488/1404 2270/2457/2215 1575/1622/1526
f 2270/2457/2215 2289/2498/2240 1575/1622/1526
f 2047/2170/1994 1411/1449/1371 12/12/11
f 2257/2440/2204 1692/1747/1643 1866/1943/1807
f 1866/1943/1807 1692/1747/1643 1693/1748/1644
f 142/1784/1677 1725/1785/1678 193/228/214
f 1356/1393/1317 2176/2323/2117 292/313/299
f 2143/2285/2091 292/313/299 2176/2323/2117
f 2360/2949/2498 1111/1123/1080 1113/1125/1082
f 1113/1125/1082 1967/2058/1907 2360/2949/2498
f 364/391/375 755/756/731 365/390/374
f 364/391/375 1136/1147/1099 755/756/731
f 2507/2909/2481 1942/2025/1881 2011/2114/1956
f 2507/2909/2481 2407/2658/2364 1941/2024/1880
f 1769/2778/2424 1256/1277/1219 1791/1863/1742
f 1677/1731/1631 93/115/94 84/2358/86
f 93/97/94 85/88/85 84/89/86
f 1136/1147/1099 364/391/375 1942/2025/1881
f 2507/2909/2481 1136/1147/1099 1942/2025/1881
f 2081/2209/2028 378/407/391 2082/2208/2027
f 981/986/953 378/407/391 2081/2209/2028
f 193/228/214 1727/1787/1680 142/1784/1677
f 2170/2314/2111 142/1784/1677 1727/1787/1680
f 2246/2426/2192 967/976/943 1759/2275/2085
f 1759/2275/2085 967/976/943 969/974/941
f 1025/1031/996 2131/2267/2079 1026/1030/995
f 1025/1031/996 2459/2782/2428 2131/2267/2079
f 1973/2064/1913 2245/2423/2191 807/810/785
f 1185/1199/1151 1231/1251/1197 1351/1246/1192
f 2171/2317/2114 2051/2856/2460 2174/2319/2115
f 2174/2319/2115 2068/2320/2016 2171/2317/2114
f 2082/2208/2027 378/407/391 177/2950/2499
f 2082/2208/2027 2291/2500/2242 2102/2231/2047
f 1896/2609/1832 1783/1852/1734 205/2951/224
f 657/1853/640 205/2951/224 1783/1852/1734
f 1504/1549/1459 1339/1376/1301 1505/1548/1458
f 1339/1376/1301 862/870/841 1505/1548/1458
f 1814/1883/1760 2428/2708/2389 2430/1413/1337
f 862/870/841 861/866/837 1505/1548/1458
f 519/533/517 1266/1290/1230 1883/1960/1822
f 378/407/391 380/405/389 177/2950/2499
f 2291/2500/2242 2082/2208/2027 177/2950/2499
f 1972/2063/1912 2190/2338/2127 1336/1373/1298
f 565/572/554 564/573/555 1127/2106/1953
f 332/2107/349 565/572/554 1127/2106/1953
f 2291/2500/2242 380/405/389 2290/2499/2241
f 177/2950/2499 380/405/389 2291/2500/2242
f 1477/2599/2320 744/746/721 2443/2745/2405
f 1478/1523/1436 1477/2599/2320 2443/2745/2405
f 429/454/438 428/455/439 1128/2322/1952
f 332/1139/349 1128/2322/1952 428/455/439
f 1854/1932/1796 420/447/431 1477/2599/2320
f 953/959/926 2499/2952/2500 2295/961/928
f 1164/1173/1125 2499/2952/2500 953/959/926
f 157/167/161 2074/2882/2470 1772/1838/1722
f 1928/2006/1863 5/7/6 7/5/4
f 1928/2006/1863 1877/1954/1816 5/7/6
f 985/1495/1412 983/993/958 2433/2721/2393
f 985/1495/1412 2433/2721/2393 33/36/34
f 420/447/431 421/445/429 744/746/721
f 1279/1301/1240 1539/1584/1491 2136/2272/2084
f 963/972/939 965/970/937 2486/2837/2452
f 2271/2462/2217 2009/2443/1955 528/2444/525
f 2271/2461/2217 1494/2441/1450 2009/2113/1955
f 2402/2953/170 1310/1341/1274 1691/1746/144
f 2402/2954/170 1840/1919/1784 1187/1197/1149
f 896/901/872 681/684/661 1922/2000/1857
f 681/684/661 1923/1999/1856 1922/2000/1857
f 148/54/51 71/75/72 70/76/73
f 966/973/940 963/972/939 2237/2646/2356
f 2441/2742/2403 2243/2421/2189 2231/2406/2177
f 2441/2742/2403 1053/1060/1021 2243/2421/2189
f 1187/1197/1149 504/520/504 1310/1341/1274
f 628/635/614 1424/1467/1385 241/270/256
f 1424/1467/1385 628/635/614 888/892/863
f 1345/1381/1306 1390/1427/1351 1389/1428/1352
f 1389/1428/1352 2251/2431/2197 1345/1381/1306
f 2237/2646/2356 963/972/939 2486/2837/2452
f 2486/2837/2452 1938/2021/1877 2237/2646/2356
f 191/225/211 190/226/212 166/175/167
f 823/2351/2134 340/372/357 342/370/355
f 822/2880/2469 340/372/357 823/2351/2134
f 253/282/268 926/933/522 2480/2823/2446
f 1304/1334/1268 871/875/846 455/476/460
f 1960/2053/1902 688/693/669 799/799/774
f 713/1729/1630 1414/1458/1376 711/1566/830
f 1519/1564/1472 19/2924/2489 429/454/438
f 1090/1104/1061 1031/1037/1002 1091/1103/1060
f 2108/2236/2052 2107/2237/2053 823/2351/2134
f 823/2351/2134 612/617/597 2108/2236/2052
f 172/2955/2501 19/2924/2489 1519/1564/1472
f 172/2955/2501 1519/1564/1472 897/900/871
f 1033/1041/1006 2162/2303/2104 1090/1104/1061
f 2433/2721/2393 983/993/958 562/991/957
f 2008/2104/1951 2252/2433/2199 958/965/932
f 1176/775/750 2008/2104/1951 958/965/932
f 1768/1834/1718 1822/1893/1765 496/964/931
f 1139/1151/1103 174/188/178 2502/2892/2476
f 170/189/179 2502/2892/2476 174/188/178
f 1794/19/18 438/887/858 439/2429/2195
f 2249/18/17 961/969/936 1651/17/16
f 2229/2403/2174 2504/2905/2478 2294/2508/2245
f 2229/2403/2174 1015/1022/987 2504/2905/2478
f 135/136/131 1490/1536/1446 1489/1537/1447
f 1100/1112/1069 1101/1111/1068 1098/1640/1544
f 1101/1111/1068 2190/2338/2127 1098/1640/1544
f 1555/2399/1508 949/954/922 2228/2400/2172
f 2503/2956/2502 2228/2400/2172 523/2308/519
f 2228/2400/2172 2503/2956/2502 1555/2399/1508
f 1748/1811/1701 1404/1439/1363 961/969/936
f 961/969/936 1404/1439/1363 1611/1666/1568
f 709/712/687 1034/1040/1005 2317/2681/2377
f 944/948/916 1035/1039/1004 2474/2806/2440
f 2474/2806/2440 1034/1040/1005 709/712/687
f 916/924/893 918/922/891 109/110/107
f 1294/1316/1255 1293/1317/1256 1897/1973/1833
f 1294/1316/1255 1897/1973/1833 50/56/53
f 648/203/192 647/654/631 1615/1668/1570
f 2283/2486/2232 2485/2957/2503 1435/1840/1724
f 2285/2487/2233 2283/2486/2232 1435/1840/1724
f 956/963/930 762/766/741 748/752/727
f 1480/1524/1437 1740/1800/1691 2164/2304/2105
f 2164/2304/2105 717/718/693 1480/1524/1437
f 1609/1665/1567 735/738/713 737/736/711
f 916/924/893 109/110/107 2181/1415/1339
f 2285/2487/2233 1435/1840/1724 1773/1839/1723
f 2285/2487/2233 1773/1839/1723 217/252/238
f 1187/1197/1149 1310/1341/1274 2402/2953/170
f 1833/1906/1774 1434/1475/1393 1433/1476/1394
f 919/925/894 1833/1906/1774 1433/1476/1394
f 1187/1197/1149 1186/1198/1150 503/515/499
f 624/631/610 181/215/201 1405/1443/1367
f 1556/345/331 2503/2958/2502 523/535/519
f 181/215/201 168/1442/1366 1405/1443/1367
f 1576/1624/1528 1246/1267/1211 693/1268/176
f 1507/1690/1592 2036/2150/1982 2227/2398/2171
f 1655/1708/1610 1087/1101/1058 1782/1851/1733
f 1088/1099/1057 1782/1851/1733 1087/1101/1058
f 2277/2469/2222 1546/1591/1498 2449/2755/2412
f 1546/1591/1498 2277/2469/2222 1370/1590/1497
f 2077/2204/2023 2078/2205/2024 1683/1739/1637
f 1551/1598/1505 2489/2849/2457 1670/1723/1625
f 2489/2849/2457 1551/1598/1505 1550/1595/1502
f 1551/1598/1505 1717/1777/1672 1552/1597/1504
f 1552/1597/1504 1717/1777/1672 480/497/481
f 535/549/533 246/277/263 1369/1406/1330
f 566/1284/553 619/2959/604 1795/1866/1744
f 2479/2818/2445 2484/2834/2451 2486/2837/2452
f 1728/1789/1682 1970/863/834 1971/2062/1911
f 1451/333/319 1728/1789/1682 1971/2062/1911
f 460/479/463 728/727/702 461/478/462
f 728/727/702 1209/1226/1173 1472/2251/2066
f 815/2654/790 1981/2960/1920 724/726/701
f 1981/2960/1920 1978/2865/1919 724/726/701
f 519/533/517 1883/1960/1822 520/532/516
f 2031/2145/1979 86/2961/629 2032/2144/898
f 80/84/81 86/652/629 2031/2656/1979
f 137/152/146 133/134/129 122/125/120
f 137/152/146 165/176/168 123/127/122
f 2087/2774/2032 351/2776/361 2088/2962/1250
f 1921/1997/1854 1907/180/171 2386/2628/2344
f 821/2845/2456 2121/2257/2069 347/2844/360
f 80/84/81 78/85/82 85/88/85
f 78/85/82 79/90/87 85/88/85
f 2400/2650/2360 1401/1437/1361 1650/1703/1605
f 2400/2650/2360 1651/17/16 1401/1437/1361
f 1666/1718/1620 243/274/260 1664/1715/1617
f 243/274/260 1666/1718/1620 591/597/579
f 2113/2245/2060 2097/2226/2042 2098/2225/2041
f 397/2632/409 2113/2245/2060 2098/2225/2041
f 2129/2265/2077 2103/2230/2046 2145/2917/2487
f 2146/2451/2210 2129/2265/2077 2145/2917/2487
f 781/784/759 2390/2633/2348 2098/2225/2041
f 324/1558/1468 1514/1555/1465 1513/1556/1466
f 2075/2203/2022 1514/1555/1465 324/1558/1468
f 1296/1324/1261 16/14/13 1297/1323/1260
f 1705/1762/1658 499/514/498 1533/1579/1486
f 2218/2389/2162 499/514/498 1705/1762/1658
f 65/70/67 2472/2799/2438 75/82/79
f 64/71/68 2472/2799/2438 65/70/67
f 1003/2149/973 1437/1479/1396 1436/2716/1395
f 1436/2716/1395 1437/1479/1396 379/406/390
f 1434/1475/1393 920/927/896 684/687/664
f 920/927/896 682/689/666 684/687/664
f 19/2924/2489 172/2955/2501 427/456/440
f 172/2955/2501 897/900/871 427/456/440
f 355/383/367 1659/1712/1614 1581/1629/1533
f 1439/1481/1398 391/414/398 2444/2910/2482
f 1439/1481/1398 2444/2910/2482 275/297/283
f 2279/2472/2225 2437/2963/2399 974/2634/947
f 1502/1547/1457 1079/1089/1049 397/2632/409
f 398/1087/408 397/2632/409 1079/1089/1049
f 581/589/571 2346/2575/2298 2344/2574/2297
f 58/1972/62 1723/1783/1676 1871/1946/1810
f 1870/1947/1811 58/1972/62 1871/1946/1810
f 1516/1614/1520 1570/1615/1521 2140/2281/2088
f 998/1005/970 1516/2279/1520 2140/2282/2088
f 1659/1712/1614 1047/1059/1020 1581/1629/1533
f 278/301/287 1819/1888/1762 277/300/286
f 473/492/476 475/490/474 1097/1108/1065
f 1929/2010/1867 1930/2008/1865 848/852/823
f 847/853/824 1929/2010/1867 848/852/823
f 1305/1333/1267 1304/1334/1268 455/476/460
f 1711/2009/1866 1929/2010/1867 847/853/824
f 1312/1345/1276 971/1344/945 434/2879/445
f 463/482/466 850/856/827 2335/2560/2285
f 2335/2560/2285 850/856/827 852/854/825
f 1780/1849/1731 1779/1848/1730 725/725/700
f 2338/2567/2291 612/617/597 1529/1577/1484
f 2005/2101/1948 1531/1575/1482 767/768/743
f 1530/1576/1483 767/768/743 1531/1575/1482
f 187/222/208 1727/1787/1680 193/228/214
f 353/338/324 518/529/513 176/2964/2504
f 1138/1148/1100 176/2964/2504 518/529/513
f 353/338/324 176/2964/2504 2012/2115/1957
f 2461/2783/2429 2397/2647/2357 966/973/940
f 2397/2647/2357 963/972/939 966/973/940
f 1669/1719/1621 1668/1720/1622 1684/1596/1503
f 1684/1596/1503 1668/1720/1622 2489/2849/2457
f 28/30/28 34/37/35 29/32/30
f 154/164/158 1316/1826/1712 2101/2228/2044
f 583/587/569 2101/2228/2044 1316/1826/1712
f 515/526/510 2299/2512/2248 513/528/512
f 513/528/512 1851/1930/1794 1842/1921/1786
f 1842/1921/1786 1270/1294/1234 609/616/596
f 609/616/596 513/528/512 1842/1921/1786
f 2295/961/928 1163/1174/1126 1721/1778/1673
f 1665/1717/1619 1163/1174/1126 2295/961/928
f 2258/2761/2414 1925/2002/1859 374/2855/386
f 1506/1725/1627 1507/1690/1592 1637/1691/1593
f 1998/2092/1939 2182/2330/2121 1595/1646/1548
f 1247/1269/1212 1976/2108/1915 1977/2069/1917
f 1450/1493/1410 444/468/452 839/845/816
f 184/217/203 409/2363/2142 183/219/205
f 2216/2384/2159 409/2363/2142 2122/2256/2068
f 2301/2514/2250 1862/2383/2158 507/522/506
f 1522/1569/1476 2342/2570/2293 1757/1824/1710
f 569/577/559 1175/1185/1137 1776/1842/1726
f 1775/1843/1727 569/577/559 1776/1842/1726
f 847/853/824 2496/2883/2471 1182/1193/1145
f 852/854/825 1182/1193/1145 2496/2883/2471
f 1418/1459/1377 930/938/906 390/415/399
f 2012/2115/1957 2407/2658/2364 354/379/363
f 948/955/923 1980/2074/1921 814/817/791
f 957/1259/1204 746/748/723 745/749/724
f 1190/1207/1154 1192/1205/1155 922/2691/897
f 904/2328/878 1469/1517/1430 1471/2916/1431
f 818/823/797 1675/2046/1895 2067/2190/2014
f 818/823/797 2067/2190/2014 779/822/796
f 2301/2514/2250 507/522/506 506/523/507
f 184/217/203 2122/2256/2068 409/2363/2142
f 1416/2854/2459 390/415/399 2321/2539/2269
f 403/431/415 454/1663/1565 2006/2102/1949
f 1498/1544/1454 467/484/468 2417/2676/2373
f 467/484/468 1131/1594/1501 2417/2676/2373
f 829/837/809 831/835/807 2307/2522/2256
f 707/710/685 1376/1412/1336 1032/1036/1001
f 639/1377/1302 640/2948/2497 2414/2746/2406
f 2035/2151/1983 639/1377/1302 2414/2746/2406
f 2015/2120/1962 825/829/803 2180/2326/2120
f 2180/2326/2120 2016/2121/1963 2015/2120/1962
f 768/773/748 770/771/746 2321/2539/2269
f 770/771/746 1018/1023/988 2321/2539/2269
f 1963/2056/1905 1968/2061/1910 1295/1320/1258
f 1969/2161/1989 1968/2061/1910 1963/2056/1905
f 1267/1291/1231 2313/2531/2263 517/530/514
f 1969/2965/1989 1963/2900/1905 1784/1856/1735
f 1784/1856/1735 941/2552/914 1969/2965/1989
f 162/172/165 1166/1176/1128 145/144/138
f 2460/2781/2427 1025/1031/996 1824/1896/1767
f 2460/2781/2427 2459/2782/2428 1025/1031/996
f 1644/1697/1599 1235/1252/1198 2462/2784/2430
f 2462/2784/2430 1235/1252/1198 2373/2612/2330
f 1708/1768/1663 860/867/838 848/852/823
f 849/851/822 848/852/823 860/867/838
f 619/625/604 618/626/605 620/628/607
f 620/628/607 1334/1829/1296 1795/2966/1744
f 720/720/695 2262/2555/2280 1220/1236/1182
f 221/253/239 537/193/183 222/255/241
f 2033/2147/1980 2363/2596/2317 827/831/805
f 2033/2147/1980 1848/1927/1791 2363/2596/2317
f 2363/2596/2317 1848/1927/1791 383/410/394
f 238/268/254 1824/1896/1767 1250/1273/1215
f 1099/1374/1299 1098/1640/1544 1972/2063/1912
f 1322/2480/1286 200/237/223 1323/2872/1287
f 1322/1360/1286 1323/2967/1287 192/1357/213
f 1173/1183/1135 773/776/751 615/621/601
f 493/510/494 1173/1183/1135 615/621/601
f 1267/1291/1231 1137/1149/1101 518/529/513
f 2313/2531/2263 1267/1291/1231 518/529/513
f 1732/1792/1685 1731/1793/1686 2216/2384/2159
f 1476/1521/1434 2177/2127/1968 1356/1393/1317
f 2216/2384/2159 1731/1793/1686 409/2363/2142
f 949/954/922 948/955/923 814/817/791
f 1851/1930/1794 2299/2512/2248 1373/1408/1332
f 513/528/512 2299/2512/2248 1851/1930/1794
f 1165/1172/1124 1166/1176/1128 163/171/164
f 1165/1172/1124 1167/1175/1127 1166/1176/1128
f 564/573/555 567/2644/174 1127/2106/1953
f 1127/2968/1953 567/207/174 326/358/343
f 1127/2968/1953 326/358/343 1128/2322/1952
f 1250/1273/1215 1824/1896/1767 1024/1032/997
f 1250/1273/1215 1024/1032/997 224/259/245
f 1926/2004/1861 1284/1308/1247 1285/1307/1246
f 2056/2178/2002 1454/1498/1415 425/1951/436
f 1830/1903/1772 1454/1498/1415 2056/2178/2002
f 2402/2969/170 1690/148/142 1840/1919/1784
f 1474/1519/1432 999/1004/969 970/2346/2132
f 1569/1616/1522 1515/1560/1470 1570/1615/1521
f 275/297/283 1697/1752/1648 389/416/400
f 437/205/194 1312/1345/1276 434/2879/445
f 2249/18/17 1794/19/18 439/2429/2195
f 2051/2856/2460 2049/2171/1995 2048/2172/1996
f 2051/2856/2460 2048/2172/1996 2183/2331/2122
f 39/44/41 1973/2064/1913 40/43/40
f 32/33/31 40/43/40 858/865/836
f 1370/1590/1497 1547/1593/1500 1549/550/534
f 1370/1590/1497 1893/1967/1829 1547/1593/1500
f 40/43/40 1973/2064/1913 858/865/836
f 290/310/296 289/311/297 2175/2321/2116
f 2115/2246/2061 486/505/489 2097/2226/2042
f 2114/2244/2059 2115/2246/2061 2097/2226/2042
f 1186/1198/1150 451/1247/1193 501/517/501
f 1373/1408/1332 2299/2512/2248 1371/1407/1331
f 1426/1741/1386 1688/1742/1639 1685/1740/1638
f 788/149/143 1841/1918/1783 1690/148/142
f 788/149/143 1232/1250/1196 1841/1918/1783
f 1685/1740/1638 1687/1743/1640 2431/2717/2391
f 1806/2947/2496 1804/1873/1751 1803/1874/1752
f 1926/2004/1861 529/540/524 1284/1308/1247
f 96/101/98 110/114/111 97/100/97
f 1589/1634/1538 1590/1635/1539 1727/1787/1680
f 1589/1634/1538 1549/550/534 1590/1635/1539
f 108/111/108 143/146/140 1815/1882/1759
f 42/46/43 2433/2721/2393 43/45/42
f 714/716/691 716/714/689 1739/1801/1692
f 2004/2100/1947 2431/2717/2391 1687/1743/1640
f 2004/2100/1947 1199/1446/1161 2431/2717/2391
f 1623/1994/1579 2472/2970/2438 35/41/38
f 35/41/38 1915/1991/1850 1623/1994/1579
f 1815/1882/1759 143/146/140 1812/1881/1758
f 1564/1607/1514 1566/1609/1516 2372/2607/2326
f 2372/2607/2326 1566/1609/1516 1565/1606/1513
f 1244/2296/1210 100/651/100 124/126/121
f 1872/2142/1812 1076/1086/1047 635/2971/619
f 633/642/621 635/640/619 1076/2881/1047
f 1112/1122/1079 295/316/302 1640/1692/1594
f 1335/1830/1295 1764/1831/1715 1528/2677/2374
f 1421/1463/1381 893/896/867 2318/2538/2268
f 2348/2578/2301 1771/1837/1721 677/680/657
f 959/967/934 134/137/132 962/968/935
f 386/413/397 488/503/487 2330/2579/2302
f 1607/1659/1561 1021/1028/993 1939/1658/1560
f 1528/2677/2374 1007/1012/977 1335/1830/1295
f 894/197/186 893/896/867 1421/1463/1381
f 1327/2300/2101 2383/2624/2340 1314/1347/1278
f 2383/2624/2340 1327/2300/2101 1947/2031/1887
f 1752/1819/1705 284/308/294 1808/2874/2465
f 1807/1638/1542 1808/2874/2465 284/308/294
f 1624/1992/1578 1924/2366/2145 1050/2972/2198
f 1924/2366/2145 1049/2001/1858 1050/2972/2198
f 2368/2695/2385 2142/2283/2089 1734/1798/1689
f 2319/2559/2284 2481/2824/2447 2/3/3
f 2318/2538/2268 2319/2559/2284 2/3/3
f 2051/2856/2460 2469/2923/2488 7/5/4
f 2469/2923/2488 2051/2856/2460 2171/2317/2114
f 994/999/964 1858/1935/1799 1860/1937/1801
f 792/796/771 1860/1937/1801 1858/1935/1799
f 1279/1301/1240 2136/2272/2084 1277/1303/1242
f 2053/2202/2000 2055/2177/2001 1223/1237/1183
f 1622/1678/1580 2472/2799/2438 1623/1677/1579
f 2327/2549/2275 1868/1944/1808 1084/1098/1056
f 1868/1944/1808 1085/1097/1055 1084/1098/1056
f 1223/1237/1183 1839/2973/1782 2361/2594/2315
f 880/884/855 1577/1625/1529 2342/2570/2293
f 703/704/679 1885/1962/1824 1884/1963/1825
f 1244/1265/1210 101/102/99 100/103/100
f 1154/1165/1117 1184/1196/1148 265/293/279
f 1184/1196/1148 1154/1165/1117 1153/1162/1114
f 553/562/544 552/563/545 2367/2603/2322
f 1262/1285/1226 553/562/544 2367/2603/2322
f 1531/1575/1482 343/2086/1933 2339/2566/2290
f 344/1186/1138 2339/2566/2290 343/2086/1933
f 195/230/216 837/844/815 2046/2168/1992
f 2046/2168/1992 2158/2295/2099 195/230/216
f 343/2086/1933 1177/1187/1139 344/1186/1138
f 116/119/115 1177/1187/1139 121/2088/1935
f 935/944/912 1587/201/190 2369/2604/2323
f 1884/1963/1825 809/812/787 703/704/679
f 1223/1237/1183 1222/1238/1184 1839/2973/1782
f 1994/2087/1934 1531/1575/1482 121/2088/1935
f 1177/1187/1139 343/2086/1933 1994/2087/1934
f 1982/2076/1923 933/940/908 740/744/719
f 1982/2076/1923 740/744/719 824/830/804
f 41/47/44 43/45/42 2454/2766/2418
f 1582/2057/1906 1240/1260/1205 2458/2780/2426
f 2458/2780/2426 1240/1260/1205 956/963/930
f 511/2020/1876 1/2732/2397 541/554/538
f 739/739/714 2197/2974/2136 2090/2353/2035
f 2090/2218/2035 2197/2975/2136 2091/2217/2034
f 2250/2430/2196 1953/2048/1897 818/823/797
f 818/823/797 1953/2048/1897 1675/2046/1895
f 2507/2909/2481 1941/2024/1880 1136/1147/1099
f 1416/2854/2459 772/1024/989 1417/1460/1378
f 1417/1460/1378 772/1024/989 741/743/718
f 1475/1522/1435 956/963/930 750/750/725
f 2501/2185/2009 956/963/930 1475/1522/1435
f 1328/1364/1290 1329/1365/1291 690/696/672
f 2027/2137/1975 311/2913/2484 2094/2222/2038
f 2094/2222/2038 311/2913/2484 2317/2681/2377
f 2111/2242/2057 1802/1871/1749 2476/2815/2443
f 1420/1461/1379 1680/1737/1635 1/2732/2397
f 1/2732/2397 511/2020/1876 1420/1461/1379
f 1266/1290/1230 2288/2495/2238 2314/2532/2264
f 1266/1290/1230 2314/2532/2264 517/530/514
f 1034/1040/1005 2094/2222/2038 2317/2681/2377
f 1006/1009/974 772/1024/989 1017/1025/990
f 771/1353/1284 772/1024/989 1006/1009/974
f 1683/1739/1637 1804/1873/1751 2077/2204/2023
f 1023/1029/994 777/782/757 622/630/609
f 954/960/927 1023/1029/994 622/630/609
f 1173/1183/1135 493/510/494 492/511/495
f 667/670/647 664/667/644 665/672/649
f 1445/1490/1407 2399/2649/2359 1446/1489/1406
f 276/1761/1657 646/2119/1961 283/305/291
f 276/1761/1657 283/305/291 269/302/288
f 2204/2368/2147 2500/2891/2475 1498/1544/1454
f 2204/2368/2147 1894/1968/1830 1130/2131/1970
f 2500/2891/2475 2204/2368/2147 1130/2131/1970
f 2325/2548/2274 2277/2469/2222 2449/2755/2412
f 1366/1405/1329 1368/1403/1327 2079/2206/2025
f 1366/1405/1329 2079/2206/2025 474/491/475
f 43/45/42 2433/2721/2393 2454/2766/2418
f 1081/1092/1052 1427/1469/1387 573/579/561
f 2053/2176/2000 642/646/625 643/649/628
f 2053/2202/2000 643/2830/628 2055/2177/2001
f 754/2728/732 2018/2164/1966 2019/2976/1965
f 604/612/592 227/261/247 214/1804/1695
f 1582/2057/1906 2501/2185/2009 1585/1631/1535
f 1824/1896/1767 237/269/255 2460/2781/2427
f 439/2429/2195 438/887/858 482/501/485
f 1143/1152/1104 142/1784/1677 2170/2314/2111
f 1598/1648/1550 1816/449/433 1043/1055/1016
f 1043/1055/1016 1712/1769/1664 1598/1648/1550
f 1509/1553/1463 545/556/540 1510/1552/1462
f 2022/2132/1971 689/697/673 1621/1674/1576
f 166/175/167 2222/2393/2166 123/127/122
f 1246/2298/1211 2222/2393/2166 166/175/167
f 2045/2169/1993 1253/1276/1218 604/612/592
f 2045/2169/1993 604/612/592 214/1804/1695
f 1092/1107/1064 1441/1484/1401 589/593/575
f 1094/1105/1062 1441/1484/1401 1092/1107/1064
f 483/500/484 482/501/485 479/498/482
f 376/404/388 1921/1997/1854 1920/1998/1855
f 1907/180/171 1921/1997/1854 376/404/388
f 1976/2108/1915 1943/2109/1882 1977/2069/1917
f 1383/1421/1345 669/673/650 668/674/651
f 669/673/650 1383/1421/1345 305/326/312
f 2160/2365/2144 938/340/326 1448/341/327
f 1731/1793/1686 1456/1502/1419 409/2363/2142
f 1802/1871/1749 2111/2242/2057 2043/2162/1990
f 14/16/15 1038/1045/1007 15/15/14
f 576/584/566 1966/2059/1908 1873/1950/1813
f 1966/2059/1908 2416/2667/2371 1873/1950/1813
f 732/735/710 734/733/708 31/34/32
f 732/735/710 31/34/32 1269/1292/1232
f 1528/2677/2374 1764/1831/1715 2233/2407/2178
f 539/2610/2328 2157/2293/2098 1638/2750/2410
f 539/2610/2328 1638/2750/2410 1603/1653/1555
f 1459/1505/1422 1194/1209/1158 219/250/236
f 590/592/574 823/2351/2134 2107/2237/2053
f 2107/2237/2053 588/594/576 590/592/574
f 2292/2503/2243 1200/2501/1165 2263/2445/2205
f 682/689/666 1201/2502/1164 2293/2504/2244
f 921/926/895 1201/2502/1164 682/689/666
f 712/1730/831 98/2813/96 713/1729/1630
f 98/99/96 2148/2286/2092 713/2287/1630
f 2096/2224/2040 388/411/395 829/837/809
f 2029/1179/1131 443/469/453 2030/2140/1978
f 828/832/806 372/2895/384 1218/1233/1179
f 499/514/498 2218/2389/2162 500/190/180
f 1704/1763/1659 30/31/29 2218/2389/2162
f 962/968/935 134/137/132 136/135/130
f 988/995/960 1331/1366/1292 989/994/959
f 1459/1505/1422 1458/1506/1423 1194/1209/1158
f 1194/1209/1158 1458/1506/1423 1195/1208/1157
f 1635/2347/1591 1028/2348/998 1027/2977/999
f 1537/1582/1489 2261/2556/2281 627/636/615
f 1536/1583/1490 2261/2556/2281 1537/1582/1489
f 813/818/792 815/816/790 2343/2573/2296
f 1753/1820/1706 911/917/886 1723/1783/1676
f 2274/2466/2219 1012/1016/981 1410/1450/1372
f 1012/1016/981 1011/1017/982 1410/1450/1372
f 576/584/566 1999/2094/1941 1967/2058/1907
f 1967/2058/1907 1999/2094/1941 2360/2949/2498
f 1110/1120/1077 2274/2466/2219 2052/2174/1998
f 2274/2466/2219 1410/1450/1372 2052/2174/1998
f 258/1637/1541 1856/1934/1798 259/442/426
f 1856/1934/1798 258/1637/1541 373/398/382
f 2201/2980/2141 2165/2979/2106 973/2978/948
f 1456/2983/1419 2165/2982/2106 2201/2981/2141
f 1918/1996/1853 1496/820/794 1497/1542/1452
f 926/933/522 373/398/382 2480/2823/2446
f 763/765/740 309/2915/2486 1325/1362/1288
f 309/2915/2486 1464/1511/1426 1325/1362/1288
f 1874/1188/1140 1178/1189/1141 571/575/557
f 1169/1177/1129 336/369/354 308/329/315
f 336/369/354 1169/1177/1129 2415/2666/2370
f 1838/1915/1781 53/58/55 816/819/793
f 1838/1915/1781 789/793/768 53/58/55
f 1276/1299/1238 1275/1300/1239 1765/1832/1716
f 373/398/382 251/284/270 2480/2823/2446
f 2219/2390/2163 30/31/29 1704/1763/1659
f 275/297/283 274/298/284 1697/1752/1648
f 2415/2666/2370 2282/2482/2229 1620/1675/1577
f 1169/1177/1129 2282/2482/2229 2415/2666/2370
f 1018/1023/988 1416/2854/2459 2321/2539/2269
f 584/590/572 640/2948/2497 900/902/873
f 2414/2746/2406 640/2948/2497 584/590/572
f 49/992/48 563/1974/1834 562/991/957
f 339/1565/1473 2422/2684/2380 338/1090/1050
f 338/1090/1050 2422/2684/2380 1427/1469/1387
f 1039/1326/1011 1041/1051/1012 1299/1325/1262
f 1039/1326/1011 1299/1325/1262 2092/2220/2036
f 88/93/90 86/2984/629 87/92/89
f 754/757/732 2019/2853/1965 755/756/731
f 627/636/615 229/210/197 228/260/246
f 229/210/197 627/636/615 2424/209/196
f 16/14/13 1968/2061/1910 631/638/617
f 1968/2061/1910 16/14/13 1296/1324/1261
f 400/428/412 931/937/905 1716/1774/1669
f 1716/1774/1669 931/937/905 932/941/909
f 631/638/617 2041/2159/1988 2039/2160/1987
f 1968/2061/1910 2041/2159/1988 631/638/617
f 976/983/950 879/885/856 2133/2271/2083
f 329/361/346 474/491/475 1984/2077/1924
f 1344/1382/1307 1390/1427/1351 1345/1381/1306
f 1584/1632/1536 1964/2702/2387 1582/2057/1906
f 1390/1427/1351 1344/1382/1307 1391/1426/1350
f 1171/1180/1132 993/1000/965 1730/1791/1684
f 1711/2009/1866 2398/2648/2358 1930/2008/1865
f 1180/1192/1144 416/440/424 2398/2648/2358
f 1159/1166/1118 1938/2021/1877 2484/2834/2451
f 1060/1069/1030 1059/1070/1031 1057/1067/1028
f 1057/1100/1028 1263/1286/1227 1060/1287/1030
f 309/2915/2486 1326/2193/2017 1464/1511/1426
f 747/747/722 1326/2193/2017 309/2915/2486
f 583/587/569 1327/2300/2101 674/678/655
f 2049/2171/1995 2051/2856/2460 6/6/5
f 7/5/4 6/6/5 2051/2856/2460
f 947/950/918 1985/2623/2339 1422/1465/1383
f 965/970/937 1422/1465/1383 1985/2623/2339
f 2405/2655/2362 1941/2024/1880 2407/2658/2364
f 1785/1859/1738 941/2552/914 1784/1856/1735
f 1787/1857/1736 941/2552/914 1785/1859/1738
f 400/428/412 1716/1774/1669 387/412/396
f 401/427/411 400/428/412 387/412/396
f 418/444/428 1856/1934/1798 419/443/427
f 1912/2146/1847 1850/2869/1792 2033/2147/1980
f 1197/1214/1163 1934/2013/1870 1513/1556/1466
f 1934/2013/1870 1197/1214/1163 1199/1212/1161
f 1632/1685/1587 1613/1670/1572 2248/2427/2193
f 1633/1684/1586 1632/1685/1587 2248/2427/2193
f 377/403/387 376/404/388 2118/2249/2064
f 633/642/621 1786/1858/1737 1785/1859/1738
f 2238/2417/2185 2239/2415/2183 484/499/483
f 45/49/46 2203/2367/2146 2364/2597/2318
f 2203/2367/2146 45/49/46 1766/1833/1717
f 2249/18/17 959/967/934 961/969/936
f 1875/1952/1814 1400/1438/1362 2393/2639/2353
f 1875/1952/1814 2393/2639/2353 1712/1769/1664
f 497/513/497 1535/1581/1488 173/2985/2505
f 1867/1942/1806 2059/2481/2228 1322/2480/1286
f 1322/2480/1286 1118/1129/1086 1867/1942/1806
f 1463/2986/1425 923/2274/901 27/28/27
f 171/2989/2506 1463/2988/1425 1191/2987/1156
f 923/2992/901 171/2991/2506 1190/2990/1154
f 171/2989/2506 923/2993/901 1463/2988/1425
f 1453/1496/1413 984/1494/1411 34/37/35
f 1020/2152/991 1332/2675/1294 1004/1011/976
f 1993/2084/1931 1952/2039/1894 2312/2528/2261
f 384/409/393 383/410/394 1848/1927/1791
f 2281/2479/2227 200/237/223 2059/2481/2228
f 2408/2663/2367 2251/2431/2197 2258/2761/2414
f 497/513/497 173/2985/2505 841/846/817
f 841/846/817 498/512/496 497/513/497
f 203/240/226 2258/2761/2414 374/2855/386
f 2258/2761/2414 203/240/226 2408/2663/2367
f 2327/2549/2275 1084/1098/1056 312/2911/2483
f 2085/2212/2031 2327/2549/2275 312/2911/2483
f 841/846/817 1350/2188/2012 840/847/818
f 2232/2405/2176 2442/2743/2404 1054/1064/1025
f 1054/1064/1025 2212/2919/2432 2232/2405/2176
f 1062/1072/1033 2477/2816/2444 796/797/772
f 796/797/772 2406/2657/2363 1062/1072/1033
f 851/855/826 1181/1194/1146 1182/1193/1145
f 851/855/826 1180/1192/1144 1181/1194/1146
f 1288/2994/1251 2375/2613/2289 821/2845/2456
f 2246/2426/2192 1759/2275/2085 902/904/875
f 2232/2405/2176 2396/2642/2355 1053/1060/1021
f 2393/2639/2353 1905/1982/1842 2394/2638/2352
f 2394/2638/2352 1905/1982/1842 1598/1648/1550
f 1961/2054/1903 73/78/75 72/79/76
f 1511/1554/1464 589/593/575 588/594/576
f 1511/1554/1464 1092/1107/1064 589/593/575
f 1819/1888/1762 278/301/287 287/309/295
f 560/1753/1649 1112/1122/1079 1640/1692/1594
f 2386/2628/2344 1115/1127/1084 869/871/842
f 2386/2628/2344 869/871/842 1921/1997/1854
f 173/2985/2505 1535/1581/1488 1534/1578/1485
f 1534/1578/1485 1533/1579/1486 2066/2189/2013
f 1280/1304/1243 881/883/854 2342/2570/2293
f 1522/1569/1476 1280/1304/1243 2342/2570/2293
f 173/2985/2505 1534/1578/1485 2066/2189/2013
f 1999/2094/1941 2214/2380/2155 360/384/368
f 2360/2949/2498 360/384/368 1111/1123/1080
f 1535/1581/1488 1532/1580/1487 1534/1578/1485
f 1535/1581/1488 23/24/23 1532/1580/1487
f 1691/1746/144 1311/1340/1273 1260/2136/322
f 1662/2659/2365 2126/2259/2071 2125/2260/2072
f 1154/1165/1117 1542/1588/1495 256/1342/1275
f 710/711/686 2411/2768/2420 2378/2619/2335
f 2378/2619/2335 2411/2768/2420 2418/2679/2375
f 581/589/571 2356/2851/2458 2346/2575/2298
f 2345/2576/2299 2346/2575/2298 2356/2851/2458
f 658/662/639 203/240/226 205/238/224
f 2334/2807/2441 203/240/226 658/662/639
f 2061/2183/2007 1569/2995/1522 2345/2576/2299
f 2171/2317/2114 2173/2315/2112 2469/2923/2488
f 1288/2994/1251 821/2845/2456 411/2846/419
f 821/2845/2456 2375/2613/2289 2121/2257/2069
f 1081/1092/1052 573/579/561 385/408/392
f 360/384/368 2360/2949/2498 1999/2094/1941
f 1658/1710/1612 1580/1627/1531 1579/1628/1532
f 2160/2365/2144 2156/2928/2492 938/340/326
f 2156/2928/2492 2155/2929/2493 938/340/326
f 1063/1071/1032 2161/2301/2102 542/553/537
f 2161/2301/2102 1063/1071/1032 1038/1045/1007
f 2097/2226/2042 315/350/336 781/784/759
f 781/784/759 315/350/336 317/348/334
f 676/681/658 2348/2578/2301 677/680/657
f 1616/1673/1575 290/310/296 2175/2321/2116
f 2499/2952/2500 1665/1717/1619 2295/961/928
f 1665/1717/1619 2499/2952/2500 1164/1173/1125
f 2125/2260/2072 2495/2878/2468 1662/2659/2365
f 1662/2659/2365 2495/2878/2468 413/437/421
f 1863/1940/1804 1357/1395/1319 676/681/658
f 2155/2929/2493 540/761/736 938/340/326
f 135/136/131 2237/2646/2356 1490/1536/1446
f 2237/2646/2356 135/136/131 2236/2416/2184
f 1543/1587/1494 1487/1533/1443 448/2243/2058
f 1218/1233/1179 1217/1234/1180 828/832/806
f 268/290/276 2495/2878/2468 2125/2260/2072
f 2124/2261/2073 268/290/276 2125/2260/2072
f 1357/1395/1319 1359/1396/1320 676/681/658
f 1359/1396/1320 2348/2578/2301 676/681/658
f 1408/1617/1370 1569/2995/1522 2061/2183/2007
f 1408/1617/1370 2061/2183/2007 2060/1619/1523
f 1068/1076/1037 1440/1482/1399 119/123/118
f 2178/2325/2119 2179/2324/2118 627/636/615
f 1536/1583/1490 627/636/615 2179/2324/2118
f 350/378/362 2088/1311/1250 351/377/361
f 690/696/672 689/697/673 1073/1082/1043
f 366/394/378 438/887/858 1794/19/18
f 90/96/93 870/876/847 2038/2156/1985
f 690/696/672 2023/2133/1972 1328/1364/1290
f 1625/2493/2236 680/685/662 1267/1291/1231
f 2295/961/928 2296/2529/2262 954/960/927
f 2464/2940/2431 141/141/135 140/142/136
f 1507/1690/1592 2227/2398/2171 724/726/701
f 1544/1586/1493 448/2243/2058 1930/2008/1865
f 620/628/607 1795/2966/1744 619/625/604
f 1879/1955/1817 1099/1374/1299 1204/1218/1166
f 1879/1955/1817 1098/1640/1544 1099/1374/1299
f 2349/2581/2304 813/818/792 183/219/205
f 410/2587/2310 2349/2581/2304 183/219/205
f 1899/1977/1837 825/829/803 1900/1976/1836
f 1350/2188/2012 1292/1318/1257 1294/1316/1255
f 895/898/869 1754/1821/1707 679/686/663
f 2089/2215/2033 2444/2910/2482 391/414/398
f 391/414/398 1438/1480/1397 2089/2215/2033
f 140/2785/136 139/2775/137 587/2668/2372
f 2304/2519/2253 915/919/888 1378/1414/1338
f 901/905/876 2308/2523/2257 2246/2426/2192
f 901/905/876 1557/906/877 2308/2523/2257
f 1251/1058/1019 1048/1056/1017 1046/1057/1018
f 410/2587/2310 183/219/205 409/2363/2142
f 2067/2190/2014 307/330/316 314/346/332
f 1791/1863/1742 1256/1277/1219 1770/1836/1720
f 1071/1078/1039 1070/1079/1040 2380/2621/2337
f 2380/2621/2337 1729/1790/1683 1071/1078/1039
f 615/621/601 495/774/749 1629/1679/1581
f 494/509/493 615/621/601 1629/1679/1581
f 813/818/792 2343/2573/2296 183/219/205
f 329/361/346 2340/2569/2292 330/360/345
f 330/360/345 2340/2569/2292 833/840/812
f 296/321/307 298/319/305 338/1090/1050
f 1265/1288/1228 1803/1874/1752 2419/2682/2378
f 2419/2682/2378 1803/1874/1752 2406/2657/2363
f 1806/2947/2496 1803/1874/1752 1265/1288/1228
f 1265/1288/1228 1264/1289/1229 1806/2947/2496
f 2337/2562/2287 1196/1211/1160 1737/1799/1690
f 1737/1799/1690 1196/1211/1160 1407/1444/1368
f 2281/2479/2227 2059/2481/2228 1867/1942/1806
f 1816/449/433 1828/2563/2288 1827/1899/1770
f 1355/1391/1315 1354/1392/1316 2177/2127/1968
f 2177/2127/1968 750/750/725 1355/1391/1315
f 1465/2401/2173 20/22/21 925/1512/899
f 925/930/899 1466/2546/2273 1465/2547/2173
f 1460/1504/1421 1459/1505/1422 1461/2893/2477
f 1461/2893/2477 1459/1505/1422 218/251/237
f 2445/2747/2407 395/421/405 1419/1462/1380
f 1369/1406/1330 1370/1590/1497 2277/2469/2222
f 709/712/687 2411/2768/2420 710/711/686
f 1418/1459/1377 390/415/399 1416/2854/2459
f 1418/1459/1377 1416/2854/2459 1417/1460/1378
f 694/700/675 355/383/367 1072/2003/1860
f 2436/2729/2396 127/128/123 485/502/486
f 2436/2729/2396 150/159/153 127/128/123
f 1699/1755/1651 2200/2361/2140 436/463/447
f 2200/2361/2140 327/357/342 436/463/447
f 1974/2065/1914 2245/2423/2191 1973/2064/1913
f 1974/2065/1914 2265/2448/2207 2245/2423/2191
f 2463/2996/2507 1139/1151/1103 1724/1786/1679
f 1142/1153/1105 1724/1786/1679 1143/1152/1104
f 1737/1799/1690 167/2030/1886 2337/2562/2287
f 481/496/480 2471/2797/2437 966/973/940
f 2173/2315/2112 2172/2316/2113 1465/2877/2173
f 1032/1036/1001 1520/1567/1474 1588/1633/1537
f 1502/1547/1457 2390/2633/2348 2373/2612/2330
f 1238/1254/1200 421/445/429 381/2860/2461
f 381/2860/2461 421/445/429 382/446/430
f 984/1494/1411 46/48/45 2455/2770/2421
f 985/1495/1412 984/1494/1411 2455/2770/2421
f 2451/2762/2415 723/723/698 722/724/699
f 2136/2272/2084 1374/1141/1093 1277/1303/1242
f 647/654/631 2168/2629/2345 283/305/291
f 392/419/403 641/647/626 1135/1145/1097
f 392/419/403 393/417/401 641/647/626
f 495/774/749 1176/775/750 958/965/932
f 1813/1880/1757 145/144/138 188/221/207
f 143/146/140 145/144/138 1813/1880/1757
f 2149/2288/2093 52/59/56 2328/2551/2277
f 2328/2551/2277 52/59/56 54/57/54
f 1719/1775/1670 2461/2783/2429 2471/2797/2437
f 481/496/480 1719/1775/1670 2471/2797/2437
f 2042/2181/2005 2448/2754/2411 2244/2422/2190
f 169/187/177 1812/1881/1758 1813/1880/1757
f 1957/2052/1901 1925/2760/1859 1392/1430/1354
f 374/402/386 1925/2760/1859 1957/2052/1901
f 2358/2593/2314 1/2732/2397 1681/1736/1634
f 610/615/595 1308/1338/1271 1882/1959/1821
f 2102/2231/2047 1308/1338/1271 1270/1294/1234
f 2451/2762/2415 2333/2558/2283 2257/2440/2204
f 1502/1547/1457 397/2632/409 2390/2633/2348
f 2102/2231/2047 2291/2500/2242 1882/1959/1821
f 1882/1959/1821 1308/1338/1271 2102/2231/2047
f 1205/1352/1283 1096/1109/1066 1145/1221/1109
f 1980/2074/1921 2413/2665/2369 1981/2073/1920
f 2413/2665/2369 1978/2071/1919 1981/2073/1920
f 2030/2140/1978 377/403/387 1910/1985/1844
f 990/156/150 377/403/387 2030/2140/1978
f 515/526/510 2298/2510/2247 2299/2512/2248
f 79/90/87 78/85/82 81/83/80
f 2042/2181/2005 1801/1872/1750 2043/2162/1990
f 541/554/538 2358/2593/2314 542/553/537
f 2451/2762/2415 722/724/699 2333/2558/2283
f 1739/1801/1692 716/714/689 290/310/296
f 2368/2695/2385 2143/2285/2091 2142/2283/2089
f 292/313/299 2143/2285/2091 2368/2695/2385
f 844/850/821 2042/2181/2005 2244/2422/2190
f 845/849/820 844/850/821 2244/2422/2190
f 592/596/578 1666/1718/1620 1664/1715/1617
f 2083/2210/2029 386/413/397 388/411/395
f 18/2926/2490 2463/2996/2507 1142/1153/1105
f 1724/1786/1679 1142/1153/1105 2463/2996/2507
f 1618/2410/2179 2000/2095/1942 1619/2096/1943
f 415/441/425 1542/1588/1495 416/440/424
f 256/1342/1275 1542/1588/1495 415/441/425
f 871/875/846 368/392/376 1455/1500/1417
f 2398/2648/2358 416/440/424 1544/1586/1493
f 1542/1588/1495 1544/1586/1493 416/440/424
f 692/699/674 101/186/99 1837/2032/1780
f 1888/1965/1827 1330/2572/2295 640/2948/2497
f 639/1377/1302 1888/1965/1827 640/2948/2497
f 1619/2096/1943 799/799/774 688/693/669
f 480/497/481 1717/1777/1672 481/496/480
f 1138/1148/1100 2492/2866/2464 2012/2115/1957
f 176/2964/2504 1138/1148/1100 2012/2115/1957
f 1047/1059/1020 1580/1627/1531 1658/1710/1612
f 111/113/110 96/101/98 131/2689/2383
f 1891/1966/1828 111/113/110 131/2689/2383
f 310/2914/2485 1478/1523/1436 2310/2525/2259
f 241/270/256 629/634/613 628/635/614
f 2437/2999/2399 2279/2998/2225 585/2997/573
f 345/1847/801 104/2810/106 1051/3000/1023
f 683/688/665 226/257/243 2493/2875/2466
f 1435/1840/1724 2493/2875/2466 226/257/243
f 239/272/258 241/270/256 1424/1467/1385
f 1433/1476/1394 2485/2957/2503 2283/2486/2232
f 1497/1542/1452 816/819/793 52/59/56
f 256/1342/1275 415/441/425 417/439/423
f 2061/2183/2007 2345/2576/2299 2062/2182/2006
f 2345/2576/2299 2356/2851/2458 2062/2182/2006
f 1594/1643/1545 1346/1642/1310 1348/2339/2128
f 2374/2611/2329 2151/2290/2095 779/822/796
f 2374/2611/2329 779/822/796 743/745/720
f 239/272/258 1424/1467/1385 1425/1466/1384
f 2207/2375/2150 324/1558/1468 323/1559/1469
f 2207/2375/2150 323/1559/1469 47/53/50
f 794/794/769 793/795/770 1914/2033/1888
f 2003/2098/1945 1954/2047/1896 1953/2048/1897
f 965/970/937 1423/1464/1382 1422/1465/1383
f 655/660/637 1527/1574/1481 1161/1170/1122
f 1527/1574/1481 655/660/637 654/661/638
f 2470/2796/2436 808/809/784 2203/2367/2146
f 2067/2190/2014 1675/2046/1895 1956/2050/1899
f 1675/2046/1895 1676/2637/2351 1956/2050/1899
f 543/552/536 9/2715/8 2445/2747/2407
f 2445/2747/2407 511/2020/1876 543/552/536
f 2434/2722/2394 548/559/543 616/623/603
f 616/623/603 92/94/91 2434/2722/2394
f 1020/2371/991 2196/2356/2137 739/2372/714
f 2478/1698/1600 1755/1823/1709 943/949/917
f 1162/1169/1121 1161/1170/1122 1527/1574/1481
f 303/328/314 1383/1421/1345 957/1259/1204
f 957/1259/1204 1240/1260/1205 303/328/314
f 1578/1626/1530 1577/1625/1529 975/984/951
f 163/171/164 1891/1966/1828 1892/2484/2230
f 163/171/164 1892/2484/2230 1721/1778/1673
f 10/2714/7 630/639/618 2366/2601/2321
f 2488/2841/2454 10/8/7 2366/2602/2321
f 1831/3001/1773 817/821/795 2275/2725/2220
f 1777/1844/1728 1468/1515/1428 1663/1716/1618
f 1777/1844/1728 533/546/530 1468/1515/1428
f 1317/1348/1279 1492/2537/2267 294/317/303
f 1022/1027/992 697/703/678 117/2034/1889
f 117/2034/1889 697/703/678 126/129/124
f 1751/1818/1704 1808/2874/2465 887/890/861
f 887/890/861 1808/2874/2465 1807/1638/1542
f 2001/2097/1944 2392/2636/2350 1676/2637/2351
f 696/803/778 2392/2636/2350 695/2134/1973
f 720/720/695 2257/2440/2204 2333/2558/2283
f 2333/2558/2283 2262/2555/2280 720/720/695
f 2262/2555/2280 2333/2558/2283 2332/2557/2282
f 1676/2637/2351 696/803/778 1956/2050/1899
f 696/803/778 1676/2637/2351 2392/2636/2350
f 1269/1292/1232 607/35/33 2058/2180/2004
f 2341/2571/2294 1577/1625/1529 1578/1626/1530
f 1850/2759/1792 1912/1988/1847 1911/1989/1848
f 2190/2338/2127 1972/2063/1912 1098/1640/1544
f 1555/1601/1508 2503/2958/2502 1556/345/331
f 2384/2626/2342 1881/1957/1819 1125/2627/2343
f 1125/2627/2343 1132/1144/1096 2384/2626/2342
f 583/587/569 2356/2851/2458 581/589/571
f 1749/1815/1702 1518/418/402 392/419/403
f 2442/2743/2404 1055/1063/1024 1054/1064/1025
f 1800/1870/1748 1055/1063/1024 2442/2743/2404
f 1431/3002/1391 1554/1600/1507 1555/2399/1508
f 968/975/942 1212/1227/1174 969/974/941
f 968/975/942 2344/2574/2297 1212/1227/1174
f 935/944/912 2369/2604/2323 936/943/911
f 1994/2087/1934 121/2088/1935 1177/1187/1139
f 1064/2302/2103 1937/2018/1874 2161/2301/2102
f 1936/2016/1872 1937/2018/1874 1064/2302/2103
f 1263/1286/1227 57/60/57 1804/1873/1751
f 1367/1404/1328 1366/1405/1329 882/886/857
f 1385/1424/1348 2426/2701/2386 1386/1423/1347
f 2426/2701/2386 1385/1424/1348 1300/1884/1263
f 822/2880/2469 2024/2221/2037 1030/1038/1003
f 1030/1038/1003 2024/2221/2037 1031/1037/1002
f 1845/1922/1787 2145/2917/2487 2468/2794/2435
f 352/380/364 1348/2339/2128 2213/2379/2154
f 302/325/311 1241/1261/1206 1584/1632/1536
f 1586/1630/1534 302/325/311 1584/1632/1536
f 2421/2767/2419 1160/1171/1123 710/711/686
f 1768/1834/1718 496/964/931 873/878/849
f 1394/343/329 1429/1472/1390 1555/1601/1508
f 1431/1473/1391 1555/1601/1508 1429/1472/1390
f 2483/2827/2450 1435/1840/1724 2485/2957/2503
f 1433/1476/1394 2483/2827/2450 2485/2957/2503
f 1167/1175/1127 1164/1173/1125 186/223/209
f 187/222/208 186/223/209 1164/1173/1125
f 262/285/271 1155/1682/1584 509/525/509
f 509/525/509 260/287/273 262/285/271
f 1718/1776/1671 1446/1489/1406 2399/2649/2359
f 2399/2649/2359 1719/1775/1670 1718/1776/1671
f 2032/929/898 88/561/90 69/72/69
f 2128/2264/2076 2432/2719/2392 504/520/504
f 2432/2719/2392 505/519/503 504/520/504
f 471/489/473 1607/1659/1561 1559/1660/1562
f 1607/1659/1561 471/489/473 700/2826/2449
f 992/996/961 1373/1408/1332 1371/1407/1331
f 1502/1547/1457 2373/2612/2330 1235/1252/1198
f 2462/2784/2430 2154/2291/2096 2153/2292/2097
f 1792/2843/2455 1495/1541/1451 1599/1647/1549
f 1495/1541/1451 1792/2843/2455 1793/2090/1937
f 2154/2291/2096 2462/2784/2430 2373/2612/2330
f 89/560/88 1837/2032/1780 1224/1242/1188
f 1000/1003/968 2345/2576/2299 1516/2279/1520
f 1569/1616/1522 1516/1614/1520 2345/3003/2299
f 2196/2769/2137 1017/2219/990 2091/3004/2034
f 1800/1870/1748 2448/2754/2411 2112/2241/2056
f 812/3007/946 523/3006/519 973/3005/948
f 69/72/69 68/73/70 2032/929/898
f 1983/2078/1925 1757/1824/1710 2341/2571/2294
f 1757/1824/1710 1983/2078/1925 1368/1403/1327
f 302/325/311 1586/1630/1534 301/322/308
f 1836/1911/1779 301/322/308 1586/1630/1534
f 1023/1029/994 954/960/927 2131/2267/2079
f 1863/1940/1804 1865/1941/1805 1864/1939/1803
f 1283/1306/1245 887/890/861 886/891/862
f 1913/1987/1846 827/834/805 828/832/806
f 2147/2932/2494 110/114/111 1075/1083/1044
f 107/112/109 2147/2932/2494 1075/1083/1044
f 148/54/51 598/1132/584 71/75/72
f 595/2850/581 71/75/72 598/1132/584
f 529/540/524 924/1203/900 68/73/70
f 67/74/71 529/540/524 68/73/70
f 1013/1020/985 2403/2653/2361 865/1126/1083
f 1013/1020/985 865/1126/1083 1115/1127/1084
f 54/57/54 406/434/418 408/432/416
f 1018/1023/988 770/771/746 1017/1025/990
f 68/73/70 1190/1204/1154 922/928/897
f 2091/2217/2034 770/771/746 769/772/747
f 2091/2217/2034 1017/1025/990 770/771/746
f 865/1126/1083 2403/2653/2361 866/334/320
f 2504/2905/2478 1015/1022/987 2230/2404/2175
f 1650/1703/1605 367/393/377 2400/2650/2360
f 884/2130/1969 1894/1968/1830 366/394/378
f 972/2734/944 524/2773/518 812/2735/946
f 1003/2149/973 904/2329/878 1612/1667/1569
f 1412/1451/1373 396/420/404 12/12/11
f 1412/1451/1373 12/12/11 1411/1449/1371
f 375/401/385 1957/2052/1901 2070/2196/2018
f 2070/2196/2018 1957/2052/1901 1958/2051/1900
f 2112/2241/2056 843/1065/1026 1800/1870/1748
f 1957/2052/1901 375/401/385 374/402/386
f 1412/1451/1373 1011/1017/982 396/420/404
f 1125/2627/2343 1124/1143/1095 1132/1144/1096
f 2086/2670/2224 587/2668/2372 2019/2123/1965
f 2296/2529/2262 2132/2266/2078 954/960/927
f 1912/1988/1847 827/834/805 1913/1987/1846
f 948/955/923 1979/2070/1918 1980/2074/1921
f 2398/2648/2358 1711/2009/1866 1181/1194/1146
f 20/3008/21 22/29/19 25/27/26
f 110/114/111 2147/2932/2494 97/100/97
f 1713/1770/1665 1597/1644/1546 1596/1645/1547
f 688/693/669 1073/1082/1043 2022/2132/1971
f 97/100/97 2147/2932/2494 2148/2286/2092
f 970/2386/2132 810/3009/789 105/2385/105
f 1914/2033/1888 62/67/64 1274/1296/1236
f 1273/1297/1237 1914/2033/1888 1274/1296/1236
f 53/58/55 1789/1861/1740 1261/1283/1225
f 388/411/395 832/838/810 829/837/809
f 340/372/357 2180/2326/2120 341/371/356
f 822/2880/2469 2180/2326/2120 340/372/357
f 296/321/307 1082/1091/1051 1189/1200/1152
f 2472/2799/2438 76/81/78 75/82/79
f 1562/1603/1510 2498/2890/2474 76/81/78
f 1625/2493/2236 1267/1291/1231 1626/2492/2235
f 403/431/415 2006/2102/1949 404/430/414
f 1461/2893/2477 225/258/244 624/631/610
f 1461/2893/2477 624/631/610 1460/1504/1421
f 823/2351/2134 2194/2350/2133 822/2880/2469
f 2398/2648/2358 1181/1194/1146 1180/1192/1144
f 1512/1557/1467 1408/1448/1370 1197/1214/1163
f 320/351/337 1361/1398/1322 801/802/777
f 241/270/256 2267/2450/2209 629/634/613
f 2463/2996/2507 2167/2311/2108 1139/1151/1103
f 18/2926/2490 2167/2311/2108 2463/2996/2507
f 490/507/491 274/298/284 491/506/490
f 1113/1125/1082 579/586/568 1995/1190/1142
f 1254/1275/1217 837/844/815 836/2615/2332
f 53/58/55 789/793/768 1789/1861/1740
f 1622/1678/1580 1562/1603/1510 2472/2799/2438
f 1562/1603/1510 76/81/78 2472/2799/2438
f 1688/1742/1639 1687/1743/1640 1685/1740/1638
f 1954/2047/1896 2002/2099/1946 1675/2046/1895
f 2119/2250/2065 708/713/688 1987/2079/1926
f 116/119/115 121/2088/1935 114/121/117
f 121/2088/1935 764/2089/1936 114/121/117
f 1706/1764/1660 2219/2390/2163 1704/1763/1659
f 2040/2935/1986 2039/2160/1987 1969/2161/1989
f 1736/2694/2384 1586/1630/1534 291/315/301
f 1586/1630/1534 293/314/300 291/315/301
f 1035/1039/1004 1034/1040/1005 2474/2806/2440
f 173/2985/2505 2066/2189/2013 841/846/817
f 843/1065/1026 842/2239/2054 1054/1064/1025
f 842/2239/2054 2212/2919/2432 1054/1064/1025
f 1492/2537/2267 1493/1654/1556 1638/2750/2410
f 1493/1654/1556 1603/1653/1555 1638/2750/2410
f 756/760/735 758/758/733 1254/1275/1217
f 1543/1587/1494 448/2243/2058 1544/1586/1493
f 1691/150/144 786/335/321 788/149/143
f 352/380/364 2213/2379/2154 2192/2340/2129
f 123/127/122 133/134/129 137/152/146
f 1016/1021/986 1116/2941/2495 1013/1020/985
f 2235/2411/2180 352/380/364 2192/2340/2129
f 1191/2987/1156 1190/3010/1154 171/2989/2506
f 30/31/29 500/190/180 2218/2389/2162
f 2232/2788/2176 2276/2468/2221 2396/2641/2355
f 2193/2345/2131 1459/1505/1422 219/250/236
f 1423/1464/1382 965/970/937 964/971/938
f 218/251/237 2193/2345/2131 219/250/236
f 219/250/236 899/903/874 900/902/873
f 2202/2364/2143 1448/341/327 560/1753/1649
f 560/1753/1649 1448/341/327 559/1491/1408
f 1772/1838/1722 2074/2882/2470 2073/2199/2020
f 1772/1838/1722 2073/2199/2020 132/2688/2382
f 2448/2754/2411 2042/2181/2005 2043/2162/1990
f 230/192/182 537/193/183 221/253/239
f 1392/1430/1354 1394/343/329 1959/344/330

