# Blender 3.3.1
# www.blender.org
o 2
v -2.157281 0.112978 -2.305323
v -2.023980 -0.035111 -2.281786
v -2.192793 -0.180417 -2.228352
v 0.548123 -0.150696 2.866289
v 0.724461 -0.450287 2.748469
v 0.737859 -0.291206 2.726608
v 0.371145 -1.105083 2.692086
v 0.818084 -0.860942 2.618125
v 0.575350 -0.651739 2.776886
v -0.029076 -1.131282 2.673305
v -0.029603 -0.806432 2.756634
v -0.280192 -0.914593 2.630663
v 0.099138 1.181949 2.502596
v 0.027582 1.222010 2.518664
v -0.141716 0.943856 2.686100
v 0.680676 0.135602 -3.221251
v 0.593731 0.115359 -3.362999
v 0.492809 0.159929 -3.326520
v 0.290800 1.094189 2.568114
v 0.284748 1.015679 2.639085
v 1.435189 2.182859 -1.387494
v 1.436721 2.177989 -1.207374
v 1.529520 2.101521 -1.126984
v -0.947661 1.933975 -2.579242
v -0.927375 1.959370 -2.495923
v -0.842757 2.004910 -2.637188
v 0.421750 1.046874 2.582685
v -0.433595 -0.469946 2.565764
v -0.428221 -0.350694 2.599112
v -0.601116 -0.473633 2.472204
v -1.059720 1.822684 -2.420440
v 0.431691 1.071555 2.555336
v 0.395821 1.116024 2.500624
v 1.077107 1.343551 -2.091600
v 1.288871 1.526988 -2.046306
v 1.213550 1.300447 -2.086910
v 0.680675 1.736876 -2.746547
v 0.727976 1.839502 -2.656178
v 0.840205 1.878286 -2.434409
v 0.463718 1.074433 2.504235
v -1.167555 2.329891 -1.179902
v -1.093350 2.287337 -1.199263
v -1.251021 2.229202 -1.143896
v -0.709594 -1.012565 2.533589
v -0.780460 -1.098042 2.520433
v -0.601619 -1.149463 2.518142
v -1.118802 2.349611 -1.127135
v -0.825136 -0.601661 2.434770
v -0.818958 -0.417760 2.429431
v -1.108219 -0.498828 2.455918
v 0.988930 -1.117871 2.507321
v 1.215626 -1.223591 2.319553
v 1.087656 -1.011487 2.506277
v -0.912449 -0.926709 2.520545
v -1.181359 -0.771345 2.440679
v -1.191956 -1.182894 2.305080
v -0.902609 -1.077165 2.493356
v -1.105449 -1.260976 2.278615
v 0.629674 1.091014 2.332217
v 0.600958 1.017135 2.464028
v 0.701334 0.894424 2.408212
v 0.388765 1.304212 2.321541
v 0.276418 1.383666 2.351420
v 1.265169 -0.243717 2.327217
v 1.317083 -0.602405 2.314922
v 1.329582 -0.302311 2.229308
v 1.759546 -0.836035 2.026448
v 1.754344 -0.618166 1.952556
v 1.545851 -0.665383 2.101830
v 0.355216 1.728188 2.139007
v 0.546492 1.818664 1.923565
v 0.460890 2.058654 1.884558
v -0.394553 1.977375 1.897364
v -0.220478 2.040428 1.837455
v -0.249117 2.173561 1.667439
v -1.093221 1.951227 1.560792
v -0.751604 2.015086 1.798568
v -0.910428 2.173564 1.519478
v 1.840273 1.016174 1.479824
v 1.832517 0.908104 1.522813
v 1.929694 0.913163 1.346132
v -0.752439 2.109957 1.626418
v 0.627371 1.833534 -2.761020
v 2.051473 0.785368 1.408749
v 2.057300 0.782312 1.411538
v 2.086154 0.836341 1.262138
v 2.050127 0.770499 1.431436
v 1.994577 0.762543 1.490461
v -0.651410 2.242950 1.504916
v 2.138862 -0.168654 1.336718
v 2.177832 -0.452103 1.485341
v 2.193442 -0.365368 1.328798
v 2.370033 -1.062779 1.447104
v 2.723420 -0.984021 1.233953
v 2.467752 -0.886565 1.395829
v -0.235704 2.339407 1.244951
v -0.279055 2.318707 1.403074
v -0.061578 2.358271 1.284484
v 2.371918 -0.699359 1.351883
v 2.345626 -0.624150 1.338434
v 2.301995 -0.697818 1.407288
v 2.481537 -1.191114 1.245910
v 2.352929 -0.547006 1.277480
v 0.707154 -1.270706 1.444600
v 0.713658 -1.252381 1.013725
v 0.944558 -1.276607 1.510229
v -2.384020 1.704432 0.447990
v -2.422229 1.735570 0.222383
v -2.525263 1.608698 0.310056
v -0.708855 2.366975 1.362477
v -0.588108 2.299176 1.333664
v -0.677625 2.386799 1.177848
v -2.417508 1.698700 0.160120
v 0.778430 1.306985 2.077959
v 0.857970 1.444844 1.963885
v 0.725277 1.368265 1.963674
v -0.683504 2.389530 1.090766
v -0.562802 2.378102 1.169482
v 2.496057 -0.530018 1.125779
v 2.485912 -0.587851 1.132087
v 2.600108 -0.643304 1.090266
v -2.319456 -0.368541 1.091661
v -2.193681 -0.117462 1.191599
v -2.384145 -0.226699 0.979433
v -0.607973 -1.201457 0.721293
v -0.053283 -1.217533 1.223154
v -1.020681 -1.234946 1.368199
v 2.784392 -0.495985 0.953686
v 2.624398 -0.471193 1.013140
v 2.774872 -0.691606 1.014521
v -0.178412 2.419074 0.893992
v -0.272396 2.508873 0.950895
v -0.109162 2.435962 1.093441
v -0.149327 2.382802 0.872220
v 0.606766 1.325240 2.079585
v 2.153826 0.179890 -1.497276
v 2.106553 0.156290 -1.639624
v 2.208329 0.207268 -1.641623
v 1.089347 1.519477 -2.046947
v -0.904431 2.357124 1.170410
v -1.092444 2.394885 0.794553
v -1.172770 2.232078 1.029617
v -0.026778 2.403915 0.910462
v 0.161211 2.493241 0.809394
v -0.064066 2.352095 0.887258
v -0.278399 2.499862 0.863003
v -0.328343 2.448822 0.763352
v 2.515711 0.250091 0.119317
v 2.611441 0.254669 -0.200222
v 2.611873 0.294144 -0.111334
v 0.004136 2.399849 0.755574
v -0.062991 2.372121 0.801577
v 0.060964 2.391260 0.757128
v -0.935168 -0.250273 -3.564899
v -1.242723 -0.243519 -3.395319
v -1.062049 -0.094876 -3.464097
v -0.036979 2.420841 0.683435
v 0.872509 1.153597 2.179088
v 0.206921 2.449785 0.599493
v 0.021714 2.506423 0.504833
v 2.018745 1.836150 0.592835
v 2.047565 1.906506 0.486654
v 2.006243 1.986527 0.428616
v 1.519090 2.171688 -0.899083
v 1.352865 2.268469 -1.089034
v 1.339237 2.257650 -1.243112
v 2.072697 1.869635 0.489174
v -2.147773 -0.586653 2.004324
v -2.092765 -0.602104 2.085538
v -2.169331 -0.273651 1.848902
v -0.498300 2.630639 0.237879
v -0.577183 2.591617 0.429726
v -0.442640 2.543490 0.437099
v -1.127416 2.571383 0.254657
v -1.441897 2.465268 0.323516
v -1.255996 2.430702 0.541256
v 2.358811 -0.065503 -1.657746
v 2.310198 0.094757 -1.599766
v 2.370549 0.108926 -1.268507
v -2.431191 1.678970 0.438344
v -2.463364 1.661555 0.393105
v 0.352128 2.710514 0.408278
v 0.517345 2.541419 0.542929
v 0.596422 2.653402 0.317203
v -2.179083 -0.002532 1.342047
v -2.185851 -0.081517 1.311290
v -2.223493 -0.131833 1.472469
v -2.232525 -0.337239 1.299403
v -0.121597 2.740210 0.277253
v -0.194233 2.632414 0.126840
v -0.261737 2.565907 0.349021
v -0.399681 2.646811 0.041977
v -2.676256 -0.842500 1.151373
v -2.608758 -0.834205 1.067533
v -2.735214 -0.750843 1.095935
v -2.772313 -0.789982 1.102482
v 0.092383 2.782218 0.148130
v 0.019044 2.758587 0.268739
v 0.157911 2.777592 0.167116
v -2.172633 0.304554 1.302670
v -2.182206 0.398009 1.316143
v -2.255989 0.421426 1.177447
v 0.093610 2.773262 0.110528
v 2.075910 1.541219 0.179300
v 2.113985 1.489942 -0.001447
v 2.003700 1.623728 0.117111
v 3.076841 -0.354338 0.138974
v 3.082386 -0.626921 0.130523
v 3.028177 -0.426432 -0.267030
v 1.494974 2.220628 -0.248831
v 1.245403 2.403903 -0.269542
v 1.501337 2.346857 -0.138673
v -2.246301 1.880938 -0.113040
v -2.162471 1.792227 -0.407405
v -2.240849 1.734220 -0.359988
v 2.121434 1.442560 -0.151049
v 2.327066 1.483512 -0.322518
v 2.226447 1.528030 -0.280899
v 2.188411 1.561987 -0.290027
v -1.153786 2.407884 -1.119566
v -1.000810 2.426573 -1.074196
v -0.453765 1.987672 -2.830009
v -0.646856 1.990458 -2.852479
v -0.633315 2.058277 -2.739902
v 2.614406 1.027184 -0.190696
v 2.580724 0.952116 -0.279738
v 2.539083 0.983526 -0.302070
v 1.106263 1.933487 -2.024854
v 1.105224 2.237110 -1.726996
v 1.208771 2.036697 -1.865503
v 2.662535 0.869508 -0.196137
v 1.200938 1.947656 -1.910944
v -1.957306 2.147620 -0.111113
v -1.933550 2.240345 0.167394
v -1.825751 2.313136 0.120046
v 0.217974 2.746837 -0.366231
v 0.078878 2.746355 -0.370858
v 0.155920 2.756616 -0.264419
v 2.666610 -0.020601 -0.439989
v 2.844335 -0.218454 -0.328466
v 2.820757 -0.213238 -0.352535
v 2.961222 -0.317450 -0.226491
v 0.413458 1.354356 2.288885
v 0.472236 1.254102 2.388913
v 1.596195 -0.494203 2.023969
v 2.515918 1.106157 -0.334899
v 2.603813 0.794899 -0.444188
v 1.470383 2.128612 -0.532182
v 1.208596 2.343534 -0.530513
v -2.111712 1.705606 -0.489940
v -2.028976 1.528619 -0.743164
v -2.258634 1.631593 -0.401958
v 2.195991 1.590240 -0.496333
v 2.408863 1.397861 -0.522600
v 2.290844 1.473454 -0.610990
v 2.350234 1.369955 -0.747736
v 0.142469 1.454989 -2.889445
v -0.023505 1.504472 -2.844736
v 0.085494 1.652861 -2.981238
v 0.614198 -0.097978 2.854913
v 0.615027 -0.030885 2.843141
v 0.482779 -0.039949 2.924177
v 0.694152 -0.127594 2.765673
v 2.897117 -0.709075 -0.632992
v 2.944550 -0.803445 -0.577967
v 2.913134 -0.754642 -0.635047
v 2.877280 -0.770789 -0.677819
v -1.791615 -0.672390 -2.409879
v -1.748133 -0.557699 -2.732516
v -1.876154 -0.892303 -2.444802
v -1.770886 -0.456981 -2.482171
v -0.645756 2.215625 -1.785036
v -0.706690 2.163977 -1.916073
v -0.692757 2.108474 -1.903714
v -2.730072 -0.418006 -0.591624
v -2.862708 -0.502163 -0.798444
v -2.735403 -0.654495 -0.659892
v 2.212744 1.532899 -0.655205
v 2.168765 1.545603 -0.663732
v -0.786951 2.104038 -1.765988
v 2.179747 1.540862 -0.666710
v 2.112386 1.551922 -0.691628
v 2.187443 1.507744 -0.739722
v -2.869717 -0.585392 -1.015337
v 2.630051 -0.364426 -0.900839
v 2.749237 -0.598631 -0.829934
v 2.591968 -0.345638 -1.096114
v 2.323498 -1.270754 -1.257883
v 2.430038 -1.250007 -1.029242
v 2.362739 -1.263208 -0.923862
v 2.189108 0.143744 -1.508010
v 2.338207 0.164821 -0.977491
v 2.684586 -0.899559 -1.515175
v 2.676063 -1.052010 -0.981321
v 2.662622 -1.082001 -1.537547
v -2.638090 0.894217 -1.559265
v -2.647089 0.918581 -1.417822
v -2.534349 0.978010 -1.473313
v 1.739401 0.897788 1.622860
v 1.916482 -0.069314 -2.254518
v 1.958623 -0.257464 -2.334149
v 1.954314 -0.223863 -2.355753
v 1.707439 1.711754 -1.464754
v 1.704415 1.697273 -1.535038
v 1.696138 1.763687 -1.625485
v 1.743076 1.590935 -1.649284
v -2.208957 -0.170247 1.194288
v 1.857283 1.440972 -1.489261
v 1.902755 1.371629 -1.689072
v 1.788244 1.534128 -1.608879
v 2.148313 1.003233 -1.494686
v 2.074346 1.209303 -1.799262
v 2.052456 1.281979 -1.587960
v 1.772626 1.657946 -1.713656
v -2.262651 -0.861814 -1.838387
v -2.504612 -0.924286 -1.593861
v -2.483432 -0.675367 -1.904855
v 1.692219 -1.268713 -1.599319
v 1.245086 -1.130412 -1.770914
v 1.834521 -1.344228 -1.714366
v -0.434669 2.158213 1.634346
v -0.509007 1.936851 1.915721
v 2.194679 0.460742 -1.848673
v 2.167463 0.579082 -1.960731
v 2.214880 0.496344 -1.739168
v -0.426413 1.930879 1.975493
v 0.337906 0.962449 2.675484
v 2.153965 0.371966 -1.880924
v 3.033960 -0.249256 -0.099296
v -1.081428 1.879427 -2.317323
v -1.200630 1.636744 -2.302567
v -1.179319 1.638590 -2.191153
v -1.216176 1.583346 -2.107884
v 1.982914 -0.662800 1.863573
v 1.786707 -0.481189 1.928442
v -2.495039 0.090044 -2.072064
v -2.634006 0.080773 -1.865642
v -2.551766 0.097562 -1.874001
v -2.678867 -0.059378 -1.935967
v 2.067263 0.597306 -2.115172
v 2.001533 0.454724 -2.086645
v 1.803376 0.446203 -2.214284
v -2.567692 0.317901 -2.121935
v -2.516828 0.225928 -2.120795
v -2.596061 0.263265 -1.993392
v 1.937225 0.356791 -2.075863
v -1.098899 1.778488 -2.236771
v 1.873934 0.675535 -2.262311
v 1.966592 0.684479 -2.151830
v 2.147749 -0.921524 -2.362902
v 2.362246 -0.839602 -2.043919
v 2.230904 -1.165365 -2.183758
v -2.398616 -0.151286 -2.244935
v -2.353203 -0.406746 -2.088510
v 1.372072 0.717935 -2.373796
v 1.359782 1.059664 -2.210542
v 1.540890 1.159258 -2.205584
v -1.590455 0.838399 -2.115622
v -1.603009 0.608424 -2.317127
v -1.688867 0.642219 -2.198974
v 0.710762 -1.071501 -2.179089
v 0.601825 -1.185940 -2.509898
v 0.725707 -1.001124 -2.470333
v -1.367188 1.402881 -2.418382
v -1.384971 1.175066 -2.735876
v -1.407667 1.255374 -2.240570
v 0.388235 0.805494 -3.228982
v 0.532734 1.008850 -3.098248
v 0.510837 0.785133 -3.147882
v 0.669748 0.585218 -3.100768
v 0.148489 1.046618 -3.264990
v 0.123020 1.118677 -3.141107
v 0.395824 0.975565 -3.181074
v -1.419845 -0.822043 -3.235755
v -1.485676 -0.590171 -3.252270
v -1.378974 -0.868234 -3.291594
v -1.477700 -0.241249 -3.264745
v -1.190301 0.112686 -3.337206
v 0.360714 0.356230 -3.323715
v 0.188493 0.312253 -3.368268
v 0.319734 0.542614 -3.344972
v -0.735993 0.372014 -3.342115
v -0.746412 0.657726 -3.394605
v -0.364393 0.564916 -3.393075
v -1.125417 -0.705926 -3.493900
v -1.318332 -0.667243 -3.393563
v -1.366694 -0.598167 -3.328818
v -0.260572 0.626219 -3.467483
v 0.032539 0.861643 -3.383509
v -0.276092 0.835476 -3.451668
v -0.136781 0.925260 -3.381085
v -0.771937 -0.239739 -3.615473
v -0.951735 0.092977 -3.463101
v -0.726221 0.093062 -3.560236
v -0.263202 0.029040 -3.740410
v -0.357709 0.281005 -3.475270
v -0.011047 0.146117 -3.661732
v -0.721511 -0.224608 -3.640831
v -0.562047 -0.183695 -3.686702
v -0.854450 -0.420262 -3.615407
v -0.723171 -0.430871 2.433863
v -0.675466 -0.588512 2.446189
v 0.010729 1.871538 2.071511
v -0.062294 1.795959 2.112076
v 0.132648 1.884367 2.066032
v -0.635155 -0.530033 -3.718271
v -0.652269 -0.659155 -3.700345
v -0.896102 -0.539444 -3.621299
v -0.279719 -0.235137 -3.799706
v 0.019044 -0.012001 -3.741185
v -0.047072 -0.353788 -3.841068
v -2.682264 0.203927 -1.832693
v -2.592099 0.191012 -1.890716
v 2.123076 -1.253735 -0.012041
v 1.843603 -1.247007 0.420452
v 0.603650 -1.244754 -0.374073
v 2.701438 -1.294719 0.931269
v -1.210783 -1.199577 0.296456
v -2.402019 -0.474132 0.911790
v -2.473865 -0.758150 1.109341
v -2.349665 -0.548819 1.008205
v -2.700898 -0.329361 -1.907352
v -2.918777 -0.426157 -1.450359
v -2.902006 -0.145171 -1.396063
v -2.587024 -0.694819 -1.764530
v -2.818663 -0.475354 -1.607847
v 0.550134 2.546493 -0.357010
v 0.312061 2.533427 -0.399335
v 0.388003 2.651797 -0.360987
v 1.191346 2.304957 -0.877389
v 1.155189 2.383308 -0.725968
v 1.411407 2.167805 -0.679377
v -0.805312 2.641916 -0.445897
v -0.821605 2.638690 -0.675959
v -1.042320 2.593024 -0.634003
v -1.648368 2.191593 -0.556294
v -1.709945 2.247905 -0.242839
v -1.545939 2.309284 -0.183739
v -0.932020 1.644843 1.742328
v -0.801345 1.892932 1.819762
v -1.083471 1.743381 1.577074
v -0.588148 1.642003 2.091184
v -0.683977 1.849970 1.992650
v -0.764499 1.666600 1.940319
v -1.344687 2.292811 0.831354
v -1.218877 2.266317 0.880089
v -1.429952 2.364810 0.679157
v -1.441263 2.002052 1.246195
v -1.562912 2.081665 1.117821
v -1.661507 1.968801 1.221078
v -1.194867 0.718616 2.201956
v -1.125155 0.899866 2.026415
v -1.402680 0.851197 2.071937
v -1.823536 0.100145 2.097226
v -1.949198 0.165244 1.899115
v -1.984204 0.021569 1.992167
v 1.004431 1.987203 1.472868
v 1.103700 2.138660 1.308668
v 0.859965 2.269913 1.278018
v 1.762687 0.213010 -2.238527
v 1.770367 0.080174 -2.337636
v 1.571216 0.265231 -2.436899
v 0.581076 -1.131081 -2.704087
v 0.612175 -0.987848 -2.814049
v 0.721293 -0.853562 -2.608631
v 2.460699 1.049636 0.254579
v 2.440021 1.012166 0.460181
v 2.505982 0.880389 0.409709
v -2.600874 0.908559 0.479250
v -2.515319 1.229986 0.457634
v -2.599988 1.105924 0.335366
v -2.806629 0.288043 0.562125
v -2.735607 0.467303 0.361326
v -2.826958 0.313327 0.246356
v -2.667850 -0.945939 -0.728395
v -2.623811 -1.079022 -0.814743
v -2.707826 -1.105296 -0.662056
v -2.480148 -0.916459 1.263215
v -2.509466 -1.085467 1.209941
v -2.338591 -1.206482 1.217417
v 2.289540 0.429207 -1.419470
v 2.366330 0.469356 -1.174731
v 2.381100 0.236014 -1.189159
v -2.982881 0.142672 0.317603
v -2.944829 0.126773 0.102112
v -3.008316 -0.006809 0.168236
v -2.933171 -0.757741 0.204673
v -2.640183 -0.788370 0.026394
v -2.826692 -0.948400 0.113882
v -0.609922 -0.954421 -3.566256
v -0.453961 -0.919224 -3.565720
v -0.413045 -1.035041 -3.511571
v 0.126167 2.334913 -2.172249
v 0.249536 2.469984 -1.717053
v 0.623465 2.389158 -2.003999
v -0.910658 2.447345 -1.165444
v -0.798208 2.547669 -0.969133
v -0.763762 2.578042 -1.060214
v 2.644591 0.431391 -0.011456
v 2.703555 0.618544 -0.014032
v 2.663669 0.542451 0.191206
v 2.579376 0.766472 0.351859
v 2.702535 0.778847 0.210003
v 2.547642 0.963411 0.243544
v 1.264136 -0.623154 -2.163188
v 1.458449 -0.675248 -2.236506
v 1.306606 -0.811495 -2.198440
v 1.359677 -0.143858 -2.525618
v 1.382513 -0.250717 -2.388931
v 1.237306 -0.276280 -2.310635
v 1.711743 1.844503 -1.447430
v 1.534603 2.015531 -1.759507
v 1.468378 2.181201 -1.518188
v 0.879634 2.170487 -2.135370
v 0.706669 2.058419 -2.452726
v 0.721555 2.205626 -2.274532
v 2.835739 -1.326965 -0.376763
v 2.805688 -1.262645 -0.554827
v 2.905586 -1.162320 -0.485040
v 2.425601 -1.309685 -0.708309
v 2.644467 -1.207661 -0.824004
v 2.565041 -1.423471 -0.400957
v 2.436193 0.526223 -0.944187
v 2.487726 0.705508 -0.766735
v 2.603922 0.593906 -0.593371
v 2.281848 1.044929 -0.732240
v 2.256943 1.274047 -0.804542
v 2.442016 1.070568 -0.629549
v -3.017574 0.721546 -1.024093
v -2.970823 0.659453 -1.293245
v -2.968223 0.565943 -1.223284
v -2.844919 0.524545 -0.258797
v -2.904365 0.705870 -0.354251
v -2.890523 0.662311 -0.439104
v 1.824401 1.936347 0.743470
v 1.789872 1.713004 0.889179
v 1.806331 1.699569 0.812131
v 0.988958 2.300654 1.129046
v 1.350189 2.267989 0.805817
v 1.059656 2.457289 0.785265
v 2.954874 -1.181648 0.101651
v 2.719392 -1.352297 0.215954
v 2.807069 -1.363758 -0.237239
v 2.729863 0.126785 0.548355
v 2.719892 0.163739 0.206327
v 2.659782 0.215875 0.417141
v 2.693142 -0.314571 0.892348
v 2.630231 -0.133204 0.794181
v 2.543418 -0.269938 0.930584
v -0.138267 0.358165 2.695247
v -0.151474 0.215903 2.698064
v 0.019172 0.341204 2.797163
v 0.276961 0.341118 2.800355
v 0.172203 0.234785 2.862409
v 1.519695 2.021577 0.979415
v 1.703078 2.025259 0.841491
v 1.465381 2.200091 0.865445
v -2.891218 0.398878 -0.772152
v -2.816614 0.295907 -0.902364
v -2.706885 0.306395 -0.525421
v 2.637488 -0.843145 1.229496
v 2.859334 -0.897177 0.904856
v 3.005048 -0.547065 0.746008
v 3.073699 -0.786256 0.322754
v 1.855948 1.506566 -1.214987
v 1.900020 1.532682 -1.054099
v 1.959388 1.497565 -1.079600
v -1.785291 0.557948 1.939319
v -1.976252 0.755847 1.733484
v -1.990194 0.408644 1.806561
v -2.071204 0.711310 1.645609
v -2.185865 0.483498 1.388004
v 0.972525 1.041244 2.198228
v 0.735529 1.212554 2.192194
v 0.947313 1.704294 1.767446
v 1.050722 1.595914 1.839765
v 1.082479 1.682468 1.700590
v -1.060421 1.374237 -3.093704
v -0.800799 1.243901 -3.259326
v -1.139231 0.975797 -3.117850
v -0.720461 1.750217 -3.050426
v -0.424943 1.712511 -3.075597
v -0.632589 1.625389 -3.140897
v 2.677019 0.632399 -0.236848
v 2.691612 0.665922 -0.029987
v 1.045445 -0.250460 -2.828116
v 1.063397 0.001358 -2.867266
v 1.203459 0.102167 -2.656948
v 0.759174 -0.152068 -3.401650
v 0.909630 -0.161880 -3.161473
v 0.895698 -0.365074 -3.235199
v -1.938586 -1.261152 1.294714
v -2.486884 -1.308874 0.897852
v -1.160154 1.872752 -1.803605
v -1.328212 2.006427 -1.742165
v -1.175793 1.940977 -1.696437
v -1.539937 2.323952 -0.588321
v -1.460009 2.338735 -0.395606
v 0.897384 2.564418 -0.739666
v 1.004094 2.483667 -0.908442
v 0.705832 2.552321 -0.908737
v 3.075659 -1.041827 0.172344
v 3.049694 -0.996471 0.363546
v 2.989945 -1.076989 0.279209
v 2.230356 0.706863 1.368851
v 2.303095 0.486165 1.076959
v 2.238473 0.467622 1.248626
v 2.204459 0.287512 1.255935
v 0.510569 2.333810 1.126313
v 0.760872 2.393549 1.048344
v 0.733032 2.454674 0.788278
v 0.267304 2.367429 1.326844
v 0.216226 2.397884 1.510250
v 0.364499 2.336179 1.476506
v 2.827556 0.111986 0.113615
v 2.899122 -0.020539 0.364894
v 0.537350 2.093127 1.713830
v 0.706339 2.064749 1.557714
v 0.330206 2.211564 1.760374
v -1.723239 2.108896 0.966523
v -1.769676 2.314274 0.400791
v -1.974436 2.037212 0.659085
v -2.090658 2.046738 0.035988
v 1.016970 0.621826 -2.575728
v 1.289617 0.477786 -2.471594
v 1.135666 0.393294 -2.548563
v -2.519314 0.962700 -1.641158
v -2.419594 0.972174 -1.434953
v 0.628699 -1.176337 -2.012307
v 0.960832 -1.122299 -1.772175
v 0.561287 -1.238830 -1.859825
v 1.899643 1.751753 -0.605264
v 1.736966 1.945302 -0.622290
v 1.663706 2.036668 -0.475611
v 2.013778 -1.054473 -2.267631
v 2.610545 -1.148949 -1.370194
v 0.898612 1.774286 -2.372348
v 0.897022 1.625810 -2.306002
v 0.838394 1.436337 -2.509081
v 1.458892 1.742758 -2.128419
v 1.270046 1.817351 -2.100073
v 1.808977 0.502717 1.896341
v 1.906143 0.352589 1.640121
v 1.784641 0.670312 1.673280
v 1.596286 1.104966 1.697508
v 1.745471 0.864537 1.662801
v 1.663624 1.140713 1.659813
v 2.570304 -0.142852 -1.009686
v 2.566500 0.051527 -0.729384
v 2.615456 -0.088117 -0.646411
v 0.228093 2.645657 0.467828
v 0.115446 2.699662 0.394257
v 0.079678 2.538207 0.458028
v -0.145181 2.655322 0.388407
v -1.957593 1.843464 1.014335
v -1.886991 1.941322 1.017671
v -1.975765 1.840367 0.856108
v 1.050987 1.091952 2.078138
v 0.959800 1.323360 2.077169
v 1.685006 0.812711 1.761833
v 1.587500 0.963153 1.769728
v 1.458968 0.625792 1.886699
v -2.388298 -1.240205 -0.522675
v -2.577132 -1.187299 -0.698253
v -2.501678 -1.193332 -0.923376
v -2.748054 -1.117414 0.802427
v -2.847428 -1.125384 0.242494
v -2.586120 -1.259100 0.686025
v -0.022109 -1.235793 -1.573947
v 0.710515 -1.229809 -1.274970
v -1.181738 -1.205576 -0.534797
v -0.435696 -1.190130 -0.159556
v -1.245523 -1.190077 -0.124551
v -0.906837 -1.228215 -1.846230
v -0.140367 -1.195329 -0.703152
v 0.570655 2.396514 -1.358055
v 0.487023 2.420383 -1.634560
v 0.164033 2.466478 -1.594511
v 1.071069 2.045970 -1.928754
v 0.857832 2.386394 -1.813982
v -2.392117 1.679937 -0.039613
v -2.438127 1.549868 -0.237137
v -2.496412 1.593461 -0.013218
v -1.722240 -0.671898 -2.889678
v -1.723976 -0.784217 -2.877272
v -2.170032 -1.181862 -1.657096
v -2.045945 -1.048535 -2.017180
v -1.770670 -1.201809 -2.212915
v 2.423342 0.008074 -1.118642
v 2.462778 0.101804 -0.925677
v -2.899605 -0.951214 0.760303
v -2.946394 -0.877310 0.238011
v -1.813072 -0.312372 2.229825
v -1.216538 0.007241 2.387183
v -1.476959 -0.046702 2.305892
v -1.343208 -0.095024 2.385834
v 2.090673 1.637460 -0.580178
v 2.051742 1.718483 -0.352162
v 1.872287 1.886382 -0.398612
v 1.929431 1.915415 -0.273083
v 0.019044 0.254255 -3.508269
v 1.966325 1.802018 -0.016326
v 1.988824 1.955317 0.026037
v 2.047053 1.945549 0.103264
v 1.942237 2.021667 0.318658
v 1.949543 1.987037 0.160111
v 0.483539 -0.209228 2.905504
v 0.129737 -0.489593 2.947040
v -2.864261 0.666436 -1.632743
v -2.807364 0.452466 -1.768696
v -2.923027 0.430167 -1.519771
v -3.042140 0.680584 -0.801857
v -2.911211 0.602223 -0.626679
v -2.919373 0.835434 -0.560088
v -2.987533 0.806066 -0.742246
v -2.824201 0.997528 -0.779121
v -2.883964 0.887745 -1.059188
v -2.410824 -1.214531 -0.999729
v -0.985728 0.231154 -3.375732
v -0.683390 0.256138 -3.461539
v 1.280412 2.014938 -1.911739
v 1.450490 1.898545 -1.984942
v 0.981387 0.500545 2.439443
v 0.995993 0.213419 2.550043
v 1.124542 0.219017 2.390111
v 0.796687 0.294888 2.622198
v 0.896560 0.396583 2.565057
v 0.621938 0.445556 2.630165
v 0.771033 2.632804 -0.336616
v 0.713559 2.724785 -0.281693
v 1.003175 2.593373 -0.136263
v 0.970853 2.640737 0.023748
v 1.081122 2.638021 -0.053515
v 0.359819 1.906222 2.015203
v 0.207765 1.785168 2.160068
v 0.029840 1.322546 2.444605
v -0.662587 1.861624 -2.999579
v -0.441490 1.922557 -2.937443
v 0.110044 2.123425 -2.650494
v 0.424082 2.303172 -2.169960
v 0.464154 2.100363 -2.580967
v 3.009076 -1.041713 -0.249703
v 3.004591 -0.745230 -0.464343
v 2.452893 0.318454 -0.994757
v 2.091855 0.813492 -1.309371
v 2.039012 0.994226 -1.248947
v 2.116492 0.873831 -1.112990
v -2.033314 1.787043 0.891081
v -2.158238 1.692729 0.799720
v -2.200434 1.633307 0.962647
v -2.311759 1.252143 0.968031
v -2.334219 1.402131 0.793024
v -2.282211 1.292137 0.762869
v 1.135498 2.556962 0.194463
v 0.923781 2.652945 0.283865
v 1.198797 2.560375 0.400665
v 1.836622 -0.151333 -2.469068
v -0.380597 -1.258314 2.414796
v 0.232991 -0.747056 2.854381
v -0.397464 2.708359 -0.510592
v -0.311614 2.718320 -0.144795
v -0.269501 2.741582 -0.486152
v 1.900627 -1.363818 -1.925600
v 2.103559 -1.326688 -2.089451
v 2.039900 -1.371564 -1.903399
v 1.547964 -1.236210 -2.038455
v 1.622980 1.905728 -1.209577
v 1.606618 2.050439 -1.013908
v 1.839328 1.667654 -0.903609
v 1.816445 1.619502 -1.065175
v 1.683178 1.725217 -1.031640
v 2.534033 0.226099 -0.551569
v 2.553391 0.153183 -0.603974
v 2.463796 0.219916 -0.887695
v 2.577861 0.284659 -0.527895
v 2.167762 -1.301887 -1.556586
v 2.058075 -1.218901 -1.242233
v 1.397234 -1.226366 -1.377635
v 1.603498 -1.236933 -0.704001
v -0.968616 0.612044 2.317482
v -1.063896 0.604950 2.367107
v -0.852772 0.519936 2.334852
v -0.485543 1.221697 2.180623
v -0.383439 1.033136 2.282038
v -0.411610 1.236760 2.301365
v 2.363314 0.187248 -0.795963
v -0.193988 2.518048 0.514854
v -1.705305 1.403358 -1.621644
v -1.496078 1.363619 -1.842108
v -1.679355 1.214568 -1.700671
v -1.498108 1.164441 -1.897605
v -1.690112 0.910588 -1.996390
v -1.752951 1.114513 -1.748915
v 0.219998 -0.544962 -3.686573
v 0.074880 -0.517909 -3.754563
v 0.311557 -0.531358 -3.790457
v 0.113087 -0.495139 -3.849767
v 0.371073 -0.370015 -3.744630
v 1.702689 1.697121 -1.882494
v 1.784872 1.585104 -1.770388
v 1.402380 1.421444 -2.079340
v 1.531426 1.567692 -2.132891
v 1.386808 2.155025 0.909360
v 1.818243 1.442439 1.231787
v 1.788780 1.399523 1.122515
v 1.696235 1.684037 1.243948
v -0.115613 0.486259 2.783933
v -0.403004 0.418950 2.613398
v -0.267701 0.308688 2.595351
v -0.651708 0.310980 2.453737
v -0.817338 0.364937 2.446957
v -0.706902 0.225279 2.464812
v -0.111307 1.061257 2.593472
v -0.389729 0.754922 2.568360
v -1.903301 0.371896 -2.230999
v -2.103562 0.356617 -2.253493
v -2.006328 0.557716 -2.264323
v -0.237076 1.270586 -3.045678
v -0.536089 1.391052 -3.173481
v -0.493105 1.414119 -3.032705
v 0.428754 1.628668 -2.779965
v 0.432582 1.434711 -2.871549
v 0.261171 1.569198 -2.831033
v -2.636230 -0.720888 -0.074305
v -2.614255 -0.907755 -0.123518
v -2.611113 -0.895795 -0.017735
v -2.506521 -0.009468 0.872051
v -2.545284 0.150052 0.899208
v -2.698081 0.029515 0.893765
v -2.287583 -0.083352 1.088826
v -2.396302 -0.181489 0.876914
v -2.257210 -1.209034 -1.417785
v -2.443910 -1.173959 -1.226179
v -2.323119 -1.153572 -1.487320
v -2.837723 -0.820228 -1.150340
v -2.704409 -0.898617 -1.314056
v -2.811301 -0.816752 -1.056265
v -1.329710 2.341165 -1.058855
v -1.148601 2.585600 -0.726023
v -1.003640 2.560534 -0.859140
v -1.172708 1.657746 -2.019851
v -0.919647 1.847929 -2.156706
v -0.330317 2.428098 -1.896555
v -0.643261 2.284667 -1.971069
v -0.521481 2.398648 -1.796841
v -1.860360 1.630716 -0.846080
v -1.791058 1.795073 -0.836458
v -1.817128 1.654124 -0.973890
v -1.559358 2.249725 -0.772504
v -1.459132 2.346846 -0.698624
v 1.165307 -1.248504 0.836683
v -2.869704 0.508496 -0.550155
v -2.877830 -0.021183 -0.015287
v -2.954775 -0.065844 -0.127771
v -2.767171 -0.135094 0.065036
v 2.147856 0.509541 1.357126
v 2.122329 0.224592 1.360750
v 1.994530 0.635564 1.520119
v 1.640793 0.851518 -2.297502
v -2.133884 0.173858 -2.264335
v -1.904594 0.157166 -2.129048
v 2.097358 0.935224 -1.905960
v -2.754060 0.181461 -0.398101
v -2.870452 0.216489 -0.373011
v -2.681056 0.234173 -0.522786
v -2.763017 0.086672 -0.684485
v -2.700685 0.128719 -0.601104
v -2.837595 0.168884 -0.965734
v -1.457670 0.522091 -2.772069
v -1.414593 0.399481 -2.967680
v -1.521260 0.345184 -2.916202
v -1.253523 1.231063 -2.945103
v -2.846483 -0.678644 1.020606
v -2.932591 -0.727654 0.723637
v -2.913191 -0.836180 0.897822
v -2.796192 -0.604021 0.926600
v -2.604072 -0.633584 0.956067
v 0.542866 1.038329 2.546089
v 0.207747 0.788267 2.747873
v 0.463803 0.851032 2.698411
v -1.700855 1.692926 -1.306127
v -1.612604 1.669157 -1.663357
v -1.751706 1.237646 -1.588519
v -1.176273 2.091382 -1.435208
v -1.516475 2.021483 -1.526761
v -1.369023 2.020899 -1.346612
v -0.487084 2.507247 0.695004
v -0.944162 2.445575 0.856226
v -1.294249 -1.080412 -3.149398
v -1.535172 -0.940922 -3.046800
v -1.080222 -0.973254 -3.447363
v -1.273146 -0.892209 -3.386847
v -1.724684 1.535117 -1.300346
v -2.082555 1.143866 -1.211679
v -2.143636 1.075997 -1.359929
v -2.515609 1.137227 -1.006518
v -1.357051 0.605660 2.294953
v -1.714887 0.839572 1.999777
v -1.548896 0.462977 2.231417
v -1.089568 0.265425 2.388411
v -1.123149 0.452425 2.416798
v -1.262139 0.310818 2.379756
v -2.338396 -0.940658 1.374970
v -1.957481 -1.187781 1.719495
v -2.252201 -0.977686 1.479923
v -2.159000 -1.179951 1.396362
v -1.408022 1.477630 1.424726
v -1.101948 1.505898 1.593167
v -1.417162 1.610234 1.388251
v -1.284952 0.855540 1.975624
v -1.655800 -0.845441 2.260086
v -1.391758 -1.187441 2.203955
v -1.358295 -0.945347 2.278115
v -1.424482 -0.381996 2.427119
v -1.524982 -0.166448 2.324715
v -1.685171 -0.388935 2.288535
v 1.393015 -1.099463 -2.150272
v 1.271635 -1.117992 -1.910555
v 1.286689 -1.024934 -2.076174
v 0.722175 -0.691633 -2.574302
v 0.694277 -0.774639 -2.491247
v 0.807092 -0.647089 -2.765074
v -0.952481 1.150703 2.044275
v -0.781198 1.287481 1.993837
v -1.016916 1.262237 1.920709
v -0.641795 1.084122 2.110413
v 1.971498 1.574579 -0.159366
v 2.026819 1.741763 -0.231836
v 1.952737 1.863736 -0.172372
v 2.008834 1.538778 -0.084831
v 2.040324 1.264679 -2.000950
v 2.011752 0.925702 -2.063182
v 1.937998 1.366283 -2.038357
v 1.841003 1.159382 -2.266050
v 1.715063 1.430424 -2.106639
v -1.676556 -1.191485 -2.512259
v -1.859047 -1.046093 -2.330845
v 0.646235 2.455534 -1.417487
v 0.584476 2.378340 -1.034715
v 1.006911 2.335804 -1.047339
v 1.064858 2.319038 -1.239783
v -1.285170 1.346440 -2.740907
v -0.880768 1.887821 -2.814028
v -1.100962 1.796549 -2.583171
v -1.702151 0.731675 -2.113508
v -1.915468 0.913746 -2.014255
v -1.927352 1.001142 -1.859987
v 1.659182 0.172066 1.947732
v 1.619803 0.379937 2.007126
v 1.493625 0.222990 2.007655
v 1.640847 0.673842 1.799518
v 1.628528 0.569643 1.950824
v 1.725198 0.551898 1.969771
v 2.704423 -0.851819 -1.127352
v 2.739473 -0.861178 -0.928526
v 2.766026 -1.207401 -0.691350
v 2.757882 -0.923020 -0.855801
v 0.723231 2.588732 -0.740984
v 0.703087 2.524524 -0.606602
v 0.838982 2.608509 -0.597783
v 0.881954 2.478852 -0.969447
v 1.040537 0.185165 -2.660885
v 0.848184 0.217811 -2.908337
v 0.881406 0.256345 -2.937626
v 0.652730 0.733029 -3.054440
v 1.483285 0.449394 1.993815
v 1.324434 0.436641 1.937008
v 1.526218 0.308726 2.015319
v 1.148717 0.338345 2.345372
v 1.076954 0.576503 2.181828
v 1.021468 0.565365 2.375466
v 0.540044 2.452138 -0.640778
v 0.542767 2.386215 -0.881487
v 0.790933 -0.363618 -3.350959
v -2.449762 0.387607 -2.182114
v -2.072742 0.662156 -2.249061
v -2.140223 1.018262 -1.695272
v -2.240490 0.992100 -1.418161
v 2.417647 0.916607 -0.808890
v 2.408346 1.036252 -0.720869
v 2.207823 0.742982 -1.376688
v 2.121589 0.813787 -1.130541
v 2.297900 0.700959 -1.119505
v -2.071906 0.809988 1.621807
v -2.226953 0.681631 1.136267
v -2.587550 0.660016 0.691306
v -2.402555 0.660721 0.787369
v -2.612777 0.760948 0.571500
v 0.697915 0.908763 -2.991990
v 0.611013 1.115037 -2.946603
v 0.766408 0.995384 -2.820817
v 0.801860 0.712853 -2.955656
v 0.814047 0.868413 -2.760653
v 0.950085 0.755439 -2.626199
v -0.006408 2.640630 -0.756091
v -0.000549 2.506612 -0.965681
v -0.163147 2.641451 -0.947075
v -0.227411 2.477833 -1.395760
v -0.248254 2.535974 -1.218406
v -0.043551 2.491041 -1.289247
v -0.542983 0.474524 2.476212
v -0.655714 0.636296 2.376548
v -0.846105 0.694152 2.279889
v -2.427595 0.657933 -2.135834
v -2.734436 0.469777 -1.908558
v -2.579748 0.754696 -1.954789
v 2.201160 -0.652608 -2.282696
v 2.272308 -0.559641 -2.106643
v 2.418339 -0.709229 -2.015891
v 2.632436 -0.638146 -1.361012
v 2.560586 -0.434845 -1.232379
v 2.662505 -0.624262 -1.216332
v -1.989420 0.171140 1.683033
v -2.071152 -0.015600 1.818524
v -1.885445 0.260495 1.881225
v -2.105659 0.314772 1.428777
v 1.477915 2.345389 0.651568
v 1.103507 2.530530 0.635153
v 1.539115 2.380345 0.257526
v -0.684657 0.868437 -3.406794
v -0.534395 0.964812 -3.390070
v -0.448655 0.649340 -3.474320
v -0.961567 1.474798 -3.153736
v -0.740340 1.516284 -3.129419
v 2.354879 -0.117773 1.057792
v 2.494411 -0.016750 0.879072
v 2.457938 0.181316 0.901329
v 2.054143 -1.069266 1.807139
v 2.340560 -0.914264 1.535779
v 2.097106 -0.858376 1.820588
v 2.088259 -1.215915 1.653132
v -1.884399 0.235886 -2.147483
v -1.617549 0.471303 -2.442983
v -1.766879 0.190952 -2.342899
v -1.727610 0.472868 -2.298481
v -2.791090 0.417229 -0.474959
v -2.867210 0.476133 -0.374249
v -2.845225 0.328324 -0.046065
v -2.731048 0.592051 -0.003746
v -0.818555 2.342286 -1.417278
v 1.230800 2.277515 -1.035144
v 1.408777 2.170850 -0.907403
v 1.266248 2.241427 -1.159228
v -2.281519 -1.244602 -0.374988
v -1.503253 -1.202851 -0.966268
v -1.699267 -1.207935 -0.167473
v -1.504972 -1.214737 0.319376
v -2.356961 -1.269124 0.680091
v 0.533706 0.472732 2.710592
v 0.659012 0.558156 2.670906
v 0.364426 0.436627 2.763267
v -1.728178 -1.145808 -2.557084
v -1.779531 -0.954045 -2.682234
v -0.335234 2.195596 -2.456450
v -0.459472 2.126482 -2.627845
v -0.572067 2.245841 -2.434137
v -0.596722 2.325693 -2.109785
v -0.374809 2.369413 -2.029850
v -2.442399 1.575406 0.505699
v -2.593363 1.379799 0.271602
v -2.344213 1.114241 0.583505
v -2.352569 1.299372 0.660176
v 2.462706 1.199276 -0.688595
v 2.444268 1.337991 -0.633507
v 2.482831 1.217252 -0.402955
v -0.706412 -0.794837 2.474138
v -0.804723 -0.899157 2.515702
v -0.239700 -0.575893 2.615942
v -0.466885 -0.794833 2.541427
v -2.716976 0.140667 -1.423648
v -2.718426 0.201169 -1.619952
v -2.667729 0.139868 -1.600044
v -2.824678 1.054235 -0.561433
v -2.618089 1.393913 -0.099774
v -2.471354 1.385485 -0.474125
v -2.827222 1.037205 -0.268281
v -2.815136 0.772941 -0.149364
v -2.793404 0.913182 0.020227
v -0.286040 1.012022 2.540767
v -0.296089 1.159570 2.502527
v -0.357549 0.930119 2.321638
v -0.173484 1.227391 2.494572
v -2.523965 -0.068356 -2.160342
v -2.479814 -0.290520 -2.105374
v -2.464987 -0.579894 -2.013250
v 0.670999 1.245124 2.187212
v 0.292138 1.601073 2.264590
v 0.525962 1.417528 2.111087
v 1.655404 1.952375 -1.342073
v 1.547914 -0.023829 -2.528779
v 1.446161 -0.156138 -2.432003
v 0.167721 0.913554 -3.356004
v -0.122759 0.735099 -3.480225
v 2.878438 -0.431778 0.841308
v 3.004340 -0.403376 0.680620
v 2.698290 -0.129141 0.757871
v 1.312012 0.021906 -2.591349
v 1.191484 -0.066385 -2.629541
v 2.209369 0.177602 -1.843045
v 2.166784 0.147824 -1.901397
v 2.097315 0.204942 -1.929967
v 0.070084 2.054030 -2.752590
v 0.369631 1.982060 -2.730112
v 0.200124 1.951162 -2.818475
v 0.362386 1.670370 -2.772975
v 0.245398 1.756321 -2.881146
v 0.343183 -0.509833 2.923471
v 0.138258 -0.584636 2.888793
v 0.338955 -0.618315 2.853805
v -1.900744 1.813268 1.169676
v -2.210603 1.537916 1.121243
v -1.989204 1.583421 1.347675
v -2.195338 1.043873 1.187010
v -2.125500 1.218320 1.276380
v -2.186706 1.333805 1.179241
v -2.777077 -0.953649 1.010884
v -2.637336 -0.977691 1.150508
v 1.721104 -1.236003 2.014847
v 1.921725 -1.249517 1.824505
v 1.677849 -1.185381 2.100416
v -1.900756 -1.269764 1.666398
v -2.666152 -0.647175 -0.356511
v -2.690662 -0.495134 -0.562258
v -2.652400 -0.747713 -0.436582
v -2.766078 -1.094234 -0.133656
v -2.785396 -0.950364 -0.340795
v 0.862687 2.681665 0.021228
v 0.908356 2.625563 -0.245553
v 0.407962 0.207023 2.894758
v 0.702672 0.240429 2.795488
v 0.550395 0.193751 2.832516
v 0.729171 0.154311 2.706779
v -1.969258 -0.389799 -2.184926
v -1.961773 -0.112902 -2.303206
v -1.832402 -0.386296 -2.400488
v 1.130371 2.364071 -1.353205
v 0.930915 2.407578 -1.520023
v 0.874838 2.349515 -1.317518
v -2.265144 -1.025519 -1.676408
v -2.000916 -0.643808 -2.122998
v -1.928198 -0.914527 -2.267738
v -0.793983 2.076020 -2.389655
v -0.687708 2.163775 -2.396629
v 2.243858 0.918359 0.974245
v 2.049790 1.097201 0.898118
v 1.851564 1.204081 1.283235
v 2.006903 0.902075 1.274709
v 1.971116 1.094726 1.098880
v 1.621464 0.478730 -2.428202
v 1.455166 0.373338 -2.497280
v 1.701097 0.459592 -2.352404
v 2.416320 0.161945 -0.662700
v 2.176267 -1.247276 1.406573
v -1.342864 -1.260396 2.026337
v -2.174094 1.390935 -0.799056
v -2.354304 1.315437 -0.805189
v -2.423060 1.400557 -0.569138
v -2.994358 0.027882 0.289841
v -2.833970 -0.067159 0.245068
v -2.955303 -0.123323 0.347630
v 0.846803 -0.964600 -2.016889
v 0.805268 -0.881991 -2.143039
v 0.790709 -0.790492 -2.203013
v 0.804760 -0.988427 -2.236858
v 0.816669 -1.082980 -1.931527
v 2.649084 0.647589 -0.378988
v 2.675381 1.019100 -0.052921
v 2.611862 -1.432473 -0.176405
v 2.553149 -1.367297 0.278954
v 2.401546 -1.338103 -0.100696
v -1.804229 -0.909036 2.175459
v -1.861076 -1.158418 1.998516
v -1.662018 -1.218958 2.115956
v -2.032903 -0.945748 2.023510
v -2.115271 -0.902925 1.882708
v -2.779831 0.094533 -1.611765
v -2.890083 -0.118360 -1.145516
v -2.871999 -0.109005 -1.298328
v -2.929041 -0.372687 -1.343131
v 0.246477 2.756587 0.305983
v 1.411056 2.008885 1.191023
v 1.268938 2.210980 0.976328
v 1.201888 1.846602 1.421966
v 1.402343 1.911365 1.295064
v 1.250857 2.009747 1.331055
v -0.200393 -1.083001 -3.358854
v 0.025116 -1.000847 -3.479734
v 0.019050 -1.046510 -3.312421
v 0.582787 -1.057462 -3.054030
v 0.617448 -0.955823 -2.956530
v 2.381835 -1.277920 -1.847401
v 2.382964 -1.228862 -1.956663
v -1.729118 0.926642 1.845637
v -1.652281 0.847333 1.849209
v -1.575969 0.894312 1.848612
v -2.067519 1.032056 1.585440
v -2.064243 1.126182 1.385296
v -1.831567 0.795061 1.896201
v -1.490672 2.277194 0.826348
v -2.723814 -1.189454 -0.052133
v -2.626611 -1.238308 -0.353859
v -2.671901 -1.242291 0.291740
v -2.715203 -1.150119 -0.434732
v 1.722957 2.054576 -0.323155
v 1.752480 2.120427 0.140866
v 0.401753 -1.194273 -2.895133
v 0.535614 -1.151453 -2.961905
v 0.461493 -1.233441 -2.680710
v 0.005042 -1.205215 -2.602396
v -0.035965 -1.226773 -2.108212
v -0.490476 1.549887 -3.070651
v -0.429101 1.598588 -2.959224
v 0.020605 1.709710 -2.961570
v -0.152513 1.608073 -2.828141
v 2.214254 -0.815350 1.638646
v 2.204609 -0.563391 1.436641
v 2.136503 -0.491655 1.645682
v -2.271402 -0.869295 1.441890
v -2.306370 -0.693573 1.300123
v 0.748348 1.566793 1.834517
v 0.614553 1.475602 1.905002
v 0.501028 1.669057 2.076695
v 2.666801 0.156077 -0.270412
v 2.579178 0.211033 -0.371412
v 1.069268 2.487487 -0.641600
v 1.035217 0.539027 -2.636762
v 0.903715 0.450633 -2.913807
v 1.031955 0.443808 -2.632956
v -0.100298 2.329276 1.507753
v 0.111504 2.365871 1.363852
v -2.810328 1.117366 -0.415495
v -2.789535 1.151054 -0.031596
v -2.604928 1.223480 0.341508
v -2.602470 1.325570 0.152755
v -2.668834 1.156435 0.134336
v 0.442251 -0.934950 -3.386619
v 0.402513 -0.706784 -3.347897
v 0.545571 -0.849497 -3.298018
v 0.180937 -0.960936 -3.373672
v 0.368868 -1.090052 -3.289443
v -0.331578 1.795882 -2.741822
v -0.332315 1.721002 -2.853736
v -0.426779 1.751136 -3.074993
v -0.392972 2.077060 -2.603840
v -1.492641 0.183927 -3.147724
v -1.689300 -0.055456 -3.003461
v 2.161751 1.684587 0.503031
v 2.087852 1.359683 0.574437
v 2.134403 1.443460 0.436886
v 2.180179 1.700647 0.406926
v 2.161800 1.711705 0.292486
v 2.115874 1.830789 0.323879
v -2.973600 -0.450232 0.443297
v -2.893324 -0.494767 0.305182
v -2.956707 -0.628781 0.276724
v 0.220777 2.458514 -1.393007
v 0.085443 2.527804 -1.414985
v -2.497293 1.254118 -0.750718
v -2.638714 1.070128 -0.974690
v -2.613426 1.009372 -1.264586
v 0.769413 -0.542091 -2.400361
v 0.806261 -0.649502 -2.343003
v 0.821263 -0.386475 -2.481962
v 1.062103 -0.281750 -2.726178
v 1.070977 -0.301599 -2.543183
v 2.233053 1.323848 0.062773
v 2.276492 1.306501 0.305300
v 2.480998 1.097199 0.130740
v 2.394559 1.142073 0.448406
v 2.940840 -0.657218 -0.526697
v 1.264172 -0.439474 -2.216047
v 0.968183 1.476175 1.997912
v 1.071427 1.290987 2.061381
v 1.026004 1.190568 2.010921
v 1.264307 1.310995 1.966238
v 2.490520 1.057440 -0.556887
v -0.456485 -0.564143 -3.729671
v -0.355633 -0.452148 -3.803008
v -0.261126 -0.645636 -3.822298
v -0.918717 2.607575 0.419375
v -0.989396 -1.135786 -3.363449
v -0.429846 -1.135346 -3.414776
v -0.888513 -1.234313 -3.107560
v 2.149234 0.090232 -1.845342
v 2.287131 -0.025156 -1.807467
v 2.141014 0.009914 -1.895380
v -1.034950 0.295293 2.377089
v -0.810593 0.183741 2.413712
v -1.040686 -0.318128 2.430895
v 2.507909 0.239278 0.772160
v 2.598585 0.090684 0.745338
v 2.617356 0.269872 0.617528
v -2.052841 1.927406 -0.269609
v -2.034369 1.941596 0.614902
v -2.198248 2.005163 0.322791
v -2.160811 1.881923 0.482941
v 0.879888 -1.254251 2.405644
v 0.457676 -1.248198 2.538747
v 0.011091 -1.255398 2.404624
v 0.271469 -1.208045 2.631683
v -2.915560 -0.359245 -1.223783
v -2.897620 -0.194554 -0.967401
v 1.442745 1.511134 1.618659
v 1.421503 1.377915 1.673450
v 1.575232 1.486022 1.482836
v -2.610081 -0.391008 -1.987608
v -2.647028 -0.546311 -1.835122
v 1.265542 1.527838 1.896685
v 1.361678 1.534715 1.813373
v 2.015179 1.312195 -1.869600
v 1.826208 1.488533 -1.933800
v 0.610771 2.459282 -1.711171
v -1.001436 -0.155926 2.395172
v -0.746415 -0.098772 2.390885
v -0.950638 0.146193 2.352134
v 0.301609 0.225976 -3.225008
v 0.293352 0.188307 -3.388276
v 0.189055 0.274477 -3.303888
v 0.993716 0.118915 -2.892766
v -0.464079 2.638622 -0.991602
v -0.682603 2.615511 -1.004205
v -0.642788 2.657255 -0.831777
v -0.565534 2.709950 -0.436935
v 2.249621 0.276297 -1.569357
v -2.619468 -0.964869 -1.351983
v -2.522654 -1.118142 -0.957445
v 1.867707 1.334247 1.323873
v 1.471366 1.305933 1.731965
v 1.628679 1.313088 1.651949
v 1.649101 1.392991 1.512840
v 0.989018 2.096100 -2.041051
v 1.038980 1.808433 -2.137800
v 1.059631 1.620315 -2.082422
v 0.983267 1.936234 -2.187737
v -2.979033 -0.015344 0.509544
v -2.824152 0.162426 0.641133
v 2.764237 0.093907 -0.120889
v 2.618252 0.194443 0.094659
v -0.922223 1.895890 -1.985236
v -1.346506 1.647658 -1.917424
v -1.254975 1.727400 -1.851388
v -1.252310 1.515923 -1.927045
v -1.898964 -0.126922 -2.376171
v -1.839915 -0.026261 -2.334748
v 2.154882 1.148620 -1.398870
v -0.520102 2.441397 0.885517
v -2.419725 0.087726 -2.273428
v -2.345313 0.146696 -2.218018
v -2.338839 0.273495 -2.232545
v -1.791365 2.175814 -0.341833
v -1.838673 1.816309 -0.756435
v -2.016402 1.647147 -0.680505
v -2.028476 1.806591 -0.509555
v 2.220639 0.994454 -0.849136
v 2.040020 1.350299 -1.057209
v 2.153230 1.321357 -0.926349
v 2.056438 1.518606 -0.964652
v 2.074615 1.619220 -0.759837
v 1.536809 -1.256509 1.343188
v 2.026587 -1.258330 1.035034
v 2.304992 -1.338684 1.068234
v 2.462923 0.330005 0.793423
v 2.140776 0.071255 1.317600
v 2.080571 0.147871 1.194180
v 2.122627 0.073821 1.430815
v 1.014705 0.841882 2.269556
v 0.895907 0.616055 2.436006
v 2.341217 0.838496 -0.995242
v -0.943866 0.348169 -3.282715
v -1.047781 0.315031 -3.289649
v -1.104270 1.193788 1.940333
v -1.394046 1.167365 1.602817
v -1.537545 1.356626 1.468857
v -1.582441 1.209362 1.577174
v 0.380411 2.774249 -0.337514
v 0.042806 2.541083 -0.473738
v 0.120910 2.669392 -0.419320
v 0.096171 2.476960 -0.731701
v 0.019044 2.580118 -0.673336
v 2.527750 1.035902 -0.242786
v 2.596628 1.076853 0.039399
v -1.427898 -0.640601 2.396024
v 1.965338 0.157968 1.342522
v 1.978540 0.197070 1.587582
v 2.110398 0.381875 1.386678
v -2.092087 0.097603 1.567026
v -1.883191 -0.559205 2.294771
v -2.031212 -0.296932 2.024548
v -1.457969 1.507109 -1.895259
v -1.453346 1.749513 -1.864255
v -1.374044 1.544355 -1.892151
v -1.263535 1.479357 -2.140636
v -1.286600 1.346114 -2.078400
v -1.346396 1.379745 -1.900774
v 1.733299 1.729506 -1.169481
v 1.786432 1.582135 -1.257598
v -1.362578 1.408829 1.518241
v -1.262868 1.343316 1.787407
v -1.033366 1.493629 1.795996
v -1.241259 1.439054 1.764569
v -1.969431 1.046554 1.639491
v -1.465443 0.957785 1.774050
v -1.653268 1.012998 1.787503
v 0.274925 0.095406 2.960507
v -0.112284 -0.018265 2.822675
v -0.256851 -0.044780 2.702665
v -0.433476 -0.154071 2.588113
v -1.100134 2.038858 -1.556400
v -1.346884 0.431025 -2.948690
v -1.375455 0.552744 -2.967925
v -1.267741 0.562567 -3.087593
v -1.453847 0.853525 -2.385634
v -1.409386 0.986450 -2.498456
v -1.421686 0.846248 -2.669432
v 2.841675 -0.595968 0.835229
v 3.020251 -0.673444 0.729680
v 2.820059 -1.115582 0.821838
v 3.024739 -0.900319 0.653388
v -0.426944 0.723239 2.494118
v -0.452553 0.791113 2.356587
v -0.834080 0.844823 2.252570
v -0.562007 0.768510 2.369060
v -0.712113 0.871228 2.246118
v 1.701481 0.320339 1.925385
v 1.848866 0.217551 1.796674
v 2.016253 -0.359584 1.711797
v -2.096879 1.473678 1.270098
v -0.010232 -0.653996 2.820951
v -2.789599 -0.305735 0.288587
v -2.714652 -0.194831 -0.075280
v -2.750973 -0.360027 0.179179
v 1.173705 0.957742 -2.271796
v 1.255326 1.156554 -2.129110
v -0.175851 1.937176 -2.765075
v -0.295696 2.004999 -2.676808
v -0.196887 1.723197 -2.772561
v -0.248106 1.818612 -2.716683
v 1.617152 1.985669 -0.996956
v 1.695222 1.815437 -1.090028
v 1.836743 1.830170 -0.655800
v 1.703265 1.849161 -0.782373
v 1.877464 1.558113 0.769366
v 1.845728 1.286358 1.035634
v 1.864863 1.336135 1.136615
v 1.972140 1.235408 1.062961
v 1.007647 -0.310424 -2.980348
v 0.985255 -0.437753 -3.079455
v 0.806121 -0.407643 -2.728408
v 0.895610 -0.416938 -2.867593
v -1.460449 1.094277 -2.175172
v -1.370396 1.212954 -2.025323
v 1.888728 -0.354573 -2.415453
v 1.352546 2.136327 -1.697010
v 1.423680 2.012515 -1.859366
v 1.762972 1.587612 -1.909337
v 1.688906 1.556949 -2.039971
v 0.019044 2.216287 -2.457251
v -0.161309 2.264210 -2.397074
v -0.298023 2.291517 -2.330868
v -0.402732 2.348254 -2.225409
v 2.777502 -1.014411 1.142225
v 0.019044 0.857849 2.723043
v -0.221359 0.797561 2.683397
v -1.650813 -1.267017 -1.757928
v -1.701924 -1.215318 -1.496998
v -1.986164 -1.224383 -1.554268
v 1.578340 2.045198 -0.700103
v -0.877197 1.573023 1.887090
v -1.751409 1.610540 1.352441
v -1.850054 1.755894 1.234543
v -1.911523 1.628826 1.356301
v -1.841252 1.488480 1.350820
v -1.874940 0.563096 -2.255363
v 0.873900 -0.518244 -3.169801
v 0.916306 -0.569286 -2.964720
v 1.616083 -0.202603 1.949003
v 1.551902 0.086391 1.968572
v 1.471131 -0.287016 2.067359
v 1.381098 -0.151128 2.127258
v 1.159637 0.152790 2.234854
v 1.203001 -0.127079 2.339101
v -1.765304 0.434031 1.996602
v -1.889250 0.464605 1.876341
v -1.905068 0.358139 1.813242
v -1.922419 0.316371 1.675943
v 2.713711 -1.288732 0.550057
v -0.767557 0.960482 -3.372225
v -0.707338 1.142377 -3.288629
v 0.035082 2.284595 1.623739
v -0.027448 2.193388 1.717110
v 2.365263 0.070309 1.030348
v 2.297465 0.109439 1.072746
v 2.299222 -0.014296 1.140357
v 0.759806 1.637460 -2.655073
v 0.485222 1.724864 -2.741657
v 0.568769 1.666144 -2.793731
v 0.664709 1.510150 -2.783442
v -0.805834 2.689053 0.055590
v -0.937648 2.656117 0.202953
v -0.657333 2.649363 0.204928
v -1.758857 1.693158 -1.123192
v -1.742170 1.508191 -1.182554
v -1.863442 1.395361 -0.980811
v -2.745005 0.358699 0.549913
v -2.858696 0.106895 -0.392761
v -2.952343 -0.043064 -0.386670
v -2.895905 0.094549 -0.140627
v -2.302154 0.200349 0.984109
v -2.212780 0.213173 1.159743
v -2.501251 0.522245 0.776977
v -2.668506 0.414937 0.661709
v -2.467370 0.390920 0.828614
v -0.668068 2.104851 -2.196352
v -0.688252 2.229567 -2.124921
v -2.789091 0.728030 -1.692579
v -2.776081 0.842458 -1.484963
v -2.611110 0.842141 -1.790355
v -2.931232 0.774810 -1.212269
v -2.848551 0.820872 -1.477109
v 1.401185 1.608114 1.634908
v 1.257630 1.603340 1.701261
v 2.275353 -1.325487 -1.696558
v 2.354457 0.647005 1.087244
v 2.410831 0.498162 0.884567
v 2.166075 0.827729 1.283596
v 2.579800 0.436102 0.469879
v 2.538650 0.634115 0.474760
v 2.566257 0.385649 0.600181
v 2.338161 0.764400 1.090628
v 2.442943 0.796816 0.883039
v 1.651468 1.724677 -2.007541
v -2.827581 -0.049553 -0.663507
v -2.790654 -0.080921 -0.564883
v -2.874564 -0.021018 -0.504644
v -2.800616 0.041355 -0.554439
v -2.738580 0.157891 -0.186625
v -2.876157 0.238341 -0.144931
v -2.864398 0.245439 0.112701
v -2.811579 0.305404 0.139528
v 0.270930 2.540317 0.489401
v 0.361148 2.623690 0.528970
v 0.272711 2.623502 0.452976
v -2.653041 -0.615642 -0.004553
v -2.736129 -0.165475 -0.443226
v -2.745202 -0.180826 -0.328696
v -2.970659 -0.083731 -0.274365
v 0.745101 -0.610600 2.698174
v 0.782992 -0.697585 2.692798
v 1.404428 -0.744481 2.300927
v 1.214563 -0.941902 2.431705
v 1.530629 -0.818418 2.215886
v 0.956077 -0.026026 2.594578
v 1.146365 -0.165420 2.444904
v 1.126956 0.099858 2.409735
v 0.669968 0.009301 2.729468
v 0.823248 -0.133797 2.656040
v -1.161673 2.524473 0.070343
v -1.400418 2.448466 -0.002418
v -1.266999 2.525652 0.159454
v -0.995291 2.528961 -0.137743
v -1.368874 2.383042 -0.189826
v -3.006828 -0.245418 0.651005
v -2.931074 -0.573043 0.666901
v -2.901145 -0.277495 0.804911
v 2.379946 -1.364250 -0.365244
v 2.065759 -1.237270 -0.757486
v 2.246253 -1.313752 -0.685608
v 2.185133 -1.247092 -0.911574
v -1.636830 -0.496753 -3.069076
v -1.771048 -0.332343 -2.943413
v -1.544026 -0.351673 -3.194307
v -2.246124 -0.372568 1.528707
v -2.263121 -0.597619 1.804087
v -2.294726 -0.635701 1.571835
v -2.117901 0.810447 -2.115589
v -1.958964 0.867640 -2.087705
v 1.876996 -0.463958 -2.384561
v 1.869902 -0.585190 -2.408413
v 1.631148 -0.542631 -2.366980
v -0.718130 -0.795044 -3.659260
v -0.442245 -0.718031 -3.718881
v -0.898224 -0.822191 -3.589009
v -2.605940 1.425707 0.008071
v -2.790496 0.718405 0.111215
v -2.716562 0.592346 0.204441
v -2.701514 0.764042 0.311231
v -2.094578 0.945817 1.603606
v -2.129849 0.780301 1.371171
v -1.991039 0.958587 1.746812
v -1.919660 0.885091 1.725413
v -0.168691 1.365392 -2.969831
v -0.294712 1.548779 -2.890545
v -0.079405 1.472603 -2.839573
v -0.461828 2.411225 -1.682845
v -0.378213 2.522839 -1.413280
v -0.241207 2.507491 -1.635778
v -0.705923 2.428333 -1.393218
v -0.446449 2.492111 -1.497912
v 0.786034 2.461990 -1.505004
v -2.690328 -0.817892 -0.604541
v -2.719808 -1.071326 -0.484853
v 2.280846 1.067003 0.719466
v 2.021979 1.231412 0.803479
v 1.971882 1.150473 0.977214
v 1.906856 1.276989 0.913485
v 1.239453 0.904510 1.935411
v 1.057929 0.827759 2.052787
v 1.058848 0.727313 2.319774
v 1.140943 0.562045 2.051501
v 0.729414 0.224602 -3.048471
v 0.652425 0.515062 -3.149809
v 0.481600 0.268192 -3.209059
v -1.032947 -1.187532 -1.313184
v 0.666490 -0.549129 -3.232773
v 0.688553 -0.624288 -3.076888
v 0.602232 -0.669268 -3.240584
v 0.306963 -0.776472 -3.417749
v 0.397153 -0.571068 -3.479400
v 0.504022 -0.594710 -3.355726
v -1.275908 1.542393 -2.491372
v -1.214126 1.581232 -2.743903
v -1.237268 1.500925 -2.297871
v -2.250696 0.767115 -2.127867
v -2.929962 0.213886 0.191418
v -2.764699 0.136974 -0.395046
v -2.740777 0.468894 0.168531
v -2.700733 0.628607 0.350805
v -1.174188 0.228423 -3.225380
v 1.633541 2.278719 0.399548
v 1.273422 2.520933 0.045928
v 0.309621 1.192048 -3.090992
v 0.235090 1.074400 -3.119756
v -0.072335 1.259243 -2.990701
v 0.215555 1.381207 -3.004618
v 0.019044 1.178990 -3.105853
v 2.191336 1.361589 -0.822589
v -0.553756 2.677358 -0.206019
v -0.690136 2.662818 -0.379090
v -0.744116 2.655839 -0.069923
v -0.678326 2.673734 0.069824
v 0.047954 2.502645 -1.074902
v 1.357852 0.313542 -2.492798
v 1.318865 0.205335 -2.555961
v -0.545224 -0.205017 2.455058
v -0.447383 0.015804 2.565856
v 0.970850 -0.922899 -1.958228
v -0.533201 0.133607 2.436129
v -0.308545 0.174356 2.581088
v -0.502906 0.282049 2.456100
v 1.314472 2.194360 -1.577534
v 0.849394 2.017485 -2.323037
v -2.168823 -0.892821 -1.935706
v -2.149850 -0.758181 -1.974370
v -2.340317 -0.713154 -1.939759
v -2.177764 -0.598365 -2.037143
v -1.637913 0.298761 -2.832965
v -0.572901 2.551857 -1.411965
v -0.448105 2.606148 -1.192979
v -0.870388 2.258124 1.395175
v -0.243593 0.984051 2.599987
v -0.369147 0.828540 2.416237
v -0.219257 -0.385335 2.770438
v 2.639310 1.007914 0.116142
v 2.729533 0.767716 0.053967
v -1.621264 1.900577 -1.460323
v 1.129766 1.913473 1.464503
v 0.593757 1.719018 1.927519
v 0.605431 1.592188 1.939287
v 1.109980 2.586697 -0.144259
v -1.347674 0.964741 -2.922264
v -1.394946 1.071659 -2.819139
v -1.516023 1.877729 1.296207
v -1.321164 1.956068 1.345124
v 2.380206 1.384153 -0.469578
v 2.278275 1.237257 -0.173158
v 2.460131 1.268357 -0.309718
v 0.841582 -0.376367 -2.590169
v 2.269377 0.252073 0.918738
v 2.171627 0.196737 0.945371
v 2.330634 0.213564 0.891324
v 2.094968 0.196469 1.169493
v -1.413010 1.961091 -1.757436
v -1.478301 1.816690 -1.789302
v -1.350241 1.865733 -1.816927
v -1.361782 1.791343 -1.796497
v 2.337758 1.014195 0.576016
v 2.223119 1.274754 0.463854
v 2.435545 0.964778 0.562408
v 2.438306 0.807716 0.599264
v -1.022973 1.563967 -3.070837
v 0.755193 1.868358 1.699916
v 0.894249 1.738004 1.651941
v 0.863214 2.008218 1.552749
v 1.761420 1.530292 0.962424
v 1.923555 1.364243 0.815256
v 1.781319 1.565654 0.809363
v 1.697530 1.606080 0.885142
v 1.619463 1.763952 0.972750
v -0.869146 1.705325 -3.040620
v -0.838851 1.789258 -2.941473
v -1.037485 1.709363 -2.896056
v -0.247392 0.040085 2.649574
v 1.163811 2.294082 -1.604224
v 1.215556 2.275235 -1.423080
v 0.324426 1.862725 -2.781056
v 0.535258 1.896253 -2.761860
v 0.499480 2.727748 -0.237340
v 0.613476 2.753674 -0.106997
v 0.399719 2.734866 -0.042080
v 0.614048 2.712874 0.146958
v -1.170128 1.592588 -2.032039
v -1.050193 0.486814 -3.250541
v -0.927200 1.986204 -2.412101
v -0.732219 1.996083 -2.193451
v -0.763145 2.082947 -2.319931
v 1.186387 0.330562 1.999010
v 1.301470 0.301674 2.077269
v 1.289907 0.466783 1.956085
v 1.406898 1.663652 1.548959
v 1.165841 1.792571 1.560779
v 1.321359 1.808199 1.518774
v 1.519829 1.815050 1.331315
v -1.477136 0.217387 2.169261
v -1.138462 0.168592 2.313413
v -1.191415 0.489653 2.375215
v 1.963054 0.121737 1.363626
v 1.950826 0.026099 1.738337
v 1.821975 0.170531 1.772256
v 1.799779 0.032372 1.863028
v 1.154327 2.277241 -1.130331
v -1.818477 0.240346 2.001722
v -1.583097 0.376687 2.147044
v 2.084813 -0.222256 1.533746
v 2.106863 -0.034574 1.347929
v -2.533877 -0.811901 1.187554
v -2.246365 -0.430334 1.417169
v -2.271907 -0.639731 1.157669
v -2.255903 -0.586543 1.488513
v 2.630978 -1.343893 0.891062
v -1.229566 -0.502484 -3.373835
v -1.298765 -0.357089 -3.351500
v 1.522167 1.640172 1.454826
v 1.748343 1.483457 1.363250
v 1.672175 1.627509 1.335382
v 1.447220 1.729927 1.489069
v 2.520146 -1.228765 -1.634204
v -0.189035 1.107545 -3.170800
v -0.019968 1.134866 -3.194833
v 0.019044 1.048361 -3.259134
v -1.641282 0.119674 2.202121
v -1.154658 0.115179 2.345472
v -1.416504 0.133909 2.165999
v -1.442561 2.332523 -0.897546
v -1.389137 2.450624 -0.663333
v -1.326066 2.431872 -0.407188
v -1.058110 2.578230 -0.475376
v -1.780480 1.063653 -1.698407
v -1.788557 1.148929 -1.408404
v -1.737075 1.143148 -1.651218
v 3.057466 -0.799379 0.484579
v -2.503251 -1.244847 1.089118
v 0.224432 2.396605 1.117790
v 0.076760 2.452344 0.969683
v 0.395172 2.391429 0.971586
v 0.658478 -0.582281 -3.447068
v 0.568426 -0.468281 -3.597245
v 0.689529 -0.322783 -3.522161
v 0.019044 2.317847 1.429052
v 0.104882 2.336688 1.620149
v 0.067753 2.179944 1.798861
v 0.214459 2.219294 1.756068
v 2.678634 -0.748178 -1.603555
v 2.505078 -0.443716 -1.579182
v 2.591297 -0.577763 -1.515543
v 2.424911 -0.218510 -1.497782
v 2.350870 -0.245519 -1.817372
v -0.249005 2.711698 -0.589545
v -0.089144 2.698455 -0.515392
v -0.653066 -0.965756 2.553960
v -0.840094 1.492179 1.929220
v -0.727133 1.362406 2.076013
v -1.552906 0.488116 -2.549704
v -1.480443 0.609248 -2.690064
v -1.565157 0.437722 -2.693448
v 0.981523 -0.694513 -2.093505
v 0.910367 -0.523412 -2.239319
v 1.028550 -0.439739 -2.212202
v 0.114669 1.932182 -2.815544
v -0.047513 1.857083 -2.862285
v 0.496071 -0.239661 -3.673235
v 0.629379 -0.028219 -3.485453
v 0.756592 0.054273 -3.297527
v 0.231930 2.314423 1.654662
v 0.453419 2.230882 1.627776
v -2.383909 0.819709 0.678946
v -2.301433 1.026900 0.683314
v -2.290699 0.719695 0.911854
v 0.503948 -1.086784 -3.137355
v 1.631704 0.664481 -2.371396
v 1.415795 0.659493 -2.437504
v 1.758227 0.565235 -2.337782
v 0.523789 2.490302 0.730089
v 0.310478 2.507997 0.720592
v -1.494389 0.200264 2.078070
v -2.285670 -0.001595 -2.299984
v -1.330032 1.827596 1.429567
v -0.028293 0.625289 -3.476247
v 0.019080 0.493823 -3.430722
v 0.114997 0.697764 -3.403242
v -0.575286 2.087158 1.771071
v -0.301073 1.894740 -2.762481
v -2.941860 -0.288775 -0.929551
v -2.928742 -0.478222 -1.115696
v -2.845785 -0.542119 -1.428687
v -2.640503 -0.767063 -1.615652
v -2.861519 -0.667283 -1.339558
v 0.563982 1.257996 2.279841
v 1.006921 -0.360725 2.587613
v 1.022996 -0.461456 2.586475
v -2.269231 1.461782 0.952163
v -2.288249 0.547998 1.044731
v -2.400838 0.520781 0.882052
v -2.406411 0.423487 0.893610
v -2.323933 0.639180 0.868479
v 0.980151 1.402900 -2.160852
v 1.059866 1.268554 -2.148494
v 1.105809 -0.574658 -2.120028
v 1.065746 -0.862946 -1.988695
v 2.035207 1.142555 -1.195125
v 2.132011 0.899156 -1.023897
v 1.867759 1.455745 -1.237610
v -2.773481 -1.145812 0.163590
v -1.728822 -1.289798 -1.890828
v -1.810007 -1.272857 -1.987552
v -2.979514 0.421298 -1.225475
v -3.040165 0.543894 -0.840635
v -0.101023 -0.577243 -3.861265
v -0.305344 -0.865476 -3.630163
v -0.123561 -0.737015 -3.816845
v -0.137222 -0.846299 -3.635306
v -2.678291 0.498472 0.518564
v 2.483580 -1.347390 0.520273
v 0.485891 2.358863 -2.107768
v 1.055338 2.327107 -1.639495
v 0.831658 2.444531 -1.695283
v 2.521829 -0.353996 1.009787
v -0.505157 1.855307 1.999041
v -2.205093 0.794846 1.035306
v -2.274477 1.046382 1.036995
v -0.653204 -0.655008 2.445718
v -0.640325 -0.858445 2.515616
v -0.441217 -0.675304 2.523636
v -0.651792 0.760183 -3.417048
v -0.967202 0.656973 -3.257295
v -1.013387 0.830706 -3.219302
v -0.871811 0.628613 -3.331345
v -0.254558 2.671060 -0.878063
v -0.374766 2.713542 -0.680872
v -0.150209 2.711271 -0.708722
v -0.339394 2.611434 -1.125334
v -2.213974 -0.546881 1.198322
v 0.552907 0.283334 2.765088
v 0.889000 0.204094 2.684018
v -1.389078 1.322777 -1.938348
v 1.206957 -1.144302 -1.680131
v 1.085210 -1.094667 -1.747794
v 0.332442 1.330083 -2.984403
v 0.440360 1.177763 -3.016960
v -2.008683 2.131201 0.440490
v 0.751536 2.154267 1.420183
v 0.931828 2.054116 1.468867
v 0.941557 2.404804 0.972622
v 1.335712 1.124370 1.890658
v 1.492630 1.197312 1.772420
v 1.399582 1.387106 1.763997
v 0.019044 -0.507991 -3.830078
v -0.020460 -0.715640 -3.771058
v 0.010361 -0.692149 -3.682072
v -2.822695 0.148386 -0.036891
v 0.488511 -0.936386 -3.126513
v 0.624912 -0.771456 -3.000442
v 1.151461 2.408521 -0.920343
v -2.231353 0.164726 0.935004
v 2.813017 -0.819985 1.025222
v 1.691258 0.873805 -2.305250
v 1.677345 1.239423 -2.227759
v -0.485213 1.346324 2.230540
v -0.517243 1.495081 2.194343
v -0.624438 1.327063 2.084513
v -0.028334 1.562294 2.313679
v -0.314098 1.615320 2.214051
v -0.249978 1.410387 2.363811
v -0.205294 0.363982 -3.455708
v -0.565774 0.335615 -3.379823
v -0.218642 0.493237 -3.431109
v -2.893520 -0.463529 -1.252482
v -2.950692 -0.565781 -1.176668
v 0.653690 1.308959 -2.854570
v 0.668411 1.157488 -2.923638
v 0.758376 1.326434 -2.651532
v 0.746830 1.202796 -2.802320
v -0.668971 -1.196439 0.079959
v -1.890018 2.007901 -0.448930
v -1.955333 2.039498 -0.303618
v -1.957791 2.106061 -0.235621
v -2.052679 1.999062 -0.218436
v 0.532636 2.325138 1.324230
v 1.892562 2.009902 0.637787
v 1.895258 2.075997 0.485362
v 1.620278 2.220076 0.651273
v -2.676214 0.900184 0.228212
v -2.768731 1.041635 0.077016
v 0.772659 0.239568 2.705555
v -2.545814 0.266791 0.913013
v -2.446728 0.220328 0.924961
v -0.911817 2.562446 -0.202182
v -0.882195 2.623081 -0.034737
v -0.828381 2.628968 -0.195447
v -1.115278 2.499032 -0.366038
v 1.601167 1.870051 -0.887091
v 1.627688 1.998821 -0.777071
v 2.099631 -0.618741 1.752618
v -0.392036 1.285498 -3.235340
v -0.478735 1.313538 -3.225742
v -0.249962 1.281533 -3.102363
v -0.451829 1.009318 -3.385876
v -0.320999 1.112109 -3.292074
v -0.191798 0.981904 -3.293789
v 2.446424 1.056954 -0.135151
v 2.325761 1.245269 0.041133
v -2.818083 0.246564 -1.628746
v -2.816921 0.192752 -1.409641
v -2.986343 -0.611567 0.401057
v 0.596401 -0.896204 -2.926248
v 0.764371 -0.628147 -2.923970
v 1.255740 -0.569335 2.390610
v -0.059797 2.406673 -2.098032
v -0.295316 2.407415 -2.060601
v -0.173175 2.481286 -1.833087
v -1.861796 1.247024 -1.139915
v -2.339319 1.263010 -0.901688
v -1.906603 1.419950 -0.886564
v -1.869967 1.664522 -0.756085
v -1.105908 0.804602 2.130107
v -1.152725 0.611720 2.291538
v -1.020845 0.964404 2.076056
v -0.975744 0.786201 2.176070
v 1.951213 1.202370 -2.162730
v 3.028452 -0.188731 0.480798
v 2.810276 -0.057238 0.608073
v 3.036047 -0.090975 0.194747
v -1.827542 1.206699 -1.319878
v 0.295583 -0.677576 -3.549722
v 0.929899 1.910595 1.518307
v -2.707830 -0.510324 0.171259
v -2.702961 -0.378243 -0.161132
v -2.671245 -0.470749 0.082245
v 1.345590 -1.208797 -1.510782
v 1.078067 -1.228396 -1.532856
v 0.650407 2.475807 -0.525510
v 0.669654 2.527264 -0.356849
v -2.721643 0.412031 0.099011
v -2.219785 -0.474843 -2.069783
v -2.061650 -0.213407 -2.238904
v -2.064283 -0.461018 -2.061125
v -1.500797 2.265151 -1.011960
v -1.490723 2.099764 -1.129911
v -1.596730 2.146374 -1.025171
v 0.508601 0.250684 -3.111037
v 0.792123 0.165669 -3.098667
v 0.552430 0.210465 -3.092227
v -2.953267 -0.049979 0.208979
v -2.627909 -0.970432 -1.135695
v -2.732292 -0.781538 -0.843994
v -1.682099 1.782052 -1.424417
v -1.596954 2.017033 -1.072583
v -1.654183 1.923528 -1.268885
v -1.706355 1.925305 -1.071349
v -0.789810 2.598500 -0.781420
v -0.326521 -0.778805 -3.734584
v 3.052850 -1.035050 0.017288
v 1.500484 -0.955644 -2.288435
v 1.642916 -0.832495 -2.364878
v 1.776074 -1.191859 -2.267521
v -1.783120 1.365956 1.450379
v -1.697802 1.467917 1.427206
v 1.857374 -0.216528 1.823622
v -2.905955 0.063370 -1.341825
v -2.951047 0.087787 -1.091167
v -2.781590 0.148806 -1.264617
v -2.878518 0.082755 -0.902135
v -2.793528 0.652388 -0.192061
v -2.960162 -0.006113 -1.080891
v -2.902436 -0.022603 -1.330272
v 2.338889 0.871472 0.828029
v 2.383918 0.744255 0.738976
v 2.447021 0.706595 0.690915
v 0.874787 0.936000 -2.648165
v 0.813650 1.220119 -2.541006
v 2.626044 -0.256996 -0.886629
v 2.611159 -0.300344 -1.032970
v -0.617945 0.370300 2.481930
v -0.412399 1.499092 -2.939764
v -2.557288 0.984790 -1.320809
v -2.334438 1.015587 -1.367091
v 1.714483 -0.290501 1.938304
v 1.663813 -0.417070 1.950791
v 1.445810 -0.490945 2.139869
v -2.411615 0.071206 0.940721
v -2.239034 0.102691 0.923194
v -2.099936 0.156464 1.168388
v -2.253901 0.069883 1.128676
v -2.181066 0.054883 1.252911
v -1.600406 -0.495416 2.374305
v -1.571088 1.932044 -1.274852
v 0.630854 0.820429 2.656508
v 0.775267 0.580697 2.547864
v 1.732288 -1.239938 -2.218269
v -0.229832 2.400791 1.178150
v -0.385263 2.425262 1.095515
v 0.461799 -0.521838 -3.534354
v -1.177709 0.424731 -3.149376
v -1.072656 0.733590 -3.217181
v -1.298279 0.809888 -3.017592
v -1.394652 0.703716 -2.944641
v 2.253427 0.682642 -1.383071
v 2.127570 0.793918 -1.656507
v -2.916339 0.920719 -0.563405
v 2.044899 -0.114117 1.639056
v -2.816490 -0.138360 0.245971
v -1.925125 0.146094 1.494102
v 0.455212 -0.530073 -3.687027
v -0.977993 2.488227 0.644413
v -1.781924 2.262725 -0.044138
v -1.498541 2.459276 0.082184
v 1.290702 -0.197435 -2.487180
v 1.207639 -0.336545 -2.388791
v 0.826789 -0.434958 -2.376902
v 1.019488 -0.389345 -2.458467
v 2.227618 -1.256507 -0.277400
v 2.343962 -1.243447 0.201129
v 2.289043 -1.315160 0.018894
v 2.409008 -1.320553 0.223566
v 0.273976 0.049984 -3.617909
v 0.526851 -0.017029 -3.560460
v -1.155012 -1.216752 -2.813434
v -0.890148 -1.207263 -2.966243
v -1.093654 -1.240741 -2.543835
v -1.383825 1.075349 1.702226
v -1.279131 0.994175 1.773846
v -1.279813 1.249899 1.785722
v 1.136074 -0.175619 -2.637565
v -1.023326 -0.688062 2.451354
v 0.020151 0.519249 2.794060
v -0.139816 2.512682 -1.640617
v 0.277161 2.772745 -0.167180
v -2.245304 1.097728 0.807963
v 1.412655 0.589817 1.917531
v 1.998046 0.362325 1.552525
v 0.702944 -1.091324 2.576405
v 0.681534 -0.885979 -2.427030
v -0.690728 2.132659 -2.037524
v 1.124682 0.427979 2.091789
v 1.179315 0.288571 2.143565
v 3.009851 -0.114617 0.014969
v -2.803458 0.156185 -1.059068
v -2.997012 0.379227 -0.992144
v -2.913406 0.199694 -1.051492
v -2.794476 0.224746 -0.910822
v 1.906396 1.784991 -0.019362
v 1.927793 1.963443 -0.062709
v 1.691423 2.124973 -0.034900
v -0.297875 2.664966 -1.049302
v -0.090394 2.551712 -1.054027
v -2.781957 -0.377718 0.834245
v -0.284343 1.322173 2.360215
v 2.317322 0.374421 0.880207
v 2.423683 0.224308 0.901401
v -0.684514 1.509452 2.089145
v 1.851535 -1.203575 -0.981956
v -1.816534 -0.309145 -2.830368
v -1.793795 -0.242252 -2.859295
v -1.849420 -0.305109 -2.499788
v -1.853633 -0.158889 -2.534305
v 0.517785 -1.222517 -2.247863
v 0.512963 -0.791704 -3.175858
v 0.604119 -0.745850 -3.338222
v -0.677026 2.580524 0.451994
v -0.719081 2.584567 0.582928
v 0.943072 2.522150 0.683058
v 0.664550 2.564113 0.466747
v 1.570208 1.840540 1.142990
v 1.663492 1.668429 1.055296
v 1.605754 1.720870 1.279740
v 2.518183 -0.406729 -1.422351
v 2.514272 -0.151339 -1.215274
v 1.171344 1.155369 1.920859
v -0.472904 1.007058 2.263900
v 2.268897 -0.451646 1.328170
v 2.373691 -0.437182 1.168589
v 2.625633 0.295982 0.230726
v 2.548913 0.791988 -0.565986
v 1.739721 1.709186 0.967487
v 1.566548 1.945329 1.022389
v 2.025207 0.069962 -2.033087
v 1.870061 0.139603 -2.148348
v 1.932043 0.236896 -2.044177
v 2.081653 -0.050242 -2.104639
v 0.787882 0.812745 2.452969
v 1.595387 -1.246016 2.019123
v 2.099549 1.683843 0.196418
v 2.117120 1.512425 0.296077
v -2.058295 0.111303 1.439579
v -2.151636 0.215810 1.305018
v -1.922350 0.179635 1.450729
v -2.461069 0.178648 -2.034936
v -2.400496 0.136416 -2.156760
v -0.520846 2.251620 1.480875
v -0.399325 2.276627 1.498907
v -0.463505 2.301168 1.319119
v -2.245363 -0.302985 1.191803
v -1.964304 0.216424 1.633911
v -1.350302 0.751653 2.216195
v -1.513868 0.877625 2.077357
v 3.019084 -0.541849 -0.426760
v -0.354468 1.205944 2.448212
v 2.661468 0.454052 -0.364675
v -0.828929 -1.060232 -3.470164
v -0.433978 -1.111311 -3.470416
v 0.761531 2.581264 -0.447075
v 1.022342 2.500644 -0.297887
v 0.881956 2.609939 -0.414216
v 1.679848 0.032992 -2.465727
v 1.498756 0.060177 -2.562030
v 2.308930 1.525007 -0.391348
v 0.006877 2.524982 -0.590000
v 0.489711 -0.437429 2.884089
v -2.943841 0.035625 -0.041557
v 1.535283 1.928048 1.176672
v 1.477030 1.882412 1.051819
v 1.720641 -0.620363 -2.404178
v 1.315548 1.281032 -2.088170
v 2.685969 -0.711252 -1.018665
v 2.688724 -0.594351 -1.036667
v 2.728652 -0.736788 -0.893227
v 2.873274 -0.586740 -0.675134
v 2.752018 -0.707452 -0.779973
v -2.703991 -0.911286 0.001104
v 0.595416 0.333596 -3.199847
v 2.669706 0.210616 -0.110770
v 1.163221 2.453220 -0.257828
v -1.739698 0.852348 1.840739
v -1.825383 0.837479 1.860118
v 1.909818 -0.925484 -2.341144
v 1.891551 -0.767259 -2.394100
v 2.185486 -0.772028 -2.379110
v -1.622823 0.270387 -2.595761
v -1.626518 0.384636 -2.496733
v -1.056468 1.621998 -2.950455
v 2.902202 -0.957096 -0.642749
v 3.009031 -0.981469 -0.422842
v -1.760352 0.112334 -2.649675
v -1.582137 0.365663 -2.825608
v 1.747805 1.325924 1.531957
v 1.845333 1.274410 1.373246
v 2.750582 -0.030390 -0.245436
v -2.068929 2.074049 0.183232
v -1.995285 2.195551 0.340388
v -2.581477 -0.157428 0.832567
v -2.463823 -0.350019 0.865823
v -2.710274 -0.293207 0.856084
v 0.175575 2.469230 -0.635453
v -2.843453 -0.038422 -0.819982
v -2.885758 -0.234384 -0.825643
v -0.387507 2.573188 -1.330145
v -0.269582 2.506318 -1.259840
v -2.932700 0.307053 -0.273047
v 2.066885 1.536558 0.620277
v 1.870490 1.364985 0.718790
v 2.005498 1.360913 0.728793
v 1.882451 1.420117 0.709245
v 2.117788 1.174409 0.691235
v 0.579906 -0.649471 -3.296476
v 0.638405 -0.645908 -3.355554
v 0.761786 -0.498732 -3.336529
v 0.807019 -0.518688 -2.824528
v 0.834885 -0.594636 -3.066641
v -1.694113 2.018065 -1.008540
v -1.829071 2.050982 -0.538951
v -1.953962 1.894027 -0.455373
v -1.174740 1.584540 -2.391778
v -1.124706 1.703372 -2.376436
v 0.214750 -1.262689 1.985130
v 0.544951 2.327136 1.466087
v 0.621729 2.241747 1.428145
v 0.633270 2.165303 1.576510
v 1.106986 0.214972 -2.625039
v 0.084277 2.420248 -1.841163
v 2.523817 0.816338 -0.682868
v 1.569681 2.111036 -0.342778
v -0.146155 2.720238 -0.211381
v -0.139744 2.653163 -0.000912
v 0.046687 2.779525 0.144820
v -0.317656 2.662626 -0.036578
v -1.841400 1.152731 1.551250
v -1.747609 1.052141 1.682832
v -1.641329 1.153139 1.661291
v -2.456012 1.367371 0.559577
v -2.249961 1.722085 0.575957
v -1.648590 -0.567882 2.366581
v 1.233691 0.774058 -2.354383
v 1.346820 0.859321 -2.291349
v 1.079416 0.726699 -2.448319
v 2.020655 -0.785149 -2.413804
v 2.094522 -0.523749 -2.344737
v 2.176885 0.644533 -1.648368
v 2.342544 -1.290270 0.630795
v 2.320601 -1.244486 0.529999
v -0.025965 -0.078902 2.908625
v 2.440870 0.685192 0.789116
v 2.473613 0.710649 0.893146
v -2.598929 0.943812 -1.570805
v 2.159232 1.145646 0.611051
v 0.359712 -1.037808 -3.391836
v -2.919924 -0.081009 -1.375777
v -0.024307 -1.143805 -3.203041
v 0.302169 -1.126444 -2.991448
v -0.497356 0.031987 -3.634850
v 1.563787 -1.232378 2.181867
v 1.375415 -1.157544 2.293776
v 0.019044 2.659355 0.435576
v -2.470582 1.295319 0.494219
v -1.355354 2.088428 -1.622706
v -0.186309 2.525660 -1.151037
v -2.110462 1.027085 -1.517886
v -1.899042 1.112787 -1.384451
v -1.807808 0.165487 -2.201828
v -1.805932 0.388266 -2.221450
v -1.856678 0.029591 -2.295666
v 0.019044 0.654004 2.792681
v -0.420584 -1.140519 -3.274613
v -0.266350 -1.179061 -3.039035
v 1.941302 -1.213933 -2.200951
v 1.322986 0.197482 2.127652
v 1.013151 0.159644 2.386565
v 1.596780 1.871798 -1.870453
v 0.827566 0.023206 -3.203925
v -1.858221 0.485948 -2.270329
v -0.578429 2.693615 -0.024590
v 2.267186 0.546198 -1.493928
v -1.333791 1.248161 -2.133561
v -0.480131 2.684876 0.176331
v 1.155219 -0.376364 -2.231855
v 1.792820 1.240517 1.470157
v 1.723950 1.176377 1.561805
v 2.189044 1.214775 0.597627
v 2.101677 1.322263 0.679204
v -3.031830 -0.300792 0.454387
v -2.898049 -0.369833 0.332213
v 1.572925 2.264773 -0.101880
v -0.981613 1.937242 -2.329255
v 2.218169 -1.266629 0.609858
v 1.800592 -1.245898 0.954589
v -1.738545 1.824560 -1.234325
v 2.118198 0.683471 1.460827
v 0.808278 -0.356221 -2.619177
v 0.615871 1.757291 1.839763
v 0.739952 1.633522 1.753617
v 1.484272 -0.511031 -2.287286
v 1.945788 0.812728 1.425213
v 0.472578 1.254923 -3.019453
v 0.554486 1.407838 -2.895008
v 2.651894 -1.142568 -0.977189
v 1.165000 0.263996 2.242471
v 1.254577 0.175128 2.152491
v 2.032050 1.707103 0.155998
v 2.095091 1.893849 0.247800
v -2.273170 0.547783 1.142171
v -2.348827 0.329619 0.961389
v 0.999960 1.888761 1.448041
v 1.183995 1.802494 -2.049163
v 2.175591 1.594606 0.396062
v 1.057945 1.043585 2.021293
v 1.075392 0.915214 2.012547
v 1.033979 0.931131 2.177671
v -0.631905 2.496182 0.609174
v -0.720394 2.472502 0.742421
v 1.957679 1.731490 -0.589686
v 1.980754 1.734267 -0.422589
v 1.955087 1.610904 -0.858281
v -0.841087 2.587028 -0.333311
v -0.939321 2.585231 -0.379851
v -0.245731 2.072973 -2.590987
v -0.176818 2.174237 -2.456355
v 2.213995 -0.067580 -1.971758
v 2.126747 -0.249559 -2.194617
v 2.261848 -0.377403 -2.017140
v -1.273086 2.111077 1.178959
v 2.869872 -1.151712 0.500065
v -2.834163 0.204207 -0.982659
v -2.626937 0.164840 -0.632656
v -0.345075 -1.082369 -3.429570
v -0.443547 2.496314 0.952960
v 0.166693 2.523639 -1.507733
v 0.406818 1.214980 2.411949
v -0.086465 2.723537 -0.449274
v 0.046924 2.759227 -0.226817
v -2.458113 1.221187 -0.891437
v -2.642472 1.170437 -0.727332
v 2.591695 -1.166687 -1.650908
v 0.522884 2.344787 1.173989
v 1.762511 1.193163 -2.277183
v 1.799110 1.382221 1.350445
v -0.628480 2.395472 0.969536
v 1.010372 2.499432 -0.452371
v -0.085832 -1.158118 -2.997235
v 0.041634 -1.193995 -2.772840
v 0.019044 -1.171177 -3.081834
v -0.786557 2.010011 -2.042402
v -0.338482 2.372954 1.229564
v 0.754160 -0.929548 -2.545987
v 0.641268 -1.093850 -2.598736
v 2.191330 0.890285 -1.464775
v 0.856534 2.706796 0.197918
v 2.353016 -0.507694 -1.906639
v 0.553565 0.088500 2.807793
v 0.484253 0.091456 2.892233
v 2.505483 0.604554 0.710344
v 2.518128 0.489923 0.753262
v 2.493467 0.594144 0.806691
v -1.445489 1.003219 1.709391
v 2.072877 1.667889 -0.284154
v -2.719094 -0.208794 -0.178117
v 2.572962 0.360865 -0.711441
v 0.754763 2.522162 -0.399450
v 0.298984 -0.242666 -3.726912
v 2.188170 -0.079151 1.226546
v -2.044945 1.829636 0.726280
v -0.526800 0.080726 2.472603
v -0.363474 0.123059 2.566867
v 2.107596 1.269147 -1.381259
v 1.979790 1.353647 -1.216315
v 1.896861 1.694471 -0.087388
v 2.109180 1.064967 -1.337794
v -1.415646 0.871895 1.873204
v -1.328144 0.883771 1.811426
v -2.701204 0.239440 0.788471
v -1.109661 2.455765 -0.218194
v -1.654873 -1.240886 -2.353639
v -1.554284 -1.242309 -2.061440
v 0.230684 2.471355 0.713045
v 0.962544 1.553336 1.893631
v 1.418589 1.897002 1.253024
v 1.505955 1.863042 1.277820
v -1.769205 1.877376 -0.969727
v -0.051196 1.030364 -3.334637
v -2.996745 -0.061082 0.619449
v -2.818349 -0.204245 0.848115
v -0.723416 2.514932 -1.294109
v 0.190076 0.077633 2.951080
v 0.017585 0.021894 2.880904
v 1.858249 1.461255 -1.756668
v -0.501552 2.715682 0.019637
v 2.292067 -0.271811 1.140458
v 2.049689 1.350681 -1.361821
v 2.059343 1.356070 -1.524140
v -2.132401 -0.861279 1.815735
v -2.075482 -1.018970 1.720395
v 0.558725 1.115341 -3.036116
v -1.623449 -0.878527 -2.999739
v 0.959433 0.155177 2.554629
v 0.295711 0.724327 -3.282169
v -0.094810 2.281165 1.558529
v 0.966952 0.916041 -2.522776
v 0.971237 0.935724 -2.448138
v -1.205091 1.784841 1.470244
v -0.082948 2.038596 1.939712
v 0.123698 1.943916 1.993541
v 2.291160 0.239495 -1.460073
v -2.178608 -0.644938 1.945231
v 1.575500 2.102293 -0.883785
v 1.750903 1.751510 -0.781221
v 2.714844 -0.347095 -0.766543
v 2.787329 -0.352829 -0.557356
v 2.906826 -0.499239 -0.565141
v -1.553707 0.594056 -2.488203
v 2.320274 0.578799 -1.134065
v 2.419274 0.690500 -0.916992
v -1.789676 1.010657 1.651002
v -1.436215 2.274954 -1.010650
v -0.755096 0.374761 2.434975
v -0.779407 0.471216 2.398842
v -0.640263 0.470468 2.443529
v -1.993945 1.302102 1.363303
v -1.980933 1.419151 1.308007
v -0.748840 2.488335 -1.219122
v -1.822613 0.823507 1.767073
v -0.665977 1.190297 -3.257155
v -0.614454 1.501423 -3.166172
v -0.575823 1.150351 -3.301342
v -0.515516 -0.399400 -3.727549
v -2.730899 0.920517 -1.210929
v 1.412310 -0.621829 2.256394
v 1.222798 0.177817 -2.557348
v -1.166377 2.392413 0.639723
v -1.331190 2.389830 0.635510
v -2.448990 0.656693 -2.101716
v 1.709998 0.096292 1.897535
v -1.023940 1.379990 1.861115
v 2.212732 -1.246111 0.234059
v 2.390467 -1.301173 0.380130
v 1.067337 2.498361 -0.446538
v -2.303995 -0.059749 1.003207
v -0.551221 1.594829 -3.131872
v 1.977126 -0.560199 -2.415927
v 1.019762 1.841563 1.530883
v -2.759876 -0.658302 1.028409
v 3.069903 -0.894690 0.050595
v -1.300368 1.513176 -1.972487
v 2.592477 0.278906 -0.266399
v 2.598693 0.313579 0.143093
v 2.596556 0.298162 -0.021949
v 2.011534 0.420893 -2.050174
v 1.827887 0.714825 -2.249327
v 1.854572 0.838415 -2.279721
v -2.725002 -1.074843 -0.036871
v -1.847898 -0.011776 -2.421538
v -2.280100 1.478711 -0.550588
v -1.475054 -0.503337 -3.240071
v -1.366831 1.467846 -1.939876
v 1.514695 2.089897 -0.817454
v 2.535752 -0.761331 -1.840481
v -2.316185 1.155068 0.953060
v -2.323373 1.941961 0.250957
v -1.207894 0.548727 2.369320
v 0.920307 1.352660 -2.334484
v 0.930559 1.112212 -2.384606
v 0.882994 1.499106 -2.399164
v -2.321151 0.193208 -2.272086
v 0.026773 1.012552 -3.334199
v -1.051130 0.513249 2.397017
v -2.291943 1.927935 0.059687
v -2.238892 1.886250 0.403369
v -0.481996 2.285081 -2.356789
v -1.190137 -1.193794 -1.014975
v 1.623430 0.506412 2.048450
v -2.682366 -0.893869 -0.852910
v -2.738880 -0.816332 -0.998344
v -2.960418 -0.651634 -1.131099
v 2.719799 -0.794542 -1.338037
v 2.659249 -0.678841 -1.431430
v 1.726216 1.703744 -1.324144
v 1.668654 1.846943 -1.199559
v 1.193066 2.600139 -0.038398
v 0.664499 -1.081861 -2.104882
v 1.351412 -0.983342 -2.163800
v -2.646491 -1.176397 -0.591059
v 1.871833 0.006202 -2.205324
v 2.490077 -0.751340 -1.890424
v -1.926770 -0.676701 2.231692
v -1.769375 -0.719478 2.243001
v -2.115896 2.082509 0.351218
v -2.678312 -0.666929 0.088028
v -2.275541 -0.533695 1.064660
v 1.975859 1.439657 0.702076
v 1.863324 1.509860 0.731361
v 2.430645 1.384040 -0.406250
v 0.019044 0.303903 -3.372339
v -0.365565 0.316360 -3.392802
v 0.597534 1.559574 -2.839451
v 0.125386 1.798744 -2.902018
v 1.536035 1.127757 1.790711
v 0.151211 0.134435 -3.629031
v -1.664613 -0.022092 2.249431
v -2.390793 -0.305020 1.031872
v 1.333551 2.114418 1.149136
v 1.155786 1.566092 1.789938
v 1.560646 0.377911 -2.446397
v 1.499186 0.238176 -2.496406
v -0.807296 1.038571 -3.286943
v -1.364396 0.294105 -3.069353
v -1.215070 0.320246 -3.120565
v 2.469067 -0.140173 -1.325043
v 2.212367 0.515715 1.337845
v 2.285695 0.635276 1.248808
v 0.062037 1.700307 2.236246
v 0.060525 1.945409 2.026267
v 2.268643 -0.574476 1.328103
v 2.239212 -0.565702 1.414302
v -2.408199 -0.721839 1.250006
v -0.523588 2.604240 -1.187734
v 1.023947 1.109802 1.969939
v 2.282942 0.492652 -1.392838
v 0.019846 1.748612 2.183843
v -0.432164 2.688887 -0.906646
v -0.326533 2.642810 -0.788660
v 2.368911 0.574367 -0.980433
v -0.333325 2.655818 -0.888344
v -0.860034 -0.691510 2.474251
v -1.003793 0.431888 2.407396
v -0.789530 -0.222227 2.401704
v 2.251884 0.746266 1.262970
v -2.797174 0.056240 0.793405
v 1.597112 2.285633 0.590623
v -2.986921 -0.016015 0.358560
v -2.482102 0.132453 -1.983172
v -2.616296 0.202160 -0.537216
v -1.255167 0.853913 1.874331
v -2.894730 -0.019901 -0.958638
v -2.785370 0.644409 -1.796964
v -2.403624 -0.759995 1.118129
v 2.143207 1.267568 0.549171
v 0.782047 0.084524 2.691081
v 0.830389 -0.527452 -3.271035
v 0.781651 -0.517376 -2.623698
v -0.002301 0.147768 2.793941
v -0.938062 0.499130 2.376242
v -2.845136 -0.172897 -0.166780
v 2.743459 0.013704 0.654804
v 0.637775 2.292419 1.289521
v -0.239798 0.160404 2.556935
v -0.847737 2.454022 0.758886
v 0.165506 -0.523389 -3.806916
v -1.741111 2.127586 -0.477659
v -2.735271 -0.035760 0.839832
v 2.017394 1.404526 -1.022623
v -0.664043 -0.397821 -3.696517
v -2.175255 0.874945 1.366486
v -0.736012 2.673816 -0.141380
v -0.813519 2.708820 -0.017260
v 1.387510 0.127716 2.073379
v -1.131109 -0.114705 2.391300
v -2.573184 0.167109 -1.976976
v -2.544203 0.156136 -1.839171
v -2.640993 -0.991773 -0.953856
v -2.618668 -0.989820 -0.801987
v 1.750882 1.402660 1.415637
v -0.258516 1.730899 2.146337
v 2.669412 -0.660815 -1.146530
v 0.595182 2.100843 -2.507517
v -2.626852 0.136132 -1.713467
v -1.269487 -0.274939 2.415510
v 1.959241 0.883881 -2.179913
v 0.619022 2.164609 -2.402595
v 2.079220 -0.005445 -1.980454
v 2.185431 0.821678 -1.492334
v 1.385093 0.239327 2.068752
v 0.937476 -0.576328 2.613515
v 0.647981 1.002316 -3.036119
v 1.204268 -0.877518 -2.101752
v 1.120691 -0.703026 -2.062918
v 0.557290 1.169037 2.369826
v -0.855173 -0.977405 2.483057
v 1.301674 -0.291683 -2.302101
v -0.526133 -0.260196 2.503726
v 0.407364 2.720285 0.278060
v 0.200518 1.576502 2.287549
v -2.277274 1.233444 0.871849
v -2.489659 1.442996 -0.367200
v -1.342189 0.825643 1.897924
v 2.048821 1.663449 -0.677734
v 2.069985 0.621823 1.439428
v 0.003619 1.801083 -2.881740
v -0.621368 1.216500 2.087669
v -1.437358 2.418725 -0.514847
v -1.449115 2.368920 -0.226425
v 0.687002 2.467013 -0.990424
v -0.606438 2.699931 0.194691
v -1.417031 -0.420248 -3.310088
v -1.702691 -0.524194 -2.976581
v -1.592095 2.187375 -0.932893
v -2.166634 1.865696 -0.302293
v 1.078134 2.629984 0.099311
v 0.461604 0.060107 -3.462019
v 2.736192 -0.479094 -0.810721
v -1.165726 -0.553784 -3.461783
v -1.246636 1.939378 -1.796632
v 1.185394 -0.681635 2.436081
v 1.035556 -0.577443 2.571204
v -2.029918 1.963909 -0.356537
v -1.687822 0.219557 -2.519850
v -0.572797 2.679122 -0.109813
v -2.287463 0.879253 0.748144
v 2.744829 -0.774599 -0.787894
v 0.153412 1.607225 -2.969390
v 2.240667 0.472589 -1.621182
v -1.282893 0.414643 -3.070052
v -0.417306 -0.287256 2.575563
v -0.396321 -0.208921 2.643079
v -0.964536 1.892240 -2.405734
v 2.314692 0.769991 1.181808
v -2.253160 0.893275 0.972978
v -2.178291 0.863806 1.263130
v -0.983913 -0.611068 -3.575036
v -0.847406 1.068531 2.104717
v -0.488652 0.911725 2.260235
v -0.613487 0.973827 2.187948
v -1.197705 0.700998 -3.139363
v 0.221293 1.685596 -2.955147
v 0.893469 -0.257433 2.662241
v 1.043807 -0.224160 2.539125
v 1.844304 1.749475 -0.731863
v -0.391320 0.244261 2.524799
v -2.666209 -0.417128 -0.183200
v 1.562972 1.828435 1.012228
v -2.282427 -0.699948 1.700614
v -2.251220 -0.823063 1.537592
v -2.126189 1.841707 0.620877
v -2.020395 1.945768 0.693858
v 0.019044 2.657396 -0.479650
v -1.318207 2.438957 -0.292090
v 0.226552 2.545763 -0.424677
v 1.553203 1.874541 0.951651
v 0.409349 1.366871 -2.979742
v -2.822003 -0.128120 -0.240921
v 0.726239 -0.580625 -2.583135
v -1.052682 2.557025 -0.786152
v 2.342626 1.138768 -0.190976
v 1.307477 -0.185790 2.184259
v -0.843590 -0.626670 -3.658929
v 3.054762 -0.949281 0.524945
v 0.622668 2.029763 -2.608059
v -0.361233 2.531537 0.544333
v -2.731095 -0.632153 -1.629952
v 2.460869 1.171332 -0.381709
v 1.484269 2.004071 1.180094
v 1.803819 -0.334439 1.880908
v 2.199887 -0.241822 1.287083
v -0.683758 0.987299 2.161315
v -0.138273 -1.174260 -3.029670
v -0.174970 -1.193576 -2.736403
v 2.629497 -0.404701 0.954002
v -1.892128 1.355597 1.373699
v 2.161706 1.606325 0.253986
v -2.727307 0.202376 -0.897297
v -2.725008 0.894775 -1.338593
v -2.818626 0.900638 -1.222619
v -2.403812 0.183988 -2.177253
v -2.813731 0.827008 -1.333832
v 1.686085 1.288160 1.567852
v -1.373439 1.032920 -2.719640
v 1.929783 -0.330348 1.746795
v -0.164748 0.106830 2.695086
v -1.024691 -0.511683 -3.547320
v 0.240610 1.958474 1.994521
v -2.697128 -0.791511 -0.748075
v -2.257307 0.506199 1.242008
v -1.255282 2.226310 0.984440
v -1.413489 2.203237 0.988538
v -0.444903 2.693844 -0.053181
v -0.547045 0.792618 2.292115
v 2.048940 0.224768 1.541189
v -1.273324 2.166351 1.134338
v -2.290841 0.053691 1.002157
v 1.599515 1.680141 1.376334
v 1.756289 2.174598 0.434837
v 1.728247 2.167102 0.256525
v -1.259553 -0.350658 2.443734
v 2.252132 1.248559 -0.045956
v -1.956295 1.169260 1.456237
v -2.758450 1.012647 -0.922428
v 0.812352 -0.577209 -2.843009
v -2.135459 0.117954 1.066914
v -1.259719 1.421314 -2.183842
v 2.969175 -0.605431 -0.534046
v 2.634987 0.679785 -0.296302
v -2.018079 1.871647 0.649577
v -1.593193 -1.229189 -1.766575
v 1.431844 -0.351772 -2.382581
v 1.845839 0.245626 -2.160938
v 1.873975 2.098473 0.350885
v -1.441411 0.612576 -2.729812
v -2.585997 1.536430 0.154632
v -2.939280 0.138162 -1.009424
v 0.161134 0.205895 -3.467541
v 2.544582 0.219009 -0.269237
v 1.218260 -0.805164 2.414084
v -0.884313 -0.273577 2.398339
v -0.818089 0.792208 -3.356680
v 0.342810 2.747703 0.121533
v -1.101860 -0.363746 -3.489294
v 1.107141 1.102371 -2.180576
v -2.136997 0.156764 1.026684
v -2.292672 1.878159 -0.076464
v 1.672223 1.792953 -1.216915
v -1.345221 2.177663 0.988216
v 1.213861 -0.868456 2.454186
v -2.701478 0.914256 -1.454735
v -2.237864 0.288027 1.201759
v -0.873117 2.652724 0.267388
v 1.708743 1.705687 -1.972834
v -1.490466 2.280413 -0.847490
v -0.370033 2.226503 -2.375195
v 1.608575 0.621559 1.873581
vn 0.1008 0.2853 -0.9531
vn -0.0687 0.1546 -0.9856
vn -0.0780 -0.3849 -0.9197
vn 0.4847 -0.1585 0.8602
vn 0.4916 -0.0889 0.8663
vn 0.5463 0.0376 0.8367
vn 0.1840 -0.4769 0.8595
vn 0.3276 -0.2463 0.9121
vn 0.3498 -0.2619 0.8995
vn -0.1700 -0.5995 0.7821
vn -0.4052 -0.1984 0.8924
vn -0.3365 -0.0624 0.9396
vn 0.2233 0.5238 0.8220
vn 0.1971 0.4995 0.8436
vn -0.2451 0.3966 0.8847
vn 0.3757 0.8437 -0.3834
vn 0.2635 0.7718 -0.5787
vn 0.2450 0.8727 -0.4224
vn 0.1749 0.7749 0.6074
vn 0.0332 0.6105 0.7913
vn 0.5442 0.8386 -0.0243
vn 0.6441 0.7629 -0.0559
vn 0.7590 0.6383 -0.1285
vn -0.6534 0.7392 -0.1633
vn -0.6890 0.7207 -0.0766
vn -0.5469 0.7844 -0.2926
vn 0.2409 0.6884 0.6841
vn 0.1402 0.6235 0.7691
vn -0.4838 -0.2380 0.8422
vn -0.6388 -0.0011 0.7694
vn -0.3815 -0.1706 0.9085
vn -0.7698 0.6234 -0.1371
vn 0.6223 0.5997 0.5031
vn 0.2532 0.7110 0.6560
vn 0.4055 0.2975 -0.8643
vn -0.1195 -0.0106 -0.9928
vn 0.0631 0.2278 -0.9717
vn 0.6323 0.1331 -0.7632
vn 0.7773 0.2977 -0.5542
vn 0.8188 0.3101 -0.4831
vn 0.3921 0.7591 0.5197
vn -0.1630 0.4158 -0.8947
vn -0.3930 0.7022 -0.5938
vn -0.4940 0.5296 -0.6896
vn 0.7452 0.6542 -0.1295
vn -0.1992 -0.0892 0.9759
vn -0.2086 -0.4729 0.8561
vn -0.1517 -0.5507 0.8208
vn 0.2205 0.5845 -0.7809
vn 0.0491 0.2127 0.9759
vn 0.0289 0.1060 0.9939
vn -0.0165 0.0139 0.9998
vn 0.2844 -0.4750 0.8328
vn 0.2876 -0.6345 0.7175
vn 0.4270 -0.2110 0.8793
vn -0.0927 -0.0938 0.9913
vn -0.2817 -0.1449 0.9485
vn -0.3912 -0.4467 0.8046
vn -0.2564 -0.3159 0.9135
vn -0.1735 -0.8922 0.4169
vn 0.6301 0.4707 0.6176
vn 0.6793 0.6174 0.3968
vn 0.6594 0.6636 0.3532
vn 0.1167 0.5474 0.8287
vn 0.3715 0.3760 0.8489
vn 0.8061 0.2290 0.5457
vn 0.6710 0.2019 0.7134
vn 0.7910 0.2009 0.5779
vn 0.5616 0.1568 0.8124
vn 0.4462 0.1864 0.8753
vn 0.6705 0.2589 0.6953
vn 0.4084 0.5040 0.7611
vn 0.7188 0.3333 0.6101
vn 0.4358 0.6051 0.6662
vn -0.1986 0.8446 0.4972
vn -0.2019 0.8438 0.4972
vn -0.1764 0.7940 0.5818
vn -0.6097 0.3255 0.7227
vn -0.3996 0.6270 0.6687
vn -0.3704 0.7530 0.5439
vn 0.8318 0.2122 0.5129
vn 0.7276 0.3808 0.5705
vn 0.7389 0.4011 0.5414
vn -0.3075 0.7842 0.5389
vn 0.3543 0.3727 -0.8576
vn 0.2620 0.9024 0.3420
vn 0.9001 0.3925 0.1891
vn 0.3865 0.7930 0.4709
vn 0.4918 0.5801 0.6493
vn 0.6333 0.4555 0.6257
vn -0.0059 0.8874 0.4610
vn 0.8703 0.2262 0.4376
vn 0.9065 0.2473 0.3422
vn 0.8283 0.3330 0.4506
vn 0.6107 -0.4246 0.6684
vn 0.7431 -0.0540 0.6670
vn 0.6210 0.2393 0.7464
vn 0.0563 0.9249 0.3761
vn -0.1310 0.9715 0.1976
vn -0.0554 0.9691 0.2403
vn 0.6161 0.4256 0.6628
vn 0.5150 0.4821 0.7088
vn 0.6549 0.4461 0.6100
vn 0.4356 -0.7105 0.5527
vn 0.6447 0.3565 0.6762
vn -0.0313 -0.9993 -0.0217
vn -0.0241 -0.9990 -0.0375
vn 0.0018 -1.0000 -0.0041
vn -0.6438 0.6141 0.4565
vn -0.8730 0.4799 -0.0866
vn -0.8491 0.4861 0.2068
vn 0.0125 0.9103 0.4137
vn 0.2567 0.9247 0.2813
vn 0.3560 0.9332 0.0490
vn -0.8160 0.5412 -0.2030
vn 0.0794 0.7359 0.6724
vn -0.2426 0.6088 0.7553
vn -0.0535 0.6818 0.7296
vn 0.0308 0.9892 0.1431
vn -0.2153 0.9754 0.0478
vn -0.1191 0.9365 0.3298
vn 0.5767 0.2558 0.7759
vn 0.5896 0.2656 0.7628
vn 0.5025 0.4287 0.7508
vn -0.7150 -0.0877 0.6936
vn -0.9292 0.0831 0.3600
vn -0.8507 0.3103 0.4244
vn -0.0004 -0.9997 -0.0227
vn -0.0237 -0.9992 -0.0321
vn 0.0209 -0.9993 -0.0326
vn 0.5077 0.3449 0.7895
vn 0.4658 0.4295 0.7737
vn 0.5350 0.3045 0.7880
vn 0.7597 0.5724 0.3086
vn 0.1867 0.9802 0.0652
vn 0.0786 0.9768 0.1992
vn 0.4354 0.8934 -0.1105
vn 0.4865 0.7268 0.4848
vn 0.9347 -0.2108 -0.2861
vn 0.9951 0.0163 -0.0971
vn 0.6523 -0.7573 0.0310
vn 0.3730 0.0042 -0.9278
vn -0.8085 0.5168 -0.2815
vn -0.3412 0.8888 0.3058
vn -0.4802 0.8352 0.2680
vn -0.4145 0.8446 0.3390
vn -0.5231 0.7705 -0.3644
vn -0.2318 0.9727 -0.0104
vn -0.1151 0.9755 -0.1875
vn 0.2552 0.9104 -0.3256
vn 0.1849 0.9825 0.0214
vn 0.9579 0.1354 -0.2532
vn 0.8692 0.4205 -0.2601
vn 0.9173 -0.3814 0.1146
vn 0.4458 0.6586 -0.6062
vn 0.0861 0.9526 0.2917
vn -0.3103 0.9504 0.0194
vn -0.3758 0.1938 -0.9062
vn -0.5056 0.0746 -0.8595
vn -0.4346 0.2326 -0.8701
vn 0.0631 0.9186 0.3901
vn 0.0506 0.7846 -0.6179
vn 0.2266 0.4542 0.8616
vn -0.4038 0.8839 0.2358
vn 0.0305 0.7737 0.6329
vn 0.7404 0.3188 0.5917
vn 0.6444 0.5957 0.4795
vn 0.7186 0.6830 0.1313
vn 0.4343 0.8287 0.3530
vn 0.2817 0.9593 0.0177
vn 0.2965 0.9547 -0.0252
vn 0.9209 0.1396 0.3639
vn -0.8304 0.0023 0.5572
vn -0.7802 -0.0124 0.6254
vn -0.8801 0.2612 0.3965
vn 0.7129 0.6077 0.3501
vn 0.1834 0.9015 0.3919
vn 0.1343 0.9163 0.3774
vn 0.1042 0.9517 0.2890
vn -0.3366 0.9379 0.0840
vn -0.3095 0.9346 0.1753
vn -0.2104 0.9075 0.3636
vn 0.9230 0.2801 -0.2637
vn 0.6652 0.7106 -0.2294
vn 0.7044 0.6895 -0.1684
vn -0.6203 0.7000 0.3539
vn -0.2794 0.9020 -0.3291
vn -0.4873 0.8389 -0.2424
vn 0.1338 0.8672 0.4796
vn 0.2382 0.9046 0.3536
vn 0.1626 0.8943 0.4170
vn -0.9313 0.3496 0.1023
vn -0.9885 0.1407 -0.0554
vn -0.9628 0.2617 0.0679
vn -0.9972 0.0718 0.0201
vn -0.4588 0.8766 0.1450
vn -0.3327 0.9420 0.0445
vn -0.2054 0.9085 0.3639
vn 0.2790 0.9310 0.2355
vn -0.2844 0.4030 0.8699
vn -0.0466 0.8232 0.5658
vn 0.0216 0.5360 0.8439
vn -0.5748 0.0690 0.8154
vn -0.0227 0.9938 0.1092
vn -0.0811 0.9468 0.3115
vn 0.0531 0.9970 0.0571
vn -0.8632 -0.1853 0.4696
vn -0.8759 -0.2582 0.4076
vn -0.9351 -0.1385 0.3263
vn 0.0116 0.9988 -0.0470
vn -0.2622 0.9649 -0.0130
vn 0.8713 0.3330 -0.3606
vn 0.7316 0.6671 -0.1403
vn 0.8361 0.2823 -0.4704
vn 0.9957 0.0916 -0.0170
vn 0.9989 -0.0041 -0.0463
vn 0.9114 0.2829 -0.2989
vn 0.5707 0.6921 -0.4420
vn 0.5348 0.7761 -0.3341
vn 0.6180 0.6803 -0.3940
vn -0.6083 0.6919 -0.3889
vn -0.5907 0.5012 -0.6324
vn -0.7570 0.4396 -0.4834
vn 0.7399 0.5688 0.3592
vn 0.6452 0.5842 0.4924
vn 0.3649 0.4995 0.7857
vn 0.5390 0.7086 0.4555
vn -0.0977 0.7093 -0.6981
vn -0.2436 0.8284 -0.5044
vn 0.3065 0.8222 -0.4796
vn -0.1929 0.8123 -0.5504
vn -0.1589 0.8559 -0.4921
vn 0.6096 0.6879 -0.3940
vn 0.3102 -0.1108 -0.9442
vn 0.8968 0.3880 -0.2126
vn 0.7238 0.3406 -0.6000
vn 0.4780 0.6783 -0.5580
vn 0.1883 0.6855 -0.7033
vn 0.9303 0.2053 -0.3039
vn 0.1918 -0.0922 -0.9771
vn 0.4533 0.6445 0.6158
vn 0.1165 0.5575 -0.8220
vn -0.6193 0.7490 -0.2356
vn -0.6375 0.7681 -0.0607
vn -0.4853 0.8651 -0.1267
vn -0.0007 0.8290 -0.5592
vn 0.0601 0.9025 -0.4265
vn -0.0195 0.9933 -0.1143
vn 0.8498 0.4037 -0.3390
vn 0.7638 0.3084 -0.5670
vn 0.7554 0.3920 -0.5251
vn 0.6951 0.4940 -0.5223
vn 0.4491 0.5419 0.7104
vn 0.2872 0.5334 0.7956
vn 0.5682 0.2243 0.7917
vn 0.7301 0.1651 -0.6631
vn 0.9512 0.3084 -0.0129
vn 0.9193 0.2219 -0.3252
vn 0.4648 0.8588 -0.2155
vn 0.6559 0.7414 -0.1420
vn -0.6393 0.4766 -0.6034
vn -0.5201 0.5550 -0.6492
vn -0.6576 0.5613 -0.5025
vn 0.6009 0.7869 -0.1405
vn 0.7483 0.6505 0.1298
vn 0.5862 0.7540 -0.2964
vn 0.6045 0.4389 -0.6648
vn -0.1640 0.3116 -0.9360
vn -0.3066 0.0132 -0.9517
vn -0.1443 -0.0434 -0.9886
vn 0.5776 -0.0522 0.8147
vn 0.6794 0.2885 0.6747
vn 0.3533 0.0337 0.9349
vn 0.7280 0.1581 0.6671
vn 0.6199 0.7319 -0.2830
vn 0.8113 0.0949 -0.5768
vn 0.8727 0.0174 -0.4880
vn 0.7810 0.5705 -0.2540
vn 0.7125 0.0765 -0.6975
vn -0.9364 0.1545 -0.3152
vn -0.9850 -0.0662 -0.1591
vn -0.9675 0.0072 -0.2526
vn -0.9499 -0.2321 -0.2093
vn -0.7355 0.6543 -0.1759
vn -0.9839 0.1324 0.1202
vn -0.8953 0.4302 -0.1157
vn 0.9639 0.2637 -0.0372
vn -0.9025 -0.1989 0.3820
vn -0.8901 -0.2713 0.3662
vn -0.8913 -0.2309 0.3901
vn 0.5197 0.8039 -0.2893
vn 0.2799 0.9054 -0.3192
vn -0.5284 0.7239 -0.4435
vn 0.3886 0.5705 -0.7236
vn 0.6378 0.7659 -0.0813
vn 0.6149 0.6751 -0.4075
vn -0.8774 -0.2965 0.3773
vn 0.9201 0.2223 -0.3225
vn 0.8930 0.0614 -0.4458
vn 0.9319 0.2339 -0.2771
vn 0.1064 -0.9931 0.0488
vn 0.3359 -0.9416 0.0246
vn 0.1082 -0.9870 -0.1186
vn 0.4768 0.8600 -0.1820
vn 0.9681 0.0285 -0.2488
vn 0.9665 -0.0806 -0.2437
vn 0.9426 -0.2427 -0.2292
vn 0.9233 -0.3058 -0.2322
vn -0.5366 0.8106 -0.2347
vn -0.3476 0.9245 -0.1564
vn -0.2228 0.9716 -0.0798
vn 0.8112 0.3998 0.4267
vn 0.6601 0.5356 -0.5267
vn 0.7175 0.2082 -0.6647
vn 0.8716 0.0036 -0.4901
vn 0.9730 0.2099 -0.0955
vn 0.8543 0.4733 -0.2148
vn 0.9244 0.3753 -0.0676
vn 0.9150 0.3676 0.1665
vn 0.7848 0.5851 -0.2043
vn -0.9673 0.2439 -0.0697
vn 0.6952 0.7064 -0.1332
vn 0.7500 0.6579 0.0679
vn 0.8303 0.5573 0.0010
vn 0.9867 0.1625 -0.0041
vn 0.9169 0.3946 -0.0594
vn 0.7761 0.5458 -0.3160
vn 0.9495 0.3062 0.0680
vn -0.5362 -0.5598 -0.6317
vn -0.5703 -0.6491 -0.5035
vn -0.5080 -0.6162 -0.6018
vn -0.1827 -0.9694 0.1639
vn -0.4880 -0.8382 -0.2435
vn -0.1753 -0.9628 0.2056
vn -0.0510 0.8116 0.5820
vn -0.0681 0.7614 0.6447
vn 0.9780 -0.1008 -0.1828
vn 0.9036 -0.0085 -0.4282
vn 0.9775 0.1272 -0.1685
vn -0.2407 0.6885 0.6841
vn 0.1283 0.5005 0.8562
vn 0.8141 -0.0705 -0.5765
vn 0.9302 -0.2592 -0.2600
vn 0.8823 0.3365 -0.3290
vn -0.6988 0.7143 0.0367
vn -0.9080 0.3793 -0.1778
vn -0.8268 0.5580 0.0712
vn -0.8013 0.5951 0.0619
vn 0.5671 0.2100 0.7964
vn 0.4509 0.2066 0.8683
vn -0.7651 0.5265 -0.3707
vn -0.5475 0.7413 -0.3883
vn -0.5673 0.7560 -0.3265
vn -0.8300 0.1892 -0.5246
vn 0.7259 -0.0503 -0.6859
vn 0.6130 -0.4212 -0.6685
vn 0.6719 -0.2726 -0.6887
vn -0.7046 -0.1405 -0.6955
vn -0.6024 -0.6111 -0.5135
vn -0.7630 -0.4729 -0.4407
vn 0.6137 -0.2402 -0.7521
vn -0.6142 0.6404 0.4611
vn 0.4903 0.3935 -0.7776
vn 0.6799 0.3045 -0.6671
vn 0.3911 -0.3712 -0.8422
vn 0.8162 -0.1652 -0.5536
vn 0.5333 -0.4397 -0.7227
vn -0.3381 -0.3546 -0.8718
vn -0.1288 -0.4324 -0.8924
vn -0.0949 0.4967 -0.8627
vn -0.1430 0.4696 -0.8712
vn -0.2404 0.2743 -0.9311
vn -0.6955 0.3905 -0.6032
vn -0.7702 0.4634 -0.4383
vn -0.3014 0.5958 -0.7444
vn 0.5444 -0.8366 -0.0608
vn 0.6305 -0.7695 -0.1011
vn 0.9526 -0.2879 -0.0981
vn -0.8896 0.4560 0.0278
vn -0.9427 0.2522 -0.2183
vn -0.8969 0.3855 0.2166
vn 0.4937 0.1879 -0.8491
vn 0.4585 0.2781 -0.8440
vn 0.5696 0.1890 -0.7999
vn 0.6312 0.2867 -0.7207
vn 0.2518 0.7607 -0.5982
vn 0.1929 0.6767 -0.7106
vn 0.4066 0.4084 -0.8172
vn -0.8262 -0.2036 -0.5253
vn -0.6728 -0.0113 -0.7398
vn -0.7133 -0.3460 -0.6095
vn -0.5972 0.0283 -0.8016
vn -0.4393 0.3998 -0.8045
vn 0.3746 -0.2595 -0.8901
vn 0.2027 -0.5322 -0.8220
vn 0.4095 0.1096 -0.9057
vn -0.1941 0.2633 -0.9450
vn -0.3018 -0.0693 -0.9508
vn -0.2073 -0.2894 -0.9345
vn -0.4780 -0.0759 -0.8751
vn -0.5732 0.1760 -0.8003
vn -0.5663 0.1458 -0.8112
vn -0.1270 -0.2141 -0.9685
vn 0.2405 0.2771 -0.9302
vn 0.0240 0.3053 -0.9519
vn 0.0496 0.5573 -0.8288
vn -0.3783 0.2138 -0.9007
vn -0.4245 0.3503 -0.8349
vn -0.2851 0.4021 -0.8701
vn -0.1616 0.4488 -0.8789
vn -0.0712 0.8178 -0.5710
vn 0.0826 0.6569 -0.7494
vn -0.4722 0.8507 -0.2309
vn -0.3273 0.2072 -0.9219
vn -0.3949 0.1428 -0.9076
vn -0.4944 0.2368 -0.8364
vn -0.2182 0.0314 0.9754
vn -0.1611 0.0294 0.9865
vn -0.1016 0.5514 0.8280
vn -0.1253 0.6637 0.7374
vn 0.0007 0.6413 0.7673
vn -0.2249 -0.0113 -0.9743
vn -0.1941 -0.1292 -0.9724
vn -0.4216 0.1301 -0.8974
vn -0.1954 0.1847 -0.9632
vn 0.1645 0.3535 -0.9208
vn 0.0287 0.1688 -0.9852
vn -0.6412 -0.6427 -0.4193
vn -0.5774 -0.7786 -0.2459
vn -0.1173 -0.9928 0.0262
vn -0.0073 -1.0000 -0.0035
vn -0.0309 -0.9995 -0.0061
vn 0.6421 -0.7069 0.2967
vn 0.0274 -0.9992 -0.0278
vn -0.6236 0.1771 0.7614
vn -0.3981 0.7892 0.4676
vn -0.6386 0.2808 0.7165
vn -0.8166 -0.1396 -0.5601
vn -0.9528 -0.2456 -0.1783
vn -0.9959 -0.0747 -0.0503
vn -0.6586 -0.5458 -0.5181
vn -0.8218 -0.3743 -0.4296
vn 0.0772 0.7142 -0.6957
vn 0.1950 0.6552 -0.7298
vn 0.3104 0.2832 -0.9075
vn 0.7694 0.6387 -0.0089
vn 0.7535 0.6566 -0.0338
vn 0.6045 0.7957 -0.0370
vn -0.2396 0.9594 0.1489
vn -0.2108 0.9655 -0.1532
vn -0.1592 0.9866 -0.0356
vn -0.6541 0.7497 -0.1002
vn -0.3732 0.8978 -0.2339
vn -0.4332 0.8708 -0.2324
vn -0.7650 0.2650 0.5870
vn -0.6993 0.3046 0.6467
vn -0.6645 0.0773 0.7433
vn -0.3974 0.3788 0.8358
vn -0.3986 0.4603 0.7932
vn -0.5199 0.1045 0.8478
vn -0.0378 0.8902 0.4541
vn -0.2085 0.9040 0.3732
vn -0.2108 0.9055 0.3682
vn -0.2525 0.6727 0.6956
vn -0.2393 0.7929 0.5605
vn -0.3642 0.5499 0.7516
vn 0.0399 0.6726 0.7390
vn -0.4582 0.7835 0.4197
vn 0.1526 0.9395 0.3067
vn -0.5759 0.3890 0.7191
vn -0.7938 0.5323 0.2942
vn -0.7419 0.3524 0.5704
vn 0.3464 0.3031 0.8878
vn 0.3805 0.6974 0.6074
vn 0.2210 0.7934 0.5671
vn 0.7333 0.1603 -0.6607
vn 0.7277 0.4534 -0.5147
vn 0.6328 0.1186 -0.7652
vn 0.7928 -0.5759 -0.1997
vn 0.9340 -0.3172 -0.1643
vn 0.9793 -0.1702 -0.1100
vn 0.8395 0.4206 0.3441
vn 0.8485 0.4252 0.3151
vn 0.8943 0.3349 0.2969
vn -0.7943 0.2999 0.5284
vn -0.7573 0.1249 0.6411
vn -0.9206 0.1198 0.3717
vn -0.7671 0.5408 0.3451
vn -0.9188 0.3670 0.1451
vn -0.7932 0.6082 -0.0300
vn -0.9634 -0.1331 -0.2327
vn -0.8692 -0.3716 -0.3263
vn -0.8875 -0.3758 -0.2665
vn -0.5513 -0.0003 0.8343
vn -0.4718 -0.3715 0.7996
vn -0.3564 -0.7247 0.5898
vn 0.9608 0.0939 -0.2610
vn 0.9253 0.2458 -0.2889
vn 0.8300 -0.4683 -0.3029
vn -0.9071 0.4114 0.0894
vn -0.8352 0.4635 -0.2960
vn -0.9310 -0.3431 -0.1246
vn -0.7629 0.1301 -0.6333
vn -0.8245 0.0721 -0.5612
vn -0.7577 -0.0434 -0.6511
vn -0.0419 -0.5398 -0.8408
vn -0.0123 -0.5184 -0.8551
vn 0.1082 -0.5679 -0.8159
vn 0.1169 0.9223 -0.3683
vn -0.0138 0.9976 -0.0681
vn 0.2039 0.9079 -0.3663
vn -0.4702 0.7966 -0.3799
vn -0.4265 0.8830 -0.1958
vn -0.3882 0.8906 -0.2368
vn 0.9641 -0.2654 0.0088
vn 0.9482 -0.0134 -0.3173
vn 0.9541 -0.2229 0.2001
vn 0.7391 0.3690 0.5635
vn 0.9112 0.1311 0.3905
vn 0.6009 0.4747 0.6431
vn -0.4164 -0.1576 -0.8954
vn -0.4351 -0.0069 -0.9003
vn -0.5172 -0.0744 -0.8526
vn 0.3027 -0.6128 -0.7299
vn -0.2523 -0.5460 -0.7989
vn 0.4225 -0.7784 -0.4643
vn 0.9528 0.2972 -0.0625
vn 0.6380 0.6760 -0.3688
vn 0.4936 0.8614 -0.1198
vn 0.6359 0.6242 -0.4538
vn 0.5986 0.5705 -0.5623
vn 0.4433 0.7513 -0.4890
vn 0.6378 -0.7398 -0.2142
vn 0.5903 -0.7026 -0.3973
vn 0.8374 -0.4337 -0.3327
vn 0.1054 -0.9406 -0.3226
vn 0.3262 -0.8745 -0.3591
vn 0.0385 -0.9831 -0.1789
vn 0.8417 0.2574 -0.4747
vn 0.8836 0.1812 -0.4318
vn 0.9243 0.2108 -0.3182
vn 0.6104 0.3153 -0.7266
vn 0.6357 0.0424 -0.7708
vn 0.8136 0.2207 -0.5380
vn -0.9369 0.3141 -0.1537
vn -0.9580 0.1118 -0.2642
vn -0.9728 -0.0042 -0.2315
vn -0.9417 0.1724 0.2888
vn -0.9725 -0.0933 0.2132
vn -0.9825 -0.1791 0.0505
vn 0.7236 0.2521 0.6426
vn 0.8989 -0.0531 0.4350
vn 0.8537 -0.0124 0.5207
vn 0.3938 0.8017 0.4497
vn 0.3423 0.7489 0.5674
vn 0.3170 0.8373 0.4454
vn 0.7576 -0.6421 0.1176
vn 0.4186 -0.8920 0.1705
vn 0.5506 -0.8346 -0.0185
vn 0.7752 0.5628 0.2869
vn 0.6429 0.7654 -0.0288
vn 0.8496 0.5257 0.0425
vn 0.4246 0.4788 0.7684
vn 0.5002 0.2413 0.8316
vn 0.6347 0.3754 0.6754
vn -0.5300 -0.2294 0.8164
vn -0.6057 -0.2183 0.7652
vn -0.2888 0.0243 0.9571
vn 0.0840 0.3897 0.9171
vn -0.2111 0.4290 0.8783
vn 0.5326 0.6819 0.5013
vn 0.6191 0.5202 0.5883
vn 0.3052 0.6870 0.6595
vn -0.7066 -0.6158 0.3485
vn -0.7012 -0.5019 0.5064
vn -0.8769 -0.4225 -0.2293
vn 0.6129 0.4485 0.6505
vn 0.8811 -0.0946 0.4634
vn 0.8259 0.0573 0.5610
vn 0.9966 -0.0135 0.0811
vn 0.8012 0.5223 -0.2920
vn 0.6259 0.6778 -0.3860
vn 0.6185 0.6479 -0.4447
vn -0.7189 0.0975 0.6882
vn -0.6561 0.2638 0.7071
vn -0.6831 -0.3551 0.6382
vn -0.8452 0.0971 0.5256
vn -0.9280 -0.0952 0.3603
vn 0.5569 0.3503 0.7531
vn 0.4276 0.6965 0.5763
vn 0.0001 0.7987 0.6017
vn 0.2341 0.7603 0.6059
vn 0.3385 0.7169 0.6095
vn -0.6732 0.1992 -0.7121
vn -0.1584 0.2728 -0.9490
vn -0.5909 0.1784 -0.7867
vn -0.2295 0.5215 -0.8218
vn 0.7551 0.0773 -0.6511
vn -0.0788 0.2449 -0.9663
vn 0.9868 0.0235 -0.1603
vn 0.9766 -0.2139 -0.0234
vn 0.8119 -0.5526 -0.1883
vn 0.8341 0.1016 -0.5422
vn 0.6519 0.3943 -0.6478
vn 0.7728 0.1864 -0.6066
vn 0.8928 0.2486 -0.3756
vn 0.8281 -0.0664 -0.5567
vn -0.0777 -0.9956 0.0523
vn -0.2539 -0.9643 0.0752
vn -0.2391 0.6632 -0.7092
vn 0.0394 0.7302 -0.6820
vn 0.0940 0.8158 -0.5706
vn -0.7020 0.7115 -0.0314
vn -0.7957 0.6050 0.0268
vn 0.3092 0.9309 -0.1944
vn 0.3492 0.8372 -0.4209
vn -0.2979 0.8631 -0.4078
vn 0.8126 -0.5828 -0.0069
vn 0.8938 -0.4214 0.1531
vn 0.6768 -0.7139 0.1796
vn 0.7307 0.3026 0.6120
vn 0.8905 -0.3073 0.3355
vn 0.8642 -0.2287 0.4482
vn 0.8573 -0.3668 0.3613
vn -0.0403 0.9976 0.0565
vn 0.0025 0.9479 0.3187
vn -0.0400 0.9439 0.3279
vn 0.1095 0.9936 0.0264
vn 0.0495 0.9835 0.1742
vn 0.2649 0.9387 0.2206
vn 0.5824 0.8120 -0.0384
vn 0.6756 0.6976 0.2384
vn 0.5149 0.6982 0.4974
vn 0.5093 0.6051 0.6120
vn 0.2308 0.7384 0.6336
vn -0.4743 0.7721 0.4230
vn -0.4588 0.8594 0.2257
vn -0.7358 0.5888 0.3344
vn -0.6801 0.7124 -0.1731
vn 0.7906 0.3542 -0.4994
vn 0.2133 0.2743 -0.9377
vn 0.4997 0.2170 -0.8386
vn -0.3127 0.9064 -0.2841
vn -0.3083 0.9513 -0.0077
vn 0.5618 -0.7797 -0.2765
vn 0.3547 -0.7450 -0.5649
vn 0.1447 -0.9845 -0.0996
vn 0.5493 0.7112 -0.4387
vn 0.7024 0.6758 -0.2235
vn 0.5480 0.8101 -0.2084
vn 0.0534 -0.4899 -0.8701
vn 0.6495 -0.7601 0.0181
vn 0.8811 0.0725 -0.4674
vn 0.9022 -0.0867 -0.4225
vn 0.8876 0.0258 -0.4598
vn 0.1493 0.2954 -0.9436
vn -0.1751 0.3937 -0.9024
vn 0.8190 0.1916 0.5409
vn 0.8168 0.1478 0.5577
vn 0.7105 0.2954 0.6386
vn 0.6393 0.2045 0.7412
vn 0.7268 0.3624 0.5835
vn 0.6427 0.1629 0.7486
vn 0.8897 0.3763 -0.2584
vn 0.8892 0.3737 -0.2641
vn 0.9075 0.3163 -0.2766
vn -0.0057 0.4386 0.8987
vn -0.0979 0.7380 0.6676
vn 0.0789 0.5618 0.8235
vn -0.4455 0.5661 0.6936
vn -0.8242 0.4931 0.2785
vn -0.6918 0.6155 0.3776
vn -0.7753 0.5791 0.2521
vn 0.9513 0.0717 0.2999
vn 0.1128 0.4098 0.9052
vn 0.6050 0.2046 0.7695
vn 0.5638 0.2057 0.7998
vn 0.1801 0.4778 0.8598
vn -0.1435 -0.9890 0.0360
vn -0.4348 -0.8808 -0.1873
vn -0.5932 -0.7817 -0.1923
vn -0.6945 -0.6837 0.2243
vn -0.7687 -0.6004 -0.2204
vn -0.3681 -0.9296 0.0163
vn -0.0110 -0.9998 0.0171
vn -0.0054 -1.0000 0.0038
vn -0.0070 -0.9999 0.0104
vn -0.0161 -0.9998 -0.0130
vn 0.0160 -0.9999 -0.0028
vn -0.0025 -0.9995 0.0323
vn -0.0340 -0.9994 0.0065
vn 0.0276 0.9822 0.1861
vn -0.0384 0.9747 0.2202
vn 0.2171 0.9526 -0.2133
vn 0.5505 0.6337 -0.5435
vn 0.4288 0.8107 -0.3987
vn -0.7687 0.5848 -0.2592
vn -0.6727 0.6751 -0.3028
vn -0.7243 0.6527 -0.2225
vn -0.9295 -0.0328 -0.3673
vn -0.8734 -0.1147 -0.4733
vn -0.5031 -0.8032 -0.3190
vn -0.7370 -0.4710 -0.4846
vn -0.4657 -0.8495 -0.2478
vn 0.8973 0.3706 -0.2397
vn 0.7109 0.6563 -0.2526
vn -0.8788 -0.4426 0.1781
vn -0.9282 -0.2070 -0.3093
vn -0.5006 0.2617 0.8252
vn -0.0770 0.3020 0.9502
vn -0.3062 0.3170 0.8977
vn -0.2364 0.2614 0.9359
vn 0.6831 0.6920 -0.2333
vn 0.7242 0.6863 -0.0664
vn 0.6513 0.6703 -0.3556
vn 0.7317 0.6462 -0.2166
vn 0.2227 0.8739 -0.4321
vn 0.5591 0.1039 -0.8226
vn 0.6662 0.5701 -0.4808
vn 0.8033 0.4987 -0.3256
vn 0.6171 0.7778 -0.1193
vn 0.4263 0.8898 -0.1632
vn 0.3892 -0.0798 0.9177
vn -0.1584 -0.2496 0.9553
vn -0.8851 0.2705 -0.3787
vn -0.8789 -0.1289 -0.4592
vn -0.9510 -0.1353 -0.2781
vn -0.9730 0.0856 0.2144
vn -0.9044 -0.2369 0.3548
vn -0.9726 -0.0049 0.2325
vn -0.8896 0.4484 0.0870
vn -0.7032 0.6933 -0.1577
vn -0.6794 0.7100 -0.1852
vn -0.1822 -0.9805 -0.0735
vn -0.3324 0.5069 -0.7953
vn -0.1520 0.6273 -0.7638
vn -0.0759 0.7443 -0.6635
vn 0.3517 0.6893 -0.6334
vn 0.6105 0.3439 0.7134
vn 0.7810 -0.1047 0.6157
vn 0.7749 -0.3405 0.5325
vn 0.3738 0.5052 0.7779
vn 0.4740 0.2864 0.8326
vn 0.5518 0.0540 0.8322
vn 0.0017 0.6734 -0.7393
vn 0.1555 0.8380 -0.5230
vn 0.2705 0.8873 -0.3736
vn 0.2047 0.9660 -0.1581
vn 0.1176 0.9682 -0.2207
vn 0.1820 0.6052 0.7750
vn 0.1575 0.5519 0.8189
vn 0.0604 0.5073 0.8597
vn -0.2148 0.6164 -0.7576
vn 0.3759 0.6996 -0.6076
vn 0.0104 0.8570 -0.5152
vn 0.0302 0.8159 -0.5775
vn 0.1943 0.8080 -0.5562
vn 0.9485 -0.2964 -0.1116
vn 0.9488 -0.0026 -0.3158
vn 0.9403 -0.0252 -0.3393
vn 0.8430 0.5082 0.1760
vn 0.9887 0.0895 0.1199
vn 0.8151 0.4095 -0.4099
vn -0.6520 0.7352 0.1854
vn -0.7448 0.6266 0.2295
vn -0.8111 0.5703 0.1296
vn -0.9815 0.0295 0.1889
vn -0.9450 0.0791 0.3173
vn -0.9202 -0.3335 0.2052
vn 0.3797 0.9216 0.0801
vn 0.2091 0.9299 0.3025
vn 0.3705 0.9221 0.1120
vn 0.4629 0.0966 -0.8812
vn -0.0491 -0.9536 0.2971
vn 0.0336 -0.2851 0.9579
vn -0.1053 0.9944 0.0108
vn 0.0299 0.9694 0.2435
vn -0.0167 0.9975 -0.0681
vn -0.1595 -0.9795 -0.1230
vn 0.2029 -0.8466 -0.4920
vn 0.0839 -0.9953 -0.0477
vn -0.3821 -0.8971 -0.2216
vn 0.8578 0.4924 0.1475
vn 0.9011 0.4266 -0.0769
vn 0.4926 0.8103 -0.3173
vn 0.5705 0.7977 -0.1956
vn 0.8083 0.5877 0.0359
vn 0.9197 -0.1516 -0.3621
vn 0.7209 0.5837 -0.3737
vn 0.7102 -0.6802 -0.1812
vn 0.8967 -0.4104 -0.1658
vn -0.0543 -0.9790 0.1964
vn -0.1102 -0.9895 0.0934
vn -0.0224 -0.9997 -0.0133
vn 0.0107 -0.9992 -0.0383
vn 0.0821 0.6195 0.7807
vn -0.1748 0.6764 0.7155
vn -0.0625 0.5548 0.8296
vn -0.6656 -0.0683 0.7432
vn -0.6773 0.0759 0.7318
vn -0.8027 0.0610 0.5932
vn 0.9321 -0.3079 -0.1908
vn 0.0861 0.9438 0.3191
vn -0.9317 0.3500 0.0971
vn -0.6543 0.1212 -0.7465
vn -0.7152 0.3588 -0.5999
vn -0.6409 0.4810 -0.5983
vn -0.3462 0.6271 -0.6978
vn -0.6406 0.7285 -0.2429
vn 0.2128 -0.8439 -0.4925
vn 0.2806 -0.8237 -0.4927
vn 0.3045 -0.6102 -0.7314
vn 0.0938 -0.3390 -0.9361
vn 0.3954 0.1332 -0.9088
vn 0.8271 0.5542 -0.0936
vn 0.9022 0.4306 -0.0260
vn -0.3136 0.1212 -0.9418
vn 0.0689 0.1830 -0.9807
vn 0.3865 0.7029 0.5971
vn 0.8619 0.5067 -0.0202
vn 0.8324 0.5212 -0.1883
vn 0.7865 0.5802 0.2117
vn -0.3663 -0.0986 0.9253
vn -0.5022 -0.1762 0.8466
vn -0.4760 -0.2280 0.8494
vn -0.1094 0.0281 0.9936
vn -0.1062 0.1498 0.9830
vn -0.1323 -0.2267 0.9649
vn -0.2801 0.5644 0.7765
vn -0.7534 0.3433 0.5609
vn 0.1039 -0.3632 -0.9259
vn 0.0437 -0.0176 -0.9989
vn -0.0086 0.0306 -0.9995
vn 0.4580 0.6717 -0.5823
vn 0.4118 0.4608 -0.7862
vn 0.7383 0.4140 -0.5325
vn 0.0141 0.3378 -0.9411
vn 0.0597 0.6113 -0.7891
vn 0.4805 0.1701 -0.8603
vn -0.9900 -0.1401 -0.0153
vn -0.9364 0.3063 0.1711
vn -0.8322 0.2432 -0.4983
vn -0.2506 -0.2166 0.9436
vn -0.3118 -0.0109 0.9501
vn -0.3831 -0.0394 0.9229
vn -0.8603 0.1758 0.4784
vn -0.6758 0.0710 0.7336
vn -0.2369 -0.9606 -0.1450
vn -0.5458 -0.8187 -0.1784
vn -0.5370 -0.7490 -0.3881
vn -0.6747 -0.7379 -0.0201
vn -0.6888 -0.6843 -0.2393
vn -0.6309 -0.6137 0.4746
vn -0.5482 0.5816 -0.6010
vn -0.2459 0.9567 -0.1556
vn -0.2526 0.9127 -0.3212
vn -0.8371 0.3585 -0.4132
vn -0.5857 0.7903 0.1799
vn -0.2875 0.9390 -0.1884
vn -0.7686 0.6395 -0.0137
vn -0.5442 0.8385 0.0283
vn -0.8426 0.3734 -0.3882
vn -0.9249 0.0387 -0.3782
vn -0.9433 0.2231 -0.2459
vn -0.6615 0.7290 -0.1760
vn -0.6986 0.6922 -0.1812
vn -0.0021 -0.9998 -0.0192
vn -0.9043 -0.4004 0.1485
vn -0.7385 -0.6456 0.1945
vn -0.8589 -0.4159 0.2988
vn -0.8053 -0.5812 -0.1169
vn 0.6012 -0.2755 0.7501
vn 0.7234 -0.6075 0.3280
vn 0.6712 0.1377 0.7284
vn -0.0949 0.3351 -0.9374
vn 0.2354 0.1938 -0.9524
vn -0.0503 0.2001 -0.9785
vn 0.9470 0.1317 -0.2931
vn -0.7553 -0.4838 -0.4421
vn -0.6903 -0.6195 -0.3738
vn -0.6664 -0.6782 -0.3097
vn -0.8364 0.5017 0.2207
vn -0.5690 0.8214 -0.0409
vn -0.6726 0.6820 0.2872
vn -0.7788 0.4050 -0.4790
vn -0.4821 0.6381 -0.6003
vn -0.5647 0.6303 -0.5327
vn -0.7565 0.3407 -0.5583
vn -0.6690 0.4608 0.5832
vn -0.9771 0.0689 0.2012
vn -0.9241 -0.1721 0.3412
vn -0.5121 0.6250 0.5892
vn -0.0861 0.5428 0.8354
vn 0.4489 0.7675 0.4576
vn 0.0596 0.2289 0.9716
vn 0.2380 0.2989 0.9241
vn -0.9668 0.0256 -0.2543
vn -0.8556 0.2292 -0.4642
vn -0.9456 0.1294 -0.2986
vn -0.2883 0.8890 -0.3559
vn -0.6147 0.7781 -0.1297
vn -0.4259 0.8873 -0.1772
vn 0.0239 0.9690 0.2458
vn -0.2022 0.9725 0.1155
vn -0.4591 -0.7798 -0.4256
vn -0.6419 -0.5039 -0.5780
vn -0.3912 -0.4557 -0.7996
vn -0.5512 -0.3852 -0.7401
vn -0.9764 0.1707 -0.1325
vn -0.2143 0.8790 -0.4259
vn -0.2473 0.8873 -0.3892
vn -0.4011 0.8304 -0.3867
vn -0.2841 0.3677 0.8855
vn -0.4816 0.7010 0.5260
vn -0.5968 -0.0675 0.7995
vn -0.0218 -0.3183 0.9477
vn -0.0197 0.4258 0.9046
vn -0.3663 -0.2690 0.8908
vn -0.6746 -0.2546 0.6929
vn -0.7023 -0.6240 0.3426
vn -0.8231 -0.3386 0.4559
vn -0.5184 -0.7561 0.3995
vn -0.3057 0.4196 0.8547
vn -0.5909 0.5678 0.5731
vn -0.3187 0.1991 0.9267
vn -0.2341 0.9585 -0.1628
vn -0.2977 -0.3134 0.9017
vn -0.2686 -0.6523 0.7088
vn -0.3286 -0.3009 0.8953
vn -0.2600 0.0974 0.9607
vn -0.3768 0.2101 0.9021
vn -0.2246 0.4101 0.8839
vn -0.5511 -0.5898 -0.5903
vn -0.7659 -0.5963 -0.2405
vn -0.6746 -0.5312 -0.5126
vn 0.9710 -0.0333 0.2368
vn 0.9937 -0.1113 -0.0131
vn 0.9707 -0.2385 0.0298
vn -0.3035 0.4505 0.8396
vn -0.4372 0.1848 0.8802
vn -0.2846 0.4777 0.8312
vn -0.3408 0.3735 0.8628
vn 0.7043 0.5959 0.3857
vn 0.8573 0.2897 0.4255
vn 0.9563 0.2149 0.1981
vn 0.6873 0.7260 -0.0237
vn 0.8662 0.4250 -0.2627
vn 0.8896 0.0158 -0.4564
vn 0.6048 0.6719 -0.4276
vn 0.4036 0.2903 -0.8677
vn 0.4392 0.5369 -0.7203
vn -0.4260 -0.8581 -0.2868
vn -0.8127 -0.4749 -0.3377
vn -0.1224 0.9195 0.3735
vn 0.0070 0.9869 -0.1612
vn 0.1725 0.8823 -0.4379
vn 0.0930 0.9711 0.2199
vn -0.8438 0.4001 -0.3577
vn -0.5119 0.7155 -0.4754
vn -0.7567 0.6469 -0.0950
vn -0.1750 0.6162 -0.7679
vn -0.0196 0.8238 -0.5666
vn -0.1907 0.8782 -0.4387
vn 0.4969 -0.1741 0.8502
vn 0.3123 -0.1747 0.9338
vn 0.4122 -0.1360 0.9009
vn 0.4118 0.4986 0.7628
vn 0.0519 0.8319 0.5525
vn 0.5012 0.5032 0.7040
vn 0.9997 0.0149 -0.0180
vn 0.9759 0.0097 -0.2179
vn 0.6980 -0.5420 -0.4679
vn 0.9163 -0.0433 -0.3981
vn -0.3126 0.9483 -0.0550
vn -0.4361 0.8759 0.2065
vn 0.0380 0.9988 -0.0324
vn 0.1541 0.6972 -0.7001
vn 0.7202 0.1440 -0.6786
vn 0.7801 -0.0086 -0.6256
vn 0.6697 -0.3844 -0.6354
vn 0.5770 0.2278 -0.7843
vn -0.3231 0.1150 0.9394
vn 0.1028 0.2604 0.9600
vn 0.1468 0.0380 0.9884
vn 0.8947 0.1902 0.4041
vn 0.9420 -0.0039 0.3355
vn 0.7384 0.2608 0.6219
vn -0.2015 0.9667 -0.1575
vn -0.2337 0.9595 -0.1572
vn 0.7772 -0.1226 -0.6172
vn -0.4152 0.1291 -0.9005
vn -0.0824 0.3731 -0.9241
vn -0.1925 0.9539 -0.2304
vn -0.1992 0.9187 -0.3410
vn 0.6910 0.4754 -0.5445
vn 0.4296 0.6908 -0.5816
vn 0.7584 0.6499 -0.0486
vn 0.7403 0.5141 -0.4333
vn 0.7817 0.4440 -0.4380
vn -0.8378 0.0802 0.5400
vn -0.9344 0.2519 0.2520
vn -0.6658 0.3940 0.6337
vn -0.6142 0.4082 0.6754
vn -0.7818 0.3647 0.5058
vn 0.7392 0.2427 -0.6282
vn 0.6700 0.3333 -0.6634
vn 0.8404 0.1999 -0.5038
vn 0.7471 0.2639 -0.6100
vn 0.8644 0.2659 -0.4267
vn 0.8253 0.3181 -0.4667
vn 0.7304 0.6668 -0.1482
vn 0.4474 0.8892 -0.0963
vn 0.3828 0.8838 -0.2689
vn 0.1354 0.9906 -0.0180
vn 0.1261 0.8894 -0.4395
vn 0.0574 0.9983 -0.0048
vn -0.4132 0.4538 0.7895
vn -0.4151 0.3101 0.8553
vn -0.3031 0.3318 0.8933
vn -0.5780 0.4831 -0.6577
vn -0.8075 0.0080 -0.5898
vn -0.5144 0.5911 -0.6213
vn 0.7169 0.3442 -0.6063
vn 0.8103 0.3466 -0.4726
vn 0.8576 0.1533 -0.4909
vn 0.8859 0.4562 -0.0839
vn 0.9258 0.2527 -0.2812
vn 0.9675 0.1218 -0.2218
vn -0.7897 0.6056 0.0982
vn -0.8569 0.4258 0.2905
vn -0.8603 0.3422 0.3778
vn -0.8156 -0.3472 0.4629
vn 0.4656 0.7893 0.4003
vn 0.2388 0.8949 0.3771
vn 0.6494 0.7601 -0.0220
vn -0.2096 0.1357 -0.9683
vn -0.1023 0.3138 -0.9440
vn -0.1276 -0.4878 -0.8636
vn -0.3534 0.3055 -0.8842
vn -0.1098 0.3563 -0.9279
vn 0.7070 0.1390 0.6934
vn 0.7087 0.1810 0.6819
vn 0.7027 0.3319 0.6294
vn 0.6893 -0.3077 0.6558
vn 0.7531 0.0614 0.6550
vn 0.6920 0.0734 0.7182
vn 0.6130 -0.6601 0.4341
vn -0.1268 -0.2353 -0.9636
vn -0.8208 0.3491 -0.4522
vn -0.8899 0.3135 -0.3314
vn -0.5639 0.2721 -0.7797
vn -0.8299 -0.4486 -0.3317
vn -0.9906 -0.0444 -0.1293
vn -0.9193 0.2569 0.2982
vn -0.9789 -0.0728 0.1910
vn -0.5353 0.7003 -0.4723
vn 0.4461 0.8867 -0.1216
vn 0.2932 0.9100 0.2931
vn 0.0886 0.9957 -0.0275
vn -0.0127 -0.9978 0.0645
vn 0.0381 -0.9993 0.0006
vn 0.0455 -0.9989 -0.0110
vn 0.0480 -0.9983 -0.0330
vn 0.0290 -0.9972 -0.0689
vn 0.4134 0.1003 0.9050
vn 0.5636 -0.1372 0.8146
vn 0.1842 0.1808 0.9661
vn -0.6406 -0.6998 -0.3160
vn -0.8570 -0.3228 -0.4017
vn 0.0850 0.8098 -0.5805
vn 0.3291 0.6183 -0.7137
vn -0.2702 0.8862 -0.3764
vn -0.5316 0.8430 -0.0827
vn -0.2663 0.9382 -0.2212
vn -0.7830 0.3627 0.5053
vn -0.9565 0.1477 0.2518
vn -0.7443 0.0274 0.6673
vn -0.7696 -0.3484 0.5351
vn 0.8068 -0.1274 -0.5769
vn 0.8392 0.4847 -0.2466
vn 0.9754 0.1822 0.1237
vn -0.1313 0.2727 0.9531
vn -0.1230 0.1477 0.9814
vn -0.5336 -0.2130 0.8185
vn -0.3048 0.2133 0.9282
vn -0.9081 0.1334 -0.3969
vn -0.5431 -0.8183 -0.1882
vn -0.9270 0.2217 -0.3026
vn -0.7374 0.6492 -0.1863
vn -0.7833 0.6024 -0.1533
vn -0.7485 0.5933 -0.2964
vn -0.9713 0.1956 0.1351
vn -0.9647 -0.1072 0.2405
vn -0.9640 0.0625 0.2583
vn -0.8021 0.1844 0.5679
vn -0.5200 0.2429 0.8189
vn -0.7518 0.2597 0.6060
vn -0.1983 0.5804 0.7898
vn -0.7898 -0.0076 -0.6133
vn -0.5422 -0.3209 -0.7766
vn -0.3377 -0.4835 -0.8076
vn 0.3423 0.8203 0.4582
vn 0.2864 0.4632 0.8387
vn 0.7434 0.4113 0.5274
vn 0.8573 0.5085 0.0797
vn 0.0914 -0.4343 -0.8961
vn 0.2034 -0.5475 -0.8117
vn 0.3483 0.1339 -0.9277
vn 0.0920 0.2070 -0.9740
vn 0.6617 0.3542 0.6608
vn 0.8274 0.3060 0.4708
vn 0.5665 0.3867 0.7278
vn 0.3264 -0.0340 -0.9446
vn 0.6756 -0.2678 -0.6869
vn 0.9331 -0.2661 -0.2419
vn 0.4558 -0.4197 -0.7849
vn 0.6034 -0.0250 -0.7970
vn -0.0612 0.6845 -0.7264
vn 0.2383 0.5178 -0.8217
vn 0.1435 0.2286 -0.9629
vn 0.2312 0.0727 -0.9702
vn 0.5944 0.3230 -0.7365
vn 0.2277 -0.3182 0.9203
vn -0.0745 -0.4349 0.8974
vn 0.2262 -0.3359 0.9143
vn -0.5408 0.6273 0.5604
vn -0.8387 0.3363 0.4283
vn -0.4527 0.2267 0.8624
vn -0.9216 0.0304 0.3870
vn -0.7516 0.1918 0.6312
vn -0.7977 0.0894 0.5965
vn -0.7331 -0.4569 0.5038
vn -0.6190 -0.3155 0.7193
vn 0.2975 -0.8406 0.4527
vn 0.3975 -0.8336 0.3835
vn 0.5578 -0.4401 0.7037
vn -0.3302 -0.9285 0.1701
vn -0.9925 -0.1043 0.0642
vn -0.9230 -0.2168 0.3180
vn -0.9791 0.1594 0.1260
vn -0.9834 0.0300 0.1787
vn -0.9693 0.2380 0.0621
vn 0.2972 0.9515 -0.0794
vn 0.5076 0.8337 -0.2172
vn 0.2228 0.4753 0.8512
vn 0.5214 0.3038 0.7974
vn 0.4493 0.2074 0.8690
vn 0.5016 -0.1621 0.8498
vn -0.7101 -0.2524 -0.6573
vn -0.4763 0.0275 -0.8789
vn -0.8832 -0.2358 -0.4054
vn 0.3603 0.9273 0.1015
vn 0.2903 0.9560 -0.0426
vn 0.1287 0.9640 0.2327
vn -0.6226 -0.5546 -0.5521
vn -0.7199 -0.0099 -0.6940
vn -0.8749 -0.0558 -0.4811
vn -0.6015 0.7982 0.0334
vn -0.6915 0.7115 -0.1244
vn 0.5731 0.7171 0.3966
vn 0.6362 0.6031 0.4812
vn 0.8863 -0.0080 0.4630
vn 0.6634 0.5695 0.4853
vn 0.8984 0.3159 0.3051
vn 0.4899 0.0947 -0.8666
vn 0.1424 0.1661 -0.9758
vn 0.6810 -0.0974 -0.7258
vn 0.7675 0.3439 -0.5410
vn 0.2640 -0.9286 0.2606
vn -0.0518 -0.9915 0.1194
vn -0.3535 0.7616 -0.5431
vn -0.3830 0.8168 -0.4315
vn -0.5334 0.7531 -0.3851
vn -0.9749 -0.2216 0.0209
vn -0.8225 -0.5427 0.1703
vn -0.5609 -0.1866 -0.8066
vn 0.7599 -0.4459 -0.4730
vn 0.9681 0.0340 -0.2481
vn 0.8314 -0.2997 -0.4680
vn 0.9022 -0.3480 -0.2549
vn 0.5819 -0.6152 -0.5319
vn 0.9693 0.1350 -0.2057
vn 0.8318 0.5461 -0.0994
vn 0.0105 -0.9988 0.0488
vn -0.0622 -0.9921 0.1090
vn -0.3518 -0.9355 0.0316
vn -0.4031 -0.3666 0.8385
vn -0.5736 -0.6450 0.5049
vn -0.2951 -0.7451 0.5980
vn -0.7033 -0.4440 0.5552
vn -0.8886 -0.3883 0.2443
vn -0.6995 0.6459 -0.3058
vn -0.9882 -0.1494 -0.0333
vn -0.9914 -0.1088 0.0726
vn -0.9971 -0.0626 -0.0435
vn 0.0717 0.9633 0.2586
vn 0.4065 0.7657 0.4984
vn 0.5170 0.7482 0.4158
vn 0.3386 0.6634 0.6673
vn 0.6375 -0.1011 0.7638
vn 0.4759 0.5294 0.7023
vn 0.1362 -0.9338 -0.3308
vn 0.3221 -0.7659 -0.5564
vn 0.2244 -0.8724 -0.4342
vn 0.8461 -0.1071 -0.5221
vn 0.9076 0.2232 -0.3555
vn 0.4934 -0.8443 -0.2091
vn 0.7086 -0.5015 -0.4963
vn -0.2775 0.3690 0.8870
vn -0.0780 0.7337 0.6749
vn -0.0026 0.4488 0.8936
vn -0.6768 0.6084 0.4145
vn -0.7061 0.5011 0.5003
vn -0.7372 0.2752 0.6171
vn -0.2702 0.8651 0.4225
vn -0.8094 -0.5849 -0.0533
vn -0.3231 -0.9388 -0.1195
vn -0.3846 -0.9231 -0.0018
vn -0.8390 -0.5083 -0.1945
vn 0.4577 0.8557 -0.2412
vn 0.5836 0.7889 -0.1927
vn 0.0266 -0.9534 -0.3006
vn 0.5277 -0.8128 -0.2466
vn 0.2466 -0.9612 -0.1235
vn -0.0250 -0.9976 -0.0639
vn -0.0128 -0.9995 -0.0273
vn 0.8390 -0.1272 -0.5290
vn 0.7859 -0.1349 -0.6035
vn -0.3659 0.2592 -0.8939
vn -0.1303 0.2082 -0.9694
vn 0.7860 0.3249 0.5260
vn 0.7748 0.0943 0.6252
vn 0.8247 0.3408 0.4513
vn -0.8867 0.0685 0.4572
vn -0.8071 0.4926 0.3255
vn 0.1889 0.6042 0.7741
vn 0.5198 0.3213 0.7916
vn 0.6729 0.3832 0.6327
vn 0.7617 0.5640 -0.3188
vn 0.9132 0.4065 -0.0280
vn 0.5954 0.8029 -0.0287
vn 0.8711 0.2391 -0.4289
vn 0.7904 0.1177 -0.6011
vn 0.8007 0.0830 -0.5932
vn 0.0981 0.8830 0.4590
vn -0.1629 0.9860 0.0352
vn -0.8055 0.5849 -0.0948
vn -0.9045 0.3540 0.2380
vn -0.8949 0.1169 0.4306
vn -0.9688 0.2043 0.1402
vn -0.8508 0.2979 0.4330
vn 0.5521 -0.1866 -0.8126
vn 0.5345 -0.3105 -0.7861
vn 0.8046 -0.3439 -0.4841
vn 0.1911 -0.6243 -0.7574
vn 0.1359 -0.9175 -0.3737
vn 0.6795 0.1929 -0.7078
vn 0.7055 0.3808 -0.5978
vn 0.4497 0.1739 -0.8761
vn 0.3250 0.7049 -0.6305
vn -0.5453 0.4852 -0.6836
vn -0.8268 0.2173 -0.5188
vn 0.8768 0.2048 0.4352
vn 0.8575 0.3264 0.3977
vn 0.9528 0.1736 0.2489
vn 0.9740 0.2209 0.0505
vn 0.9238 0.2007 -0.3260
vn 0.9314 0.3637 -0.0142
vn -0.9753 -0.0673 -0.2104
vn -0.6743 0.2931 -0.6778
vn -0.8154 0.2166 -0.5369
vn 0.2764 0.9596 0.0526
vn 0.1373 0.9554 0.2615
vn -0.4982 0.7829 -0.3727
vn -0.5068 0.8091 -0.2974
vn -0.2024 0.9342 -0.2938
vn 0.8918 -0.2473 -0.3788
vn 0.8100 -0.2311 -0.5390
vn 0.6280 -0.7505 -0.2056
vn 0.5897 -0.7660 -0.2561
vn 0.4446 -0.7941 -0.4144
vn 0.7594 0.6418 -0.1073
vn 0.7485 0.6523 0.1194
vn 0.5926 0.7985 0.1060
vn 0.7368 0.5185 0.4338
vn 0.7977 -0.2234 -0.5602
vn -0.2797 -0.3840 -0.8799
vn -0.1013 0.6229 0.7757
vn 0.2840 -0.1177 0.9516
vn 0.7909 -0.1598 0.5907
vn 0.5184 -0.0056 0.8551
vn 0.8715 0.3556 -0.3377
vn -0.2988 -0.1046 -0.9486
vn -0.3500 0.0023 -0.9368
vn -0.2923 -0.2231 -0.9299
vn -0.1824 0.9421 0.2813
vn -0.2739 -0.8009 -0.5325
vn 0.2656 -0.9312 -0.2496
vn -0.0032 -0.9957 -0.0926
vn 0.7945 0.3256 -0.5126
vn 0.7985 0.3591 -0.4832
vn 0.6158 0.5185 -0.5933
vn 0.0764 -0.1976 0.9773
vn -0.2946 -0.2044 0.9335
vn 0.0591 0.1764 0.9825
vn 0.7688 0.3227 0.5521
vn 0.7061 0.3257 0.6287
vn 0.8322 0.3993 0.3847
vn -0.7650 0.6320 -0.1241
vn -0.8104 0.4020 0.4262
vn -0.6497 0.7215 0.2393
vn -0.5486 0.7058 0.4482
vn 0.1242 -0.9140 0.3862
vn 0.1161 -0.8898 0.4414
vn -0.0330 -0.9826 0.1829
vn -0.0032 -0.7849 0.6196
vn -0.9999 -0.0093 -0.0091
vn -0.9750 0.2149 0.0555
vn 0.8191 0.2063 0.5353
vn 0.7589 0.4528 0.4679
vn 0.5651 0.4314 0.7033
vn -0.6613 -0.2460 -0.7087
vn -0.9547 -0.2831 0.0911
vn 0.3628 0.6483 0.6693
vn 0.6695 0.5279 0.5226
vn 0.8412 0.5379 -0.0550
vn 0.6914 0.6646 -0.2833
vn 0.0064 0.9964 -0.0847
vn 0.0321 0.1488 0.9883
vn -0.1869 0.0333 0.9818
vn -0.1868 -0.1019 0.9771
vn 0.5147 0.5056 -0.6925
vn 0.3517 0.8447 -0.4034
vn 0.5049 -0.0500 -0.8617
vn 0.6644 0.5829 -0.4678
vn -0.0969 0.9602 -0.2620
vn -0.2955 0.9312 -0.2133
vn -0.2474 0.9553 -0.1621
vn -0.1758 0.9841 0.0263
vn 0.9600 -0.0734 -0.2702
vn -0.6721 -0.6877 -0.2745
vn -0.8144 -0.5222 -0.2531
vn 0.8386 0.3253 0.4369
vn 0.5654 0.5400 0.6235
vn 0.5639 0.5146 0.6459
vn 0.5009 0.6125 0.6115
vn 0.7475 0.5287 -0.4022
vn 0.5013 -0.0612 -0.8631
vn 0.5695 -0.1059 -0.8151
vn 0.7898 0.2683 -0.5516
vn -0.8858 0.4393 0.1493
vn -0.7891 0.4380 0.4307
vn 0.7397 0.6102 -0.2838
vn 0.5102 0.8457 -0.1567
vn -0.5798 0.7342 -0.3533
vn -0.0902 0.1990 -0.9758
vn -0.2841 0.4725 -0.8343
vn -0.4278 0.7472 -0.5087
vn -0.8814 0.1804 -0.4365
vn -0.9202 0.2303 -0.3165
vn 0.9860 0.1040 0.1304
vn -0.2017 0.9777 0.0594
vn -0.5363 0.4154 -0.7347
vn -0.5396 0.3377 -0.7712
vn -0.3936 0.1445 -0.9079
vn -0.4574 0.7992 -0.3901
vn -0.8323 0.3129 -0.4576
vn -0.6668 0.4068 -0.6244
vn -0.6385 0.5757 -0.5108
vn 0.6692 0.4448 -0.5952
vn 0.8505 0.3411 -0.4003
vn 0.7816 0.1850 -0.5957
vn 0.6178 0.5496 -0.5624
vn 0.5836 0.7732 -0.2484
vn 0.0151 -0.9999 -0.0070
vn -0.1217 -0.9926 0.0019
vn -0.0206 -0.9867 0.1610
vn 0.7514 0.1228 0.6483
vn 0.8510 0.3738 0.3688
vn 0.6912 0.5488 0.4702
vn 0.8376 0.4962 0.2286
vn 0.6606 0.4372 0.6103
vn 0.5691 0.3195 0.7577
vn 0.6324 0.5150 -0.5787
vn -0.2407 0.3206 -0.9161
vn -0.3918 0.4217 -0.8177
vn -0.5282 0.3602 0.7689
vn -0.5149 0.4672 0.7188
vn -0.0520 0.4895 0.8705
vn 0.1188 0.6355 0.7629
vn 0.3360 0.7712 -0.5407
vn 0.3964 0.6809 -0.6158
vn 0.2334 0.4132 -0.8803
vn 0.4380 0.8974 -0.0530
vn 0.6098 0.7123 0.3476
vn 0.6498 0.7588 -0.0456
vn 0.4146 0.9064 0.0809
vn -0.2556 -0.2483 0.9344
vn 0.8088 -0.3878 0.4421
vn 0.6416 -0.5834 0.4980
vn 0.8099 -0.0330 0.5856
vn -0.7499 0.6522 0.1114
vn -0.4851 -0.0073 0.8744
vn -0.7126 0.2354 0.6609
vn -0.5485 0.0750 -0.8328
vn -0.3787 0.4577 -0.8045
vn -0.2621 0.2441 -0.9337
vn -0.8096 0.3416 -0.4774
vn -0.9307 0.2914 -0.2212
vn -0.6683 0.1295 -0.7326
vn 0.7665 0.6413 0.0344
vn 0.8332 0.5310 -0.1544
vn -0.5281 0.5810 0.6193
vn -0.6224 0.2183 0.7516
vn -0.4940 0.6832 0.5377
vn -0.5077 0.6711 0.5403
vn -0.2045 0.7731 0.6005
vn 0.1038 0.7036 0.7030
vn -0.0325 0.6354 0.7715
vn 0.0208 0.2513 0.9677
vn -0.5685 0.3722 0.7337
vn -0.5897 0.3599 0.7230
vn -0.7090 0.1281 0.6935
vn -0.1829 0.8564 -0.4828
vn -0.6778 0.4566 -0.5763
vn -0.8415 -0.1258 -0.5255
vn -0.6802 -0.0026 -0.7330
vn -0.9107 0.3407 -0.2338
vn -0.9811 0.1435 -0.1295
vn -0.9494 0.2642 -0.1699
vn 0.8745 -0.0734 0.4794
vn 0.8747 0.0381 0.4832
vn 0.8482 -0.4795 0.2251
vn 0.8912 -0.2875 0.3509
vn -0.7827 0.4199 0.4595
vn -0.4340 0.7184 0.5436
vn -0.3470 0.3961 0.8501
vn -0.2362 0.7223 0.6500
vn -0.0779 0.6205 0.7803
vn 0.6199 -0.1457 0.7710
vn 0.7597 -0.2919 0.5811
vn 0.6786 0.2902 0.6747
vn -0.6114 -0.0320 0.7907
vn -0.4693 -0.3145 0.8251
vn -0.7655 0.0091 -0.6434
vn -0.9078 -0.4114 0.0821
vn -0.9059 -0.1193 -0.4064
vn 0.3002 0.5347 -0.7899
vn -0.0051 0.4402 -0.8979
vn -0.2971 0.3733 -0.8789
vn 0.0861 0.7583 -0.6461
vn -0.1669 0.3685 -0.9145
vn -0.1051 0.0526 -0.9931
vn 0.9785 0.1974 0.0603
vn 0.9872 0.1495 0.0548
vn 0.7357 0.6041 -0.3064
vn 0.6637 0.4781 -0.5752
vn 0.4473 -0.2272 0.8651
vn 0.7626 0.6432 -0.0695
vn 0.6779 0.6899 -0.2540
vn 0.8566 0.4820 -0.1841
vn 0.9774 -0.1934 -0.0858
vn 0.9241 -0.2833 -0.2564
vn 0.8818 -0.3889 0.2670
vn 0.7712 -0.3033 0.5596
vn -0.8685 0.4579 -0.1899
vn -0.7816 0.5234 -0.3394
vn 0.2423 -0.0503 -0.9689
vn 0.3202 0.8249 -0.4659
vn 0.3510 0.7608 -0.5459
vn 0.8319 0.4784 -0.2812
vn 0.6299 0.3990 -0.6664
vn -0.0041 0.8740 -0.4860
vn -0.0125 0.7794 -0.6264
vn -0.0895 0.8091 -0.5808
vn -0.1251 0.9469 -0.2963
vn 0.8611 -0.2070 0.4644
vn -0.0546 0.3684 0.9280
vn -0.4671 0.2025 0.8607
vn 0.3407 -0.9347 0.1009
vn 0.0352 -0.9965 0.0762
vn -0.0852 -0.9944 0.0622
vn 0.5814 0.8075 -0.0997
vn -0.6919 0.2813 0.6649
vn -0.1371 0.3816 0.9141
vn -0.1934 0.6169 0.7629
vn -0.1558 0.4049 0.9010
vn -0.3452 0.1629 0.9243
vn 0.0048 0.2121 -0.9772
vn 0.6263 -0.6659 -0.4054
vn 0.7253 -0.6604 0.1945
vn 0.4375 0.1895 0.8790
vn 0.4640 -0.0204 0.8856
vn 0.6355 0.1445 0.7585
vn 0.6503 0.1495 0.7449
vn 0.8109 0.0959 0.5772
vn 0.8206 0.2680 0.5047
vn -0.7112 0.1352 0.6899
vn -0.6438 -0.0209 0.7649
vn -0.7956 -0.3271 0.5100
vn -0.8631 -0.3245 0.3870
vn 0.5163 -0.8517 0.0892
vn -0.3814 0.3092 -0.8712
vn -0.0995 0.4001 -0.9110
vn -0.3109 0.6825 0.6614
vn -0.2769 0.7831 0.5569
vn 0.7088 0.3081 0.6346
vn 0.5354 0.6649 0.5208
vn 0.7613 0.0348 0.6475
vn 0.8420 0.0583 -0.5363
vn -0.0185 0.2215 -0.9750
vn 0.0340 0.3014 -0.9529
vn 0.7419 0.1214 -0.6595
vn -0.1285 0.9912 0.0329
vn -0.2794 0.9574 0.0724
vn -0.1051 0.9263 0.3619
vn -0.9314 -0.0507 -0.3604
vn -0.9499 0.1639 -0.2662
vn -0.8388 0.3472 -0.4194
vn -0.7540 0.5579 0.3468
vn -0.6206 0.7566 -0.2057
vn -0.9113 -0.1318 -0.3902
vn -0.6649 0.7349 -0.1336
vn -0.5148 -0.6878 0.5118
vn -0.6988 -0.6454 0.3083
vn -0.6183 0.2002 0.7600
vn -0.7795 0.3931 0.4878
vn -0.6005 0.3770 0.7051
vn -0.9734 0.2290 0.0071
vn -0.9007 0.4164 0.1243
vn -0.6833 0.5970 -0.4204
vn -0.4442 0.8431 -0.3032
vn -0.4912 0.7598 -0.4260
vn -0.7858 0.5682 -0.2442
vn -0.6500 0.7148 -0.2579
vn 0.5648 0.6404 0.5204
vn 0.2379 0.8080 0.5390
vn 0.2092 -0.9766 0.0505
vn 0.9022 -0.1108 0.4168
vn 0.7767 -0.2766 0.5659
vn 0.1942 0.7629 0.6167
vn 0.9608 0.2097 0.1812
vn 0.9189 0.1977 0.3413
vn 0.9102 0.2674 0.3163
vn 0.8646 0.3872 0.3201
vn 0.8325 0.5534 0.0255
vn 0.6456 0.4907 -0.5852
vn -0.9675 0.1406 0.2100
vn -0.9484 -0.3160 0.0263
vn -0.7940 -0.0920 -0.6009
vn -0.8344 0.4302 -0.3445
vn -0.9699 0.0660 -0.2343
vn -0.8748 -0.4775 0.0820
vn -0.7865 0.5688 -0.2406
vn -0.7547 0.6543 -0.0476
vn -0.4269 0.6105 0.6672
vn -0.1458 0.8334 0.5331
vn 0.0197 0.4157 0.9093
vn -0.9884 -0.1023 -0.1121
vn -0.9015 -0.4270 -0.0700
vn -0.8024 -0.5967 0.0073
vn -0.8981 -0.4263 -0.1080
vn 0.4208 -0.0554 0.9054
vn 0.4217 -0.1460 0.8949
vn 0.5779 0.1365 0.8046
vn 0.6068 -0.1072 0.7876
vn 0.6336 0.1510 0.7587
vn 0.5689 0.0125 0.8223
vn 0.7207 0.1275 0.6814
vn 0.7322 0.4967 0.4661
vn 0.6097 0.0897 0.7875
vn 0.5110 0.1081 0.8527
vn -0.3034 0.9211 -0.2439
vn -0.2282 0.9107 -0.3442
vn -0.2469 0.9604 -0.1290
vn -0.4276 0.8932 -0.1386
vn -0.2134 0.9723 -0.0951
vn -0.9237 -0.0140 0.3829
vn -0.9347 0.0149 0.3552
vn -0.6443 0.0324 0.7640
vn -0.4062 -0.9113 0.0678
vn -0.1642 -0.9842 -0.0663
vn -0.2367 -0.9624 -0.1333
vn -0.1524 -0.9841 -0.0915
vn -0.7670 -0.1029 -0.6334
vn -0.8774 -0.0789 -0.4732
vn -0.6980 -0.0482 -0.7145
vn -0.9898 0.1351 0.0443
vn -0.9426 0.0230 0.3331
vn -0.9862 -0.0097 -0.1650
vn -0.1858 0.7785 -0.5996
vn 0.0191 0.7647 -0.6441
vn -0.2236 -0.0742 -0.9719
vn -0.0898 0.0787 -0.9928
vn -0.3091 -0.1628 -0.9370
vn -0.1935 -0.3996 -0.8960
vn -0.2340 -0.3699 -0.8991
vn -0.3428 -0.3355 -0.8775
vn -0.8996 0.4365 0.0120
vn -0.9614 -0.1641 0.2207
vn -0.9901 -0.0074 0.1404
vn -0.9211 0.1526 0.3581
vn -0.8783 0.0887 0.4699
vn -0.9635 0.1045 0.2464
vn -0.3525 0.0857 0.9319
vn -0.3679 0.1265 0.9212
vn 0.3271 0.5172 -0.7909
vn 0.3493 0.3617 -0.8644
vn 0.0083 0.4049 -0.9143
vn -0.4220 0.8835 -0.2032
vn 0.1249 0.9294 -0.3472
vn -0.1830 0.9688 -0.1670
vn -0.5434 0.6724 -0.5027
vn -0.0723 0.8833 -0.4633
vn 0.2135 0.9655 0.1492
vn -0.9999 0.0116 0.0008
vn -0.9543 -0.1844 -0.2352
vn 0.7084 0.6669 0.2309
vn 0.6773 0.6653 0.3140
vn 0.8230 0.5314 0.2010
vn 0.7563 0.4866 0.4373
vn 0.4222 0.1103 0.8998
vn 0.9156 0.0533 0.3986
vn 0.7618 0.2697 0.5889
vn 0.7794 0.1358 0.6116
vn 0.5115 0.2921 -0.8081
vn 0.6248 0.1584 -0.7646
vn 0.2127 -0.8180 -0.5345
vn -0.0035 -0.9994 0.0341
vn 0.5760 -0.7955 -0.1883
vn 0.5894 -0.7256 -0.3552
vn 0.8992 -0.3783 -0.2198
vn 0.5673 -0.3330 -0.7532
vn 0.5320 -0.7126 -0.4574
vn 0.1784 -0.6509 -0.7379
vn -0.8251 0.5625 0.0534
vn -0.8340 0.4403 -0.3327
vn -0.8673 0.4857 0.1092
vn -0.2677 0.7134 -0.6476
vn -0.7940 0.5872 -0.1572
vn -0.6379 0.7514 -0.1688
vn -0.9738 0.1969 -0.1135
vn -0.9654 0.1546 0.2099
vn -0.5143 0.5567 -0.6524
vn 0.6792 0.7340 0.0004
vn 0.5270 0.8449 -0.0916
vn 0.2431 0.4405 -0.8642
vn 0.2305 0.5667 -0.7910
vn 0.0213 0.6582 -0.7525
vn 0.0078 0.6146 -0.7888
vn 0.0541 0.7501 -0.6591
vn 0.6989 0.3578 -0.6193
vn -0.1667 0.9856 0.0271
vn -0.2954 0.9521 0.0790
vn 0.2857 0.9522 0.1085
vn -0.1171 0.9930 0.0136
vn 0.2065 0.9779 -0.0338
vn 0.1589 0.2342 -0.9591
vn 0.2193 0.2555 -0.9416
vn -0.4946 0.2699 0.8261
vn -0.6115 0.2026 0.7648
vn 0.3517 -0.6011 -0.7176
vn -0.2272 0.2298 0.9463
vn -0.3078 -0.2484 0.9185
vn -0.3160 -0.2842 0.9052
vn 0.3701 0.8913 -0.2619
vn 0.7200 0.4282 -0.5461
vn -0.7708 -0.2328 -0.5931
vn -0.5167 -0.3080 -0.7989
vn -0.2604 -0.5674 -0.7812
vn -0.2999 -0.2634 -0.9169
vn -0.8048 0.5416 -0.2429
vn -0.2939 0.8245 -0.4836
vn 0.0007 0.9810 -0.1942
vn -0.3272 0.7890 0.5201
vn -0.5922 0.3857 0.7075
vn -0.7629 0.5574 0.3276
vn -0.5786 -0.2076 0.7888
vn 0.7324 0.5557 0.3934
vn 0.9940 -0.0937 0.0557
vn -0.7950 0.5407 -0.2751
vn 0.2841 0.0012 0.9588
vn 0.7485 0.3487 0.5640
vn 0.7015 -0.0251 0.7122
vn 0.2809 0.7660 -0.5782
vn -0.8277 0.2276 -0.5130
vn -0.9704 -0.0014 -0.2417
vn -0.3158 0.3815 0.8687
vn -0.4677 0.6009 0.6482
vn 0.7704 0.6372 0.0220
vn 0.7585 0.5339 0.3737
vn 0.8209 0.3459 0.4544
vn 0.5753 -0.7426 -0.3429
vn 0.5795 -0.3142 0.7519
vn 0.7242 0.0828 0.6846
vn 0.0729 0.1519 0.9857
vn 0.7461 -0.6084 0.2704
vn -0.4717 0.5472 -0.6914
vn -0.6069 0.4447 -0.6587
vn -0.1863 0.1952 -0.9629
vn -0.1567 0.2786 -0.9475
vn 0.6922 0.5259 0.4942
vn 0.6774 0.5615 0.4752
vn 0.6489 0.4291 0.6284
vn 0.7656 0.4002 0.5037
vn -0.6142 0.4571 -0.6433
vn 0.4340 0.4243 0.7947
vn 0.0956 0.7056 0.7022
vn 0.4758 0.5269 0.7043
vn 0.8297 0.5194 0.2043
vn 0.8342 0.5498 0.0420
vn 0.7738 0.1173 0.6224
vn 0.8298 0.1008 0.5490
vn 0.5238 0.1770 0.8333
vn -0.3040 0.6119 -0.7302
vn -0.3725 0.7044 -0.6043
vn -0.6912 0.5620 -0.4544
vn -0.5264 0.3364 0.7808
vn 0.4954 0.7977 -0.3439
vn 0.5494 0.8287 -0.1063
vn 0.4169 0.2283 -0.8798
vn 0.1304 0.3164 -0.9396
vn 0.1586 0.9025 -0.4005
vn 0.0691 0.9976 0.0072
vn 0.1161 0.9925 0.0375
vn 0.0900 0.9808 0.1732
vn -0.8622 0.4883 -0.1349
vn -0.5509 0.1765 -0.8157
vn -0.6991 0.7137 -0.0432
vn -0.7073 0.6947 0.1308
vn -0.4905 0.7406 0.4592
vn 0.5078 0.4517 0.7336
vn -0.1053 0.5169 0.8495
vn 0.4783 -0.0125 0.8781
vn 0.4672 0.5825 0.6651
vn 0.1989 0.7752 0.5995
vn 0.2525 0.7322 0.6325
vn 0.5913 0.6448 0.4844
vn -0.4179 -0.7077 0.5697
vn -0.3353 -0.0410 0.9412
vn -0.3069 0.1519 0.9395
vn 0.6689 0.6714 0.3191
vn 0.7266 0.2584 0.6366
vn 0.7489 -0.1384 0.6481
vn 0.5446 0.1870 0.8176
vn 0.3131 0.9473 -0.0675
vn -0.6487 0.3537 0.6739
vn -0.5882 -0.2658 0.7638
vn 0.9264 0.1277 0.3542
vn 0.9501 -0.0436 0.3089
vn -0.5110 0.6863 0.5175
vn -0.9953 0.0789 -0.0567
vn -0.7776 0.5767 0.2505
vn -0.9886 0.0726 -0.1320
vn 0.2610 -0.9541 0.1472
vn -0.5791 0.1664 -0.7981
vn -0.4557 -0.0425 -0.8891
vn 0.6487 0.4090 0.6418
vn 0.7361 0.4524 0.5034
vn 0.6791 0.4991 0.5382
vn 0.5951 0.4480 0.6672
vn 0.5230 -0.8508 -0.0513
vn 0.2516 0.6948 -0.6737
vn 0.0262 0.7264 -0.6868
vn 0.0817 0.8444 -0.5294
vn -0.2521 0.6133 0.7485
vn -0.1837 0.4514 0.8732
vn -0.2249 0.8102 0.5413
vn -0.6338 0.7420 -0.2185
vn -0.6078 0.7907 -0.0729
vn -0.3493 0.9278 0.1313
vn -0.3333 0.9128 0.2360
vn -0.5744 0.8180 -0.0307
vn -0.7891 0.4499 -0.4182
vn -0.8741 0.4019 -0.2729
vn 0.9937 0.0187 0.1103
vn -0.4250 -0.7820 0.4559
vn 0.1193 0.9751 0.1871
vn -0.0835 0.9883 0.1278
vn 0.1146 0.9446 0.3075
vn 0.4485 -0.6955 -0.5614
vn 0.5752 -0.4566 -0.6787
vn 0.7415 -0.0275 -0.6704
vn -0.1363 0.9701 0.2010
vn -0.2751 0.8239 0.4955
vn -0.1205 0.7721 0.6239
vn -0.0182 0.7169 0.6969
vn 0.9420 0.1490 -0.3006
vn 0.8649 0.4121 -0.2865
vn 0.8703 0.4818 -0.1024
vn 0.9131 0.3160 -0.2575
vn 0.8831 0.2392 -0.4037
vn 0.1168 0.9863 -0.1168
vn 0.4423 0.8568 -0.2651
vn -0.1985 0.0361 0.9794
vn -0.6220 0.1452 0.7694
vn -0.4818 -0.2096 0.8508
vn -0.9027 0.3140 -0.2941
vn -0.8887 0.2392 -0.3912
vn -0.8802 0.4327 -0.1947
vn 0.4424 -0.4455 -0.7783
vn 0.6435 -0.3544 -0.6785
vn 0.3371 -0.7005 -0.6290
vn -0.0042 0.4425 -0.8967
vn -0.3029 0.3244 -0.8961
vn 0.4791 0.1918 -0.8565
vn 0.5773 0.4673 -0.6696
vn 0.6703 0.5781 -0.4653
vn 0.1451 0.8145 0.5617
vn 0.3620 0.7805 0.5098
vn -0.6108 0.4318 0.6637
vn -0.8578 0.1460 0.4928
vn -0.8875 0.2357 0.3960
vn 0.6445 -0.6504 -0.4019
vn 0.3550 0.2468 -0.9017
vn -0.0871 0.4127 -0.9067
vn 0.4995 -0.0578 -0.8644
vn 0.0904 0.9233 0.3733
vn -0.1496 0.9415 0.3020
vn -0.2888 -0.1649 0.9431
vn -0.0425 -0.1505 -0.9877
vn -0.4839 0.1793 0.8565
vn 0.1839 -0.0478 -0.9818
vn 0.1876 -0.1651 -0.9683
vn 0.4159 0.2653 -0.8698
vn 0.0077 0.7633 0.6460
vn 0.5297 0.1611 -0.8328
vn -0.9766 0.1436 0.1603
vn -0.9975 -0.0383 0.0592
vn -0.8785 -0.3601 -0.3139
vn -0.6931 -0.5624 -0.4508
vn -0.8266 -0.3730 -0.4214
vn 0.5649 0.6295 0.5335
vn 0.5733 0.0697 0.8164
vn 0.5617 0.0088 0.8273
vn -0.9243 0.2973 0.2395
vn -0.9222 0.2459 0.2984
vn -0.7391 0.2961 0.6050
vn -0.7615 0.0532 0.6459
vn -0.7833 0.2542 0.5673
vn 0.8005 0.1278 -0.5855
vn 0.5641 0.3874 -0.7292
vn -0.0279 -0.4327 -0.9011
vn -0.2267 -0.5620 -0.7955
vn 0.9879 0.1447 0.0562
vn 0.6811 0.5792 -0.4478
vn 0.7986 0.5635 -0.2114
vn -0.7580 -0.6065 -0.2400
vn 0.0563 -0.9984 -0.0012
vn -0.2454 -0.9422 -0.2280
vn -0.9620 -0.1971 -0.1888
vn -0.9348 -0.2591 0.2430
vn 0.0963 -0.1329 -0.9864
vn -0.0788 -0.6690 -0.7390
vn 0.1419 -0.5817 -0.8009
vn 0.2131 -0.7137 -0.6673
vn -0.9062 0.3252 0.2703
vn -0.1633 -0.9860 0.0340
vn 0.0418 0.8946 -0.4450
vn 0.4465 0.8339 -0.3244
vn 0.2871 0.9363 -0.2022
vn 0.5988 0.3948 0.6969
vn -0.1769 0.5637 0.8068
vn -0.9371 0.1111 0.3308
vn -0.9560 -0.1624 0.2443
vn -0.1558 0.0932 0.9834
vn -0.1986 0.3294 0.9231
vn -0.4006 0.0844 0.9124
vn -0.2865 0.0238 -0.9578
vn -0.5251 0.0899 -0.8463
vn -0.4701 0.1767 -0.8647
vn -0.4952 0.1193 -0.8605
vn -0.0186 0.9901 -0.1394
vn -0.0457 0.9890 -0.1407
vn 0.2027 0.9654 -0.1641
vn 0.0593 0.9112 -0.4076
vn -0.9672 0.2521 0.0302
vn 0.2927 0.5541 0.7793
vn 0.5749 -0.0166 0.8180
vn -0.6308 0.4933 -0.5990
vn -0.1417 -0.8968 -0.4191
vn 0.1661 -0.7636 -0.6240
vn 0.2072 0.5156 -0.8314
vn 0.1462 0.3448 -0.9272
vn -0.6117 0.6692 0.4218
vn 0.3139 0.7230 0.6154
vn 0.4408 0.5946 0.6724
vn 0.1808 0.9006 0.3952
vn 0.3987 -0.0226 0.9168
vn 0.5917 0.3247 0.7378
vn 0.8628 0.2864 0.4166
vn 0.2468 -0.3847 -0.8894
vn 0.6831 -0.5420 -0.4894
vn 0.6048 -0.5482 -0.5776
vn -0.8971 0.3314 -0.2922
vn 0.9914 -0.0592 -0.1167
vn 0.7757 -0.4756 -0.4149
vn 0.6400 0.7263 -0.2508
vn -0.4805 -0.5118 0.7122
vn 0.8325 -0.0752 0.5488
vn 0.0008 0.1386 -0.9903
vn -0.1051 0.3542 -0.9292
vn -0.6506 -0.0189 0.7592
vn -0.4956 0.2371 0.8355
vn -0.5222 -0.0816 0.8489
vn -0.0732 0.5194 0.8514
vn -0.3089 0.5608 0.7681
vn -0.2995 0.3070 0.9034
vn -0.0389 -0.3382 -0.9403
vn -0.0908 0.4309 -0.8978
vn -0.1396 -0.0478 -0.9891
vn -0.9820 -0.0368 -0.1854
vn -0.9903 0.1204 -0.0689
vn 0.6923 0.2918 -0.6600
vn 0.4826 0.1908 -0.8548
vn 0.8921 0.1401 -0.4296
vn 0.8396 0.2889 -0.4600
vn -0.0078 -0.9997 -0.0217
vn -0.6917 0.5905 -0.4158
vn -0.6785 0.5942 -0.4319
vn -0.6511 0.6710 -0.3548
vn -0.8735 0.4143 -0.2558
vn 0.2983 0.9477 0.1135
vn 0.6843 0.5440 0.4856
vn 0.6315 0.7571 0.1677
vn 0.6060 0.6783 0.4155
vn -0.8662 0.2789 0.4146
vn -0.8559 0.1706 0.4881
vn 0.4272 0.4374 0.7913
vn -0.4610 0.2560 0.8497
vn -0.2686 -0.3436 0.8999
vn -0.4314 0.9012 -0.0413
vn -0.5735 0.7958 -0.1944
vn -0.4662 0.8582 -0.2148
vn -0.3652 0.8855 0.2873
vn 0.9479 0.2880 -0.1364
vn 0.8349 0.5249 -0.1657
vn 0.6867 0.2385 0.6867
vn 0.3073 0.6691 -0.6766
vn 0.1100 0.6073 -0.7868
vn 0.6472 0.7215 -0.2459
vn 0.0339 0.4437 -0.8955
vn 0.3875 0.4650 -0.7960
vn 0.0405 0.7390 -0.6725
vn 0.4282 0.9008 -0.0726
vn 0.6419 0.7575 -0.1188
vn -0.7379 -0.6020 -0.3052
vn -0.6734 -0.7198 -0.1687
vn -0.9994 -0.0047 -0.0356
vn 0.8937 -0.1684 -0.4158
vn 0.6572 -0.7314 -0.1821
vn 0.7217 -0.0158 0.6921
vn 0.1214 0.9421 -0.3126
vn -0.2315 0.9469 -0.2232
vn -0.0095 0.9784 -0.2063
vn -0.6152 0.6604 -0.4307
vn -0.2919 0.8089 -0.5103
vn -0.5809 0.5281 -0.6195
vn -0.7424 0.3597 -0.5653
vn -0.2158 0.6212 0.7533
vn 0.0102 0.7095 0.7047
vn -0.5120 0.3792 0.7708
vn -0.3482 0.4530 0.8207
vn 0.6939 0.2954 -0.6566
vn 0.8605 0.3976 0.3184
vn 0.7036 0.4871 0.5174
vn 0.8722 0.4888 0.0207
vn -0.8116 0.4835 -0.3279
vn 0.6298 -0.4607 -0.6254
vn 0.6137 0.3543 0.7056
vn -0.7486 0.0515 -0.6610
vn -0.9452 -0.3199 -0.0655
vn -0.9498 -0.2412 -0.1993
vn -0.0705 -0.9798 -0.1869
vn 0.0792 -0.9716 -0.2230
vn -0.3816 0.9184 -0.1043
vn -0.1245 0.7363 -0.6651
vn -0.9504 0.3081 0.0428
vn -0.0630 -0.4188 -0.9059
vn -0.1981 -0.4318 -0.8799
vn -0.3536 -0.2703 -0.8955
vn -0.4404 0.7436 -0.5031
vn -0.5173 0.6027 -0.6076
vn -0.6870 0.5028 -0.5246
vn 0.2738 -0.6225 -0.7331
vn 0.4682 0.7214 -0.5102
vn 0.3161 0.4984 -0.8073
vn -0.5346 -0.8126 0.2320
vn -0.7436 -0.6684 -0.0183
vn -0.9016 -0.3878 0.1917
vn -0.9399 0.1287 -0.3164
vn -0.5988 0.5508 -0.5815
vn -0.5213 0.8170 -0.2466
vn -0.7477 0.5826 -0.3186
vn -0.2823 0.9011 -0.3292
vn -0.2981 -0.6418 -0.7066
vn 0.9230 -0.3696 -0.1069
vn -0.4095 -0.2796 -0.8684
vn -0.2717 -0.1333 -0.9531
vn -0.0029 -0.5364 -0.8440
vn -0.3906 0.4502 0.8029
vn -0.1035 0.4273 0.8982
vn 0.6962 0.0114 0.7177
vn -0.8527 0.4772 -0.2126
vn -0.8557 0.4906 -0.1647
vn -0.9658 0.0216 -0.2584
vn -0.8418 0.2729 0.4658
vn -0.9093 -0.0835 0.4077
vn -0.9572 -0.2668 0.1123
vn -0.9826 -0.1207 0.1409
vn 0.8190 0.5668 0.0895
vn 0.8387 0.5409 0.0632
vn 0.7935 0.5272 0.3041
vn 0.8274 0.2559 -0.4999
vn 0.8829 0.1638 -0.4401
vn 0.9346 0.2505 -0.2526
vn 0.9503 0.1195 -0.2875
vn -0.5110 -0.1161 0.8517
vn 0.4688 0.2330 -0.8520
vn -0.1833 0.9276 -0.3256
vn -0.1700 0.9123 -0.3727
vn 0.4627 0.0432 0.8855
vn 0.4579 0.1838 0.8698
vn 0.6413 0.3006 0.7059
vn -0.3159 0.0737 0.9459
vn -0.4253 0.4225 0.8004
vn -0.9195 -0.1110 0.3772
vn -0.8091 0.4958 0.3156
vn -0.8117 0.4639 0.3549
vn -0.2899 0.1414 0.9465
vn -0.3714 0.9004 -0.2267
vn 0.5176 0.3249 0.7915
vn 0.5911 0.1554 0.7915
vn -0.2116 -0.7789 -0.5904
vn 0.0996 0.8393 0.5344
vn -0.1207 0.9079 0.4014
vn 0.3517 -0.9059 -0.2358
vn -0.6093 0.1111 -0.7851
vn -0.4418 0.1018 -0.8913
vn -0.6792 0.1756 -0.7126
vn -0.8726 0.0786 -0.4821
vn 0.8702 0.4335 -0.2342
vn 0.9667 0.2036 -0.1549
vn -0.9311 0.3590 0.0649
vn 0.8424 0.0604 0.5355
vn -0.9028 -0.4038 -0.1478
vn -0.8108 0.5777 -0.0937
vn 0.5205 -0.6660 -0.5344
vn -0.2605 0.8724 0.4136
vn -0.4112 0.8542 -0.3182
vn -0.3308 0.9245 -0.1894
vn 0.5025 -0.7332 -0.4582
vn 0.6297 -0.7501 -0.2021
vn 0.5895 -0.6653 -0.4581
vn 0.2186 -0.8653 -0.4510
vn -0.2981 -0.9541 0.0302
vn -0.4507 -0.8866 0.1035
vn -0.3579 -0.9242 0.1335
vn -0.5525 -0.8207 0.1455
vn 0.3776 0.5791 -0.7225
vn 0.4261 0.5719 -0.7010
vn -0.1842 -0.9684 -0.1679
vn 0.2706 -0.9604 0.0669
vn 0.0041 -0.9995 -0.0313
vn -0.6156 0.3481 0.7070
vn -0.5495 0.2723 0.7899
vn -0.7019 0.1452 0.6974
vn 0.7756 -0.4867 -0.4020
vn -0.0754 0.1173 0.9902
vn 0.0155 0.0619 0.9980
vn 0.0431 0.9931 -0.1091
vn 0.0723 0.9974 0.0045
vn -0.9936 -0.0679 0.0900
vn -0.6106 0.7100 0.3508
vn 0.7206 0.1095 0.6846
vn 0.2377 -0.4040 0.8833
vn 0.9790 0.1558 -0.1314
vn -0.9659 0.2552 -0.0440
vn 0.9153 0.2045 0.3469
vn 0.8060 0.5261 0.2713
vn 0.8376 0.4703 -0.2780
vn -0.9870 0.0848 -0.1368
vn -0.8882 -0.4328 0.1542
vn -0.6905 -0.6999 0.1826
vn -0.5864 -0.6762 0.4459
vn 0.7116 0.2627 -0.6516
vn 0.8210 0.5347 -0.2002
vn 0.6539 0.7334 -0.1858
vn 0.0586 0.9440 -0.3248
vn 0.4217 0.8426 -0.3349
vn -0.3823 0.0325 0.9235
vn -0.4309 0.3964 0.8107
vn 0.7109 -0.1821 0.6793
vn 0.4292 0.4592 0.7778
vn -0.5666 0.1617 0.8080
vn -0.0157 -0.9992 -0.0378
vn -0.9750 -0.0378 -0.2188
vn -0.9316 0.1940 -0.3073
vn -0.9642 -0.2417 -0.1087
vn -0.9679 0.0840 -0.2370
vn 0.3198 -0.9475 -0.0012
vn 0.9389 -0.3439 0.0131
vn 0.7838 -0.2263 -0.5783
vn 0.1158 0.9580 0.2625
vn 0.2385 0.9061 0.3493
vn -0.0021 0.9474 0.3202
vn 0.0219 0.9180 0.3959
vn 0.6567 0.7531 0.0408
vn 0.8699 0.4932 0.0008
vn 0.6142 0.6420 0.4589
vn 0.9133 0.3538 -0.2018
vn 0.8692 0.4128 -0.2721
vn 0.3226 -0.1363 0.9367
vn -0.4213 0.2142 0.8813
vn 0.6677 0.3851 0.6370
vn 0.6261 0.4230 0.6550
vn 0.9520 0.2677 -0.1483
vn 0.9328 0.1578 -0.3239
vn 0.4374 -0.2424 0.8660
vn 0.7430 0.0874 0.6636
vn 0.7393 0.3797 -0.5562
vn 0.7882 0.2322 -0.5700
vn 0.7272 -0.0150 -0.6862
vn 0.6255 0.5501 -0.5533
vn 0.6337 0.5191 0.5736
vn 0.1152 -0.9836 0.1390
vn 0.6936 0.1550 -0.7035
vn 0.9804 0.1308 -0.1471
vn -0.4135 0.9045 -0.1048
vn -0.6896 -0.6122 0.3868
vn -0.8866 -0.3263 0.3279
vn -0.8036 -0.3494 -0.4818
vn -0.8099 0.3615 -0.4619
vn 0.0502 0.9323 0.3582
vn -0.1950 0.8809 0.4313
vn -0.1093 0.9244 0.3654
vn -0.9318 0.1458 0.3323
vn -0.9821 0.1317 0.1348
vn -0.0153 0.6469 0.7624
vn -0.1474 0.8669 0.4762
vn 0.9306 0.2103 -0.2995
vn -0.6984 0.2674 0.6639
vn 0.9816 -0.1654 -0.0958
vn -0.1551 -0.6079 -0.7787
vn 0.1995 -0.7376 -0.6451
vn -0.3775 0.8862 0.2687
vn 0.4958 0.8427 -0.2101
vn 0.2826 0.9441 -0.1699
vn 0.5554 0.4229 -0.7161
vn 0.2896 0.0905 -0.9529
vn 0.6463 0.7627 -0.0253
vn 0.6485 0.7603 -0.0384
vn 0.3934 -0.1835 0.9008
vn -0.9979 -0.0342 -0.0557
vn 0.8652 -0.2536 0.4326
vn 0.9632 0.0536 0.2635
vn -0.2222 0.0584 -0.9732
vn -0.1303 0.2446 -0.9608
vn 0.9754 0.0743 -0.2073
vn 0.9629 0.1437 -0.2286
vn 0.9731 0.0417 -0.2264
vn 0.7973 0.1089 -0.5937
vn 0.8605 -0.0737 -0.5041
vn -0.5010 0.3428 -0.7946
vn 0.5381 -0.2390 -0.8083
vn 0.6626 0.7469 0.0555
vn 0.3802 0.8415 -0.3838
vn -0.3142 0.6954 0.6463
vn -0.4793 0.8525 0.2088
vn -0.0021 -0.3618 -0.9323
vn -0.0932 -0.2190 -0.9713
vn 0.6110 0.0340 -0.7909
vn -0.8528 0.4983 -0.1564
vn -0.8412 0.3507 -0.4117
vn -0.6745 0.5599 -0.4812
vn 0.8116 -0.1878 -0.5532
vn 0.9550 -0.1917 -0.2263
vn -0.8901 0.4291 -0.1532
vn -0.6394 0.7023 -0.3130
vn 0.6254 0.5101 0.5905
vn 0.8995 0.0025 0.4370
vn 0.7622 0.5214 -0.3837
vn -0.5779 0.8086 -0.1107
vn -0.6198 0.7721 0.1403
vn -0.0838 -0.0475 0.9954
vn -0.4781 0.1254 0.8693
vn -0.0836 -0.0256 0.9962
vn 0.1652 0.9595 -0.2283
vn -0.9516 0.1445 0.2712
vn -0.9452 0.1100 0.3075
vn 0.2109 0.9273 -0.3094
vn 0.0831 0.9427 -0.3230
vn -0.9962 -0.0794 -0.0366
vn 0.5319 0.2599 0.8059
vn 0.7648 0.4708 0.4398
vn 0.1334 0.0659 0.9889
vn 0.3581 -0.0372 0.9330
vn 0.7079 0.5990 0.3742
vn 0.8574 -0.3065 -0.4134
vn 0.3264 -0.9399 -0.1000
vn 0.6684 -0.5513 -0.4992
vn 0.8966 -0.1755 0.4065
vn 0.3832 -0.8781 -0.2866
vn -0.7447 0.4736 -0.4702
vn -0.7509 0.6251 -0.2132
vn -0.5729 0.5759 -0.5832
vn -0.8290 0.5586 0.0271
vn -0.8840 0.4050 -0.2337
vn -0.0145 -0.9999 -0.0050
vn 0.4233 0.8708 0.2501
vn 0.6469 0.7088 0.2813
vn 0.6697 0.5576 0.4905
vn 0.5858 0.0024 -0.8104
vn 0.0743 0.9732 -0.2178
vn 0.9295 0.1172 -0.3496
vn 0.6224 0.7562 -0.2016
vn -0.1372 0.9869 0.0849
vn -0.3573 0.9172 0.1765
vn -0.0676 0.9958 0.0612
vn 0.0809 0.9414 0.3274
vn -0.3679 0.5842 0.7234
vn -0.5397 0.5823 0.6080
vn 0.0301 0.6561 0.7541
vn -0.8693 -0.0964 0.4847
vn -0.6664 0.5610 0.4912
vn -0.2639 -0.1534 0.9523
vn 0.2730 0.4273 -0.8619
vn -0.2090 0.4206 -0.8829
vn 0.5764 0.3624 -0.7324
vn -0.0158 -0.2298 -0.9731
vn 0.6493 0.2501 -0.7182
vn 0.9437 0.2883 -0.1624
vn -0.2503 -0.9567 -0.1487
vn -0.2749 -0.9532 -0.1259
vn -0.4364 0.1492 0.8873
vn 0.9213 0.3882 -0.0207
vn 0.9877 0.0749 0.1376
vn -0.6738 0.7024 -0.2296
vn 0.7193 0.3827 0.5798
vn 0.1092 -0.6228 -0.7748
vn -0.9956 -0.0909 0.0247
vn 0.1652 -0.9001 -0.4033
vn 0.0237 -0.9118 -0.4099
vn -0.2599 0.4513 -0.8537
vn 0.4409 -0.6681 0.5994
vn 0.4417 -0.2747 0.8541
vn -0.0219 0.5883 0.8084
vn -0.8458 0.0252 0.5329
vn -0.1622 0.9479 -0.2743
vn 0.5899 0.6100 -0.5290
vn -0.2494 0.9559 -0.1553
vn -0.3118 0.8782 -0.3627
vn -0.7930 0.2667 -0.5478
vn -0.4263 -0.2435 -0.8712
vn -0.7024 0.4717 -0.5331
vn 0.5707 0.1664 0.8041
vn 0.1675 -0.9748 -0.1476
vn 0.0390 -0.9888 -0.1438
vn 0.1677 -0.5272 -0.8330
vn 0.4362 0.1544 0.8865
vn 0.8385 0.0561 0.5420
vn 0.7131 0.6027 -0.3582
vn 0.7565 0.4070 -0.5119
vn -0.3621 -0.1094 -0.9257
vn -0.1876 0.9787 -0.0835
vn 0.9547 0.1956 -0.2243
vn -0.8284 0.5253 0.1945
vn 0.4856 0.7488 0.4511
vn 0.1799 -0.7566 -0.6287
vn 0.8634 0.0777 0.4984
vn 0.7580 0.1580 0.6329
vn 0.7337 0.3922 0.5548
vn 0.7350 0.4304 0.5239
vn -0.9565 -0.1706 -0.2365
vn -0.6116 0.0102 -0.7911
vn 0.7670 0.5784 -0.2778
vn -0.5707 0.8161 0.0907
vn -0.0707 -0.9853 -0.1557
vn -0.0235 -0.9995 -0.0196
vn -0.9302 0.2619 -0.2572
vn 0.2171 0.0668 0.9739
vn 0.6815 -0.6286 -0.3747
vn 0.7604 0.3554 0.5436
vn 0.3518 0.5987 0.7196
vn -0.4704 -0.3611 -0.8052
vn 0.5247 0.7465 0.4091
vn 0.2033 0.2495 -0.9468
vn 0.3639 0.4014 -0.8405
vn 0.7255 -0.6436 -0.2438
vn 0.9474 0.1574 0.2788
vn 0.5476 0.1670 0.8199
vn 0.7698 0.0351 -0.6373
vn 0.9056 0.3954 -0.1532
vn -0.9436 0.2000 0.2638
vn -0.6698 0.0598 0.7401
vn 0.4115 0.3189 0.8538
vn -0.0935 0.5371 -0.8383
vn 0.9821 -0.1263 -0.1396
vn 0.8027 0.2581 0.5377
vn 0.7377 0.1351 0.6615
vn 0.9049 0.2203 0.3643
vn 0.1967 0.9348 0.2956
vn -0.0405 0.9241 0.3801
vn 0.5035 0.8224 -0.2649
vn 0.5751 0.7801 -0.2463
vn 0.4248 0.8152 -0.3938
vn -0.3317 0.9385 0.0959
vn -0.2759 0.9290 0.2465
vn -0.0662 0.8067 -0.5872
vn -0.0528 0.7099 -0.7023
vn 0.6874 0.5440 -0.4813
vn 0.7041 0.3249 -0.6314
vn 0.8531 0.2229 -0.4718
vn -0.3898 0.7572 0.5242
vn 0.7062 -0.6845 0.1808
vn -0.6591 -0.6168 0.4303
vn -0.9000 0.3992 0.1748
vn 0.2669 -0.8642 -0.4266
vn -0.2340 0.9722 -0.0054
vn 0.5344 0.8271 -0.1741
vn 0.1675 0.6178 0.7683
vn 0.1381 0.9569 -0.2556
vn -0.1046 0.9922 -0.0676
vn -0.4262 0.8183 -0.3856
vn -0.5883 0.7638 -0.2654
vn 0.8371 -0.4176 -0.3533
vn -0.0029 0.9998 0.0217
vn 0.1094 0.6163 -0.7798
vn 0.7537 0.4621 0.4673
vn -0.0969 0.9730 0.2097
vn 0.3464 0.9379 0.0162
vn 0.2590 -0.9609 -0.0982
vn -0.0168 -0.9955 -0.0937
vn 0.1083 -0.9926 -0.0549
vn -0.6187 0.7547 -0.2184
vn -0.0293 0.9081 0.4176
vn 0.9893 -0.0766 -0.1243
vn 0.8366 -0.4592 -0.2986
vn 0.9860 0.1184 0.1172
vn 0.1672 0.9714 0.1688
vn 0.8320 0.3260 -0.4489
vn 0.6831 0.1448 0.7158
vn 0.5051 0.2183 0.8350
vn 0.9217 0.3498 0.1674
vn 0.9139 -0.0154 0.4056
vn 0.7824 0.2762 0.5582
vn 0.0120 0.6927 0.7212
vn 0.7315 0.4914 0.4727
vn -0.8448 -0.5342 -0.0299
vn 0.9389 -0.1571 -0.3061
vn -0.1773 0.9814 0.0732
vn 0.2746 0.3112 -0.9098
vn 0.7750 0.0063 0.6320
vn -0.7426 0.5918 0.3134
vn -0.4443 0.2526 0.8595
vn -0.4479 0.3628 0.8172
vn 0.8914 0.3961 0.2203
vn 0.8530 0.5216 -0.0187
vn 0.9831 0.1770 0.0460
vn 0.8704 -0.2434 0.4280
vn 0.2143 0.9014 0.3762
vn -0.0847 0.6450 0.7595
vn -0.6613 0.4256 0.6177
vn -0.4023 0.9155 0.0104
vn -0.2628 -0.9589 -0.1069
vn 0.0292 -0.9992 -0.0283
vn -0.2817 0.9439 -0.1724
vn -0.0684 0.7126 0.6983
vn 0.7181 0.0305 0.6953
vn 0.4531 0.8106 0.3710
vn -0.9431 0.2675 -0.1974
vn -0.0306 0.7120 -0.7015
vn -0.8897 0.3161 0.3293
vn -0.3722 0.0646 0.9259
vn -0.7146 0.6585 -0.2361
vn -0.2681 0.2577 0.9283
vn -0.4736 0.4380 0.7641
vn 0.8091 0.5820 0.0812
vn 0.0552 0.9963 0.0666
vn 0.6337 0.2818 0.7204
vn 0.7133 0.6737 0.1934
vn 0.6233 0.6741 -0.3964
vn -0.8934 -0.3851 0.2315
vn -0.7770 -0.5304 0.3391
vn 0.5144 0.5035 -0.6942
vn -0.7379 -0.3495 -0.5774
vn 0.7549 -0.1303 0.6427
vn 0.3732 0.2753 -0.8860
vn -0.1399 0.8438 0.5181
vn 0.9434 0.1728 -0.2830
vn 0.8231 0.3499 -0.4473
vn -0.4878 -0.0202 0.8727
vn -0.1261 0.7367 0.6644
vn -0.0279 0.9455 0.3244
vn 0.8331 -0.4797 -0.2754
vn -0.8043 -0.2461 0.5410
vn 0.7656 0.6022 0.2263
vn 0.5509 0.6673 -0.5013
vn 0.8260 0.3854 -0.4113
vn 0.7751 0.5242 -0.3527
vn 0.7677 0.4487 -0.4574
vn -0.9059 0.2702 -0.3260
vn 0.9211 0.3023 -0.2451
vn 0.8679 0.1644 -0.4688
vn -0.4893 0.6583 0.5720
vn -0.3544 0.6900 -0.6311
vn -0.0133 0.3248 0.9457
vn -0.2052 0.4305 0.8790
vn -0.3845 0.2521 0.8880
vn -0.4418 0.3275 0.8352
vn -0.4314 0.0705 0.8994
vn -0.4738 0.8125 -0.3397
vn -0.6342 0.4916 0.5968
vn -0.0091 0.4771 -0.8788
vn -0.0268 0.3229 -0.9460
vn -0.0680 0.4783 -0.8756
vn -0.2774 0.0602 -0.9589
vn -0.5439 0.7502 -0.3760
vn 0.6146 0.3428 0.7105
vn 0.3430 -0.0310 -0.9388
vn -0.3000 0.8426 0.4473
vn -0.0719 0.9265 0.3695
vn -0.6132 0.4330 -0.6607
vn 0.5478 0.0680 0.8338
vn -0.4337 0.4056 0.8046
vn -0.0338 -0.9993 -0.0174
vn -0.4716 -0.8807 0.0440
vn 0.3095 0.9509 0.0094
vn -0.8305 0.1386 0.5395
vn 0.3466 0.1188 -0.9305
vn 0.1843 0.1151 -0.9761
vn 0.2679 0.7881 0.5542
vn -0.0265 0.7246 0.6886
vn 0.9920 -0.0210 -0.1244
vn -0.4504 0.8674 -0.2116
vn 0.9045 -0.4144 -0.1008
vn 0.6860 -0.6940 -0.2184
vn 0.8177 -0.5625 0.1222
vn 0.6594 -0.3355 -0.6728
vn 0.4489 0.1776 -0.8758
vn 0.4563 -0.1499 -0.8771
vn -0.9195 0.2817 -0.2741
vn -0.9312 0.3338 -0.1465
vn -0.4763 0.6868 -0.5491
vn -0.6434 0.0101 -0.7654
vn -0.6468 0.0395 -0.7617
vn 0.5193 0.8049 0.2872
vn 0.8246 0.1265 -0.5514
vn -0.9883 -0.1473 -0.0406
vn -0.7055 0.6995 0.1138
vn -0.1989 0.3749 0.9055
vn 0.9264 0.1001 -0.3631
vn 0.8211 0.2977 -0.4871
vn 0.8918 0.1675 -0.4203
vn -0.4485 -0.2010 -0.8709
vn 0.1397 0.6358 -0.7591
vn -0.0150 0.2663 0.9638
vn -0.5314 0.8106 -0.2460
vn -0.5845 0.6065 0.5390
vn 0.0548 0.8671 -0.4951
vn 0.0128 -0.9998 -0.0182
vn 0.1349 0.2292 0.9640
vn -0.8831 -0.4691 0.0012
vn -0.7537 -0.5707 0.3259
vn -0.9641 -0.1974 0.1776
vn 0.9885 0.1246 -0.0861
vn 0.9049 0.4221 -0.0548
vn 0.9426 0.3319 -0.0358
vn 0.9174 0.3901 0.0788
vn 0.6841 0.6715 -0.2847
vn 0.5041 -0.8516 -0.1439
vn -0.6026 -0.3315 -0.7259
vn -0.5317 -0.8347 -0.1435
vn 0.6643 0.4943 -0.5607
vn 0.7820 0.2025 -0.5894
vn -0.4834 -0.2973 0.8234
vn -0.3049 -0.3442 0.8880
vn -0.6974 0.6890 0.1974
vn -0.7749 0.1401 -0.6163
vn -0.7570 0.0893 0.6473
vn 0.4494 0.1724 0.8766
vn 0.3041 -0.3692 0.8782
vn 0.8597 0.4823 -0.1684
vn 0.2509 0.1032 -0.9625
vn -0.0845 0.2143 -0.9731
vn 0.3886 0.3667 -0.8453
vn 0.1290 0.5397 -0.8319
vn 0.6480 0.3304 0.6863
vn 0.3751 0.6573 -0.6537
vn -0.4002 0.2645 0.8774
vn -0.6811 0.2434 0.6906
vn 0.6080 0.7217 0.3308
vn 0.2617 0.8877 0.3788
vn 0.4263 -0.0316 -0.9040
vn 0.3638 0.2235 -0.9043
vn -0.5002 0.3138 -0.8070
vn -0.4116 0.5854 -0.6986
vn -0.5486 0.2333 -0.8029
vn 0.8632 0.3890 -0.3217
vn 0.5834 -0.5114 0.6310
vn 0.9028 -0.0868 0.4212
vn -0.0308 0.5867 0.8092
vn 0.0577 0.7193 0.6923
vn 0.7031 0.2995 0.6449
vn 0.7752 0.2075 0.5967
vn -0.5783 0.6856 0.4420
vn -0.1671 0.9575 -0.2353
vn 0.7695 0.2295 0.5960
vn 0.9595 0.1760 -0.2201
vn -0.1349 0.6749 0.7254
vn 0.0980 0.9380 -0.3325
vn -0.1940 0.8960 -0.3994
vn 0.8390 0.2198 -0.4977
vn 0.0061 0.9999 0.0115
vn -0.0340 0.2851 0.9579
vn -0.0110 0.1031 0.9946
vn -0.1388 0.1171 0.9834
vn 0.7612 0.4032 0.5080
vn -0.6939 0.3053 0.6522
vn 0.6221 0.7270 0.2908
vn -0.9927 -0.0973 -0.0718
vn -0.8995 0.0014 -0.4369
vn -0.9516 -0.1517 -0.2673
vn -0.5040 0.7510 0.4267
vn -0.9377 -0.1181 0.3266
vn -0.7925 0.3007 -0.5306
vn -0.3247 0.8930 0.3117
vn 0.7219 0.5702 0.3920
vn 0.4848 0.0430 0.8736
vn 0.5332 -0.7249 -0.4363
vn 0.9395 -0.3170 0.1299
vn -0.5242 0.2501 0.8140
vn 0.1187 0.5450 0.8300
vn -0.4391 -0.8984 0.0078
vn 0.7110 0.4174 0.5660
vn 0.2443 0.8852 0.3959
vn -0.3256 -0.0688 0.9430
vn -0.0727 0.9571 0.2806
vn -0.0263 -0.9558 -0.2928
vn -0.6228 0.7437 -0.2430
vn -0.3759 -0.0907 0.9222
vn 0.7979 0.3499 -0.4908
vn -0.3248 0.1458 -0.9345
vn -0.9586 -0.1491 0.2427
vn -0.0673 0.9806 -0.1840
vn -0.1504 0.9864 0.0665
vn 0.5530 0.0673 0.8305
vn 0.0124 0.1537 0.9880
vn -0.6593 -0.6197 -0.4258
vn -0.8165 -0.3926 -0.4233
vn -0.8780 -0.4685 -0.0977
vn -0.9575 -0.1892 -0.2179
vn 0.6933 0.3600 0.6242
vn -0.1779 0.5980 0.7815
vn 0.9928 0.0038 -0.1200
vn 0.4228 0.7341 -0.5313
vn -0.8841 0.1028 -0.4558
vn -0.0430 0.2281 0.9727
vn 0.7989 -0.0219 -0.6011
vn 0.2548 0.8252 -0.5042
vn 0.7054 0.5571 -0.4383
vn 0.9914 0.1159 -0.0603
vn 0.4454 0.1591 0.8811
vn 0.4536 -0.1358 0.8808
vn 0.7505 0.3146 -0.5813
vn -0.6104 -0.2953 -0.7350
vn -0.3388 -0.2946 -0.8936
vn 0.6113 0.4975 0.6155
vn 0.0447 -0.1333 0.9901
vn -0.2706 -0.6183 -0.7379
vn -0.5678 0.2387 0.7878
vn 0.2279 0.9586 0.1706
vn 0.1725 0.4617 0.8701
vn -0.9409 -0.2266 -0.2518
vn -0.7619 0.5560 -0.3322
vn 0.0785 0.9787 0.1897
vn 0.5884 0.7660 -0.2590
vn 0.5105 -0.0936 0.8547
vn -0.3525 0.2887 -0.8902
vn -0.0335 0.0619 0.9975
vn -0.5572 0.8256 0.0884
vn -0.4404 0.8950 -0.0712
vn -0.2476 0.6220 -0.7428
vn -0.1256 0.7591 0.6388
vn -0.5231 0.0089 -0.8522
vn -0.8785 -0.1660 -0.4481
vn -0.7188 0.6715 -0.1802
vn -0.6539 0.6846 -0.3221
vn 0.3818 0.9118 0.1510
vn 0.2216 0.8036 -0.5525
vn 0.7675 0.2429 -0.5933
vn -0.5919 0.1246 -0.7963
vn 0.3179 0.6669 -0.6739
vn 0.5974 -0.0233 0.8016
vn 0.4718 -0.2668 0.8404
vn -0.6209 0.6636 -0.4172
vn -0.8272 0.5030 -0.2506
vn -0.1060 0.9914 -0.0761
vn -0.8494 0.2850 0.4441
vn 0.8868 0.0711 -0.4567
vn 0.2722 -0.3377 -0.9010
vn 0.9645 0.1161 -0.2373
vn -0.6814 0.2684 -0.6809
vn -0.7977 0.0478 0.6012
vn -0.6918 0.0616 0.7194
vn -0.7301 0.6647 -0.1583
vn 0.8092 0.4118 0.4190
vn -0.9716 -0.0548 0.2303
vn -0.9853 -0.0708 0.1557
vn -0.4928 -0.0296 -0.8696
vn -0.1782 0.4858 0.8557
vn -0.3825 0.2931 0.8762
vn -0.3117 0.4919 0.8129
vn -0.5964 0.1286 -0.7923
vn 0.6008 0.1260 -0.7894
vn 0.4757 0.0963 0.8743
vn 0.5961 0.2020 0.7771
vn 0.5177 0.7260 -0.4526
vn -0.4490 -0.2602 0.8548
vn -0.8974 -0.4376 -0.0571
vn 0.7429 0.6508 0.1568
vn -0.9385 -0.2637 0.2229
vn -0.9666 -0.1608 0.1997
vn -0.6113 0.5985 0.5178
vn -0.8880 0.3581 0.2884
vn 0.3859 0.3496 -0.8537
vn -0.4556 0.8786 0.1432
vn 0.2676 0.6080 -0.7475
vn 0.1504 -0.1112 0.9824
vn -0.0540 0.6530 -0.7554
vn -0.3468 -0.9203 -0.1810
vn 0.9415 -0.3125 0.1267
vn -0.1800 0.9420 -0.2832
vn 0.7220 0.5947 0.3537
vn 0.7213 0.0655 0.6896
vn -0.3258 0.0371 -0.9447
vn 0.9109 -0.3524 0.2149
vn 0.5855 0.6549 -0.4777
vn 0.0929 0.9771 0.1914
vn -0.7803 -0.4554 -0.4287
vn 0.7406 0.4728 0.4775
vn 0.4681 0.7727 0.4286
vn 0.5823 0.1051 0.8062
vn 0.8054 0.1949 0.5597
vn -0.1022 0.5575 0.8239
vn 0.0754 -0.9936 -0.0836
vn 0.0405 -0.9916 -0.1226
vn 0.4145 0.4871 0.7687
vn -0.4641 0.3973 0.7917
vn 0.9671 -0.1721 -0.1875
vn -0.8433 -0.1077 0.5266
vn -0.5693 0.8112 -0.1338
vn -0.4194 0.8483 -0.3231
vn -0.6613 -0.2979 -0.6885
vn -0.5242 0.8453 -0.1036
vn 0.6442 0.3389 0.6857
vn -0.9964 -0.0053 -0.0851
vn 0.5948 0.4111 0.6908
vn -0.5431 0.5381 0.6446
vn -0.5413 0.3008 -0.7852
vn 0.0835 0.6831 0.7255
vn -0.9466 -0.2626 0.1872
vn -0.8912 0.2316 0.3900
vn -0.2749 0.8885 0.3675
vn -0.0220 0.8627 0.5053
vn 0.1109 0.9876 0.1112
vn -0.0944 0.7414 0.6643
vn 0.7407 -0.3594 0.5676
vn -0.2988 0.6934 0.6557
vn -0.5958 0.6231 0.5067
vn 0.3876 0.7204 0.5751
vn 0.5883 0.8077 0.0386
vn 0.5871 0.7909 -0.1728
vn -0.0682 0.1847 0.9804
vn 0.7652 0.6437 -0.0078
vn -0.5363 0.6074 0.5861
vn -0.5598 0.7904 -0.2489
vn 0.9206 -0.3272 0.2134
vn -0.7261 0.6616 0.1870
vn -0.9209 0.3864 0.0507
vn 0.8430 0.0212 -0.5375
vn 0.9877 0.1385 -0.0732
vn -0.8176 0.4319 0.3808
vn 0.2483 -0.9661 0.0713
vn -0.4200 -0.3928 -0.8181
vn 0.6831 0.0501 -0.7286
vn 0.6289 0.7690 -0.1148
vn -0.7803 -0.2458 -0.5750
vn -0.9002 0.4353 -0.0057
vn -0.7641 0.6326 0.1261
vn 0.3684 0.8331 -0.4126
vn 0.9597 0.1956 -0.2020
vn 0.5388 0.0679 0.8397
vn 0.0188 0.1422 0.9897
vn -0.4948 0.0087 -0.8690
vn 0.1557 0.9875 0.0225
vn -0.5233 0.0453 -0.8509
vn 0.4191 0.4428 -0.7926
vn -0.7874 -0.2595 0.5592
vn -0.6622 0.5701 -0.4863
vn 0.9578 0.2175 0.1881
vn -0.0292 0.9066 0.4209
vn 0.5701 0.2824 0.7715
vn -0.3710 0.9155 -0.1554
vn -0.9325 -0.2707 0.2389
vn -0.0589 0.9776 0.2021
vn 0.7037 0.5128 -0.4918
vn -0.6820 0.7210 -0.1226
vn 0.0755 0.8346 -0.5457
vn 0.0266 0.8213 0.5699
vt 0.159734 0.683253
vt 0.161988 0.708340
vt 0.141738 0.707741
vt 0.345205 0.187702
vt 0.359077 0.162820
vt 0.359491 0.177900
vt 0.336875 0.089254
vt 0.371312 0.120502
vt 0.350096 0.141460
vt 0.917032 0.347937
vt 0.302218 0.085769
vt 0.306068 0.126311
vt 0.284355 0.119552
vt 0.323584 0.290960
vt 0.320274 0.292849
vt 0.312709 0.273177
vt 0.398492 0.866997
vt 0.386470 0.873116
vt 0.382217 0.861690
vt 0.331234 0.282926
vt 0.330614 0.276405
vt 0.388824 0.536020
vt 0.388528 0.525191
vt 0.393103 0.519913
vt 0.293521 0.633914
vt 0.293349 0.628274
vt 0.299286 0.634165
vt 0.336705 0.279469
vt 0.279965 0.167970
vt 0.282948 0.178669
vt 0.268171 0.172103
vt 0.284725 0.628733
vt 0.337251 0.281796
vt 0.336170 0.286387
vt 0.403527 0.615754
vt 0.404707 0.598584
vt 0.408862 0.612012
vt 0.368318 0.636572
vt 0.368179 0.627385
vt 0.373925 0.614343
vt 0.339299 0.283877
vt 0.279320 0.533409
vt 0.281360 0.537981
vt 0.274446 0.535061
vt 0.250944 0.121251
vt 0.244053 0.115667
vt 0.254349 0.101744
vt 0.281742 0.531931
vt 0.251796 0.166956
vt 0.255776 0.183371
vt 0.237224 0.184924
vt 0.389228 0.093024
vt 0.414438 0.080984
vt 0.809596 0.283494
vt 0.395346 0.107993
vt 0.239105 0.137408
vt 0.225861 0.163432
vt 0.208275 0.122822
vt 0.235932 0.122075
vt 0.966785 0.480156
vt 0.209765 0.107834
vt 0.348595 0.291215
vt 0.345717 0.281931
vt 0.352557 0.278336
vt 0.336480 0.303116
vt 0.331169 0.306726
vt 0.399621 0.197211
vt 0.411653 0.162809
vt 0.408601 0.196859
vt 0.459965 0.162628
vt 0.452980 0.189447
vt 0.436638 0.170232
vt 0.333646 0.330920
vt 0.341823 0.342255
vt 0.336740 0.353429
vt 0.306553 0.352572
vt 0.312906 0.356595
vt 0.312511 0.368054
vt 0.279864 0.369380
vt 0.293914 0.359559
vt 0.288983 0.377239
vt 0.409427 0.335197
vt 0.411861 0.328061
vt 0.417458 0.339139
vt 0.294226 0.370116
vt 0.364157 0.633552
vt 0.424699 0.332232
vt 0.424970 0.332082
vt 0.425923 0.342790
vt 0.425043 0.330439
vt 0.422297 0.325649
vt 0.298588 0.379007
vt 0.473370 0.279464
vt 0.483574 0.250805
vt 0.484861 0.269472
vt 0.009407 0.267354
vt 0.530910 0.207881
vt 0.550253 0.257641
vt 0.001667 0.298357
vt 0.525966 0.235734
vt 0.314042 0.392474
vt 0.312219 0.384370
vt 0.320069 0.390455
vt 0.510395 0.251056
vt 0.505148 0.256504
vt 0.505113 0.243648
vt 0.019305 0.284649
vt 0.502640 0.267167
vt 0.798154 0.416887
vt 0.775017 0.460518
vt 0.785338 0.391142
vt 0.224947 0.431147
vt 0.223413 0.445107
vt 0.217498 0.438195
vt 0.296666 0.388646
vt 0.301517 0.388385
vt 0.298242 0.397229
vt 0.221869 0.448871
vt 0.355680 0.312935
vt 0.358693 0.324332
vt 0.353446 0.320457
vt 0.298357 0.401908
vt 0.302616 0.397636
vt 0.510960 0.286780
vt 0.513643 0.281629
vt 0.523092 0.287466
vt 0.153763 0.302719
vt 0.168726 0.305270
vt 0.155670 0.316411
vt 0.847110 0.596783
vt 0.837625 0.501039
vt 0.910679 0.565879
vt 0.524291 0.317900
vt 0.515187 0.305470
vt 0.535421 0.301722
vt 0.316621 0.412269
vt 0.312809 0.409501
vt 0.318725 0.401957
vt 0.317961 0.413567
vt 0.348712 0.314184
vt 0.489173 0.545518
vt 0.489509 0.554669
vt 0.484793 0.553726
vt 0.398973 0.607164
vt 0.290147 0.397826
vt 0.283423 0.418418
vt 0.278932 0.403347
vt 0.322286 0.410909
vt 0.329208 0.415147
vt 0.320641 0.412701
vt 0.312811 0.413647
vt 0.311755 0.419585
vt 0.486656 0.418396
vt 0.488717 0.441351
vt 0.485729 0.434489
vt 0.322924 0.418905
vt 0.320757 0.416602
vt 0.324699 0.418480
vt 0.259889 0.847536
vt 0.238629 0.827531
vt 0.255876 0.823959
vt 0.321804 0.422607
vt 0.360183 0.300623
vt 0.329475 0.425734
vt 0.324165 0.432075
vt 0.001667 0.596211
vt 0.401855 0.414343
vt 0.401270 0.420865
vt 0.398843 0.424455
vt 0.390310 0.507154
vt 0.383364 0.518448
vt 0.383547 0.527802
vt 0.402586 0.420365
vt 0.178559 0.229956
vt 0.182141 0.223953
vt 0.183837 0.257046
vt 0.306381 0.450235
vt 0.303136 0.439728
vt 0.308166 0.438056
vt 0.283121 0.450207
vt 0.271016 0.445779
vt 0.277410 0.433005
vt 0.504988 0.554946
vt 0.497595 0.550345
vt 0.497519 0.526916
vt 0.222503 0.431392
vt 0.221072 0.433810
vt 0.336062 0.439917
vt 0.342080 0.429307
vt 0.345130 0.442301
vt 0.177746 0.301227
vt 0.173559 0.299594
vt 0.176080 0.286889
vt 0.162005 0.288958
vt 0.321809 0.448384
vt 0.317545 0.455192
vt 0.315047 0.442486
vt 0.310456 0.459937
vt 0.892323 0.998333
vt 0.115341 0.933863
vt 0.119594 0.291119
vt 0.107526 0.935442
vt 0.889267 0.991105
vt 0.900061 0.993994
vt 0.901026 0.997823
vt 0.118146 0.300759
vt 0.328539 0.454198
vt 0.325941 0.448731
vt 0.330597 0.453176
vt 0.192733 0.325332
vt 0.196350 0.329324
vt 0.192126 0.339161
vt 0.328548 0.456124
vt 0.417572 0.431502
vt 0.038979 0.616773
vt 0.421722 0.440640
vt 0.414650 0.436891
vt 0.035820 0.626405
vt 0.530448 0.404911
vt 0.546190 0.405878
vt 0.533800 0.439098
vt 0.385034 0.467274
vt 0.373547 0.470729
vt 0.381435 0.460061
vt 0.231182 0.467075
vt 0.230199 0.487304
vt 0.226121 0.483899
vt 0.424315 0.448698
vt 0.429662 0.461424
vt 0.425638 0.459167
vt 0.423699 0.459926
vt 0.280815 0.528641
vt 0.286846 0.528229
vt 0.316317 0.644060
vt 0.308603 0.644863
vt 0.309004 0.636975
vt 0.450642 0.444448
vt 0.452866 0.450805
vt 0.451102 0.453985
vt 0.385179 0.585553
vt 0.377607 0.559855
vt 0.386395 0.571203
vt 0.458077 0.445011
vt 0.388357 0.577106
vt 0.247435 0.468866
vt 0.250899 0.452910
vt 0.255585 0.455926
vt 0.334162 0.479633
vt 0.329478 0.481215
vt 0.331582 0.474930
vt 0.506079 0.460054
vt 0.519450 0.447846
vt 0.518767 0.450405
vt 0.526543 0.437503
vt 0.337665 0.306879
vt 0.339722 0.297907
vt 0.436783 0.193053
vt 0.445580 0.457673
vt 0.461240 0.462161
vt 0.387745 0.484229
vt 0.375022 0.485943
vt 0.228691 0.495670
vt 0.225143 0.517244
vt 0.221760 0.487930
vt 0.424338 0.472585
vt 0.434940 0.471874
vt 0.430840 0.477530
vt 0.435808 0.483807
vt 0.348674 0.669134
vt 0.340249 0.668111
vt 0.344264 0.657313
vt 0.348328 0.192712
vt 0.348303 0.197942
vt 0.340573 0.196227
vt 0.354927 0.191719
vt 0.546408 0.472896
vt 0.551891 0.468141
vt 0.548982 0.472855
vt 0.549472 0.477354
vt 0.146503 0.796636
vt 0.172913 0.805846
vt 0.137547 0.823077
vt 0.160684 0.780554
vt 0.300059 0.576660
vt 0.298985 0.585934
vt 0.296588 0.585899
vt 0.088046 0.460518
vt 0.079668 0.482887
vt 0.071117 0.460399
vt 0.427483 0.481184
vt 0.425921 0.482353
vt 0.292220 0.577679
vt 0.426380 0.482336
vt 0.424259 0.484914
vt 0.427995 0.486691
vt 0.069660 0.501681
vt 0.524271 0.497995
vt 0.538458 0.491839
vt 0.522476 0.513211
vt 0.578413 0.551560
vt 0.580320 0.529836
vt 0.587364 0.524815
vt 0.491444 0.545728
vt 0.492052 0.506328
vt 0.547147 0.548625
vt 0.563291 0.512301
vt 0.554542 0.553864
vt 0.176900 0.569885
vt 0.178492 0.559228
vt 0.184120 0.565107
vt 0.407604 0.321015
vt 0.497544 0.615702
vt 0.509471 0.620673
vt 0.507234 0.622570
vt 0.411206 0.538706
vt 0.411723 0.542935
vt 0.408946 0.548387
vt 0.416234 0.549557
vt 0.166413 0.302978
vt 0.423860 0.539968
vt 0.427111 0.552152
vt 0.419173 0.547251
vt 0.446389 0.540088
vt 0.436508 0.558827
vt 0.433826 0.545541
vt 0.413970 0.553895
vt 0.079907 0.763503
vt 0.049164 0.739474
vt 0.021666 0.552009
vt 0.084537 0.721559
vt 0.588758 0.608410
vt 0.592420 0.657966
vt 0.578614 0.603187
vt 0.305952 0.369771
vt 0.302240 0.350775
vt 0.470350 0.568003
vt 0.463877 0.574596
vt 0.469612 0.559428
vt 0.305355 0.347779
vt 0.332609 0.272227
vt 0.474800 0.572359
vt 0.524504 0.424919
vt 0.284096 0.621298
vt 0.272910 0.626924
vt 0.271356 0.619175
vt 0.266637 0.615354
vt 0.471409 0.199326
vt 0.450579 0.205606
vt 0.135936 0.647357
vt 0.122436 0.625074
vt 0.129177 0.625712
vt 0.086704 0.619877
vt 0.111982 0.641116
vt 0.460948 0.586623
vt 0.468099 0.591249
vt 0.465998 0.609707
vt 0.152936 0.629771
vt 0.148961 0.637112
vt 0.145571 0.622790
vt 0.473316 0.596202
vt 0.279120 0.617960
vt 0.454010 0.601867
vt 0.455173 0.591358
vt 0.542014 0.609288
vt 0.539877 0.586441
vt 0.551410 0.599544
vt 0.132978 0.686022
vt 0.115077 0.711816
vt 0.437116 0.638368
vt 0.421890 0.618402
vt 0.424642 0.604239
vt 0.224009 0.647014
vt 0.216943 0.676159
vt 0.211983 0.662295
vt 0.590745 0.754050
vt 0.583733 0.800955
vt 0.586916 0.247055
vt 0.415896 0.832769
vt 0.569830 0.780032
vt 0.611383 0.271855
vt 0.263200 0.645558
vt 0.262921 0.675126
vt 0.251759 0.639367
vt 0.372695 0.728641
vt 0.376695 0.701263
vt 0.382100 0.722076
vt 0.399513 0.731037
vt 0.353164 0.714419
vt 0.351630 0.702437
vt 0.368884 0.711358
vt 0.202120 0.867560
vt 0.208927 0.843920
vt 0.204920 0.875466
vt 0.222970 0.812988
vt 0.252640 0.794870
vt 0.382569 0.778906
vt 0.514413 0.983368
vt 0.368990 0.792591
vt 0.501247 0.986217
vt 0.373042 0.760218
vt 0.290832 0.784491
vt 0.297360 0.754498
vt 0.321131 0.770440
vt 0.230703 0.878313
vt 0.218991 0.863675
vt 0.217186 0.852570
vt 0.329259 0.763347
vt 0.348242 0.735890
vt 0.328640 0.741483
vt 0.337243 0.730757
vt 0.271330 0.855558
vt 0.269052 0.810738
vt 0.284802 0.823661
vt 0.314866 0.858961
vt 0.318099 0.814445
vt 0.335891 0.856349
vt 0.275081 0.858026
vt 0.287347 0.862411
vt 0.259370 0.868781
vt 0.261281 0.179503
vt 0.261256 0.163634
vt 0.320863 0.339880
vt 0.318000 0.335373
vt 0.325300 0.340307
vt 0.270139 0.892762
vt 0.263809 0.903580
vt 0.252716 0.878148
vt 0.305190 0.885238
vt 0.332688 0.875920
vt 0.316636 0.910641
vt 0.137203 0.607694
vt 0.137243 0.618678
vt 0.635853 0.463494
vt 0.671507 0.437880
vt 0.710672 0.603324
vt 0.031382 0.313089
vt 0.863744 0.689710
vt 0.144047 0.309752
vt 0.893831 0.958522
vt 0.132944 0.288721
vt 0.104973 0.947161
vt 0.882314 0.981760
vt 0.884984 0.962599
vt 0.143872 0.299783
vt 0.068334 0.607321
vt 0.092727 0.667727
vt 0.073288 0.552690
vt 0.093358 0.555231
vt 0.069830 0.710614
vt 0.065451 0.569284
vt 0.060798 0.664191
vt 0.346407 0.483554
vt 0.339281 0.488126
vt 0.340179 0.481333
vt 0.376407 0.505733
vt 0.373039 0.497235
vt 0.385669 0.493191
vt 0.295545 0.489368
vt 0.295352 0.502576
vt 0.286780 0.500609
vt 0.258344 0.497714
vt 0.257440 0.477976
vt 0.264469 0.475190
vt 0.280734 0.347289
vt 0.290545 0.354261
vt 0.276085 0.359230
vt 0.297137 0.331965
vt 0.295593 0.345672
vt 0.289412 0.339221
vt 0.272998 0.415790
vt 0.277437 0.412094
vt 0.270515 0.425469
vt 0.266559 0.388308
vt 0.263069 0.398097
vt 0.258339 0.391230
vt 0.257688 0.286753
vt 0.263056 0.303616
vt 0.250583 0.301005
vt 0.213886 0.260196
vt 0.206905 0.277290
vt 0.203259 0.263987
vt 0.360649 0.368708
vt 0.362954 0.381842
vt 0.353382 0.386550
vt 0.478220 0.619207
vt 0.486588 0.628593
vt 0.470019 0.644710
vt 0.606522 0.230318
vt 0.631067 0.229797
vt 0.642148 0.267189
vt 0.442780 0.417248
vt 0.441387 0.402955
vt 0.448916 0.403575
vt 0.189218 0.410621
vt 0.204500 0.419592
vt 0.196072 0.425684
vt 0.156580 0.386921
vt 0.163697 0.407825
vt 0.151760 0.412983
vt 0.047825 0.455574
vt 0.090512 0.911380
vt 0.035431 0.459776
vt 0.077896 0.914328
vt 0.038410 0.439938
vt 0.124654 0.267766
vt 0.112059 0.263914
vt 0.107734 0.241007
vt 0.474423 0.535758
vt 0.473723 0.517228
vt 0.484863 0.519443
vt 0.140754 0.401278
vt 0.136814 0.419052
vt 0.131147 0.409909
vt 0.092713 0.369228
vt 0.082255 0.393366
vt 0.078986 0.370456
vt 0.250550 0.935147
vt 0.260926 0.944915
vt 0.256278 0.959928
vt 0.338279 0.592213
vt 0.341192 0.562382
vt 0.357148 0.577647
vt 0.290905 0.533299
vt 0.295722 0.520299
vt 0.297884 0.525262
vt 0.477624 0.428429
vt 0.468151 0.429699
vt 0.469192 0.414385
vt 0.455828 0.405820
vt 0.458917 0.418204
vt 0.448448 0.417300
vt 0.545333 0.687064
vt 0.542096 0.666327
vt 0.554384 0.672229
vt 0.496641 0.690620
vt 0.511691 0.683658
vt 0.519256 0.700012
vt 0.406114 0.537644
vt 0.397279 0.556931
vt 0.390579 0.543340
vt 0.370196 0.588024
vt 0.364828 0.610267
vt 0.363225 0.596115
vt 0.582596 0.461270
vt 0.578001 0.475062
vt 0.572062 0.465988
vt 0.591959 0.504374
vt 0.575648 0.502752
vt 0.596069 0.473381
vt 0.472304 0.499843
vt 0.464810 0.486021
vt 0.470779 0.472476
vt 0.446969 0.489973
vt 0.437953 0.491265
vt 0.448222 0.478341
vt 0.160377 0.524408
vt 0.157488 0.545528
vt 0.152123 0.540631
vt 0.156392 0.459235
vt 0.164622 0.471257
vt 0.161127 0.476918
vt 0.393785 0.407384
vt 0.396773 0.394075
vt 0.399049 0.396529
vt 0.358260 0.394520
vt 0.372611 0.409733
vt 0.360789 0.414821
vt 0.581147 0.416867
vt 0.602275 0.413877
vt 0.587615 0.451826
vt 0.491779 0.374162
vt 0.493750 0.406060
vt 0.486347 0.388405
vt 0.510930 0.326560
vt 0.499237 0.338931
vt 0.501618 0.318352
vt 0.306684 0.232851
vt 0.305031 0.222567
vt 0.316247 0.229627
vt 0.330081 0.228449
vt 0.324167 0.218885
vt 0.381171 0.395412
vt 0.387713 0.404067
vt 0.377184 0.406174
vt 0.143902 0.499635
vt 0.135704 0.505095
vt 0.138121 0.477146
vt 0.536066 0.263833
vt 0.001667 0.327535
vt 0.557470 0.306007
vt 0.536719 0.345871
vt 0.556419 0.388437
vt 0.421494 0.522267
vt 0.421118 0.511464
vt 0.424251 0.511828
vt 0.227123 0.296726
vt 0.224368 0.321502
vt 0.213478 0.302294
vt 0.218419 0.325784
vt 0.201757 0.330312
vt 0.365180 0.293481
vt 0.353543 0.303411
vt 0.360955 0.343271
vt 0.365357 0.336791
vt 0.366198 0.346217
vt 0.287975 0.683510
vt 0.300050 0.699903
vt 0.276304 0.710575
vt 0.305491 0.663088
vt 0.316635 0.664459
vt 0.309195 0.671830
vt 0.469042 0.446624
vt 0.466002 0.432135
vt 0.487743 0.760432
vt 0.464905 0.743311
vt 0.468695 0.705521
vt 0.393373 0.908746
vt 0.416555 0.907105
vt 0.412223 0.933833
vt 0.108841 0.191054
vt 0.968600 0.650519
vt 0.082823 0.263737
vt 0.983819 0.737480
vt 0.273286 0.583813
vt 0.267978 0.573320
vt 0.273958 0.575482
vt 0.265342 0.499135
vt 0.267602 0.487664
vt 0.361612 0.498972
vt 0.366434 0.507552
vt 0.106023 0.132728
vt 0.356444 0.508117
vt 0.570412 0.405811
vt 0.570953 0.386404
vt 0.577380 0.396925
vt 0.432997 0.334762
vt 0.449664 0.338959
vt 0.443884 0.328153
vt 0.449486 0.318070
vt 0.340802 0.396524
vt 0.349874 0.400644
vt 0.349131 0.415041
vt 0.331511 0.387177
vt 0.329243 0.378520
vt 0.334390 0.378817
vt 0.501333 0.411451
vt 0.506797 0.388552
vt 0.340668 0.361380
vt 0.348352 0.366677
vt 0.332476 0.363440
vt 0.257742 0.407332
vt 0.257957 0.440565
vt 0.247006 0.422940
vt 0.241078 0.459657
vt 0.426532 0.676337
vt 0.446463 0.660962
vt 0.444637 0.681812
vt 0.182841 0.577721
vt 0.189924 0.564603
vt 0.609979 0.747429
vt 0.604494 0.692226
vt 0.625113 0.740005
vt 0.411718 0.483657
vt 0.401449 0.486492
vt 0.395995 0.478283
vt 0.549335 0.613715
vt 0.561366 0.545772
vt 0.379775 0.614523
vt 0.386625 0.618127
vt 0.386976 0.637627
vt 0.404018 0.581924
vt 0.396186 0.585325
vt 0.417045 0.286835
vt 0.430846 0.294518
vt 0.414928 0.306715
vt 0.395812 0.324798
vt 0.407890 0.317233
vt 0.397609 0.329559
vt 0.512272 0.505999
vt 0.501867 0.484691
vt 0.509421 0.477441
vt 0.331630 0.436852
vt 0.328459 0.441722
vt 0.326448 0.434007
vt 0.320473 0.442574
vt 0.245351 0.400054
vt 0.249704 0.401863
vt 0.243223 0.408404
vt 0.369551 0.300805
vt 0.363805 0.314420
vt 0.405411 0.308773
vt 0.397784 0.314397
vt 0.399641 0.286472
vt 0.894320 0.875866
vt 0.083421 0.941873
vt 0.896333 0.910985
vt 0.029484 0.442687
vt 0.086000 0.922697
vt 0.020775 0.467026
vt 0.877750 0.926142
vt 0.091121 0.301665
vt 0.074715 0.350790
vt 0.001667 0.980597
vt 0.073284 0.292684
vt 0.679420 0.767004
vt 0.653231 0.674001
vt 0.814144 0.769334
vt 0.787729 0.669266
vt 0.842202 0.734651
vt 0.719258 0.872352
vt 0.738009 0.695949
vt 0.352792 0.539111
vt 0.350221 0.555696
vt 0.337156 0.555538
vt 0.381066 0.577459
vt 0.365710 0.565187
vt 0.220863 0.461788
vt 0.214178 0.474303
vt 0.215202 0.458561
vt 0.179053 0.826487
vt 0.174005 0.837171
vt 0.812076 0.968391
vt 0.052927 0.802773
vt 0.092249 0.810292
vt 0.754240 0.986948
vt 0.108576 0.858834
vt 0.502760 0.515716
vt 0.498504 0.500685
vt 0.100210 0.319389
vt 0.969879 0.978494
vt 0.088310 0.361441
vt 0.204511 0.228800
vt 0.241241 0.229671
vt 0.227112 0.234229
vt 0.233209 0.225285
vt 0.420571 0.478929
vt 0.415446 0.465667
vt 0.405733 0.470943
vt 0.405685 0.462426
vt 0.344572 0.838472
vt 0.026389 0.641614
vt 0.013593 0.642090
vt 0.422941 0.799717
vt 0.403233 0.444016
vt 0.011776 0.634648
vt 0.403828 0.439102
vt 0.397455 0.430765
vt 0.399811 0.438345
vt 0.341083 0.182822
vt 0.321021 0.159719
vt 0.159608 0.573022
vt 0.150132 0.589379
vt 0.146242 0.566777
vt 0.159101 0.508043
vt 0.155951 0.491018
vt 0.169051 0.489558
vt 0.165959 0.504156
vt 0.178395 0.508667
vt 0.170775 0.528848
vt 0.867078 0.924983
vt 0.269919 0.792441
vt 0.292248 0.804020
vt 0.390300 0.571442
vt 0.399027 0.572326
vt 0.367878 0.252030
vt 0.370168 0.228204
vt 0.379146 0.236176
vt 0.358351 0.231558
vt 0.362889 0.240638
vt 0.349227 0.240565
vt 0.353611 0.477700
vt 0.350710 0.473185
vt 0.361709 0.465068
vt 0.359263 0.456551
vt 0.363375 0.459108
vt 0.333450 0.342698
vt 0.327906 0.332815
vt 0.320670 0.300665
vt 0.307960 0.656168
vt 0.316219 0.651301
vt 0.340792 0.624054
vt 0.350324 0.590698
vt 0.354587 0.617842
vt 0.567315 0.443568
vt 0.549645 0.457321
vt 0.481675 0.504164
vt 0.453238 0.526972
vt 0.446251 0.523723
vt 0.451599 0.515158
vt 0.240608 0.405433
vt 0.233695 0.408669
vt 0.232949 0.398164
vt 0.218603 0.387097
vt 0.219736 0.402240
vt 0.214758 0.398872
vt 0.364843 0.446087
vt 0.356546 0.443078
vt 0.365926 0.435253
vt 0.503094 0.636362
vt 0.924903 0.406093
vt 0.264294 0.072896
vt 0.326282 0.132414
vt 0.311547 0.491764
vt 0.313925 0.470829
vt 0.316461 0.489924
vt 0.568931 0.606866
vt 0.559339 0.601987
vt 0.566648 0.598981
vt 0.571063 0.633359
vt 0.401903 0.523690
vt 0.396095 0.512553
vt 0.414322 0.502590
vt 0.415827 0.512968
vt 0.408920 0.512057
vt 0.490429 0.472622
vt 0.496073 0.475807
vt 0.486693 0.497609
vt 0.486916 0.469244
vt 0.574851 0.577186
vt 0.590863 0.564515
vt 0.611879 0.621066
vt 0.635853 0.555219
vt 0.266230 0.272463
vt 0.261642 0.271317
vt 0.270773 0.264216
vt 0.294864 0.304948
vt 0.296586 0.291355
vt 0.300447 0.302462
vt 0.491509 0.494284
vt 0.316831 0.432812
vt 0.237326 0.581123
vt 0.245016 0.602279
vt 0.230313 0.594317
vt 0.237526 0.614870
vt 0.220685 0.631167
vt 0.223418 0.599901
vt 0.120176 0.985877
vt 0.319256 0.943136
vt 0.107084 0.984903
vt 0.340709 0.948001
vt 0.122901 0.975207
vt 0.323681 0.936105
vt 0.106428 0.975207
vt 0.350043 0.929455
vt 0.411142 0.563892
vt 0.417056 0.557260
vt 0.411102 0.598431
vt 0.411199 0.585442
vt 0.374912 0.402027
vt 0.400299 0.363348
vt 0.402956 0.369027
vt 0.390999 0.369478
vt 0.310805 0.242017
vt 0.294545 0.242915
vt 0.298605 0.231295
vt 0.278025 0.241001
vt 0.270022 0.248837
vt 0.273721 0.235775
vt 0.314061 0.282398
vt 0.298890 0.266379
vt 0.187144 0.676952
vt 0.175645 0.665610
vt 0.189151 0.655470
vt 0.331586 0.690688
vt 0.314535 0.688269
vt 0.320163 0.681507
vt 0.359965 0.650610
vt 0.363524 0.664688
vt 0.353852 0.658871
vt 0.082951 0.403793
vt 0.072292 0.399884
vt 0.075840 0.393149
vt 0.158504 0.338969
vt 0.164201 0.349752
vt 0.154196 0.352263
vt 0.165868 0.314856
vt 0.154879 0.324556
vt 0.832009 0.952099
vt 0.012663 0.500803
vt 0.855879 0.951018
vt 0.832523 0.966824
vt 0.001667 0.530696
vt 0.035837 0.780668
vt 0.052378 0.510413
vt 0.038948 0.521847
vt 0.053123 0.500877
vt 0.273870 0.526046
vt 0.282984 0.505536
vt 0.288102 0.513380
vt 0.269667 0.606004
vt 0.285457 0.607574
vt 0.317806 0.577687
vt 0.304779 0.586982
vt 0.309173 0.573885
vt 0.234032 0.525212
vt 0.241464 0.521985
vt 0.237173 0.533157
vt 0.263326 0.510408
vt 0.268514 0.505534
vt 0.736108 0.443056
vt 0.151435 0.482913
vt 0.123982 0.422890
vt 0.121937 0.432990
vt 0.117043 0.413239
vt 0.437932 0.322859
vt 0.447469 0.308014
vt 0.425914 0.317806
vt 0.439635 0.612625
vt 0.164900 0.678548
vt 0.016997 0.167503
vt 0.178118 0.693552
vt 0.447864 0.568064
vt 0.133652 0.463178
vt 0.139875 0.459815
vt 0.134404 0.475806
vt 0.121915 0.484671
vt 0.125650 0.478324
vt 0.432356 0.973367
vt 0.004652 0.211959
vt 0.125646 0.513256
vt 0.235385 0.720305
vt 0.239382 0.744038
vt 0.230400 0.743963
vt 0.274457 0.683583
vt 0.119485 0.311737
vt 0.911135 0.992256
vt 0.933086 0.985260
vt 0.109890 0.332792
vt 0.925390 0.998333
vt 0.109793 0.315554
vt 0.123722 0.320496
vt 0.913062 0.982875
vt 0.899404 0.977300
vt 0.341796 0.279428
vt 0.326939 0.260625
vt 0.337848 0.265409
vt 0.244405 0.554210
vt 0.250139 0.576735
vt 0.228398 0.583143
vt 0.275410 0.556159
vt 0.261978 0.561309
vt 0.266870 0.550762
vt 0.306085 0.423982
vt 0.289213 0.415413
vt 0.192590 0.899750
vt 0.183751 0.867533
vt 0.221311 0.904325
vt 0.212858 0.885130
vt 0.237458 0.557295
vt 0.210401 0.554021
vt 0.205086 0.564137
vt 0.193276 0.530029
vt 0.249215 0.279347
vt 0.238385 0.306572
vt 0.238729 0.276928
vt 0.254044 0.248897
vt 0.256296 0.262084
vt 0.247891 0.258330
vt 0.131279 0.250206
vt 0.996692 0.610465
vt 0.143403 0.183982
vt 0.135924 0.235051
vt 0.990223 0.659919
vt 0.120844 0.217287
vt 0.259473 0.356866
vt 0.271154 0.348931
vt 0.261158 0.364433
vt 0.255573 0.306479
vt 0.194655 0.182229
vt 0.191739 0.135321
vt 0.205874 0.155996
vt 0.222939 0.205507
vt 0.222430 0.226849
vt 0.209171 0.217817
vt 0.566234 0.650747
vt 0.581995 0.656944
vt 0.570105 0.663329
vt 0.666778 0.285347
vt 0.542593 0.789707
vt 0.647989 0.288293
vt 0.553891 0.786199
vt 0.684953 0.265341
vt 0.001667 0.900899
vt 0.524510 0.806725
vt 0.274608 0.312050
vt 0.283157 0.318040
vt 0.273422 0.323086
vt 0.286242 0.301929
vt 0.417113 0.450904
vt 0.413292 0.458640
vt 0.407472 0.456013
vt 0.407015 0.790543
vt 0.418531 0.446808
vt 0.433987 0.570479
vt 0.446140 0.579682
vt 0.428653 0.572917
vt 0.433448 0.589540
vt 0.420656 0.581599
vt 0.135987 0.870783
vt 0.122712 0.836638
vt 0.356139 0.543397
vt 0.090614 0.122717
vt 0.352382 0.519729
vt 0.368501 0.518415
vt 0.371802 0.529377
vt 0.271341 0.667018
vt 0.298501 0.647314
vt 0.285788 0.639635
vt 0.214305 0.649905
vt 0.207416 0.623946
vt 0.210418 0.608620
vt 0.420790 0.259009
vt 0.412180 0.271463
vt 0.410067 0.255236
vt 0.406984 0.297815
vt 0.408424 0.285148
vt 0.412312 0.285036
vt 0.549809 0.520254
vt 0.552402 0.503503
vt 0.574234 0.486818
vt 0.556562 0.497594
vt 0.356053 0.500393
vt 0.118409 0.129940
vt 0.126347 0.122241
vt 0.131690 0.132728
vt 0.358539 0.492209
vt 0.362533 0.511308
vt 0.453040 0.711206
vt 0.436415 0.739994
vt 0.432657 0.735427
vt 0.393572 0.716521
vt 0.404696 0.272770
vt 0.396831 0.269420
vt 0.409393 0.262868
vt 0.379233 0.245333
vt 0.378666 0.266458
vt 0.370091 0.258731
vt 0.347957 0.498761
vt 0.118184 0.111582
vt 0.100464 0.116404
vt 0.349296 0.511672
vt 0.398861 0.934719
vt 0.161012 0.636525
vt 0.189275 0.644152
vt 0.200945 0.590146
vt 0.198776 0.567801
vt 0.455049 0.489581
vt 0.449922 0.484526
vt 0.458738 0.531897
vt 0.453870 0.516749
vt 0.462409 0.512915
vt 0.221070 0.331519
vt 0.201553 0.353773
vt 0.181587 0.388486
vt 0.189019 0.377093
vt 0.183777 0.400156
vt 0.390352 0.698185
vt 0.380669 0.683620
vt 0.394082 0.680211
vt 0.404054 0.706608
vt 0.402958 0.682396
vt 0.416144 0.675641
vt 0.326174 0.505688
vt 0.329144 0.518172
vt 0.321079 0.516114
vt 0.320661 0.544567
vt 0.319214 0.533726
vt 0.327776 0.537886
vt 0.286347 0.252356
vt 0.281742 0.267080
vt 0.273078 0.276770
vt 0.174197 0.622547
vt 0.154823 0.601675
vt 0.172132 0.601533
vt 0.531009 0.603671
vt 0.526937 0.591093
vt 0.534663 0.582063
vt 0.535932 0.535017
vt 0.525914 0.524679
vt 0.536598 0.523895
vt 0.199109 0.291690
vt 0.194461 0.272585
vt 0.211877 0.284139
vt 0.197417 0.317732
vt 0.376243 0.419496
vt 0.362201 0.423524
vt 0.379403 0.439520
vt 0.303938 0.735019
vt 0.313330 0.727826
vt 0.317307 0.756526
vt 0.294606 0.680264
vt 0.304469 0.678681
vt 0.484785 0.308938
vt 0.487135 0.332726
vt 0.475212 0.339381
vt 0.498111 0.165433
vt 0.515595 0.214931
vt 0.488600 0.188783
vt 0.516953 0.158891
vt 0.016411 0.240408
vt 0.041140 0.210510
vt 0.020063 0.166015
vt 0.181653 0.689155
vt 0.213738 0.695479
vt 0.190937 0.707679
vt 0.203290 0.680958
vt 0.145761 0.475060
vt 0.151805 0.467582
vt 0.148751 0.438264
vt 0.163951 0.439395
vt 0.293723 0.550913
vt 0.378120 0.515484
vt 0.386266 0.506530
vt 0.380174 0.523308
vt 0.896200 0.851629
vt 0.078640 0.954392
vt 0.809855 0.839916
vt 0.869874 0.778337
vt 0.090512 0.998333
vt 0.884749 0.712423
vt 0.060040 0.268940
vt 0.011632 0.994205
vt 0.962461 0.748627
vt 0.343251 0.240554
vt 0.348131 0.248954
vt 0.334740 0.236262
vt 0.140172 0.862499
vt 0.154135 0.844056
vt 0.320797 0.616032
vt 0.315688 0.627800
vt 0.310614 0.614269
vt 0.308366 0.594169
vt 0.316643 0.586988
vt 0.219803 0.425145
vt 0.207137 0.436344
vt 0.204351 0.403302
vt 0.212643 0.406031
vt 0.442261 0.479303
vt 0.437804 0.476781
vt 0.441468 0.463522
vt 0.255670 0.144547
vt 0.246852 0.136491
vt 0.290280 0.153097
vt 0.271811 0.137570
vt 0.121396 0.569015
vt 0.001667 0.380761
vt 0.128929 0.587624
vt 0.122812 0.589420
vt 0.181695 0.492276
vt 0.203922 0.462287
vt 0.206075 0.490884
vt 0.182721 0.469863
vt 0.170986 0.455564
vt 0.180423 0.446078
vt 0.305953 0.282420
vt 0.306851 0.291662
vt 0.296449 0.285066
vt 0.312100 0.294521
vt 0.128738 0.667174
vt 0.115893 0.689188
vt 0.096356 0.715189
vt 0.350584 0.305514
vt 0.331322 0.320828
vt 0.344065 0.316849
vt 0.401263 0.531965
vt 0.489962 0.663603
vt 0.502634 0.676822
vt 0.355307 0.727165
vt 0.338433 0.751322
vt 0.525300 0.334846
vt 0.528669 0.354975
vt 0.501983 0.345399
vt 0.479855 0.692072
vt 0.484015 0.714465
vt 0.485111 0.568455
vt 0.486130 0.573688
vt 0.483731 0.580039
vt 0.340164 0.631728
vt 0.352359 0.630494
vt 0.346055 0.636688
vt 0.356579 0.649665
vt 0.349425 0.648728
vt 0.333045 0.157210
vt 0.320693 0.149732
vt 0.333605 0.145332
vt 0.247518 0.390938
vt 0.232115 0.388111
vt 0.240987 0.377918
vt 0.217432 0.365989
vt 0.226654 0.367334
vt 0.227401 0.377748
vt 0.108127 0.297967
vt 0.113850 0.281163
vt 0.478912 0.115280
vt 0.756418 0.275534
vt 0.500688 0.135518
vt 0.731962 0.281441
vt 0.016628 0.221959
vt 0.764360 0.267238
vt 0.468889 0.115176
vt 0.986787 0.609331
vt 0.138297 0.171884
vt 0.079991 0.430223
vt 0.083626 0.454227
vt 0.071476 0.433194
vt 0.058857 0.389181
vt 0.059269 0.414458
vt 0.355259 0.457335
vt 0.358441 0.471714
vt 0.336401 0.215209
vt 0.351226 0.220828
vt 0.344445 0.216119
vt 0.355940 0.215656
vt 0.140305 0.748133
vt 0.162440 0.722930
vt 0.157822 0.766088
vt 0.374443 0.536332
vt 0.367329 0.547305
vt 0.364582 0.534874
vt 0.058864 0.777054
vt 0.122569 0.769625
vt 0.121901 0.813596
vt 0.298638 0.617832
vt 0.304389 0.615069
vt 0.432546 0.363736
vt 0.421379 0.372456
vt 0.407801 0.352274
vt 0.421260 0.343530
vt 0.416527 0.359735
vt 0.458056 0.632172
vt 0.459247 0.652766
vt 0.461607 0.623329
vt 0.493262 0.485885
vt 0.692174 0.308029
vt 0.023512 0.259240
vt 0.968941 0.525672
vt 0.179599 0.116941
vt 0.215343 0.520044
vt 0.206124 0.517165
vt 0.207683 0.498345
vt 0.134250 0.400684
vt 0.125236 0.399888
vt 0.127660 0.390140
vt 0.450566 0.824369
vt 0.586911 0.724974
vt 0.439682 0.819869
vt 0.567657 0.747490
vt 0.433977 0.813812
vt 0.578740 0.749278
vt 0.434180 0.829031
vt 0.458084 0.832769
vt 0.600032 0.720792
vt 0.468277 0.456972
vt 0.451660 0.436262
vt 0.599840 0.454425
vt 0.615292 0.413554
vt 0.614703 0.457323
vt 0.183874 0.187335
vt 0.165793 0.175980
vt 0.175523 0.156554
vt 0.169869 0.200549
vt 0.162892 0.211995
vt 0.105389 0.588791
vt 0.021247 0.360519
vt 0.111838 0.589247
vt 0.099921 0.529434
vt 0.097528 0.545667
vt 0.078503 0.542947
vt 0.333003 0.445989
vt 0.375529 0.385116
vt 0.369700 0.399943
vt 0.369750 0.365826
vt 0.376296 0.376562
vt 0.369410 0.377568
vt 0.595959 0.095295
vt 0.580830 0.950220
vt 0.260906 0.993622
vt 0.284472 0.998333
vt 0.626266 0.111074
vt 0.611483 0.123613
vt 0.631431 0.201054
vt 0.639125 0.215794
vt 0.559110 0.580954
vt 0.555335 0.585093
vt 0.238733 0.321832
vt 0.240905 0.316019
vt 0.244495 0.317622
vt 0.226917 0.342765
vt 0.227120 0.356756
vt 0.232042 0.311456
vt 0.267587 0.416578
vt 0.056117 0.375126
vt 0.037379 0.399139
vt 0.062765 0.934540
vt 0.064052 0.337315
vt 0.043193 0.413445
vt 0.396366 0.468471
vt 0.391886 0.442501
vt 0.576416 0.854454
vt 0.599931 0.194206
vt 0.617082 0.201725
vt 0.584221 0.829259
vt 0.586916 0.217877
vt 0.616490 0.862286
vt 0.648316 0.818700
vt 0.316913 0.674446
vt 0.321401 0.669249
vt 0.341753 0.654912
vt 0.334000 0.662399
vt 0.499220 0.210916
vt 0.492190 0.247113
vt 0.478008 0.234147
vt 0.139936 0.247030
vt 0.111405 0.965206
vt 0.144080 0.271318
vt 0.353523 0.334352
vt 0.349618 0.326590
vt 0.339938 0.330447
vt 0.496234 0.446068
vt 0.491316 0.456170
vt 0.367925 0.492881
vt 0.430429 0.685534
vt 0.422773 0.718132
vt 0.436131 0.691170
vt 0.318215 0.379052
vt 0.325964 0.385754
vt 0.185527 0.481837
vt 0.190593 0.454632
vt 0.201293 0.428737
vt 0.203347 0.443202
vt 0.194754 0.441483
vt 0.650991 0.166501
vt 0.672627 0.164494
vt 0.661948 0.181978
vt 0.633812 0.137187
vt 0.631964 0.164987
vt 0.325992 0.651469
vt 0.324662 0.658238
vt 0.316470 0.662462
vt 0.319284 0.628730
vt 0.233055 0.772021
vt 0.210929 0.778294
vt 0.409116 0.416513
vt 0.018859 0.597288
vt 0.418431 0.402805
vt 0.038979 0.582633
vt 0.037052 0.594726
vt 0.418481 0.413599
vt 0.020948 0.604207
vt 0.023502 0.611818
vt 0.014055 0.614490
vt 0.406086 0.426838
vt 0.114619 0.367793
vt 0.107207 0.377792
vt 0.100771 0.370111
vt 0.338702 0.543086
vt 0.332689 0.545329
vt 0.199209 0.510986
vt 0.186650 0.526003
vt 0.183300 0.547648
vt 0.539558 0.758694
vt 0.550132 0.755394
vt 0.525603 0.754808
vt 0.495858 0.749917
vt 0.508547 0.733526
vt 0.429003 0.434376
vt 0.428409 0.418657
vt 0.442737 0.426243
vt 0.435732 0.406849
vt 0.544785 0.463593
vt 0.532406 0.693553
vt 0.363178 0.325243
vt 0.368723 0.315440
vt 0.369713 0.308497
vt 0.375989 0.321339
vt 0.448909 0.472380
vt 0.279976 0.906716
vt 0.292208 0.902413
vt 0.291134 0.926004
vt 0.290916 0.441335
vt 0.215939 0.925518
vt 0.247149 0.969857
vt 0.640889 0.991623
vt 0.200297 0.954841
vt 0.490947 0.572240
vt 0.501456 0.566881
vt 0.495277 0.578156
vt 0.257369 0.249125
vt 0.267020 0.234024
vt 0.244848 0.198320
vt 0.475459 0.353463
vt 0.486792 0.352287
vt 0.479593 0.370897
vt 0.237892 0.478720
vt 0.242302 0.423530
vt 0.238033 0.442443
vt 0.236680 0.430434
vt 0.837719 0.303230
vt 0.385088 0.068518
vt 0.347157 0.065185
vt 0.874143 0.324044
vt 0.293951 0.049390
vt 0.897654 0.374659
vt 0.329062 0.073578
vt 0.892484 0.329143
vt 0.081469 0.530967
vt 0.097750 0.508918
vt 0.382648 0.344760
vt 0.384503 0.337024
vt 0.389000 0.350757
vt 0.098372 0.684514
vt 0.080717 0.693760
vt 0.373231 0.333086
vt 0.376709 0.336967
vt 0.431810 0.562972
vt 0.421497 0.567862
vt 0.355332 0.560090
vt 0.250150 0.211044
vt 0.265200 0.209563
vt 0.258078 0.234865
vt 0.376315 0.839022
vt 0.367676 0.851439
vt 0.502708 0.991507
vt 0.366313 0.831438
vt 0.452058 0.741065
vt 0.309641 0.519893
vt 0.301151 0.521498
vt 0.302465 0.511048
vt 0.305001 0.488138
vt 0.481379 0.547905
vt 0.030428 0.523204
vt 0.025443 0.473968
vt 0.402991 0.355694
vt 0.386557 0.331694
vt 0.392587 0.336999
vt 0.393087 0.346677
vt 0.376408 0.583678
vt 0.386734 0.598504
vt 0.394864 0.604416
vt 0.379801 0.596897
vt 0.137344 0.381533
vt 0.151886 0.376671
vt 0.501155 0.431892
vt 0.490877 0.417089
vt 0.284352 0.595955
vt 0.260540 0.594941
vt 0.266360 0.592048
vt 0.261546 0.604384
vt 0.168680 0.733831
vt 0.175502 0.722140
vt 0.440447 0.534499
vt 0.304685 0.413349
vt 0.144206 0.667765
vt 0.151177 0.662230
vt 0.159688 0.653581
vt 0.252957 0.483704
vt 0.240961 0.515563
vt 0.229766 0.510620
vt 0.234559 0.496536
vt 0.448113 0.497993
vt 0.431578 0.510600
vt 0.434511 0.500176
vt 0.425536 0.502298
vt 0.421911 0.489661
vt 0.735341 0.362668
vt 0.685090 0.360414
vt 0.038308 0.284494
vt 0.664591 0.336396
vt 0.468814 0.354004
vt 0.462079 0.294590
vt 0.458400 0.308074
vt 0.459036 0.285856
vt 0.367908 0.279204
vt 0.362744 0.259359
vt 0.457592 0.502643
vt 0.275344 0.777460
vt 0.267225 0.777733
vt 0.269187 0.320474
vt 0.255376 0.336245
vt 0.253067 0.352155
vt 0.248745 0.342408
vt 0.338535 0.476267
vt 0.331007 0.492823
vt 0.331758 0.485495
vt 0.332972 0.505541
vt 0.328737 0.502307
vt 0.448004 0.450130
vt 0.447644 0.431935
vt 0.215300 0.185758
vt 0.451268 0.297895
vt 0.440212 0.291966
vt 0.440927 0.314227
vt 0.189491 0.292729
vt 0.195757 0.213182
vt 0.192348 0.244250
vt 0.252537 0.598593
vt 0.258951 0.586142
vt 0.256778 0.599876
vt 0.261742 0.620823
vt 0.254032 0.622061
vt 0.250711 0.609872
vt 0.410601 0.520277
vt 0.417232 0.525420
vt 0.260601 0.349796
vt 0.265672 0.334991
vt 0.275505 0.338995
vt 0.267586 0.339294
vt 0.230802 0.340216
vt 0.249992 0.321776
vt 0.242667 0.326862
vt 0.329683 0.205849
vt 0.307924 0.200199
vt 0.297925 0.201471
vt 0.285242 0.196128
vt 0.277932 0.565339
vt 0.243796 0.739872
vt 0.248475 0.729783
vt 0.257525 0.738357
vt 0.236123 0.668056
vt 0.246797 0.669629
vt 0.246328 0.689741
vt 0.536078 0.327096
vt 0.545651 0.345394
vt 0.022495 0.327708
vt 0.595670 0.330860
vt 0.001667 0.350518
vt 0.566130 0.349409
vt 0.295023 0.267645
vt 0.292152 0.277226
vt 0.275937 0.286519
vt 0.287334 0.274964
vt 0.281534 0.286849
vt 0.418570 0.272082
vt 0.430821 0.275895
vt 0.464170 0.236802
vt 0.235008 0.378320
vt 0.310036 0.143246
vt 0.113753 0.392610
vt 0.110821 0.421943
vt 0.108201 0.398316
vt 0.419071 0.634629
vt 0.414494 0.617471
vt 0.330721 0.641051
vt 0.324094 0.635122
vt 0.331058 0.654791
vt 0.328278 0.649225
vt 0.398540 0.511285
vt 0.405793 0.516057
vt 0.407915 0.487402
vt 0.404723 0.497136
vt 0.405317 0.395259
vt 0.408567 0.370611
vt 0.405950 0.365467
vt 0.411990 0.365261
vt 0.435734 0.922161
vt 0.482703 0.783916
vt 0.482652 0.808069
vt 0.428519 0.941088
vt 0.512703 0.778873
vt 0.500428 0.788935
vt 0.241376 0.639910
vt 0.245764 0.623455
vt 0.515329 0.630499
vt 0.388233 0.555548
vt 0.394622 0.564718
vt 0.416440 0.566472
vt 0.415726 0.576057
vt 0.335584 0.612224
vt 0.327713 0.609040
vt 0.321746 0.605629
vt 0.316911 0.599002
vt 0.557086 0.268533
vt 0.004708 0.306169
vt 0.319171 0.265957
vt 0.308090 0.265044
vt 0.773037 0.931031
vt 0.791145 0.909641
vt 0.806174 0.941115
vt 0.394216 0.493046
vt 0.283367 0.337781
vt 0.249005 0.372801
vt 0.248271 0.385413
vt 0.244028 0.377647
vt 0.243370 0.369036
vt 0.197169 0.662165
vt 0.416912 0.954821
vt 0.485123 0.832177
vt 0.499022 0.812534
vt 0.430181 0.225025
vt 0.417732 0.247041
vt 0.421596 0.207938
vt 0.410836 0.215963
vt 0.388691 0.234410
vt 0.393787 0.207026
vt 0.225325 0.287074
vt 0.219567 0.298492
vt 0.212781 0.294867
vt 0.205753 0.299360
vt 0.609350 0.373512
vt 0.038308 0.338611
vt 0.300080 0.725855
vt 0.304232 0.709339
vt 0.322841 0.371904
vt 0.320275 0.365583
vt 0.475872 0.320942
vt 0.471403 0.317023
vt 0.475748 0.307123
vt 0.374994 0.636088
vt 0.360574 0.643083
vt 0.365476 0.645028
vt 0.373401 0.650577
vt 0.295374 0.461262
vt 0.290594 0.453322
vt 0.300696 0.452429
vt 0.241291 0.542297
vt 0.234628 0.550360
vt 0.226316 0.538905
vt 0.161544 0.389622
vt 0.126693 0.457110
vt 0.119688 0.450830
vt 0.130003 0.437965
vt 0.176843 0.338042
vt 0.184680 0.328937
vt 0.180133 0.374284
vt 0.168269 0.382028
vt 0.176585 0.363611
vt 0.299967 0.603503
vt 0.303719 0.597752
vt 0.164490 0.578179
vt 0.170365 0.562295
vt 0.174601 0.587597
vt 0.163884 0.539817
vt 0.166918 0.560414
vt 0.378871 0.347539
vt 0.373172 0.344182
vt 0.566870 0.579160
vt 0.443532 0.347648
vt 0.456538 0.354001
vt 0.429501 0.342347
vt 0.471609 0.388394
vt 0.459963 0.392900
vt 0.472039 0.375307
vt 0.438804 0.351882
vt 0.443623 0.365305
vt 0.409458 0.571527
vt 0.112344 0.480063
vt 0.110938 0.468202
vt 0.117650 0.461272
vt 0.119833 0.470844
vt 0.135690 0.447301
vt 0.142712 0.444820
vt 0.145298 0.422690
vt 0.150125 0.422083
vt 0.332102 0.431634
vt 0.336285 0.432190
vt 0.333019 0.435646
vt 0.090202 0.402642
vt 0.106105 0.453658
vt 0.107100 0.443501
vt 0.119516 0.442383
vt 0.362666 0.147138
vt 0.365699 0.138534
vt 0.421159 0.148485
vt 0.407277 0.118464
vt 0.790637 0.217920
vt 0.435877 0.145099
vt 0.371373 0.205897
vt 0.387798 0.199113
vt 0.382698 0.220983
vt 0.354031 0.203427
vt 0.364545 0.193863
vt 0.281181 0.460563
vt 0.271811 0.464268
vt 0.277559 0.455209
vt 0.286904 0.472410
vt 0.272206 0.475674
vt 0.130222 0.362763
vt 0.116147 0.344179
vt 0.134052 0.349642
vt 0.606772 0.479944
vt 0.609186 0.529053
vt 0.601995 0.512003
vt 0.596977 0.533629
vt 0.198327 0.821362
vt 0.194389 0.796035
vt 0.213357 0.817324
vt 0.167631 0.271252
vt 0.168772 0.241751
vt 0.157858 0.252729
vt 0.193007 0.626893
vt 0.202767 0.629108
vt 0.522196 0.631927
vt 0.528931 0.631058
vt 0.529368 0.652014
vt 0.253751 0.911825
vt 0.274553 0.922937
vt 0.240972 0.903047
vt 0.206166 0.454958
vt 0.172576 0.435168
vt 0.167593 0.423769
vt 0.178312 0.420191
vt 0.224375 0.338887
vt 0.212831 0.344330
vt 0.229298 0.334069
vt 0.229866 0.327863
vt 0.334412 0.681718
vt 0.328104 0.669069
vt 0.337885 0.670428
vt 0.310278 0.565578
vt 0.314046 0.546115
vt 0.320470 0.559933
vt 0.299360 0.547792
vt 0.310963 0.552167
vt 0.361405 0.547530
vt 0.061046 0.447411
vt 0.046470 0.422633
vt 0.431951 0.384375
vt 0.417660 0.382191
vt 0.416327 0.368925
vt 0.411985 0.376266
vt 0.383924 0.297770
vt 0.377038 0.286259
vt 0.369904 0.270895
vt 0.385035 0.271217
vt 0.409687 0.849779
vt 0.424961 0.756993
vt 0.546334 0.998211
vt 0.400458 0.740996
vt 0.525299 0.991910
vt 0.758930 0.832120
vt 0.492755 0.860733
vt 0.690546 0.222957
vt 0.505589 0.846010
vt 0.502167 0.873404
vt 0.684683 0.196156
vt 0.662643 0.148751
vt 0.690546 0.155277
vt 0.140815 0.991234
vt 0.690546 0.175406
vt 0.152147 0.995865
vt 0.271750 0.644132
vt 0.280406 0.656389
vt 0.266773 0.631425
vt 0.185382 0.624244
vt 0.143076 0.413756
vt 0.131331 0.461538
vt 0.160484 0.423336
vt 0.172215 0.413274
vt 0.254958 0.778091
vt 0.383354 0.430988
vt 0.370400 0.452951
vt 0.361102 0.692151
vt 0.358641 0.702681
vt 0.339944 0.687873
vt 0.353931 0.677940
vt 0.345353 0.697873
vt 0.433628 0.492994
vt 0.304766 0.474931
vt 0.299864 0.485118
vt 0.298016 0.467329
vt 0.299951 0.460104
vt 0.330890 0.524513
vt 0.459119 0.665333
vt 0.465115 0.678004
vt 0.275093 0.196610
vt 0.286352 0.210623
vt 0.582157 0.706526
vt 0.280801 0.224267
vt 0.295406 0.222313
vt 0.284677 0.234383
vt 0.385151 0.548422
vt 0.371695 0.603256
vt 0.089254 0.778729
vt 0.100057 0.765749
vt 0.091146 0.740557
vt 0.111295 0.747109
vt 0.220294 0.741454
vt 0.306295 0.545219
vt 0.310649 0.531802
vt 0.290853 0.384930
vt 0.308072 0.278571
vt 0.296746 0.277114
vt 0.298642 0.171365
vt 0.450296 0.426843
vt 0.460518 0.427845
vt 0.255746 0.558817
vt 0.365861 0.367933
vt 0.344613 0.337771
vt 0.346817 0.331322
vt 0.365519 0.463455
vt 0.262608 0.697522
vt 0.262105 0.685027
vt 0.262086 0.382016
vt 0.270663 0.380971
vt 0.434369 0.468695
vt 0.434342 0.446943
vt 0.438444 0.458337
vt 0.518162 0.761831
vt 0.464408 0.332227
vt 0.464059 0.323870
vt 0.468350 0.333511
vt 0.457448 0.312144
vt 0.264669 0.574348
vt 0.259730 0.579963
vt 0.265356 0.581333
vt 0.263367 0.584632
vt 0.437019 0.393518
vt 0.426180 0.407758
vt 0.442184 0.395445
vt 0.447687 0.387251
vt 0.292367 0.672376
vt 0.351185 0.353250
vt 0.358342 0.349468
vt 0.354635 0.365324
vt 0.400966 0.380786
vt 0.411120 0.383455
vt 0.402587 0.390263
vt 0.398456 0.386807
vt 0.390762 0.386420
vt 0.299427 0.664886
vt 0.300381 0.656901
vt 0.291711 0.658202
vt 0.297898 0.209415
vt 0.377982 0.550756
vt 0.379494 0.539637
vt 0.352003 0.639381
vt 0.359927 0.632293
vt 0.343172 0.472705
vt 0.346733 0.465092
vt 0.339316 0.462574
vt 0.346138 0.451786
vt 0.267282 0.608911
vt 0.271403 0.758861
vt 0.292714 0.622683
vt 0.295278 0.605234
vt 0.298677 0.613200
vt 0.392351 0.259569
vt 0.397930 0.255414
vt 0.394620 0.270550
vt 0.379025 0.353613
vt 0.368719 0.356803
vt 0.374312 0.360181
vt 0.382023 0.369639
vt 0.234473 0.261516
vt 0.248014 0.242349
vt 0.254287 0.267189
vt 0.451980 0.294827
vt 0.445145 0.264584
vt 0.433559 0.271961
vt 0.434489 0.255458
vt 0.375375 0.522091
vt 0.217375 0.274352
vt 0.233557 0.274231
vt 0.467395 0.261361
vt 0.466290 0.285756
vt 0.112939 0.944806
vt 0.127517 0.282598
vt 0.161190 0.275638
vt 0.100512 0.965206
vt 0.144668 0.285106
vt 0.156358 0.261721
vt 0.630894 0.336905
vt 0.038308 0.311980
vt 0.229120 0.850750
vt 0.230243 0.833803
vt 0.384369 0.357679
vt 0.395536 0.357893
vt 0.390545 0.363414
vt 0.379755 0.359265
vt 0.560089 0.565276
vt 0.334403 0.706528
vt 0.343649 0.705755
vt 0.346046 0.714301
vt 0.222652 0.251297
vt 0.246278 0.237450
vt 0.233087 0.251751
vt 0.269339 0.517091
vt 0.273044 0.502788
vt 0.274481 0.488116
vt 0.285934 0.491836
vt 0.220124 0.595706
vt 0.221684 0.572923
vt 0.224791 0.591034
vt 0.556970 0.371538
vt 0.098668 0.261176
vt 0.330584 0.398530
vt 0.325793 0.407346
vt 0.336992 0.405441
vt 0.384778 0.963868
vt 0.160285 0.984954
vt 0.479589 0.885467
vt 0.369751 0.947110
vt 0.148219 0.975207
vt 0.382271 0.929095
vt 0.322513 0.382265
vt 0.325545 0.373227
vt 0.323583 0.361436
vt 0.328580 0.364021
vt 0.540062 0.552012
vt 0.524542 0.549990
vt 0.531953 0.545743
vt 0.513201 0.543875
vt 0.512870 0.567991
vt 0.317454 0.496018
vt 0.323879 0.491505
vt 0.256186 0.123937
vt 0.283732 0.331838
vt 0.287802 0.320205
vt 0.221128 0.703779
vt 0.235272 0.707302
vt 0.224221 0.719708
vt 0.559581 0.717448
vt 0.542957 0.733323
vt 0.536604 0.719368
vt 0.343075 0.639190
vt 0.337392 0.646249
vt 0.363499 0.917132
vt 0.381723 0.893509
vt 0.398642 0.882637
vt 0.329426 0.370821
vt 0.337232 0.369386
vt 0.194154 0.389281
vt 0.203582 0.394425
vt 0.196633 0.369821
vt 0.631471 0.186880
vt 0.448691 0.622184
vt 0.442766 0.639485
vt 0.456925 0.615194
vt 0.341760 0.419091
vt 0.334026 0.420341
vt 0.230505 0.259180
vt 0.146970 0.683543
vt 0.268768 0.372349
vt 0.345459 0.761244
vt 0.351028 0.774855
vt 0.355191 0.750029
vt 0.300475 0.362330
vt 0.324886 0.645127
vt 0.091194 0.502886
vt 0.075241 0.516283
vt 0.043092 0.663491
vt 0.063981 0.547590
vt 0.053740 0.709774
vt 0.037329 0.560631
vt 0.057765 0.533208
vt 0.344840 0.302096
vt 0.378880 0.176249
vt 0.381284 0.166714
vt 0.225899 0.394694
vt 0.192844 0.354019
vt 0.185056 0.364925
vt 0.181092 0.359428
vt 0.191779 0.369358
vt 0.398578 0.619136
vt 0.405052 0.621320
vt 0.547264 0.706320
vt 0.573525 0.698101
vt 0.440078 0.520578
vt 0.450537 0.509893
vt 0.423672 0.523943
vt 0.068440 0.356046
vt 0.769984 0.949959
vt 0.769575 0.965893
vt 0.143843 0.540732
vt 0.152469 0.509978
vt 0.303868 0.929444
vt 0.274359 0.949693
vt 0.295584 0.941581
vt 0.286288 0.961779
vt 0.169272 0.396144
vt 0.627901 0.389636
vt 0.352281 0.585178
vt 0.373640 0.553759
vt 0.363752 0.557867
vt 0.504201 0.307031
vt 0.302022 0.344267
vt 0.203880 0.364300
vt 0.213257 0.375690
vt 0.261436 0.156829
vt 0.258912 0.135416
vt 0.274991 0.149069
vt 0.305196 0.745082
vt 0.280867 0.745353
vt 0.281381 0.728008
vt 0.287570 0.752253
vt 0.317424 0.512192
vt 0.312830 0.501401
vt 0.320950 0.502511
vt 0.314943 0.527406
vt 0.150547 0.286700
vt 0.344864 0.225466
vt 0.362152 0.223863
vt 0.247743 0.613091
vt 0.600339 0.658743
vt 0.599020 0.677031
vt 0.360632 0.677947
vt 0.368605 0.687627
vt 0.247018 0.436707
vt 0.349878 0.376094
vt 0.357211 0.370916
vt 0.356392 0.404567
vt 0.383352 0.314101
vt 0.389002 0.325006
vt 0.382026 0.333394
vt 0.100512 0.980292
vt 0.315385 0.932058
vt 0.301741 0.948922
vt 0.106015 0.998333
vt 0.305556 0.959682
vt 0.662511 0.095295
vt 0.137671 0.435094
vt 0.647694 0.195006
vt 0.666554 0.221369
vt 0.372333 0.508096
vt 0.175257 0.332482
vt 0.545278 0.296024
vt 0.440362 0.608542
vt 0.426267 0.593899
vt 0.298285 0.311321
vt 0.298746 0.320792
vt 0.290403 0.315165
vt 0.318845 0.317600
vt 0.307870 0.324704
vt 0.309636 0.309355
vt 0.333965 0.794909
vt 0.471352 0.986325
vt 0.303633 0.793605
vt 0.446990 0.998333
vt 0.332329 0.778842
vt 0.073559 0.531237
vt 0.068353 0.519759
vt 0.377763 0.665896
vt 0.382212 0.677548
vt 0.385611 0.651880
vt 0.385886 0.667217
vt 0.816146 0.665393
vt 0.245226 0.491804
vt 0.244227 0.481458
vt 0.246189 0.476401
vt 0.240488 0.475335
vt 0.340955 0.385543
vt 0.394342 0.414942
vt 0.393962 0.423272
vt 0.382629 0.417396
vt 0.184245 0.429004
vt 0.187332 0.444924
vt 0.356320 0.224018
vt 0.169191 0.355809
vt 0.171161 0.347323
vt 0.290365 0.475765
vt 0.291852 0.466152
vt 0.294327 0.474777
vt 0.282752 0.485316
vt 0.402428 0.504674
vt 0.397530 0.497594
vt 0.478938 0.215250
vt 0.321203 0.699005
vt 0.317128 0.696010
vt 0.329414 0.693741
vt 0.318267 0.724434
vt 0.325554 0.712570
vt 0.333888 0.721165
vt 0.443692 0.443279
vt 0.434546 0.434200
vt 0.135394 0.582541
vt 0.127992 0.563463
vt 0.950212 0.966317
vt 0.105632 0.362276
vt 0.647339 0.221304
vt 0.690546 0.245957
vt 0.512018 0.822862
vt 0.020464 0.884761
vt 0.403932 0.163027
vt 0.330061 0.587944
vt 0.320378 0.587552
vt 0.324145 0.571923
vt 0.222110 0.551751
vt 0.204630 0.524901
vt 0.225516 0.532012
vt 0.234412 0.518814
vt 0.262750 0.293284
vt 0.258201 0.276792
vt 0.268788 0.302118
vt 0.268256 0.288119
vt 0.434243 0.580943
vt 0.518485 0.377690
vt 0.503525 0.364876
vt 0.515689 0.401905
vt 0.222382 0.564898
vt 0.130154 0.998333
vt 0.676093 0.137349
vt 0.358971 0.362363
vt 0.100244 0.393839
vt 0.099536 0.423421
vt 0.099525 0.401957
vt 0.606138 0.634260
vt 0.617453 0.660824
vt 0.350651 0.491681
vt 0.129567 0.114952
vt 0.350357 0.483555
vt 0.051611 0.627955
vt 0.142441 0.113087
vt 0.156925 0.427856
vt 0.117497 0.731261
vt 0.147640 0.723050
vt 0.126582 0.745033
vt 0.266300 0.523995
vt 0.263548 0.535395
vt 0.260735 0.526613
vt 0.393715 0.840220
vt 0.529331 0.998333
vt 0.411635 0.861549
vt 0.431733 0.766499
vt 0.396445 0.845744
vt 0.128336 0.405833
vt 0.035031 0.499237
vt 0.057802 0.475316
vt 0.250027 0.558920
vt 0.257449 0.533460
vt 0.254200 0.546790
vt 0.251270 0.534075
vt 0.296276 0.509129
vt 0.280327 0.935680
vt 0.569491 0.420120
vt 0.554296 0.649099
vt 0.544552 0.643248
vt 0.557417 0.624602
vt 0.243451 0.358492
vt 0.248514 0.362398
vt 0.447240 0.237900
vt 0.021247 0.396100
vt 0.108942 0.555608
vt 0.021247 0.427803
vt 0.452071 0.961726
vt 0.115993 0.530148
vt 0.121163 0.548131
vt 0.001667 0.401658
vt 0.118498 0.508309
vt 0.164204 0.455445
vt 0.109840 0.526993
vt 0.103181 0.551786
vt 0.439245 0.371965
vt 0.446922 0.375156
vt 0.450997 0.377769
vt 0.404611 0.669848
vt 0.393789 0.649897
vt 0.518707 0.496150
vt 0.520465 0.507789
vt 0.281338 0.244617
vt 0.323616 0.674402
vt 0.185050 0.553399
vt 0.195403 0.561596
vt 0.439066 0.220909
vt 0.440170 0.206266
vt 0.423472 0.184689
vt 0.165999 0.336187
vt 0.173195 0.330779
vt 0.181884 0.319591
vt 0.173508 0.318364
vt 0.177260 0.309340
vt 0.210944 0.204825
vt 0.257679 0.547223
vt 0.345021 0.264933
vt 0.355754 0.253012
vt 0.560783 0.625228
vt 0.314216 0.397162
vt 0.308918 0.401569
vt 0.143491 0.984224
vt 0.259138 0.756504
vt 0.275984 0.734450
vt 0.262221 0.714331
vt 0.252569 0.716128
vt 0.462353 0.532058
vt 0.455169 0.552089
vt 0.173399 0.491040
vt 0.457289 0.261541
vt 0.121533 0.398694
vt 0.192356 0.303121
vt 0.136346 0.975207
vt 0.356290 0.952442
vt 0.287987 0.427778
vt 0.255702 0.465847
vt 0.268613 0.458888
vt 0.502855 0.699367
vt 0.516916 0.710602
vt 0.532952 0.748099
vt 0.519939 0.733680
vt 0.619805 0.482165
vt 0.630168 0.432114
vt 0.625418 0.451582
vt 0.624003 0.426178
vt 0.354731 0.876000
vt 0.372269 0.891236
vt 0.168388 0.929950
vt 0.649384 0.977492
vt 0.146642 0.946106
vt 0.688673 0.957280
vt 0.255019 0.328411
vt 0.257230 0.320575
vt 0.263285 0.331273
vt 0.492613 0.727630
vt 0.237616 0.165022
vt 0.317435 0.243500
vt 0.324736 0.559740
vt 0.335261 0.469214
vt 0.209135 0.389545
vt 0.398906 0.281813
vt 0.434827 0.302331
vt 0.365003 0.091575
vt 0.415955 0.822886
vt 0.625800 0.288293
vt 0.566219 0.786287
vt 0.299145 0.593598
vt 0.386528 0.261534
vt 0.389429 0.250177
vt 0.517111 0.416117
vt 0.001667 0.428301
vt 0.122608 0.521502
vt 0.431443 0.961726
vt 0.001667 0.204721
vt 0.142684 0.520535
vt 0.130095 0.524428
vt 0.131782 0.504825
vt 0.028509 0.646091
vt 0.408893 0.803812
vt 0.417978 0.793288
vt 0.402714 0.450006
vt 0.391560 0.452726
vt 0.316155 0.521963
vt 0.325077 0.523266
vt 0.133378 0.336597
vt 0.922414 0.967151
vt 0.307377 0.304537
vt 0.461427 0.342816
vt 0.471759 0.339969
vt 0.291886 0.326332
vt 0.610604 0.559662
vt 0.188389 0.786627
vt 0.193284 0.782784
vt 0.168610 0.763572
vt 0.177875 0.751895
vt 0.604040 0.782123
vt 0.664620 0.197612
vt 0.674207 0.183867
vt 0.299524 0.438542
vt 0.297345 0.432170
vt 0.356688 0.421164
vt 0.347294 0.432991
vt 0.385768 0.378464
vt 0.393800 0.379576
vt 0.387149 0.368771
vt 0.523321 0.538527
vt 0.511854 0.521888
vt 0.376594 0.310347
vt 0.292963 0.291684
vt 0.492487 0.266203
vt 0.499722 0.283672
vt 0.483236 0.407876
vt 0.461191 0.471493
vt 0.394829 0.390725
vt 0.383786 0.390688
vt 0.490507 0.592472
vt 0.484249 0.607862
vt 0.480137 0.596321
vt 0.498953 0.596144
vt 0.355505 0.271227
vt 0.765989 0.284808
vt 0.028010 0.619223
vt 0.417907 0.423836
vt 0.036806 0.606655
vt 0.186864 0.301797
vt 0.189927 0.320700
vt 0.192306 0.306404
vt 0.141569 0.639096
vt 0.146223 0.654376
vt 0.303420 0.379819
vt 0.307865 0.379063
vt 0.305777 0.388676
vt 0.160250 0.297747
vt 0.199803 0.297848
vt 0.251101 0.289649
vt 0.246315 0.302423
vt 0.539359 0.452655
vt 0.304785 0.296018
vt 0.477845 0.455460
vt 0.231405 0.929091
vt 0.250118 0.964566
vt 0.139504 0.122886
vt 0.048979 0.637876
vt 0.364664 0.474150
vt 0.145276 0.130277
vt 0.358477 0.481851
vt 0.053579 0.646091
vt 0.488165 0.644932
vt 0.482361 0.667155
vt 0.428542 0.465417
vt 0.330175 0.498151
vt 0.342075 0.163165
vt 0.128318 0.427611
vt 0.380681 0.384101
vt 0.384134 0.384089
vt 0.532560 0.642249
vt 0.412509 0.608543
vt 0.542999 0.509647
vt 0.536581 0.509448
vt 0.545550 0.499233
vt 0.539531 0.475441
vt 0.544905 0.489482
vt 0.076121 0.385288
vt 0.404690 0.764848
vt 0.533646 0.987025
vt 0.492822 0.432880
vt 0.369977 0.470718
vt 0.236981 0.317608
vt 0.233018 0.314895
vt 0.544927 0.622910
vt 0.537837 0.627012
vt 0.536195 0.608487
vt 0.210112 0.722165
vt 0.211371 0.706269
vt 0.290202 0.664311
vt 0.559572 0.475825
vt 0.562341 0.456732
vt 0.200272 0.739509
vt 0.224862 0.735742
vt 0.397425 0.344266
vt 0.403287 0.351012
vt 0.507411 0.442925
vt 0.243022 0.451380
vt 0.248526 0.443051
vt 0.149702 0.336412
vt 0.903162 0.952859
vt 0.146557 0.319725
vt 0.139795 0.336697
vt 0.335685 0.500556
vt 0.111255 0.496423
vt 0.097158 0.493037
vt 0.313187 0.540110
vt 0.318487 0.536754
vt 0.145022 0.455340
vt 0.025657 0.583570
vt 0.411131 0.388757
vt 0.414797 0.393426
vt 0.410037 0.391272
vt 0.423339 0.388825
vt 0.159968 0.998333
vt 0.686095 0.187874
vt 0.497791 0.879797
vt 0.162686 0.992748
vt 0.490134 0.882570
vt 0.478921 0.860872
vt 0.398454 0.953031
vt 0.512220 0.797718
vt 0.497493 0.829044
vt 0.254113 0.528021
vt 0.248680 0.497445
vt 0.239698 0.493439
vt 0.273304 0.634221
vt 0.278321 0.629762
vt 0.860798 0.401196
vt 0.340229 0.378370
vt 0.344284 0.378282
vt 0.344030 0.369373
vt 0.454347 0.701358
vt 0.335030 0.571463
vt 0.459994 0.479561
vt 0.390421 0.471719
vt 0.320409 0.473664
vt 0.319496 0.461674
vt 0.326929 0.454608
vt 0.313470 0.464150
vt 0.237251 0.346085
vt 0.239456 0.334183
vt 0.245132 0.337666
vt 0.212708 0.416496
vt 0.230118 0.422568
vt 0.206461 0.201846
vt 0.429042 0.643915
vt 0.429422 0.630843
vt 0.424948 0.659444
vt 0.537263 0.618352
vt 0.524948 0.612745
vt 0.462451 0.552058
vt 0.643688 0.385448
vt 0.642184 0.399020
vt 0.313577 0.193680
vt 0.450231 0.369385
vt 0.446949 0.362437
vt 0.180030 0.571168
vt 0.426879 0.392666
vt 0.640064 0.159366
vt 0.098288 0.555250
vt 0.594406 0.126983
vt 0.581372 0.918996
vt 0.575042 0.872678
vt 0.602429 0.176023
vt 0.298984 0.842439
vt 0.777393 0.270165
vt 0.460089 0.099120
vt 0.427183 0.094563
vt 0.797984 0.267841
vt 0.325196 0.439924
vt 0.208419 0.418141
vt 0.267971 0.565973
vt 0.322086 0.530118
vt 0.204375 0.576945
vt 0.216560 0.570021
vt 0.080613 0.171037
vt 0.183437 0.698966
vt 0.020736 0.170770
vt 0.001667 0.171037
vt 0.192645 0.683069
vt 0.177014 0.713951
vt 0.317025 0.252493
vt 0.600516 0.962934
vt 0.240528 0.984263
vt 0.606098 0.926405
vt 0.556696 0.614143
vt 0.399042 0.246032
vt 0.378610 0.227783
vt 0.403346 0.563419
vt 0.440736 0.788570
vt 0.408314 0.884319
vt 0.195232 0.670662
vt 0.303679 0.464890
vt 0.468517 0.540581
vt 0.250375 0.629433
vt 0.306374 0.454472
vt 0.529473 0.707037
vt 0.401703 0.344395
vt 0.400143 0.336363
vt 0.425470 0.397478
vt 0.418676 0.395913
vt 0.122851 0.373547
vt 0.114012 0.381646
vt 0.385116 0.457659
vt 0.288535 0.619725
vt 0.652373 0.395408
vt 0.697838 0.385100
vt 0.248509 0.546101
vt 0.429746 0.328196
vt 0.515933 0.766672
vt 0.346408 0.342638
vt 0.353337 0.340418
vt 0.531170 0.668266
vt 0.419616 0.331305
vt 0.369095 0.680965
vt 0.370022 0.664143
vt 0.568686 0.514214
vt 0.385926 0.243640
vt 0.395301 0.241611
vt 0.028328 0.625414
vt 0.404726 0.431435
vt 0.011871 0.622062
vt 0.195823 0.347965
vt 0.180100 0.348274
vt 0.362393 0.364053
vt 0.392594 0.589168
vt 0.027903 0.601814
vt 0.372916 0.299948
vt 0.376340 0.292802
vt 0.369520 0.287821
vt 0.301066 0.428907
vt 0.297435 0.421858
vt 0.413963 0.481596
vt 0.413244 0.471180
vt 0.419076 0.498114
vt 0.293450 0.482787
vt 0.290001 0.485942
vt 0.325640 0.627204
vt 0.327599 0.615845
vt 0.502066 0.581482
vt 0.510599 0.601900
vt 0.518222 0.585181
vt 0.273968 0.393799
vt 0.590548 0.373383
vt 0.001667 0.211959
vt 0.129425 0.514324
vt 0.129395 0.481948
vt 0.254899 0.974644
vt 0.307597 0.409418
vt 0.335638 0.549996
vt 0.337038 0.294945
vt 0.323628 0.487186
vt 0.327622 0.473638
vt 0.198769 0.522044
vt 0.191232 0.507088
vt 0.556509 0.562942
vt 0.341172 0.393898
vt 0.430934 0.592852
vt 0.399637 0.355471
vt 0.300447 0.408499
vt 0.365077 0.482792
vt 0.597369 0.905662
vt 0.604217 0.874568
vt 0.586916 0.140253
vt 0.586340 0.904556
vt 0.292399 0.596475
vt 0.310412 0.394085
vt 0.626780 0.269537
vt 0.606108 0.247047
vt 0.451465 0.538330
vt 0.354247 0.448261
vt 0.525054 0.575986
vt 0.346329 0.208007
vt 0.340661 0.206680
vt 0.457030 0.373626
vt 0.462069 0.366316
vt 0.455648 0.366173
vt 0.251708 0.326001
vt 0.417190 0.460708
vt 0.107990 0.429537
vt 0.481376 0.482375
vt 0.353139 0.484516
vt 0.053579 0.634679
vt 0.347926 0.911669
vt 0.473736 0.293368
vt 0.239972 0.415344
vt 0.280820 0.218950
vt 0.291741 0.218619
vt 0.435816 0.532989
vt 0.430294 0.521992
vt 0.412459 0.448549
vt 0.400349 0.803812
vt 0.037386 0.645235
vt 0.443494 0.530230
vt 0.250706 0.313302
vt 0.254378 0.315602
vt 0.161217 0.366872
vt 0.282067 0.477100
vt 0.121470 0.876376
vt 0.737451 0.990100
vt 0.748557 0.951486
vt 0.330947 0.420512
vt 0.362254 0.332445
vt 0.378189 0.376917
vt 0.381651 0.373708
vt 0.246901 0.528251
vt 0.342169 0.720544
vt 0.137323 0.371877
vt 0.139950 0.347757
vt 0.300348 0.539808
vt 0.325323 0.204831
vt 0.315563 0.202127
vt 0.423067 0.556376
vt 0.306333 0.462284
vt 0.488313 0.291711
vt 0.432070 0.531710
vt 0.432057 0.540409
vt 0.160414 0.218530
vt 0.149677 0.207262
vt 0.376162 0.689783
vt 0.180611 0.855164
vt 0.370237 0.222167
vt 0.368049 0.739967
vt 0.318452 0.375361
vt 0.410708 0.660453
vt 0.411688 0.654014
vt 0.272019 0.366097
vt 0.317857 0.351490
vt 0.325068 0.345973
vt 0.483325 0.539498
vt 0.173695 0.229878
vt 0.393395 0.505463
vt 0.408768 0.497217
vt 0.524672 0.485359
vt 0.525486 0.467540
vt 0.535413 0.465570
vt 0.223996 0.691331
vt 0.468008 0.514564
vt 0.464662 0.497261
vt 0.236653 0.335001
vt 0.268813 0.524597
vt 0.273480 0.248588
vt 0.273508 0.257162
vt 0.280894 0.253433
vt 0.233921 0.364132
vt 0.236889 0.370876
vt 0.297978 0.536169
vt 0.232050 0.320597
vt 0.306823 0.704920
vt 0.310228 0.680300
vt 0.311566 0.709948
vt 0.282773 0.887160
vt 0.176449 0.542561
vt 0.420548 0.164258
vt 0.463502 0.690459
vt 0.280299 0.426630
vt 0.274292 0.427684
vt 0.173218 0.619358
vt 0.427056 0.256274
vt 0.274586 0.330983
vt 0.639443 0.434838
vt 0.630943 0.410686
vt 0.367141 0.482145
vt 0.164459 0.321346
vt 0.312702 0.673244
vt 0.527037 0.622958
vt 0.362862 0.358954
vt 0.906160 0.988171
vt 0.561162 0.415353
vt 0.259454 0.607562
vt 0.487421 0.447658
vt 0.483127 0.416317
vt 0.484851 0.427870
vt 0.470360 0.589390
vt 0.450863 0.602855
vt 0.445153 0.598512
vt 0.064464 0.380904
vt 0.180374 0.729317
vt 0.215500 0.499821
vt 0.212317 0.835977
vt 0.254817 0.606231
vt 0.391410 0.500795
vt 0.538318 0.569094
vt 0.215002 0.384395
vt 0.232297 0.445523
vt 0.254663 0.271239
vt 0.395696 0.630656
vt 0.404045 0.643109
vt 0.388372 0.628450
vt 0.157488 0.661994
vt 0.346571 0.721381
vt 0.260515 0.265226
vt 0.231734 0.455936
vt 0.234047 0.435590
vt 0.314085 0.608449
vt 0.786581 0.816912
vt 0.409654 0.278903
vt 0.048725 0.471683
vt 0.051979 0.491028
vt 0.063963 0.513995
vt 0.544400 0.534929
vt 0.537914 0.540350
vt 0.411548 0.529968
vt 0.404832 0.522781
vt 0.366663 0.457268
vt 0.598275 0.750789
vt 0.562708 0.659955
vt 0.033977 0.427420
vt 0.076582 0.922881
vt 0.491715 0.613785
vt 0.537443 0.573169
vt 0.189194 0.208849
vt 0.193775 0.197391
vt 0.242426 0.441617
vt 0.090350 0.393382
vt 0.147259 0.295149
vt 0.411846 0.396284
vt 0.029021 0.572753
vt 0.407126 0.393046
vt 0.434888 0.464543
vt 0.489211 0.989498
vt 0.351413 0.822836
vt 0.320030 0.803148
vt 0.461402 0.994895
vt 0.368626 0.651835
vt 0.344441 0.648224
vt 0.391627 0.321334
vt 0.347236 0.863209
vt 0.218846 0.242290
vt 0.153122 0.310776
vt 0.371667 0.389433
vt 0.369527 0.338938
vt 0.462432 0.641596
vt 0.469475 0.655543
vt 0.297491 0.716253
vt 0.242081 0.759397
vt 0.252727 0.763809
vt 0.510491 0.530396
vt 0.439125 0.327029
vt 0.438835 0.337863
vt 0.322541 0.326418
vt 0.322831 0.344461
vt 0.498753 0.257642
vt 0.494379 0.250373
vt 0.136925 0.276307
vt 0.111405 0.957047
vt 0.307679 0.531704
vt 0.372198 0.305260
vt 0.471443 0.533579
vt 0.320969 0.330451
vt 0.310477 0.514162
vt 0.314200 0.508640
vt 0.469176 0.503850
vt 0.314296 0.513396
vt 0.247755 0.158774
vt 0.261581 0.258584
vt 0.260958 0.199923
vt 0.434310 0.341295
vt 0.150631 0.361542
vt 0.381059 0.421561
vt 0.133648 0.393163
vt 0.136765 0.635556
vt 0.131440 0.477397
vt 0.256450 0.311720
vt 0.110254 0.512490
vt 0.161108 0.587204
vt 0.136209 0.286255
vt 0.102664 0.951863
vt 0.423026 0.401790
vt 0.359459 0.211214
vt 0.480176 0.846493
vt 0.407049 0.956081
vt 0.525949 0.778883
vt 0.313283 0.214161
vt 0.265966 0.262945
vt 0.114575 0.432313
vt 0.497082 0.361556
vt 0.345201 0.386460
vt 0.298332 0.219358
vt 0.292639 0.420893
vt 0.111899 0.977849
vt 0.253530 0.493134
vt 0.149521 0.352028
vt 0.429053 0.508376
vt 0.273062 0.878383
vt 0.215947 0.349147
vt 0.297988 0.471230
vt 0.295282 0.465092
vt 0.405491 0.242669
vt 0.243861 0.217966
vt 0.139763 0.626634
vt 0.132114 0.619824
vt 0.038376 0.478686
vt 0.041945 0.462616
vt 0.396926 0.352739
vt 0.310522 0.332188
vt 0.539141 0.519022
vt 0.359735 0.612753
vt 0.125555 0.604619
vt 0.233410 0.209060
vt 0.446054 0.588455
vt 0.359819 0.605057
vt 0.495227 0.586897
vt 0.454495 0.539960
vt 0.403007 0.252384
vt 0.376841 0.152955
vt 0.383509 0.695806
vt 0.564147 0.679553
vt 0.557435 0.699080
vt 0.343985 0.293838
vt 0.241665 0.129941
vt 0.519819 0.692656
vt 0.276380 0.190213
vt 0.338532 0.446150
vt 0.327781 0.318720
vt 0.215294 0.391347
vt 0.208267 0.482709
vt 0.253528 0.310637
vt 0.419330 0.485285
vt 0.430296 0.323020
vt 0.339693 0.649112
vt 0.289042 0.308919
vt 0.270595 0.494610
vt 0.268953 0.477743
vt 0.097469 0.130662
vt 0.355925 0.513614
vt 0.302646 0.454748
vt 0.220661 0.832981
vt 0.190340 0.817059
vt 0.261295 0.520553
vt 0.232616 0.479984
vt 0.362459 0.451753
vt 0.373341 0.875540
vt 0.531896 0.489226
vt 0.233263 0.861692
vt 0.269785 0.579038
vt 0.400172 0.147955
vt 0.384240 0.155642
vt 0.239537 0.484266
vt 0.202378 0.719993
vt 0.303981 0.469546
vt 0.199758 0.385589
vt 0.548397 0.491039
vt 0.346931 0.658566
vt 0.471392 0.550566
vt 0.250483 0.750305
vt 0.283109 0.184986
vt 0.288011 0.190089
vt 0.289041 0.625039
vt 0.436509 0.346871
vt 0.205756 0.372668
vt 0.212658 0.354094
vt 0.244006 0.879061
vt 0.277802 0.304182
vt 0.291076 0.286813
vt 0.286549 0.293489
vt 0.266926 0.730559
vt 0.348190 0.653995
vt 0.369364 0.183556
vt 0.380405 0.190544
vt 0.411066 0.492136
vt 0.290644 0.229303
vt 0.096033 0.423515
vt 0.387282 0.384425
vt 0.160675 0.241184
vt 0.147145 0.242691
vt 0.237189 0.422029
vt 0.243718 0.419389
vt 0.328298 0.489245
vt 0.274930 0.481649
vt 0.336517 0.489480
vt 0.386402 0.387007
vt 0.364242 0.673952
vt 0.113025 0.438070
vt 0.533982 0.781015
vt 0.286239 0.509337
vt 0.438804 0.447023
vt 0.406158 0.208854
vt 0.253060 0.889683
vt 0.568586 0.368029
vt 0.361131 0.619990
vt 0.310856 0.431931
vt 0.058280 0.688453
vt 0.442205 0.460515
vt 0.378171 0.385585
vt 0.447274 0.222379
vt 0.480138 0.280303
vt 0.283762 0.295828
vt 0.598946 0.913630
vt 0.619236 0.890763
vt 0.512104 0.313751
vt 0.238778 0.363397
vt 0.030990 0.612067
vt 0.129510 0.499950
vt 0.175049 0.552157
vt 0.172086 0.541525
vt 0.150234 0.651758
vt 0.169555 0.550421
vt 0.396034 0.340285
vt 0.256715 0.681928
vt 0.457336 0.234963
vt 0.303303 0.212627
vt 0.244754 0.867450
vt 0.329220 0.345563
vt 0.059014 0.463794
vt 0.197187 0.339942
vt 0.275820 0.406104
vt 0.269530 0.406211
vt 0.308714 0.465950
vt 0.288079 0.280281
vt 0.441055 0.298569
vt 0.274678 0.398023
vt 0.169628 0.326229
vt 0.387040 0.363053
vt 0.388618 0.427477
vt 0.389348 0.436922
vt 0.232317 0.202293
vt 0.432717 0.439849
vt 0.232690 0.353192
vt 0.180488 0.520302
vt 0.017965 0.901379
vt 0.513679 0.806244
vt 0.177561 0.323969
vt 0.260332 0.626283
vt 0.541762 0.462204
vt 0.466574 0.451203
vt 0.240959 0.419918
vt 0.768355 0.925424
vt 0.518572 0.675053
vt 0.477981 0.608516
vt 0.393863 0.430195
vt 0.238066 0.711450
vt 0.212371 0.446481
vt 0.446468 0.973367
vt 0.120656 0.522497
vt 0.355620 0.847339
vt 0.490619 0.448562
vt 0.405207 0.134680
vt 0.254664 0.198078
vt 0.294675 0.738844
vt 0.336873 0.454543
vt 0.244461 0.848009
vt 0.411532 0.627473
vt 0.178032 0.326963
vt 0.229873 0.463658
vt 0.407161 0.523372
vt 0.272106 0.405189
vt 0.404408 0.125462
vt 0.175481 0.561022
vt 0.188702 0.331130
vt 0.292785 0.449676
vt 0.411358 0.568448
vt 0.266411 0.514602
vt 0.319077 0.610673
vt 0.406559 0.290711
s 1
f 1/1/1 2/2/2 3/3/3
f 4/4/4 5/5/5 6/6/6
f 7/7/7 8/8/8 9/9/9
f 10/11/10 11/12/11 12/13/12
f 13/14/13 14/15/14 15/16/15
f 16/17/16 17/18/17 18/19/18
f 19/20/19 13/14/13 20/21/20
f 21/22/21 22/23/22 23/24/23
f 24/25/24 25/26/25 26/27/26
f 20/21/20 27/28/27 19/20/28
f 27/28/27 13/14/13 19/20/19
f 28/29/29 29/30/30 30/31/31
f 25/26/25 24/25/24 31/32/32
f 32/33/33 33/34/34 27/28/27
f 34/35/35 35/36/36 36/37/37
f 37/38/38 38/39/39 39/40/40
f 40/41/41 32/33/33 27/28/27
f 41/42/42 42/43/43 43/44/44
f 32/33/45 40/41/41 33/34/34
f 44/45/46 45/46/47 46/47/48
f 13/14/13 27/28/27 33/34/34
f 42/43/43 41/42/42 47/48/49
f 48/49/50 49/50/51 50/51/52
f 51/52/53 52/53/54 53/55/55
f 54/56/56 55/57/57 56/58/58
f 46/47/48 57/59/59 58/61/60
f 59/62/61 60/63/62 61/64/63
f 62/65/64 63/66/65 13/14/13
f 64/67/66 65/68/67 66/69/68
f 67/70/69 68/71/70 69/72/71
f 70/73/72 71/74/73 72/75/74
f 73/76/75 74/77/76 75/78/77
f 76/79/78 77/80/79 78/81/80
f 79/82/81 80/83/82 81/84/83
f 77/80/79 82/85/84 78/81/80
f 37/38/38 83/86/85 38/39/39
f 84/87/86 85/88/87 86/89/88
f 87/90/89 84/87/86 88/91/90
f 84/87/86 87/90/89 85/88/87
f 88/91/90 84/87/86 86/89/88
f 87/90/89 86/89/88 85/88/87
f 78/81/80 82/85/84 89/92/91
f 90/93/92 91/94/93 92/95/94
f 93/97/95 94/98/96 95/100/97
f 96/101/98 97/102/99 98/103/100
f 99/104/101 100/105/102 101/106/103
f 93/96/95 102/107/104 94/99/96
f 101/106/103 100/105/102 103/108/105
f 103/108/105 100/105/102 99/104/101
f 104/109/106 105/110/107 106/111/108
f 107/112/109 108/113/110 109/114/111
f 110/115/112 111/116/113 112/117/114
f 108/113/110 113/118/115 109/114/111
f 114/119/116 115/120/117 116/121/118
f 112/117/114 111/116/113 117/122/119
f 117/122/119 110/115/112 112/117/120
f 118/123/121 117/122/119 111/116/113
f 119/124/122 120/125/123 121/126/124
f 122/127/125 123/128/126 124/129/127
f 125/130/128 126/131/129 127/132/130
f 128/133/131 129/134/132 130/135/133
f 131/136/134 132/137/135 133/138/136
f 134/139/137 131/136/134 133/138/136
f 114/119/116 116/121/118 135/140/138
f 136/141/139 137/142/140 138/143/141
f 34/35/35 139/144/142 35/36/36
f 134/139/137 132/137/135 131/136/143
f 140/145/144 141/146/145 142/147/146
f 143/148/147 144/149/148 145/150/149
f 146/151/150 134/139/137 147/152/151
f 148/153/152 149/154/153 150/155/154
f 151/156/155 152/157/156 153/158/157
f 154/159/158 155/160/159 156/161/160
f 157/162/161 152/157/156 151/156/162
f 158/163/163 115/120/117 114/119/116
f 153/158/157 157/162/161 151/156/162
f 157/162/161 159/164/164 160/165/165
f 161/167/166 162/168/167 163/169/168
f 164/170/169 22/23/22 165/171/170
f 22/23/22 166/172/171 165/171/170
f 161/167/166 167/173/172 162/168/167
f 168/174/173 169/175/174 170/176/175
f 162/168/176 167/173/172 163/169/168
f 171/177/177 172/178/178 173/179/179
f 174/180/180 175/181/181 176/182/182
f 177/183/183 178/184/184 179/185/185
f 180/186/186 107/112/109 181/187/187
f 180/186/186 181/187/188 109/114/111
f 182/188/189 183/189/190 184/190/191
f 185/191/192 186/192/193 187/193/194
f 186/192/193 188/194/195 187/193/194
f 107/112/109 109/114/111 181/187/187
f 189/195/196 190/196/197 191/197/198
f 192/198/199 191/197/198 190/196/197
f 193/199/200 194/203/201 195/204/202
f 193/199/200 195/204/202 196/205/203
f 197/207/204 198/208/205 199/209/206
f 200/210/207 201/211/208 202/212/209
f 199/209/206 203/213/210 197/207/204
f 203/213/210 198/208/205 197/207/211
f 204/214/212 205/216/213 206/217/214
f 207/219/215 208/220/216 209/221/217
f 210/222/218 211/223/219 212/224/220
f 213/225/221 214/226/222 215/227/223
f 216/228/224 217/229/225 218/230/226
f 216/228/224 218/230/226 219/231/227
f 41/42/42 220/232/228 47/48/49
f 42/43/43 47/48/49 221/233/229
f 222/234/230 223/235/231 224/236/232
f 225/237/233 226/238/234 227/239/235
f 228/240/236 229/241/237 230/242/238
f 225/237/233 231/243/239 226/238/240
f 218/230/241 217/229/225 219/231/227
f 226/238/234 231/243/239 227/239/235
f 232/244/242 228/240/236 230/242/238
f 233/245/243 234/246/244 235/247/245
f 236/248/246 237/249/247 238/250/248
f 239/251/249 240/252/250 241/253/251
f 240/252/250 239/251/249 242/254/252
f 243/255/253 63/66/65 62/65/64
f 244/256/254 243/255/253 62/65/64
f 245/257/255 69/72/71 68/71/70
f 240/252/256 242/254/252 241/253/251
f 246/258/257 227/239/235 247/259/258
f 248/260/259 249/261/260 210/222/218
f 250/262/261 251/263/262 252/264/263
f 253/265/264 254/266/265 255/267/266
f 255/267/266 256/268/267 253/265/264
f 257/269/268 258/270/269 259/271/270
f 260/272/271 261/273/272 262/274/273
f 261/273/272 260/272/271 263/275/274
f 256/268/267 255/267/275 254/266/265
f 264/276/276 265/277/277 266/278/278
f 267/279/279 264/276/276 266/278/278
f 268/280/280 269/281/281 270/282/282
f 269/281/281 268/280/280 271/283/283
f 272/284/284 273/285/285 274/286/286
f 267/279/279 266/278/287 265/277/277
f 275/287/288 276/288/289 277/289/290
f 253/265/264 278/290/291 279/291/292
f 272/284/284 274/286/286 280/292/293
f 281/293/294 279/291/292 278/290/291
f 279/291/292 282/294/295 253/265/264
f 279/291/292 281/293/294 282/294/295
f 278/290/291 282/294/295 281/293/294
f 256/268/267 283/295/296 278/290/291
f 282/294/295 278/290/291 283/295/296
f 276/288/289 284/296/297 277/289/290
f 285/297/298 286/298/299 287/299/300
f 288/300/301 289/301/302 290/302/303
f 291/303/304 292/304/305 179/185/185
f 293/305/306 294/306/307 295/307/308
f 296/308/309 297/309/310 298/310/311
f 299/311/312 80/83/82 79/82/81
f 300/312/313 301/313/314 302/314/315
f 303/315/316 304/316/317 305/317/318
f 303/315/316 306/318/319 304/316/320
f 186/192/193 123/128/126 307/319/321
f 308/320/322 309/321/323 310/322/324
f 311/323/325 312/324/326 313/325/327
f 306/318/319 314/326/328 304/316/317
f 315/327/329 316/328/330 317/330/331
f 318/331/332 319/332/333 320/333/334
f 321/334/335 322/335/336 73/76/75
f 323/336/337 324/337/338 325/338/339
f 185/191/192 123/128/126 186/192/193
f 326/339/340 73/76/75 322/335/336
f 327/340/341 27/28/27 20/21/20
f 328/341/342 323/336/343 325/338/339
f 324/337/338 323/336/343 328/341/342
f 242/254/252 329/342/344 209/221/217
f 330/343/345 331/344/346 332/345/347
f 332/345/347 331/344/346 333/346/348
f 334/347/349 335/348/350 68/71/70
f 336/349/351 337/350/352 338/351/353
f 337/350/352 336/349/351 339/353/354
f 340/354/355 341/355/356 342/356/357
f 343/357/358 344/358/359 345/359/360
f 341/355/356 346/360/361 342/356/357
f 347/361/362 332/345/347 333/346/348
f 340/354/355 348/362/363 349/363/364
f 350/364/365 351/365/366 352/366/367
f 353/367/368 3/3/3 354/368/369
f 355/369/370 356/370/371 357/371/372
f 358/372/373 359/373/374 360/374/375
f 361/375/376 362/376/377 363/379/378
f 364/381/379 365/382/380 366/383/381
f 367/384/382 368/385/383 369/386/384
f 370/387/385 367/384/382 369/386/384
f 371/388/386 372/389/387 373/390/388
f 374/391/389 375/392/390 376/393/391
f 155/160/159 377/394/392 378/395/393
f 379/396/394 380/398/395 381/400/396
f 382/401/397 383/402/398 384/403/399
f 385/404/400 386/405/401 387/406/402
f 383/402/398 388/407/403 384/403/399
f 389/408/404 390/409/405 391/410/406
f 392/411/407 393/412/408 394/413/409
f 395/414/410 396/415/411 397/416/412
f 398/417/413 392/411/407 399/418/414
f 400/419/415 392/411/407 398/417/416
f 398/417/416 399/418/414 400/419/415
f 29/30/30 401/420/417 30/31/31
f 30/31/31 401/420/417 402/421/418
f 403/422/419 404/423/420 405/424/421
f 406/425/422 407/426/423 408/427/424
f 409/428/425 410/429/426 411/430/427
f 412/431/428 345/359/360 413/432/429
f 414/433/430 415/434/431 416/435/432
f 417/436/433 94/99/96 102/107/104
f 125/130/128 127/132/130 418/437/434
f 419/439/435 420/442/436 421/443/437
f 422/445/438 423/447/439 424/448/440
f 422/446/438 425/449/441 426/451/442
f 427/452/443 428/453/444 429/454/445
f 430/455/446 431/456/447 432/457/448
f 433/458/449 434/459/450 435/460/451
f 436/461/452 437/462/453 438/463/454
f 439/464/455 440/465/456 441/466/457
f 442/467/458 443/468/459 444/469/460
f 445/470/461 446/471/462 447/472/463
f 448/473/464 449/474/465 450/475/466
f 451/476/467 452/477/468 453/478/469
f 454/479/470 455/480/471 456/481/472
f 133/138/136 145/150/149 134/139/137
f 457/482/473 458/483/474 459/484/475
f 460/485/476 461/486/477 462/487/478
f 463/488/479 464/489/480 465/490/481
f 466/491/482 467/492/483 468/493/484
f 469/494/485 470/495/486 471/496/487
f 472/497/488 473/498/489 474/499/490
f 475/500/491 476/502/492 477/504/493
f 478/505/494 479/506/495 480/507/496
f 247/259/258 227/239/235 231/243/239
f 481/508/497 482/509/498 483/510/499
f 484/511/500 485/512/501 486/513/502
f 487/514/503 488/515/504 489/516/505
f 490/517/506 491/518/507 492/519/508
f 493/520/509 494/521/510 495/522/511
f 496/523/512 497/524/513 498/525/514
f 499/526/515 500/527/516 501/528/517
f 502/529/518 503/530/519 504/531/520
f 505/532/521 506/533/522 507/534/523
f 508/535/524 509/536/525 510/537/526
f 511/538/527 512/539/528 513/540/529
f 514/541/530 515/542/531 516/543/532
f 517/544/533 518/545/534 519/546/535
f 520/547/536 521/548/537 522/549/538
f 523/550/539 524/551/540 525/552/541
f 526/553/542 527/554/543 528/555/544
f 529/556/545 530/557/546 531/558/547
f 532/559/548 533/560/549 534/561/550
f 535/562/551 536/563/552 537/564/553
f 538/565/554 539/566/555 540/567/556
f 541/568/557 542/569/558 543/570/559
f 544/571/560 545/572/561 546/573/562
f 547/574/563 548/575/564 549/576/565
f 550/577/566 551/578/567 552/579/568
f 553/580/569 552/579/568 554/581/570
f 555/582/571 556/583/572 557/584/573
f 558/585/574 559/586/575 560/587/576
f 561/588/577 94/98/96 562/590/578
f 207/219/215 563/591/579 564/592/580
f 565/593/581 566/594/582 567/595/583
f 312/324/326 308/320/322 313/325/327
f 568/596/584 569/597/585 570/598/586
f 571/599/587 572/600/588 570/598/586
f 573/601/589 158/163/163 574/602/590
f 575/603/591 576/604/592 577/605/593
f 578/606/594 579/607/595 580/608/596
f 581/609/597 582/610/598 583/611/599
f 584/612/600 585/613/601 499/526/515
f 188/194/195 186/192/193 307/319/321
f 586/614/602 587/615/603 588/616/604
f 589/617/605 590/618/606 591/619/607
f 592/620/608 480/507/496 593/622/609
f 594/624/610 595/625/611 596/626/612
f 597/627/613 436/461/452 598/628/614
f 599/629/615 600/630/616 601/632/617
f 602/633/618 603/634/619 604/635/620
f 542/569/558 541/568/557 604/635/620
f 87/90/89 605/636/621 86/89/88
f 606/637/622 607/638/623 608/639/624
f 145/150/149 133/138/136 143/148/147
f 609/640/625 610/641/626 611/642/627
f 612/643/628 613/644/629 614/645/630
f 615/646/631 545/572/561 616/647/632
f 617/648/633 72/75/74 618/649/634
f 72/75/74 617/648/633 619/650/635
f 620/651/636 621/652/637 622/653/638
f 233/245/243 623/654/639 234/246/244
f 624/655/640 625/656/641 626/657/642
f 627/658/643 298/310/311 628/659/644
f 629/660/645 630/661/646 631/662/647
f 632/663/648 633/664/649 634/665/650
f 350/364/365 352/366/367 635/666/651
f 289/301/302 288/300/301 636/667/652
f 637/668/653 638/669/654 639/670/655
f 640/671/656 35/36/36 641/672/657
f 642/673/658 643/674/659 644/675/660
f 645/676/661 646/677/662 647/678/663
f 648/679/664 649/680/665 650/681/666
f 650/681/666 649/680/665 239/251/249
f 651/682/667 652/683/668 653/684/669
f 191/197/198 654/685/670 189/195/196
f 655/686/671 656/687/672 657/688/673
f 573/601/589 658/689/674 659/690/675
f 660/691/676 661/692/677 662/693/678
f 663/694/679 664/696/680 665/700/681
f 666/701/682 667/702/683 668/704/684
f 669/705/685 631/662/647 670/706/686
f 671/707/687 672/708/688 673/709/689
f 674/710/690 669/705/685 675/711/691
f 676/712/692 677/713/693 678/714/694
f 229/241/237 679/715/695 680/716/696
f 681/717/697 682/718/698 683/719/699
f 270/282/282 684/720/700 685/721/701
f 686/723/702 687/724/703 688/726/704
f 689/727/705 179/185/185 690/728/706
f 667/702/683 691/729/707 692/731/708
f 693/732/709 454/479/470 456/481/472
f 694/733/710 695/734/711 696/735/712
f 253/265/264 697/736/713 698/737/714
f 698/737/714 699/738/715 700/739/716
f 396/415/411 701/740/717 397/416/412
f 702/741/718 703/742/719 704/745/720
f 705/747/721 704/746/720 706/748/722
f 707/749/723 262/274/273 708/750/724
f 709/751/725 710/752/726 711/753/727
f 712/754/728 713/755/729 714/756/730
f 715/757/731 716/758/732 717/759/733
f 665/700/681 718/760/734 663/694/679
f 719/761/735 720/762/736 393/412/408
f 228/240/236 679/715/695 229/241/237
f 641/672/657 721/763/737 722/764/738
f 723/765/739 724/766/740 725/767/741
f 726/768/742 727/769/743 728/770/744
f 729/771/745 427/452/443 730/772/746
f 731/773/747 732/774/748 733/775/749
f 535/562/551 537/564/553 161/167/166
f 70/73/72 734/776/750 735/777/751
f 63/66/65 736/778/752 13/14/13
f 737/779/753 223/235/231 738/780/754
f 739/781/755 740/782/756 741/783/757
f 209/221/217 742/784/758 743/785/759
f 517/544/533 519/546/535 742/784/758
f 523/550/539 744/786/760 482/509/498
f 745/787/761 746/788/762 747/789/763
f 748/790/764 749/791/765 750/792/766
f 751/793/767 752/794/768 753/795/769
f 754/796/770 755/797/771 756/798/772
f 757/799/773 300/312/313 302/314/315
f 58/61/60 758/801/774 46/47/48
f 7/7/7 759/802/775 10/11/10
f 760/803/776 761/804/777 762/805/778
f 763/806/779 764/807/780 765/808/781
f 319/332/333 766/809/782 320/333/334
f 767/810/783 23/24/23 768/811/784
f 769/812/785 770/813/786 771/814/787
f 772/815/788 239/251/249 773/816/789
f 772/815/788 774/817/790 775/818/791
f 318/331/332 776/819/792 777/820/793
f 778/821/794 779/822/795 416/435/432
f 780/823/796 781/824/797 782/825/798
f 783/826/799 784/827/800 785/828/801
f 292/304/305 483/510/499 774/817/790
f 774/817/790 772/815/788 786/829/802
f 147/152/151 134/139/137 152/157/156
f 160/165/165 787/830/803 157/162/161
f 788/831/804 789/832/805 790/833/806
f 791/834/807 792/835/808 793/836/809
f 794/837/810 795/839/811 796/841/812
f 797/842/813 410/429/426 798/844/814
f 799/845/815 314/326/328 800/846/816
f 357/371/372 801/847/817 802/848/818
f 555/582/571 557/584/573 803/849/819
f 804/850/820 805/851/821 806/852/822
f 807/853/823 808/854/824 809/855/825
f 810/856/826 811/857/827 812/858/828
f 813/859/829 15/16/15 14/15/14
f 807/853/823 814/860/830 808/854/824
f 815/861/831 816/862/832 817/863/833
f 818/864/834 819/865/835 820/866/836
f 821/867/837 822/868/838 823/869/839
f 824/870/840 825/871/841 826/872/842
f 827/873/843 828/874/844 829/875/845
f 830/876/846 831/877/847 124/129/127
f 832/878/848 833/880/849 834/881/850
f 835/884/851 836/885/852 837/886/853
f 220/232/228 838/887/854 839/888/855
f 497/524/513 221/233/229 840/889/856
f 841/890/857 842/891/858 347/361/362
f 843/892/859 844/893/860 845/894/861
f 846/895/862 847/896/863 848/897/864
f 849/898/865 597/627/613 850/899/866
f 416/435/432 670/706/686 778/821/794
f 416/435/432 415/434/431 851/900/867
f 852/901/868 558/585/574 560/587/576
f 853/902/869 854/903/870 855/904/871
f 856/905/872 857/906/873 607/638/623
f 644/675/660 643/674/659 858/907/874
f 357/371/372 859/908/875 355/369/370
f 2/2/2 860/909/876 861/911/877
f 340/354/355 349/363/364 862/912/878
f 324/337/338 862/912/878 325/338/339
f 863/913/879 864/914/880 865/915/881
f 866/916/882 867/917/883 868/920/884
f 869/921/885 870/922/886 871/923/887
f 578/606/594 580/608/596 872/924/888
f 873/926/889 874/927/890 875/929/891
f 419/439/435 876/932/892 877/933/893
f 27/28/27 327/340/341 878/934/894
f 879/935/895 880/936/896 327/340/341
f 68/71/70 67/70/69 334/347/349
f 881/937/897 882/938/898 883/939/899
f 884/940/900 885/941/901 886/942/902
f 147/152/151 152/157/156 887/943/903
f 140/145/144 117/122/119 888/944/904
f 376/393/391 889/945/905 890/946/906
f 891/947/907 892/948/908 385/404/400
f 881/937/897 883/939/899 893/949/909
f 894/950/910 895/951/911 896/952/912
f 897/953/913 898/954/914 899/955/915
f 900/956/916 901/957/917 902/958/918
f 478/505/494 480/507/496 903/959/919
f 904/961/920 905/962/921 906/964/922
f 907/965/923 908/966/924 909/967/925
f 453/478/469 452/477/468 910/968/926
f 911/969/927 912/970/928 913/971/929
f 914/972/930 915/973/931 916/974/932
f 917/975/933 918/976/934 919/977/935
f 920/978/936 921/980/937 922/982/938
f 923/985/939 924/986/940 925/987/941
f 926/988/942 924/986/940 923/985/939
f 927/989/943 928/990/944 929/991/945
f 216/228/224 219/231/227 930/993/946
f 931/994/947 862/912/878 932/995/948
f 933/996/949 934/997/950 935/998/951
f 936/999/952 688/726/704 937/1000/953
f 938/1001/954 677/713/693 676/712/692
f 939/1003/955 940/1004/956 941/1005/957
f 872/924/888 942/1006/958 578/606/594
f 24/25/24 943/1007/959 944/1008/960
f 945/1009/961 946/1010/962 792/835/808
f 793/836/809 792/835/808 947/1011/963
f 948/1012/964 949/1013/965 950/1014/966
f 951/1015/967 952/1016/968 953/1017/969
f 954/1018/970 955/1019/971 294/306/307
f 956/1020/972 957/1021/973 519/546/535
f 958/1023/974 959/1024/975 960/1025/976
f 940/1004/956 939/1003/955 961/1027/977
f 962/1028/978 963/1029/979 964/1030/980
f 370/387/385 369/386/384 965/1031/981
f 966/1032/982 967/1033/983 968/1034/984
f 969/1035/985 970/1036/986 971/1037/987
f 972/1038/988 973/1041/989 428/453/444
f 958/1023/974 973/1040/989 972/1039/988
f 589/617/605 591/619/607 974/1042/990
f 465/490/481 464/489/480 922/982/938
f 816/862/832 975/1043/991 976/1044/992
f 977/1045/993 627/658/643 978/1046/994
f 979/1047/995 526/553/542 980/1048/996
f 981/1049/997 982/1050/998 983/1051/999
f 984/1052/1000 985/1053/1001 572/600/588
f 986/1054/1002 987/1055/1003 988/1056/1004
f 989/1057/1005 990/1058/1006 991/1059/1007
f 992/1060/1008 993/1061/1009 994/1062/1010
f 995/1063/1011 996/1064/1012 997/1065/1013
f 998/1066/1014 999/1067/1015 1000/1068/1016
f 808/854/824 814/860/830 1001/1069/1017
f 1002/1070/1018 1003/1071/1019 782/825/798
f 1004/1072/1020 976/1044/992 975/1043/991
f 343/357/358 1005/1073/1021 1006/1074/1022
f 1007/1075/1023 1008/1076/1024 1009/1077/1025
f 1010/1078/1026 1011/1079/1027 1012/1080/1028
f 1013/1081/1029 1014/1082/1030 1015/1083/1031
f 201/211/208 1016/1084/1032 572/600/588
f 539/566/555 1017/1085/1033 1018/1086/1034
f 1017/1085/1033 1019/1087/1035 756/798/772
f 1020/1088/1036 1021/1089/1037 1022/1090/1038
f 1023/1091/1039 1024/1092/1040 579/607/595
f 1025/1093/1041 1026/1094/1042 1027/1095/1043
f 1028/1096/1044 1029/1097/1045 1030/1098/1046
f 1028/1096/1044 1031/1099/1047 1029/1097/1045
f 816/862/832 815/861/831 1032/1103/1048
f 1033/1104/1049 1034/1105/1050 1035/1106/1051
f 1036/1107/1052 864/914/880 1037/1108/1053
f 532/559/548 1038/1109/1054 1039/1110/1055
f 845/894/861 844/893/860 273/285/285
f 272/284/284 280/292/293 1040/1111/1056
f 1041/1112/1057 1042/1113/1058 165/171/170
f 165/171/170 1043/1114/1059 1041/1112/1057
f 1044/1115/1060 1045/1117/1061 1046/1118/1062
f 1046/1118/1062 1047/1120/1063 1048/1123/1064
f 1049/1124/1065 728/770/744 1050/1125/1066
f 880/936/896 879/935/895 1051/1126/1067
f 890/946/906 889/945/905 1052/1127/1068
f 1053/1128/1069 1052/1127/1068 937/1000/953
f 1054/1129/1070 1055/1130/1071 1056/1131/1072
f 1057/1132/1073 843/892/859 1058/1133/1074
f 1059/1134/1075 109/114/111 1060/1135/1076
f 1061/1136/1077 1062/1137/1078 470/495/486
f 1063/1138/1079 527/554/543 256/268/267
f 1063/1138/1079 1064/1139/1080 1065/1140/1081
f 1066/1141/1082 54/56/56 1067/1142/1083
f 11/12/11 1068/1143/1084 1069/1144/1085
f 1070/1145/1086 1071/1147/1087 1072/1148/1088
f 1073/1149/1089 1074/1150/1090 1075/1151/1091
f 1076/1152/1092 1077/1153/1093 1078/1154/1094
f 1079/1155/1095 1080/1156/1096 1081/1157/1097
f 14/15/14 1082/1158/1098 813/859/829
f 339/353/354 336/349/351 1083/1159/1099
f 1084/1160/1100 354/368/369 1085/1161/1101
f 1086/1162/1102 158/163/163 114/119/116
f 1087/1163/1103 243/255/253 1088/1164/1104
f 1089/1165/1105 23/24/23 767/810/783
f 1089/1165/1105 513/540/529 21/22/21
f 757/799/773 302/314/315 301/313/314
f 1090/1166/1106 1091/1167/1107 508/535/524
f 367/384/382 1092/1168/1108 373/390/388
f 1093/1169/1109 390/409/405 389/408/404
f 1094/1170/1110 563/591/579 1095/1171/1111
f 547/574/563 1095/1171/1111 1096/1172/1112
f 1097/1173/1113 1090/1166/1106 508/535/524
f 586/614/602 588/616/604 1098/1174/1114
f 1099/1175/1115 328/341/342 325/338/339
f 1100/1176/1116 1101/1177/1117 328/341/342
f 1102/1178/1118 1103/1179/1119 1104/1180/1120
f 1105/1181/1121 823/869/839 1106/1182/1122
f 1107/1183/1123 1108/1184/1124 1109/1185/1125
f 1110/1186/1126 1111/1187/1127 1112/1188/1128
f 1113/1189/1129 1114/1190/1130 1115/1191/1131
f 196/206/203 1116/1192/1132 1117/1193/1133
f 873/925/889 875/930/891 196/206/203
f 1118/1194/1134 1119/1196/1135 1120/1200/1136
f 58/61/60 57/59/59 56/58/58
f 592/621/608 1121/1201/1137 906/963/922
f 1122/1203/1138 1123/1204/1139 1124/1205/1140
f 1125/1206/1141 825/871/841 1126/1207/1142
f 1127/1208/1143 1128/1209/1144 730/772/746
f 554/581/570 1129/1210/1145 553/580/569
f 1130/1211/1146 1131/1212/1147 1132/1213/1148
f 270/282/282 269/281/281 684/720/700
f 1133/1214/1149 1134/1215/1150 1135/1216/1151
f 1136/1217/1152 1137/1218/1153 1138/1219/1154
f 687/724/703 686/723/702 1139/1220/1155
f 1140/1221/1156 268/280/280 1141/1222/1157
f 26/27/26 943/1007/959 24/25/24
f 1056/1131/1072 1142/1223/1158 1143/1224/1159
f 86/89/88 1144/1225/1160 1145/1226/1161
f 1146/1227/1162 1147/1228/1163 1148/1229/1164
f 625/656/641 1149/1230/1165 1150/1231/1166
f 460/485/476 462/487/478 1151/1232/1167
f 690/728/706 179/185/185 292/304/305
f 773/816/789 1152/1233/1168 772/815/788
f 93/96/95 1031/1100/1047 1153/1235/1169
f 1154/1236/1170 1121/1201/1137 592/621/608
f 418/437/434 127/132/130 1048/1123/1064
f 1155/1238/1171 1156/1239/1172 1157/1240/1173
f 1158/1241/1174 1159/1242/1175 1160/1243/1176
f 1161/1244/1177 1162/1246/1178 1163/1248/1179
f 361/375/376 1164/1249/1180 1165/1252/1181
f 247/259/258 231/243/239 1166/1253/1182
f 231/243/239 1167/1254/1183 584/612/600
f 1168/1255/1184 1169/1256/1185 1170/1257/1186
f 1171/1258/1187 1172/1259/1188 1173/1260/1189
f 1174/1261/1190 1175/1262/1191 904/961/920
f 1173/1260/1189 1172/1259/1188 1121/1202/1137
f 1072/1148/1088 1176/1265/1192 1070/1145/1086
f 1177/1266/1193 1178/1267/1194 1179/1268/1195
f 652/683/668 651/682/667 182/188/189
f 652/683/668 1180/1269/1196 198/208/205
f 1181/1270/1197 555/582/571 1182/1271/1198
f 1183/1272/1199 1184/1273/1200 1185/1274/1201
f 1186/1275/1202 1187/1279/1203 1188/1280/1204
f 464/489/480 1189/1281/1205 1190/1282/1206
f 765/808/781 764/807/780 1191/1283/1207
f 352/366/367 351/365/366 1192/1284/1208
f 1193/1285/1209 1194/1286/1210 1195/1287/1211
f 1196/1288/1212 1197/1289/1213 1113/1189/1129
f 898/954/914 1198/1290/1214 899/955/915
f 620/651/636 1199/1291/1215 621/652/637
f 1200/1292/1216 1201/1293/1217 1202/1295/1218
f 1126/1207/1142 1203/1296/1219 1125/1206/1141
f 1204/1297/1220 700/739/716 699/738/715
f 705/747/721 706/748/722 1205/1298/1221
f 1206/1300/1222 1207/1301/1223 1208/1303/1224
f 1209/1304/1225 1208/1302/1224 1210/1305/1226
f 1211/1306/1227 582/610/598 1212/1307/1228
f 1213/1308/1229 259/271/270 1214/1309/1230
f 1215/1310/1231 1029/1097/1045 101/106/103
f 1215/1310/1231 1216/1311/1232 1217/1312/1233
f 1218/1313/1234 1219/1315/1235 478/505/494
f 1220/1316/1236 1221/1317/1237 115/120/117
f 1087/1163/1103 1088/1164/1104 1222/1318/1238
f 1223/1319/1239 772/815/788 1224/1320/1240
f 1224/1320/1240 772/815/788 775/818/791
f 1128/1209/1144 729/771/745 730/772/746
f 1225/1321/1241 600/630/616 599/629/615
f 1226/1322/1242 1227/1323/1243 992/1060/1008
f 1227/1323/1243 1226/1322/1242 1228/1324/1244
f 98/103/100 97/102/99 1229/1325/1245
f 612/643/628 1230/1326/1246 613/644/629
f 1231/1327/1247 1232/1328/1248 1074/1150/1090
f 1233/1329/1249 1234/1330/1250 1235/1331/1251
f 1236/1332/1252 1237/1333/1253 1238/1334/1254
f 1188/1280/1204 1239/1335/1255 1240/1336/1256
f 1241/1337/1257 1242/1338/1258 1243/1339/1259
f 222/234/230 224/236/232 1244/1340/1260
f 1245/1341/1261 377/394/392 1246/1342/1262
f 1247/1344/1263 1248/1346/1264 1249/1347/1265
f 1250/1349/1266 1251/1350/1267 1252/1351/1268
f 1253/1353/1269 1254/1354/1270 1255/1355/1271
f 875/929/891 874/927/890 692/730/708
f 678/714/694 1256/1356/1272 676/712/692
f 1257/1357/1273 998/1066/1014 1000/1068/1016
f 1156/1239/1172 1258/1358/1274 1157/1240/1173
f 717/759/733 1259/1359/1275 1260/1360/1276
f 469/494/485 1061/1136/1077 470/495/486
f 921/981/937 1261/1361/1277 1262/1362/1278
f 1263/1363/1279 1264/1364/1280 1265/1365/1281
f 1266/1366/1282 1267/1367/1283 1268/1368/1284
f 1269/1369/1285 1268/1368/1284 1267/1367/1283
f 264/276/276 1270/1370/1286 743/785/759
f 505/532/521 1271/1371/1287 506/533/522
f 1272/1372/1288 115/120/117 659/690/675
f 1273/1373/1289 1274/1374/1290 1275/1375/1291
f 1065/1140/1081 1276/1376/1292 528/555/544
f 980/1048/996 1276/1376/1292 979/1047/995
f 1277/1377/1293 1278/1378/1294 1279/1379/1295
f 176/182/182 1280/1380/1296 174/180/180
f 1281/1381/1297 1282/1382/1298 1283/1384/1299
f 1284/1385/1300 1285/1386/1301 1286/1387/1302
f 811/857/827 1287/1388/1303 1288/1389/1304
f 50/51/52 49/50/51 1289/1390/1305
f 1290/1391/1306 1291/1392/1307 1292/1393/1308
f 1293/1394/1309 213/225/221 623/654/639
f 1294/1395/1310 1295/1396/1311 1296/1397/1312
f 1297/1398/1313 1298/1401/1314 1299/1403/1315
f 1300/1405/1316 10/10/10 1299/1403/1315
f 1177/1266/1193 1301/1406/1317 1302/1407/1318
f 1006/1074/1022 627/658/643 977/1045/993
f 1303/1408/1319 1304/1409/1320 1305/1410/1321
f 339/353/354 1084/1160/1100 1306/1411/1322
f 422/446/438 1306/1411/1322 1307/1412/1323
f 1275/1375/1291 1308/1413/1324 1273/1373/1289
f 1309/1414/1325 1304/1409/1320 1303/1408/1319
f 1310/1415/1326 933/996/949 1311/1416/1327
f 933/996/949 935/998/951 1311/1416/1327
f 1312/1417/1328 494/521/510 677/713/693
f 938/1001/954 1312/1417/1328 677/713/693
f 1313/1418/1329 1314/1419/1330 1315/1420/1331
f 1316/1421/1332 1317/1422/1333 1318/1424/1334
f 962/1028/978 1319/1425/1335 963/1029/979
f 1320/1426/1336 1321/1427/1337 1322/1428/1338
f 760/803/776 1323/1429/1339 761/804/777
f 325/338/339 1324/1430/1340 1099/1175/1115
f 136/141/139 483/510/499 292/304/305
f 664/697/680 476/502/492 665/699/681
f 1325/1431/1341 833/879/849 1326/1432/1342
f 1327/1433/1343 1146/1227/1162 1148/1229/1164
f 1328/1434/1344 1329/1435/1345 1330/1436/1346
f 679/715/695 1331/1437/1347 680/716/696
f 1332/1438/1348 1333/1439/1349 1334/1440/1350
f 1335/1441/1351 1336/1442/1352 472/497/488
f 615/646/631 1337/1443/1353 1338/1444/1354
f 239/251/249 329/342/344 242/254/252
f 1339/1445/1355 841/890/857 594/624/610
f 1340/1446/1356 1341/1447/1357 1342/1448/1358
f 1134/1215/1150 1343/1449/1359 1135/1216/1151
f 1134/1215/1150 1344/1450/1360 1343/1449/1359
f 1345/1451/1361 311/323/325 313/325/327
f 146/151/150 147/152/151 1346/1452/1362
f 147/152/151 887/943/903 1346/1452/1362
f 1/1/1 1347/1453/1363 1348/1454/1364
f 1349/1455/1365 344/358/359 343/357/358
f 1350/1456/1366 233/245/243 437/462/453
f 1351/1457/1367 1352/1458/1368 1353/1459/1369
f 1354/1460/1370 1355/1461/1371 1356/1462/1372
f 1357/1463/1373 1358/1464/1374 283/295/296
f 1359/1465/1375 1360/1466/1376 1153/1234/1169
f 1360/1466/1376 1361/1468/1377 1153/1234/1169
f 1362/1469/1378 1290/1391/1306 1292/1393/1308
f 1363/1470/1379 1364/1471/1380 1365/1472/1381
f 1366/1473/1382 574/602/590 61/64/63
f 723/765/739 1367/1474/1383 727/769/743
f 1368/1475/1384 1354/1460/1370 526/553/542
f 527/554/543 526/553/542 1354/1460/1370
f 1369/1476/1385 719/761/735 1370/1477/1386
f 923/985/939 925/987/941 1371/1478/1387
f 1372/1479/1388 1373/1480/1389 1374/1481/1390
f 1375/1482/1391 1376/1483/1392 1377/1484/1393
f 1378/1485/1394 996/1064/1012 1379/1486/1395
f 225/237/233 1380/1487/1396 1381/1488/1397
f 914/972/930 1382/1489/1398 55/57/57
f 1383/1490/1399 857/906/873 1384/1491/1400
f 856/905/872 1385/1492/1401 857/906/873
f 1014/1082/1030 1386/1493/1402 187/193/194
f 169/175/174 1387/1494/1403 1388/1495/1404
f 1389/1496/1405 1390/1497/1406 1391/1498/1407
f 1392/1499/1408 1393/1500/1409 1394/1501/1410
f 771/814/787 770/813/786 1395/1502/1411
f 310/322/324 1396/1503/1412 565/593/581
f 1397/1504/1413 1372/1479/1388 1398/1505/1414
f 1399/1506/1415 1400/1507/1416 1398/1505/1414
f 1401/1508/1417 1197/1289/1213 1196/1288/1212
f 1402/1509/1418 1374/1481/1390 1403/1510/1419
f 262/274/273 1404/1511/1420 708/750/724
f 1405/1512/1421 1406/1513/1422 1407/1514/1423
f 1408/1515/1424 496/523/512 280/292/293
f 1409/1516/1425 1410/1517/1426 1411/1518/1427
f 1412/1519/1428 1413/1520/1429 1414/1521/1430
f 1415/1522/1431 562/590/578 1416/1523/1432
f 562/589/578 1417/1524/1433 1418/1526/1434
f 1419/1528/1435 814/860/830 1420/1529/1436
f 1421/1530/1437 1422/1531/1438 1423/1532/1439
f 1424/1533/1440 948/1012/964 1425/1534/1441
f 1426/1535/1442 334/347/349 1217/1312/1233
f 1427/1536/1443 1111/1187/1127 1115/1191/1131
f 759/802/775 11/12/11 10/11/10
f 1428/1537/1444 759/802/775 1108/1184/1124
f 1160/1243/1176 1159/1242/1175 1429/1538/1445
f 1430/1539/1446 1431/1540/1447 855/904/871
f 356/370/371 1432/1541/1448 1433/1542/1449
f 139/144/142 641/672/657 35/36/36
f 1434/1543/1450 1435/1544/1451 1102/1178/1118
f 1436/1545/1452 1437/1546/1453 1434/1543/1450
f 1438/1547/1454 771/814/787 1439/1548/1455
f 1440/1549/1456 1441/1550/1457 633/664/649
f 161/167/166 537/564/553 1442/1551/1458
f 1443/1552/1459 1444/1553/1460 1445/1554/1461
f 590/618/606 1446/1555/1462 1447/1558/1463
f 1446/1556/1462 1448/1559/1464 1449/1560/1465
f 138/143/141 137/142/140 1099/1175/1115
f 1099/1175/1115 137/142/140 1284/1385/1300
f 1450/1561/1466 792/835/808 1451/1562/1467
f 792/835/808 358/372/373 945/1009/961
f 757/799/773 1452/1563/1468 1091/1167/1107
f 1453/1564/1469 512/539/528 1454/1565/1470
f 1455/1566/1471 1311/1416/1327 1456/1567/1472
f 740/782/756 1457/1568/1473 493/520/509
f 1458/1569/1474 1459/1570/1475 1460/1571/1476
f 1461/1573/1477 417/436/433 1417/1524/1433
f 562/589/578 1461/1573/1477 1417/1524/1433
f 20/21/20 13/14/13 1462/1574/1478
f 15/16/15 814/860/830 1463/1575/1479
f 1464/1576/1480 1465/1577/1481 1466/1578/1482
f 1465/1577/1481 1044/1115/1060 718/760/734
f 432/457/448 1042/1113/1058 430/455/446
f 1467/1579/1483 248/260/259 210/222/218
f 908/966/924 1397/1504/1413 1399/1506/1415
f 440/465/456 439/464/455 1468/1580/1484
f 1469/1581/1485 1470/1582/1486 1471/1583/1487
f 1469/1581/1485 1471/1583/1487 1472/1584/1488
f 359/373/374 1035/1106/1051 360/374/375
f 360/374/375 1035/1106/1051 1473/1585/1489
f 1474/1587/1490 1447/1557/1463 1475/1588/1491
f 1447/1557/1463 1446/1556/1462 1475/1588/1491
f 1476/1589/1492 1477/1590/1493 1478/1591/1494
f 1479/1592/1495 1480/1593/1496 1481/1594/1497
f 1482/1595/1498 1483/1596/1499 1484/1597/1500
f 570/598/586 1016/1084/1032 1485/1598/1501
f 417/436/433 1486/1600/1502 1417/1524/1433
f 1487/1601/1503 1488/1602/1504 1021/1089/1037
f 1489/1603/1505 75/78/77 1490/1604/1506
f 1491/1605/1507 1492/1606/1508 1493/1607/1509
f 639/670/655 1494/1608/1510 637/668/653
f 1495/1609/1511 83/86/85 1496/1610/1512
f 1497/1611/1513 1494/1608/1510 639/670/655
f 683/719/699 682/718/698 1074/1150/1090
f 1498/1612/1514 1499/1613/1515 1500/1614/1516
f 1501/1615/1517 1502/1616/1518 1503/1617/1519
f 1504/1618/1520 473/498/489 472/497/488
f 855/904/871 854/903/870 1430/1539/1446
f 1505/1619/1521 1506/1620/1522 1507/1621/1523
f 522/549/538 518/545/534 517/544/533
f 542/569/558 1168/1255/1184 543/570/559
f 392/411/407 394/413/409 399/418/414
f 202/212/209 1508/1622/1524 1509/1623/1525
f 1510/1624/1526 1511/1625/1527 1512/1626/1528
f 1513/1627/1529 1514/1628/1530 1143/1224/1159
f 1056/1131/1072 1143/1224/1159 1514/1628/1530
f 422/446/438 339/353/354 1306/1411/1322
f 424/448/440 339/352/354 422/445/438
f 1515/1629/1531 1516/1630/1532 1517/1631/1533
f 1518/1632/1534 1519/1633/1535 709/751/725
f 1273/1373/1289 1308/1413/1324 1272/1372/1288
f 1309/1414/1325 1520/1634/1536 1521/1635/1537
f 765/808/781 1191/1283/1207 1522/1636/1538
f 320/333/334 776/819/792 318/331/332
f 1523/1637/1539 606/637/622 1524/1638/1540
f 1525/1639/1541 1144/1225/1160 86/89/88
f 1526/1640/1542 1527/1641/1543 1528/1642/1544
f 1529/1643/1545 1530/1644/1546 1144/1225/1160
f 1531/1645/1547 1456/1567/1472 640/671/656
f 640/671/656 802/848/818 35/36/36
f 275/287/288 1532/1646/1548 276/288/289
f 1533/1647/1549 1534/1648/1550 1535/1649/1551
f 863/913/879 1536/1650/1552 1537/1651/1553
f 1537/1651/1553 1538/1652/1554 1539/1653/1555
f 153/158/157 145/150/149 144/149/148
f 1540/1654/1556 1541/1655/1557 1542/1656/1558
f 824/870/840 1543/1657/1559 1123/1204/1139
f 1544/1658/1560 1545/1659/1561 1546/1660/1562
f 1547/1661/1563 9/9/9 1548/1662/1564
f 1549/1663/1565 1550/1664/1566 1551/1666/1567
f 113/118/115 681/717/697 683/719/699
f 1552/1667/1568 1553/1668/1569 1554/1669/1570
f 1552/1667/1568 1555/1670/1571 1556/1671/1572
f 1557/1672/1573 1558/1673/1574 1559/1674/1575
f 1560/1675/1576 1561/1676/1577 1557/1672/1573
f 1562/1677/1578 1563/1678/1579 1564/1679/1580
f 1565/1680/1581 1566/1681/1582 1567/1682/1583
f 777/820/793 288/300/301 1568/1683/1584
f 1569/1684/1585 1570/1685/1586 1571/1686/1587
f 170/176/175 1572/1687/1588 1573/1688/1589
f 1573/1688/1589 1572/1687/1588 1574/1689/1590
f 946/1010/962 1575/1690/1591 1006/1074/1022
f 1576/1691/1592 946/1010/962 945/1009/961
f 1577/1692/1593 1578/1693/1594 1579/1694/1595
f 1091/1167/1107 1577/1692/1593 1579/1694/1595
f 1580/1695/1596 1581/1696/1597 490/517/506
f 385/404/400 1582/1697/1598 891/947/907
f 1235/1331/1251 1583/1698/1599 1232/1328/1248
f 1584/1699/1600 1585/1700/1601 1586/1701/1602
f 1587/1702/1603 1588/1703/1604 984/1052/1000
f 1589/1704/1605 1587/1702/1603 1590/1705/1606
f 1591/1706/1607 1592/1707/1608 1593/1708/1609
f 1594/1709/1610 1595/1710/1611 1596/1711/1612
f 1594/1709/1610 1597/1712/1613 1598/1713/1614
f 1137/1218/1153 1599/1714/1615 1138/1219/1154
f 938/1001/954 676/712/692 1138/1219/1154
f 1126/1207/1142 1600/1715/1616 1601/1716/1617
f 825/871/841 1124/1205/1140 1126/1207/1142
f 1145/1226/1161 1602/1717/1618 1603/1718/1619
f 1604/1719/1620 1603/1718/1619 1605/1720/1621
f 661/692/677 1606/1721/1622 662/693/678
f 1607/1722/1623 1608/1723/1624 1609/1724/1625
f 1610/1726/1626 1611/1728/1627 964/1030/980
f 380/399/395 379/397/394 1612/1729/1628
f 671/707/687 1613/1730/1629 672/708/688
f 1614/1731/1630 1615/1733/1631 1616/1734/1632
f 1617/1736/1633 1618/1737/1634 1619/1739/1635
f 1620/1741/1636 944/1008/960 1621/1742/1637
f 366/383/381 1622/1743/1638 364/381/379
f 1576/1691/1592 945/1009/961 976/1044/992
f 1623/1744/1639 1575/1690/1591 976/1044/992
f 485/512/501 484/511/500 1624/1745/1640
f 1507/1621/1523 1536/1650/1552 1625/1746/1641
f 1626/1747/1642 474/499/490 473/498/489
f 1586/1701/1602 1585/1700/1601 1627/1748/1643
f 1245/1341/1261 378/395/393 377/394/392
f 378/395/393 1245/1341/1261 1628/1749/1644
f 1629/1750/1645 212/224/220 1019/1087/1035
f 1630/1751/1646 756/798/772 1019/1087/1035
f 1631/1752/1647 1632/1753/1648 372/389/387
f 1633/1754/1649 1634/1755/1650 1635/1756/1651
f 1356/1462/1372 283/295/296 1636/1757/1652
f 1636/1757/1652 283/295/296 256/268/267
f 1637/1758/1653 1323/1429/1339 1638/1759/1654
f 1639/1760/1655 1498/1612/1514 1640/1761/1656
f 939/1003/955 676/712/692 1641/1762/1657
f 939/1003/955 1138/1219/1154 676/712/692
f 41/42/42 43/44/44 838/887/854
f 1319/1425/1335 962/1028/978 588/616/604
f 1642/1763/1658 1643/1764/1659 626/657/642
f 1314/1419/1330 1288/1389/1304 1315/1420/1331
f 1644/1765/1660 1407/1514/1423 1645/1766/1661
f 1161/1245/1177 1646/1767/1662 630/661/646
f 629/660/645 1165/1252/1181 630/661/646
f 809/855/825 1647/1768/1663 1648/1769/1664
f 1649/1770/1665 810/856/826 812/858/828
f 512/539/528 1453/1564/1469 513/540/529
f 513/540/529 1650/1771/1666 21/22/21
f 39/40/40 515/542/531 1651/1772/1667
f 1334/1440/1350 1651/1772/1667 1331/1437/1347
f 1652/1773/1668 1140/1221/1156 1141/1222/1157
f 1653/1774/1669 1654/1775/1670 1655/1776/1671
f 1245/1341/1261 1246/1342/1262 1656/1777/1672
f 1598/1713/1614 1597/1712/1613 1657/1778/1673
f 1658/1779/1674 1321/1427/1337 1320/1426/1336
f 1659/1780/1675 89/92/91 110/115/112
f 814/860/830 1660/1781/1676 1661/1782/1677
f 15/16/15 1660/1781/1676 814/860/830
f 708/750/724 1662/1783/1678 1428/1537/1444
f 1103/1179/1119 1102/1178/1118 741/783/757
f 1663/1784/1679 504/531/520 503/530/519
f 1167/1254/1183 1664/1785/1680 584/612/600
f 885/941/901 882/938/898 1665/1786/1681
f 882/938/898 1390/1497/1406 1389/1496/1405
f 1666/1787/1682 1183/1272/1199 1185/1274/1201
f 1667/1788/1683 1668/1789/1684 1220/1316/1236
f 1630/1751/1646 211/223/219 1669/1790/1685
f 1019/1087/1035 212/224/220 1630/1751/1646
f 1670/1791/1686 1671/1792/1687 580/608/596
f 366/383/381 365/382/380 1413/1520/1429
f 448/473/464 450/475/466 1672/1793/1688
f 76/79/78 78/81/80 1673/1794/1689
f 1164/1250/1180 1162/1246/1178 1161/1244/1177
f 465/490/481 922/982/938 921/980/937
f 1674/1795/1690 254/266/265 253/265/264
f 1675/1796/1691 1676/1797/1692 217/229/225
f 1677/1798/1693 1264/1364/1280 1263/1363/1279
f 920/979/936 1261/1361/1277 921/981/937
f 1678/1799/1694 1679/1800/1695 1680/1801/1696
f 1678/1799/1694 857/906/873 1681/1802/1697
f 1682/1803/1698 1683/1804/1699 882/938/898
f 1684/1805/1700 1341/1447/1357 1685/1806/1701
f 1686/1807/1702 1269/1369/1285 1687/1808/1703
f 1688/1809/1704 1689/1810/1705 468/493/484
f 1002/1070/1018 1421/1530/1437 1003/1071/1019
f 1621/1742/1637 1690/1811/1706 942/1006/958
f 223/235/231 737/779/753 943/1007/959
f 1691/1812/1707 1692/1813/1708 1693/1814/1709
f 1694/1815/1710 1695/1816/1711 1696/1817/1712
f 1694/1815/1710 1697/1818/1713 1698/1819/1714
f 1699/1820/1715 581/609/597 1024/1092/1040
f 1700/1821/1716 1699/1820/1715 1701/1822/1717
f 1702/1823/1718 1406/1513/1422 1405/1512/1421
f 1129/1210/1145 554/581/570 1404/1511/1420
f 1136/1217/1152 1703/1824/1719 1137/1218/1153
f 166/172/171 1704/1825/1720 1043/1114/1059
f 1106/1182/1122 1705/1826/1721 1105/1181/1121
f 1706/1827/1722 1495/1609/1511 1103/1179/1119
f 427/452/443 1707/1828/1723 730/772/746
f 1708/1829/1724 1709/1830/1725 1710/1831/1726
f 333/346/348 1711/1832/1727 347/361/362
f 1342/1448/1358 1341/1447/1357 841/890/857
f 1712/1833/1728 1369/1476/1385 1370/1477/1386
f 1713/1834/1729 1714/1835/1730 1715/1836/1731
f 967/1033/983 1716/1837/1732 1717/1838/1733
f 1607/1722/1623 1609/1724/1625 1718/1839/1734
f 1521/1635/1537 1719/1840/1735 1720/1841/1736
f 1183/1272/1199 1721/1842/1737 1722/1843/1738
f 1723/1844/1739 1724/1845/1740 902/958/918
f 899/955/915 902/958/918 1725/1846/1741
f 1726/1847/1742 1365/1472/1381 1364/1471/1380
f 1727/1848/1743 1728/1849/1744 1729/1850/1745
f 1730/1851/1746 1136/1217/1152 941/1005/957
f 1043/1114/1059 1704/1825/1720 1136/1217/1152
f 1731/1852/1747 1482/1595/1498 1484/1597/1500
f 1732/1853/1748 1723/1844/1739 902/958/918
f 1365/1472/1381 1733/1854/1749 1734/1855/1750
f 1735/1856/1751 420/441/436 194/202/201
f 1736/1858/1752 1737/1860/1753 1738/1861/1754
f 102/107/104 1361/1467/1377 1739/1863/1755
f 1740/1864/1756 1741/1865/1757 155/160/159
f 1742/1866/1758 1743/1867/1759 1744/1868/1760
f 1721/1842/1737 1745/1869/1761 1722/1843/1738
f 288/300/301 1746/1870/1762 636/667/652
f 764/807/780 352/366/367 1192/1284/1208
f 1747/1871/1763 1748/1872/1764 1749/1873/1765
f 1748/1872/1764 1747/1871/1763 1633/1754/1649
f 1732/1853/1748 1731/1852/1747 1723/1844/1739
f 1750/1874/1766 1751/1875/1767 1752/1876/1768
f 839/888/855 1753/1877/1769 1754/1878/1770
f 839/888/855 1755/1879/1771 1756/1880/1772
f 793/836/809 947/1011/963 1757/1881/1773
f 1757/1881/1773 1758/1882/1774 1759/1883/1775
f 562/590/578 1418/1527/1434 1416/1523/1432
f 1760/1884/1776 1416/1523/1432 1418/1527/1434
f 1761/1885/1777 666/701/682 593/622/609
f 1761/1885/1777 593/622/609 480/507/496
f 1206/1299/1222 1208/1302/1224 1209/1304/1225
f 98/103/100 1762/1886/1778 1763/1887/1779
f 1764/1888/1780 144/149/148 1763/1887/1779
f 798/844/814 796/840/812 797/842/813
f 1765/1889/1781 1766/1892/1782 1767/1894/1783
f 1230/1326/1246 1768/1895/1784 1769/1896/1785
f 1770/1897/1786 1771/1898/1787 1489/1603/1505
f 1772/1899/1788 1773/1900/1789 1774/1901/1790
f 1775/1902/1791 1773/1900/1789 1776/1903/1792
f 1777/1904/1793 762/805/778 1778/1905/1794
f 236/248/246 1377/1484/1393 237/249/247
f 1779/1906/1795 46/47/48 12/13/12
f 1780/1907/1796 925/987/941 924/986/940
f 1781/1908/1797 1780/1907/1796 924/986/940
f 1412/1519/1428 1414/1521/1430 359/373/374
f 1782/1909/1798 1783/1910/1799 1784/1911/1800
f 1785/1912/1801 1786/1913/1802 1787/1914/1803
f 1161/1245/1177 1163/1247/1179 1646/1767/1662
f 154/159/158 392/411/407 400/419/415
f 156/161/160 393/412/408 392/411/407
f 1788/1915/1804 1705/1826/1721 1106/1182/1122
f 1789/1916/1805 1436/1545/1452 1434/1543/1450
f 1790/1917/1806 1767/1894/1783 1766/1892/1782
f 589/617/605 1791/1918/1807 1792/1919/1808
f 1793/1920/1809 1794/1921/1810 613/644/629
f 1489/1603/1505 1771/1898/1787 1769/1896/1785
f 1795/1922/1811 1796/1923/1812 1061/1136/1077
f 1797/1924/1813 1795/1922/1811 987/1055/1003
f 1798/1925/1814 1236/1332/1252 1238/1334/1254
f 1799/1926/1815 1800/1927/1816 859/908/875
f 1801/1928/1817 348/362/363 340/354/355
f 1764/1888/1780 1802/1929/1818 1803/1930/1819
f 183/189/190 182/188/189 1541/1655/1557
f 1252/1351/1268 161/166/166 1250/1349/1266
f 161/167/166 1442/1551/1458 1247/1343/1263
f 454/479/470 1731/1852/1747 455/480/471
f 1731/1852/1747 1750/1874/1766 1804/1931/1820
f 353/367/368 1347/1453/1363 1805/1932/1821
f 1084/1160/1100 353/367/368 354/368/369
f 1673/1794/1689 1672/1793/1688 1806/1933/1822
f 909/967/925 1806/1933/1822 1672/1793/1688
f 1807/1934/1823 381/400/396 1808/1935/1824
f 1807/1934/1823 1809/1936/1825 381/400/396
f 1810/1937/1826 322/335/336 321/334/335
f 1434/1543/1450 1437/1546/1453 1811/1938/1827
f 1241/1337/1257 1243/1339/1259 1811/1938/1827
f 1037/1108/1053 534/561/550 852/901/868
f 1735/1856/1751 194/202/201 193/200/200
f 1812/1939/1828 1301/1406/1317 1813/1940/1829
f 1814/1942/1830 1815/1944/1831 1816/1945/1832
f 59/62/61 61/64/63 574/602/590
f 1817/1946/1833 1086/1162/1102 135/140/138
f 1552/1667/1568 1556/1671/1572 1553/1668/1569
f 1553/1668/1569 1818/1947/1834 1819/1948/1835
f 1820/1949/1836 750/792/766 749/791/765
f 1821/1950/1837 1822/1951/1838 1823/1952/1839
f 1821/1950/1837 1797/1924/1813 1824/1953/1840
f 35/36/36 801/847/817 36/37/37
f 1825/1954/1841 34/35/35 1826/1955/1842
f 1827/1956/1843 1828/1957/1844 1785/1912/1801
f 816/862/832 1032/1103/1048 860/909/876
f 816/862/832 1349/1455/1365 975/1043/991
f 1829/1958/1845 1355/1461/1371 1830/1959/1846
f 565/593/581 567/595/583 1831/1960/1847
f 1634/1755/1650 1633/1754/1649 257/269/268
f 1832/1961/1848 1200/1292/1216 1202/1295/1218
f 667/702/683 692/731/708 489/516/505
f 1833/1962/1849 1466/1578/1482 1834/1963/1850
f 529/556/545 1835/1964/1851 1836/1965/1852
f 1836/1965/1852 713/755/729 712/754/728
f 411/430/427 1837/1966/1853 409/428/425
f 1838/1967/1854 1839/1968/1855 1840/1969/1856
f 1511/1625/1527 986/1054/1002 1841/1970/1857
f 1511/1625/1527 1510/1624/1526 986/1054/1002
f 1168/1255/1184 542/569/558 1169/1256/1185
f 1842/1971/1858 1486/1599/1502 1739/1862/1755
f 377/394/392 155/160/159 1741/1865/1757
f 493/520/509 495/522/511 1843/1972/1859
f 1844/1973/1860 680/716/696 1845/1974/1861
f 119/124/122 121/126/124 129/134/132
f 1025/1093/1041 1846/1975/1862 1026/1094/1042
f 1810/1937/1826 77/80/79 1847/1976/1863
f 1848/1977/1864 1113/1189/1129 1849/1978/1865
f 1115/1191/1131 751/793/767 1113/1189/1129
f 841/890/857 1339/1445/1355 842/891/858
f 1143/1224/1159 1714/1835/1730 1513/1627/1529
f 1850/1979/1866 1851/1980/1867 1852/1981/1868
f 1852/1981/1868 30/31/31 402/421/418
f 1853/1982/1869 1022/1090/1038 383/402/398
f 1854/1983/1870 1855/1984/1871 1856/1985/1872
f 1425/1534/1441 642/673/658 1424/1533/1440
f 514/541/530 495/522/511 680/716/696
f 1857/1986/1873 1858/1987/1874 1859/1988/1875
f 1658/1779/1674 1320/1426/1336 1860/1989/1876
f 188/194/195 1861/1990/1877 1736/1858/1752
f 1131/1212/1147 1130/1211/1146 1862/1991/1878
f 1863/1992/1879 724/766/740 726/768/742
f 1451/1562/1467 792/835/808 791/834/807
f 1864/1993/1880 1451/1562/1467 791/834/807
f 1828/1957/1844 1865/1994/1881 1866/1995/1882
f 67/70/69 1120/1200/1136 334/347/349
f 1551/1666/1567 1120/1200/1136 67/70/69
f 1631/1752/1647 1867/1996/1883 1868/1997/1884
f 822/868/838 1634/1755/1650 823/869/839
f 1412/1519/1428 1450/1561/1466 1413/1520/1429
f 792/835/808 1450/1561/1466 358/372/373
f 1294/1395/1310 1869/1998/1885 1295/1396/1311
f 1870/1999/1886 1871/2000/1887 459/484/475
f 611/642/627 610/641/626 1872/2001/1888
f 1275/1375/1291 1873/2002/1889 1874/2003/1890
f 1275/1375/1291 1875/2004/1891 1309/1414/1325
f 691/729/707 875/930/891 692/731/708
f 1761/1885/1777 1116/1192/1132 666/701/682
f 1876/2006/1892 1877/2007/1893 1837/1966/1853
f 795/839/811 794/837/810 1878/2008/1894
f 1879/2011/1895 485/512/501 1538/1652/1554
f 1537/1651/1553 1879/2011/1895 1538/1652/1554
f 1238/1334/1254 1880/2012/1896 1798/1925/1814
f 1616/1735/1632 1615/1732/1631 1881/2013/1897
f 430/455/446 1882/2014/1898 431/456/447
f 940/1004/956 961/1027/977 600/630/616
f 1509/1623/1525 1508/1622/1524 1883/2015/1899
f 1884/2016/1900 562/590/578 1415/1522/1431
f 562/590/578 1884/2016/1900 561/588/577
f 1885/2017/1901 357/371/372 1886/2018/1902
f 802/848/818 1886/2018/1902 357/371/372
f 1887/2019/1903 1888/2020/1904 1889/2021/1905
f 1890/2022/1906 1891/2023/1907 1892/2024/1908
f 1893/2025/1909 1894/2027/1910 1895/2029/1911
f 1895/2029/1911 1807/1934/1823 1808/1935/1824
f 1896/2030/1912 1897/2031/1913 1813/1940/1829
f 990/1058/1006 1898/2032/1914 1899/2033/1915
f 1898/2032/1914 1900/2034/1916 1901/2035/1917
f 1815/1944/1831 836/885/852 1816/1945/1832
f 1815/1943/1831 317/330/331 316/328/330
f 1902/2036/1918 125/130/128 418/437/434
f 1903/2037/1919 1904/2038/1920 1905/2039/1921
f 1906/2040/1922 623/654/639 233/245/243
f 1870/1999/1886 618/649/634 1693/1814/1709
f 1907/2041/1923 612/643/628 614/645/630
f 1908/2042/1924 1909/2043/1925 1910/2044/1926
f 161/167/166 163/169/168 1908/2042/1924
f 215/227/223 681/717/697 213/225/221
f 1911/2045/1927 1912/2046/1928 1078/1154/1094
f 1232/1328/1248 1076/1152/1092 1078/1154/1094
f 1862/1991/1878 1913/2047/1929 726/768/742
f 1512/1626/1528 1511/1625/1527 1914/2048/1930
f 1883/2015/1899 1508/1622/1524 1915/2049/1931
f 1916/2050/1932 1917/2051/1933 1918/2052/1934
f 1756/1880/1772 1755/1879/1771 1919/2053/1935
f 1672/1793/1688 450/475/466 1110/1186/1126
f 1042/1113/1058 164/170/169 165/171/170
f 1920/2054/1936 1438/1547/1454 1921/2055/1937
f 1030/1098/1046 1029/1097/1045 1215/1310/1231
f 1217/1312/1233 334/347/349 1922/2056/1938
f 1923/2057/1939 1924/2058/1940 1925/2059/1941
f 1926/2060/1942 1927/2061/1943 1928/2062/1944
f 1192/1284/1208 293/305/306 295/307/308
f 217/229/225 216/228/224 1675/1796/1691
f 1268/1368/1284 1929/2063/1945 1930/2064/1946
f 711/753/727 710/752/726 1931/2065/1947
f 1835/1964/1851 1931/2065/1947 1932/2066/1948
f 1253/1353/1269 1563/1678/1579 1562/1677/1578
f 874/927/890 1933/2067/1949 692/730/708
f 168/174/173 170/176/175 1573/1688/1589
f 1798/1925/1814 1880/2012/1896 1934/2069/1950
f 1881/2013/1897 1935/2070/1951 1934/2069/1950
f 1819/1948/1835 1936/2073/1952 64/67/66
f 1458/1569/1474 1460/1571/1476 1937/2074/1953
f 1938/2075/1954 1939/2076/1955 1937/2074/1953
f 1940/2077/1956 1941/2078/1957 1942/2079/1958
f 1351/1457/1367 846/895/862 1943/2080/1959
f 1535/1649/1551 1505/1619/1521 867/917/883
f 1505/1619/1521 1535/1649/1551 1534/1648/1550
f 931/994/947 312/324/326 862/912/878
f 312/324/326 311/323/325 862/912/878
f 1944/2081/1960 1945/2082/1961 780/823/796
f 1946/2083/1962 1944/2081/1960 1947/2084/1963
f 1948/2085/1964 934/997/950 933/996/949
f 1949/2086/1965 616/647/632 1950/2087/1966
f 616/647/632 1949/2086/1965 1951/2088/1967
f 364/381/379 942/1006/958 365/382/380
f 1620/1741/1636 1621/1742/1637 942/1006/958
f 336/349/351 1347/1453/1363 1083/1159/1099
f 353/367/368 1083/1159/1099 1347/1453/1363
f 1503/1617/1519 1502/1616/1518 1940/2077/1956
f 1952/2089/1968 893/949/909 883/939/899
f 1894/2027/1910 382/401/397 384/403/399
f 720/762/736 382/401/397 1894/2027/1910
f 256/268/267 254/266/265 1064/1139/1080
f 254/266/265 1065/1140/1081 1064/1139/1080
f 1187/1279/1203 1239/1335/1255 1188/1280/1204
f 1187/1279/1203 1953/2091/1969 1239/1335/1255
f 1693/1814/1709 1692/1813/1708 1954/2092/1970
f 1874/2003/1890 1329/1435/1345 1328/1434/1344
f 1875/2004/1891 1275/1375/1291 1874/2003/1890
f 1254/1354/1270 1955/2093/1971 1255/1355/1271
f 1956/2094/1972 1957/2095/1973 1431/1540/1447
f 1865/1994/1881 1958/2096/1974 1959/2097/1975
f 1960/2098/1976 428/453/444 427/452/443
f 1960/2098/1976 427/452/443 1961/2100/1977
f 1039/1110/1055 1585/1700/1601 1584/1699/1600
f 1038/1109/1054 1962/2103/1978 1039/1110/1055
f 1963/2104/1979 1964/2105/1980 1965/2106/1981
f 1655/1776/1671 1140/1221/1156 1653/1774/1669
f 1966/2107/1982 1967/2108/1983 1968/2109/1984
f 884/940/900 886/942/902 1967/2108/1983
f 1612/1729/1628 1969/2111/1985 1318/1423/1334
f 1970/2112/1986 1971/2114/1987 1610/1725/1626
f 486/513/502 853/902/869 855/904/871
f 1158/1241/1174 1972/2115/1988 1159/1242/1175
f 1973/2116/1989 1325/1431/1341 1326/1432/1342
f 277/289/290 284/296/297 1974/2117/1990
f 1117/1193/1133 478/505/494 193/201/200
f 1735/1857/1751 193/201/200 478/505/494
f 1975/2118/1991 1665/1786/1681 882/938/898
f 1976/2119/1992 1977/2120/1993 1978/2121/1994
f 1321/1427/1337 1979/2122/1995 1322/1428/1338
f 1581/1696/1597 491/518/507 490/517/506
f 1980/2123/1996 1839/1968/1855 1838/1967/1854
f 604/635/620 541/568/557 1981/2124/1997
f 541/568/557 517/544/533 742/784/758
f 127/132/130 1299/1403/1315 58/60/60
f 986/1054/1002 988/1056/1004 1627/1748/1643
f 1747/1871/1763 1927/2061/1943 1925/2059/1941
f 1633/1754/1649 1747/1871/1763 818/864/834
f 1982/2125/1998 1983/2126/1999 1984/2127/2000
f 1113/1189/1129 1197/1289/1213 1114/1190/1130
f 668/704/684 1048/1121/1064 593/622/609
f 593/622/609 666/701/682 668/704/684
f 1469/1581/1485 1472/1584/1488 1985/2128/2001
f 1373/1480/1389 1986/2129/2002 1374/1481/1390
f 1729/1850/1745 1987/2130/2003 1727/1848/1743
f 1477/1590/1493 1476/1589/1492 1729/1850/1745
f 209/221/217 208/220/216 742/784/758
f 1981/2124/1997 602/633/618 604/635/620
f 1988/2131/2004 1989/2133/2005 1990/2137/2006
f 868/920/884 1991/2138/2007 866/916/882
f 1129/1210/1145 1404/1511/1420 262/274/273
f 261/273/272 263/275/274 1555/1670/1571
f 1584/1699/1600 1077/1153/1093 1039/1110/1055
f 1992/2139/2008 533/560/549 532/559/548
f 1993/2140/2009 1989/2135/2005 1994/2141/2010
f 1995/2142/2011 1530/1644/1546 1996/2143/2012
f 1689/1810/1705 1997/2144/2013 468/493/484
f 10/11/10 46/47/48 758/801/774
f 12/13/12 46/47/48 10/11/10
f 1462/1574/1478 327/340/341 20/21/20
f 990/1058/1006 1899/2033/1915 991/1059/1007
f 1998/2145/2014 1901/2035/1917 1999/2146/2015
f 648/679/664 2000/2147/2016 2001/2148/2017
f 648/679/664 689/727/705 649/680/665
f 1527/1641/1543 501/528/517 503/530/519
f 626/657/642 1226/1322/1242 624/655/640
f 2002/2149/2018 1649/1770/1665 808/854/824
f 1212/1307/1228 820/866/836 1211/1306/1227
f 2003/2150/2019 1592/1707/1608 818/864/834
f 1917/2051/1933 1560/1675/1576 1557/1672/1573
f 2004/2151/2020 1259/1359/1275 896/952/912
f 2005/2152/2021 2004/2151/2020 896/952/912
f 2006/2153/2022 1478/1591/1494 2007/2154/2023
f 2008/2155/2024 66/69/68 65/68/67
f 2009/2156/2025 2010/2157/2026 1915/2049/1931
f 2011/2158/2027 2012/2159/2028 2013/2160/2029
f 914/972/930 916/974/932 2014/2161/2030
f 1387/1494/1403 693/732/709 1388/1495/1404
f 693/732/709 456/481/472 1388/1495/1404
f 187/193/194 170/176/175 1014/1082/1030
f 1977/2120/1993 1976/2119/1992 2015/2162/2031
f 885/941/901 1665/1786/1681 2015/2162/2031
f 2016/2163/2032 2017/2164/2033 1367/1474/1383
f 2018/2165/2034 917/975/933 1982/2125/1998
f 917/975/933 766/809/782 918/976/934
f 1436/1545/1452 1242/1338/1258 1241/1337/1257
f 2003/2150/2019 1212/1307/1228 1592/1707/1608
f 2019/2166/2035 133/138/136 2020/2167/2036
f 1613/1730/1629 675/711/691 672/708/688
f 672/708/688 675/711/691 416/435/432
f 1766/1893/1782 1765/1890/1781 2021/2168/2037
f 1619/1740/1635 2021/2168/2037 1765/1890/1781
f 2022/2169/2038 2023/2170/2039 1854/1983/1870
f 2024/2171/2040 1411/1518/1427 2025/2172/2041
f 981/1049/997 983/1051/999 2026/2173/2042
f 862/912/878 311/323/325 2027/2174/2043
f 716/758/732 2028/2175/2044 1073/1149/1089
f 1076/1152/1092 2028/2175/2044 533/560/549
f 1727/1848/1743 1365/1472/1381 1728/1849/1744
f 2029/2176/2045 1733/1854/1749 1365/1472/1381
f 2030/2177/2046 1972/2115/1988 855/904/871
f 1140/1221/1156 1133/1214/1149 268/280/280
f 1965/2106/1981 1140/1221/1156 1655/1776/1671
f 899/955/915 1198/1290/1214 568/596/584
f 902/958/918 899/955/915 1732/1853/1748
f 1382/1489/1398 913/971/929 55/57/57
f 56/58/58 55/57/57 913/971/929
f 2011/2158/2027 2013/2160/2029 2031/2178/2047
f 1386/1493/1402 185/191/192 187/193/194
f 373/390/388 1631/1752/1647 1868/1997/1884
f 367/384/382 373/390/388 368/385/383
f 1790/1917/1806 1766/1892/1782 2032/2180/2048
f 2032/2179/2048 1766/1893/1782 2021/2168/2037
f 176/182/182 2033/2181/2049 1280/1380/1296
f 141/146/145 140/145/144 888/944/904
f 174/180/180 1559/1674/1575 175/181/181
f 438/463/454 2034/2182/2050 2035/2183/2051
f 99/104/101 121/126/124 120/125/123
f 120/125/123 103/108/105 99/104/101
f 2036/2184/2052 510/537/526 2037/2185/2053
f 2038/2186/2054 2039/2187/2055 1787/1914/1803
f 779/822/795 2040/2188/2056 414/433/430
f 2041/2189/2057 2042/2190/2058 2043/2191/2059
f 2035/2183/2051 621/652/637 175/181/181
f 589/617/605 1790/1917/1806 1791/1918/1807
f 2044/2192/2060 2045/2193/2061 1790/1917/1806
f 2046/2194/2062 889/945/905 1283/1384/1299
f 1283/1383/1299 2047/2195/2063 2048/2197/2064
f 1402/1509/1418 1193/1285/1209 1195/1287/1211
f 2049/2198/2065 2050/2199/2066 2051/2200/2067
f 508/535/524 1098/1174/1114 1097/1173/1113
f 2037/2185/2053 2052/2201/2068 2036/2184/2052
f 914/972/930 55/57/57 2053/2202/2069
f 879/935/895 2054/2203/2070 1051/1126/1067
f 1463/1575/1479 814/860/830 807/853/823
f 1257/1357/1273 2055/2204/2071 998/1066/1014
f 1201/1294/1217 1048/1122/1064 668/703/684
f 726/768/742 724/766/740 727/769/743
f 102/107/104 1153/1235/1169 1361/1467/1377
f 93/96/95 1153/1235/1169 102/107/104
f 2056/2205/2072 199/209/206 1709/1830/1725
f 427/452/443 429/454/445 1707/1828/1723
f 1796/1923/1812 2057/2206/2073 1061/1136/1077
f 753/795/769 1062/1137/1078 1061/1136/1077
f 967/1033/983 966/1032/982 2058/2207/2074
f 662/693/678 1606/1721/1622 1718/1839/1734
f 1089/1165/1105 21/22/21 23/24/23
f 23/24/23 22/23/22 164/170/169
f 643/674/659 2059/2208/2075 858/907/874
f 642/673/658 1425/1534/1441 643/674/659
f 477/503/493 476/501/492 664/698/680
f 1200/1292/1216 1203/1296/1219 1201/1293/1217
f 51/52/53 1298/1400/1314 1297/1399/1313
f 7/7/7 2060/2209/2076 8/8/8
f 2061/2212/2077 1262/1362/1278 1163/1247/1179
f 363/378/378 2061/2210/2077 1163/1248/1179
f 1243/1339/1259 738/780/754 1811/1938/1827
f 1243/1339/1259 737/779/753 738/780/754
f 1057/1132/1073 2062/2213/2078 273/285/285
f 596/626/612 280/292/293 1339/1445/1355
f 2063/2214/2079 1716/1837/1732 1718/1839/1734
f 2064/2215/2080 1716/1837/1732 2063/2214/2079
f 936/999/952 1052/1127/1068 2046/2194/2062
f 2065/2216/2081 1337/1443/1353 615/646/631
f 616/647/632 1951/2088/1967 615/646/631
f 191/197/198 160/165/165 654/685/670
f 191/197/198 787/830/803 160/165/165
f 1990/2137/2006 1989/2133/2005 2066/2217/2082
f 2067/2221/2083 2068/2222/2084 2069/2223/2085
f 1052/1127/1068 936/999/952 937/1000/953
f 2070/2225/2086 929/992/945 2071/2226/2087
f 2071/2227/2087 700/739/716 2072/2228/2088
f 1860/1989/1876 1320/1426/1336 2073/2229/2089
f 999/1067/1015 2073/2229/2089 2074/2230/2090
f 2075/2232/2091 876/932/892 419/439/435
f 1563/1678/1579 876/931/892 2075/2231/2091
f 1888/2020/1904 1887/2019/1903 2076/2233/2092
f 1082/1158/1098 1080/1156/1096 1079/1155/1095
f 1524/1638/1540 2077/2234/2093 1362/1469/1378
f 1362/1469/1378 2077/2234/2093 2078/2235/2094
f 2079/2236/2095 442/467/458 444/469/460
f 873/926/889 876/932/892 874/927/890
f 2080/2237/2096 779/822/795 778/821/794
f 1608/1723/1624 971/1037/987 970/1036/986
f 1367/1474/1383 971/1037/987 1608/1723/1624
f 1070/1145/1086 1932/2066/1948 1931/2065/1947
f 1570/1685/1586 269/281/281 2081/2238/2097
f 2082/2239/2098 2083/2240/2099 2084/2241/2100
f 1210/1305/1226 1208/1302/1224 2085/2242/2101
f 2086/2243/2102 2087/2244/2103 1616/1735/1632
f 1237/1333/1253 1619/1739/1635 2087/2244/2103
f 597/627/613 849/898/865 436/461/452
f 1350/1456/1366 1903/2037/1919 1905/2039/1921
f 7/7/7 1298/1400/1314 2060/2209/2076
f 1500/1614/1516 1280/1380/1296 2088/2245/2104
f 1280/1380/1296 2033/2181/2049 2089/2246/2105
f 205/216/213 930/993/946 206/217/214
f 1970/2112/1986 16/17/16 1971/2114/1987
f 1792/1919/1808 17/18/17 16/17/16
f 611/642/627 2090/2247/2106 2091/2248/2107
f 183/189/190 1541/1655/1557 1802/1929/1818
f 2092/2249/2108 806/852/822 2093/2250/2109
f 2094/2251/2110 806/852/822 2092/2249/2108
f 1773/1900/1789 1775/1902/1791 2095/2252/2111
f 287/299/300 2096/2253/2112 648/679/664
f 1275/1375/1291 2097/2254/2113 1873/2002/1889
f 1718/1839/1734 1606/1721/1622 1607/1722/1623
f 2098/2255/2114 784/827/800 783/826/799
f 1420/1529/1436 814/860/830 1661/1782/1677
f 50/51/52 2053/2202/2069 48/49/50
f 907/965/923 1397/1504/1413 908/966/924
f 1372/1479/1388 1397/1504/1413 1373/1480/1389
f 1953/2091/1969 1618/1737/1634 1617/1736/1633
f 2032/2179/2048 1618/1738/1634 794/837/810
f 1889/2021/1905 924/986/940 926/988/942
f 1889/2021/1905 1781/1908/1797 924/986/940
f 672/708/688 416/435/432 851/900/867
f 120/125/123 119/124/122 103/108/105
f 92/95/94 2099/2256/2115 2100/2257/2116
f 2101/2258/2117 1526/1640/1542 546/573/562
f 1528/1642/1544 1362/1469/1378 1292/1393/1308
f 1276/1376/1292 246/258/257 247/259/258
f 2102/2259/2118 1166/1253/1182 524/551/540
f 1698/1819/1714 1697/1818/1713 2103/2260/2119
f 2104/2261/2120 2103/2260/2119 556/583/572
f 2105/2262/2121 2106/2263/2122 2107/2264/2123
f 2106/2263/2122 2105/2262/2121 2108/2265/2124
f 1865/1994/1881 318/331/332 1958/2096/1974
f 778/821/794 318/331/332 777/820/793
f 496/523/512 221/233/229 497/524/513
f 1967/2108/1983 42/43/43 884/940/900
f 2016/2163/2032 878/934/894 327/340/341
f 878/934/894 2016/2163/2032 2109/2266/2125
f 1119/1197/1135 1359/1465/1375 1153/1234/1169
f 2110/2267/2126 1119/1197/1135 1118/1195/1134
f 204/215/212 206/218/214 2111/2268/2127
f 2112/2270/2128 1251/1350/1267 1250/1349/1266
f 1813/1940/1829 1301/1406/1317 1896/2030/1912
f 2113/2271/2129 1013/1081/1029 2031/2178/2047
f 2114/2272/2130 2011/2158/2027 2115/2273/2131
f 1373/1480/1389 907/965/923 1986/2129/2002
f 907/965/923 1373/1480/1389 1397/1504/1413
f 565/593/581 1396/1503/1412 566/594/582
f 1208/1302/1224 362/376/377 2085/2242/2101
f 1207/1301/1223 463/488/479 1208/1303/1224
f 345/359/360 344/358/359 2116/2274/2132
f 1347/1453/1363 336/349/351 2117/2275/2133
f 2118/2276/2134 2119/2277/2135 2120/2278/2136
f 188/194/195 307/319/321 2121/2279/2137
f 904/961/920 1172/1259/1188 1174/1261/1190
f 1174/1261/1190 1172/1259/1188 1171/1258/1187
f 420/442/436 877/933/893 194/203/201
f 877/933/893 195/204/202 194/203/201
f 2100/2257/2116 1846/1975/1862 1025/1093/1041
f 1211/1306/1227 820/866/836 819/865/835
f 583/611/599 1024/1092/1040 581/609/597
f 2114/2272/2130 2122/2280/2138 1485/1598/1501
f 2115/2273/2131 2122/2280/2138 2114/2272/2130
f 563/591/579 1094/1170/1110 1415/1522/1431
f 1415/1522/1431 1094/1170/1110 1884/2016/1900
f 21/22/21 1704/1825/1720 166/172/171
f 1039/1110/1055 1962/2103/1978 1626/1747/1642
f 898/954/914 2123/2281/2139 2124/2282/2140
f 2124/2282/2140 1194/1286/1210 898/954/914
f 241/253/251 242/254/252 209/221/217
f 743/785/759 2125/2283/2141 209/221/217
f 785/828/801 2126/2284/2142 2076/2233/2092
f 2127/2285/2143 584/612/600 150/155/154
f 1582/1697/1598 2128/2286/2144 891/947/907
f 2129/2287/2145 1281/1381/1297 2128/2286/2144
f 213/225/221 1295/1396/1311 623/654/639
f 178/184/184 1284/1385/1300 137/142/140
f 178/184/184 1285/1386/1301 1284/1385/1300
f 960/1025/976 959/1024/975 2130/2288/2146
f 2131/2290/2147 960/1026/976 2132/2292/2148
f 1090/1166/1106 757/799/773 1091/1167/1107
f 2133/2294/2149 2134/2295/2150 462/487/478
f 253/265/264 2135/2296/2151 1674/1795/1690
f 219/231/227 2135/2296/2151 253/265/264
f 2136/2297/2152 995/1063/1011 1778/1905/1794
f 1951/2088/1967 2065/2216/2081 615/646/631
f 5/5/5 4/4/4 2137/2298/2153
f 1109/1185/1125 9/9/9 2137/2298/2153
f 1506/1620/1522 1544/1658/1560 1546/1660/1562
f 2138/2299/2154 1506/1620/1522 1546/1660/1562
f 2103/2260/2119 2104/2261/2120 1698/1819/1714
f 2139/2300/2155 2140/2301/2156 2104/2261/2120
f 1579/1694/1595 1578/1693/1594 2141/2302/2157
f 1983/2126/1999 507/534/523 506/533/522
f 36/37/37 801/847/817 2142/2303/2158
f 2142/2303/2158 801/847/817 357/371/372
f 1476/1589/1492 2006/2153/2022 1729/1850/1745
f 1476/1589/1492 1478/1591/1494 2006/2153/2022
f 2143/2304/2159 2144/2305/2160 2145/2306/2161
f 286/298/299 2146/2307/2162 2147/2308/2163
f 1686/1807/1702 1995/2142/2011 1996/2143/2012
f 1145/1226/1161 1144/1225/1160 1602/1717/1618
f 488/515/504 2148/2309/2164 489/516/505
f 489/516/505 1200/1292/1216 1832/1961/1848
f 1610/1726/1626 2149/2310/2165 1611/1728/1627
f 1611/1728/1627 2149/2310/2165 381/400/396
f 2150/2312/2166 1338/1444/1354 1337/1443/1353
f 1526/1640/1542 2101/2258/2117 499/526/515
f 2131/2290/2147 2132/2292/2148 1128/1209/1144
f 2151/2313/2167 731/773/747 1669/1790/1685
f 1587/1702/1603 984/1052/1000 1590/1705/1606
f 2152/2314/2168 2153/2315/2169 898/954/914
f 1428/1537/1444 1068/1143/1084 11/12/11
f 28/29/29 30/31/31 1852/1981/1868
f 2154/2316/2170 1983/2126/1999 2155/2317/2171
f 2156/2318/2172 351/365/366 350/364/365
f 98/103/100 1763/1887/1779 133/138/136
f 98/103/100 133/138/136 96/101/98
f 1782/1909/1798 1784/1911/1800 2157/2319/2173
f 2158/2320/2174 1034/1105/1050 1033/1104/1049
f 2159/2321/2175 944/1008/960 1701/1822/1717
f 947/1011/963 792/835/808 946/1010/962
f 946/1010/962 1006/1074/1022 977/1045/993
f 957/1021/973 2160/2322/2176 519/546/535
f 742/784/758 519/546/535 2161/2323/2177
f 2162/2324/2178 2157/2319/2173 2163/2325/2179
f 1656/1777/1672 1246/1342/1262 2162/2324/2178
f 891/947/907 2128/2286/2144 1281/1381/1297
f 1281/1381/1297 892/948/908 891/947/907
f 1743/1867/1759 804/850/820 1744/1868/1760
f 2164/2326/2180 2165/2327/2181 1330/1436/1346
f 772/815/788 1223/1319/1239 239/251/249
f 239/251/249 1223/1319/1239 2166/2328/2182
f 553/580/569 1129/1210/1145 1862/1991/1878
f 2054/2203/2070 553/580/569 1051/1126/1067
f 2167/2329/2183 2168/2330/2184 234/246/244
f 235/247/245 621/652/637 2035/2183/2051
f 831/877/847 2169/2331/2185 2170/2333/2186
f 2171/2334/2187 2170/2333/2186 2169/2331/2185
f 1378/1485/1394 2172/2335/2188 973/1041/989
f 1378/1485/1394 1379/1486/1395 2136/2297/2152
f 2173/2336/2189 2174/2337/2190 1532/1646/1548
f 866/916/882 1535/1649/1551 867/917/883
f 998/1066/1014 2175/2338/2191 2176/2339/2192
f 2175/2338/2191 1595/1710/1611 1657/1778/1673
f 1539/1653/1555 1038/1109/1054 1537/1651/1553
f 1037/1108/1053 864/914/880 2177/2340/2193
f 903/959/919 480/507/496 906/964/922
f 906/964/922 480/507/496 592/620/608
f 514/541/530 516/543/532 495/522/511
f 740/782/756 493/520/509 1843/1972/1859
f 1812/1939/1828 1813/1940/1829 276/288/289
f 1532/1646/1548 2174/2337/2190 276/288/289
f 2178/2341/2194 1248/1346/1264 1247/1344/1263
f 1945/2082/1961 781/824/797 780/823/796
f 897/953/913 899/955/915 1725/1846/1741
f 2179/2342/2195 1696/1817/1712 1695/1816/1711
f 2180/2343/2196 2181/2344/2197 2182/2345/2198
f 1155/1238/1171 252/264/263 251/263/262
f 251/263/262 1942/2079/1958 1155/1238/1171
f 2109/2266/2125 1366/1473/1382 61/64/63
f 2109/2266/2125 61/64/63 60/63/62
f 2183/2348/2199 2184/2350/2200 2185/2351/2201
f 1765/1889/1781 1767/1894/1783 2185/2352/2201
f 2186/2353/2202 1449/1560/1465 1448/1559/1464
f 1474/1587/1490 1475/1588/1491 2187/2354/2203
f 2188/2355/2204 1351/1457/1367 2189/2356/2205
f 1351/1457/1367 2190/2357/2206 2189/2356/2205
f 1620/1741/1636 2191/2358/2207 944/1008/960
f 944/1008/960 2192/2359/2208 31/32/32
f 127/132/130 2193/2360/2209 1299/1403/1315
f 2194/2361/2210 2195/2362/2211 1907/2041/1923
f 1794/1921/1810 619/650/635 2196/2363/2212
f 34/35/35 1825/1954/1841 139/144/142
f 638/669/654 637/668/653 1333/1439/1349
f 964/1030/980 1611/1728/1627 1227/1323/1243
f 2197/2364/2213 1227/1323/1243 1228/1324/1244
f 1939/2076/1955 2198/2365/2214 1937/2074/1953
f 493/520/509 1457/1568/1473 1937/2074/1953
f 524/551/540 979/1047/995 2199/2366/2215
f 524/551/540 2199/2366/2215 2102/2259/2118
f 2182/2345/2198 2179/2342/2195 1603/1718/1619
f 1603/1718/1619 1602/1717/1618 2182/2345/2198
f 680/716/696 1312/1417/1328 1845/1974/1861
f 700/739/716 1204/1297/1220 2072/2228/2088
f 634/665/650 1467/1579/1483 2200/2367/2216
f 450/475/466 620/651/636 656/687/672
f 620/651/636 450/475/466 449/474/465
f 2201/2368/2217 2202/2369/2218 2203/2370/2219
f 2201/2368/2217 761/804/777 2204/2371/2220
f 2205/2372/2221 2206/2373/2222 2207/2374/2223
f 1193/1285/1209 2206/2373/2222 1590/1705/1606
f 1284/1385/1300 1101/1177/1117 1100/1176/1116
f 2105/2262/2121 1101/1177/1117 1284/1385/1300
f 1391/1498/1407 1340/1446/1356 1342/1448/1358
f 777/820/793 776/819/792 288/300/301
f 1522/1636/1538 1746/1870/1762 288/300/301
f 2208/2375/2224 1059/1134/1075 1060/1135/1076
f 752/794/768 2209/2376/2225 1059/1134/1075
f 911/969/927 913/971/929 2210/2377/2226
f 2014/2161/2030 693/732/709 1387/1494/1403
f 2211/2378/2227 2212/2379/2228 355/369/370
f 2213/2380/2229 2211/2378/2227 625/656/641
f 95/100/97 94/98/96 561/588/577
f 95/100/97 561/588/577 121/126/124
f 1800/1927/1816 1149/1230/1165 625/656/641
f 625/656/641 2211/2378/2227 355/369/370
f 2156/2318/2172 350/364/365 2214/2381/2230
f 301/313/314 2215/2382/2231 1452/1563/1468
f 2216/2383/2232 981/1049/997 2026/2173/2042
f 2217/2384/2233 2218/2385/2234 1842/1971/1858
f 1739/1862/1755 2217/2384/2233 1842/1971/1858
f 708/750/724 2219/2386/2235 1662/1783/1678
f 2144/2305/2160 287/299/300 286/298/299
f 286/298/299 2145/2306/2161 2144/2305/2160
f 1524/1638/1540 2220/2387/2236 2221/2388/2237
f 1517/1631/1533 627/658/643 1006/1074/1022
f 2222/2389/2238 296/308/309 298/310/311
f 1686/1807/1702 2223/2390/2239 1602/1717/1618
f 1602/1717/1618 1995/2142/2011 1686/1807/1702
f 2224/2391/2240 1798/1925/1814 1240/1336/1256
f 1240/1336/1256 1239/1335/1255 2224/2391/2240
f 1988/2131/2004 1990/2137/2006 1176/1264/1192
f 2225/2392/2241 1176/1263/1192 339/352/354
f 1219/1315/1235 1738/1861/1754 1737/1860/1753
f 443/468/459 1847/1976/1863 77/80/79
f 440/465/456 1468/1580/1484 443/468/459
f 1325/1431/1341 834/882/850 833/879/849
f 1186/1275/1202 1188/1280/1204 2226/2393/2242
f 1188/1280/1204 1240/1336/1256 2227/2396/2243
f 1077/1153/1093 533/560/549 1992/2139/2008
f 1077/1153/1093 1076/1152/1092 533/560/549
f 1018/1086/1034 1017/1085/1033 756/798/772
f 951/1015/967 953/1017/969 644/675/660
f 661/692/677 660/691/676 646/677/662
f 395/414/410 2228/2397/2244 396/415/411
f 2228/2397/2244 395/414/410 399/418/414
f 1239/1335/1255 1953/2091/1969 1617/1736/1633
f 1239/1335/1255 1617/1736/1633 2224/2391/2240
f 1297/1398/1313 2110/2267/2126 2229/2398/2245
f 53/55/55 52/53/54 2230/2400/2246
f 606/637/622 2077/2234/2093 1524/1638/1540
f 606/637/622 608/639/624 1678/1799/1694
f 198/208/205 189/195/196 2231/2402/2247
f 190/196/197 189/195/196 2203/2370/2219
f 394/413/409 2228/2397/2244 399/418/414
f 2228/2397/2244 720/762/736 396/415/411
f 2232/2403/2248 2208/2375/2224 1060/1135/1076
f 471/496/487 470/495/486 1233/1329/1249
f 223/235/231 943/1007/959 26/27/26
f 26/27/26 1056/1131/1072 224/236/232
f 885/941/901 1682/1803/1698 882/938/898
f 2233/2404/2249 1408/1515/1424 595/625/611
f 1024/1092/1040 1023/1091/1039 1699/1820/1715
f 1000/1068/1016 2234/2405/2250 1641/1762/1657
f 676/712/692 1256/1356/1272 1641/1762/1657
f 1757/1881/1773 2235/2406/2251 2236/2407/2252
f 1757/1881/1773 947/1011/963 977/1045/993
f 2237/2408/2253 1032/1101/1048 2238/2411/2254
f 2239/2413/2255 2/2/2 861/911/877
f 1462/1574/1478 15/16/15 1463/1575/1479
f 1462/1574/1478 1463/1575/1479 2240/2414/2256
f 1720/1841/1736 1719/1840/1735 1721/1842/1737
f 1721/1842/1737 1183/1272/1199 1720/1841/1736
f 1282/1382/1298 2241/2416/2257 1283/1384/1299
f 2241/2415/2257 1186/1276/1202 2242/2417/2258
f 1384/1491/1400 1728/1849/1744 1383/1490/1399
f 643/674/659 1425/1534/1441 1384/1491/1400
f 1982/2125/1998 1984/2127/2000 2018/2165/2034
f 2243/2418/2259 764/807/780 2018/2165/2034
f 1803/1930/1819 1802/1929/1818 1541/1655/1557
f 1540/1654/1556 1803/1930/1819 1541/1655/1557
f 2244/2419/2260 1716/1837/1732 2064/2215/2080
f 724/766/740 2245/2420/2261 725/767/741
f 511/538/527 305/317/318 2246/2421/2262
f 303/315/316 305/317/318 511/538/527
f 2/2/2 2239/2413/2255 1134/1215/1150
f 1970/2112/1986 2247/2423/2263 16/17/16
f 587/615/603 1319/1425/1335 588/616/604
f 1035/1106/1051 1034/1105/1050 2238/2412/2254
f 2248/2424/2264 1035/1106/1051 2238/2412/2254
f 2249/2425/2265 1639/1760/1655 1640/1761/1656
f 191/197/198 192/198/199 171/177/177
f 2216/2383/2232 325/338/339 862/912/878
f 2250/2426/2266 2216/2383/2232 2026/2173/2042
f 2040/2188/2056 2042/2190/2058 414/433/430
f 1170/1257/1186 1169/1256/1185 2042/2190/2058
f 366/383/381 1413/1520/1429 1450/1561/1466
f 366/383/381 1450/1561/1466 2251/2427/2267
f 1640/1761/1656 1498/1612/1514 1500/1614/1516
f 2252/2428/2268 171/177/177 192/198/199
f 1565/1680/1581 2040/2188/2056 1566/1681/1582
f 2042/2190/2058 2040/2188/2056 1170/1257/1186
f 1895/2029/1911 388/407/403 1807/1934/1823
f 388/407/403 390/409/405 1093/1169/1109
f 1787/1914/1803 2039/2187/2055 2253/2429/2269
f 2164/2326/2180 2254/2430/2270 2165/2327/2181
f 2255/2431/2271 299/311/312 79/82/81
f 123/128/126 830/876/846 124/129/127
f 1686/1807/1702 2256/2432/2272 2223/2390/2239
f 2257/2433/2273 2182/2345/2198 2256/2432/2272
f 1962/2103/1978 1038/1109/1054 1539/1653/1555
f 474/499/490 1626/1747/1642 1962/2103/1978
f 1446/1556/1462 2247/2422/2263 587/615/603
f 587/615/603 2247/2422/2263 1319/1425/1335
f 1253/1353/1269 2258/2434/2274 2259/2435/2275
f 2258/2434/2274 1253/1353/1269 1562/1677/1578
f 1751/1875/1767 1724/1845/1740 1752/1876/1768
f 2072/2228/2088 634/665/650 2200/2367/2216
f 2200/2367/2216 2260/2436/2276 2072/2228/2088
f 1514/1628/1530 1057/1132/1073 1056/1131/1072
f 1514/1628/1530 2062/2213/2078 1057/1132/1073
f 673/709/689 1902/2036/1918 418/437/434
f 2261/2437/2277 1714/1835/1730 1713/1834/1729
f 2192/2359/2208 330/343/345 31/32/32
f 1297/1398/1313 106/111/108 2110/2267/2126
f 2262/2438/2278 1361/1468/1377 1360/1466/1376
f 1360/1466/1376 1359/1465/1375 2263/2439/2279
f 847/896/863 2264/2440/2280 848/897/864
f 881/937/897 1975/2118/1991 882/938/898
f 88/91/90 644/675/660 858/907/874
f 951/1015/967 644/675/660 660/691/676
f 87/90/89 2265/2441/2281 605/636/621
f 88/91/90 858/907/874 87/90/89
f 586/614/602 2266/2442/2282 1446/1556/1462
f 587/615/603 586/614/602 1446/1556/1462
f 51/52/53 53/55/55 8/8/8
f 71/74/73 618/649/634 72/75/74
f 2267/2443/2283 1667/1788/1683 2268/2444/2284
f 506/533/522 1579/1694/1595 2141/2302/2157
f 1271/1371/1287 2269/2445/2285 506/533/522
f 1694/1815/1710 1605/1720/1621 1695/1816/1711
f 2270/2446/2286 80/83/82 88/91/90
f 646/677/662 644/675/660 88/91/90
f 2271/2447/2287 2272/2448/2288 1898/2032/1914
f 1497/1611/1513 1496/1610/1512 37/38/38
f 289/301/302 636/667/652 2273/2449/2289
f 114/119/116 135/140/138 1086/1162/1102
f 1088/1164/1104 1221/1317/1237 1222/1318/1238
f 2274/2450/2290 1480/1593/1496 2275/2451/2291
f 1479/1592/1495 2275/2451/2291 1480/1593/1496
f 702/741/718 704/745/720 2276/2452/2292
f 2277/2453/2293 704/746/720 705/747/721
f 2278/2455/2294 2279/2456/2295 1508/1622/1524
f 2279/2456/2295 1914/2048/1930 1508/1622/1524
f 1249/1348/1265 1248/1345/1264 1687/1808/1703
f 1267/1367/1283 1266/1366/1282 2112/2269/2128
f 1666/1787/1682 2280/2457/2296 1183/1272/1199
f 1332/1438/1348 2281/2458/2297 1333/1439/1349
f 2281/2458/2297 1332/1438/1348 232/244/242
f 2282/2459/2298 1249/1347/1265 2112/2270/2128
f 2112/2269/2128 1249/1348/1265 1267/1367/1283
f 2171/2334/2187 2075/2231/2091 2170/2333/2186
f 2075/2231/2091 1564/1679/1580 1563/1678/1579
f 843/892/859 1057/1132/1073 844/893/860
f 273/285/285 844/893/860 1057/1132/1073
f 2039/2187/2055 2037/2185/2053 2253/2429/2269
f 341/355/356 340/354/355 324/337/338
f 340/354/355 862/912/878 324/337/338
f 2055/2204/2071 1595/1710/1611 998/1066/1014
f 1595/1710/1611 2175/2338/2191 998/1066/1014
f 913/971/929 912/970/928 56/58/58
f 56/58/58 912/970/928 58/61/60
f 802/848/818 640/671/656 1456/1567/1472
f 1886/2018/1902 802/848/818 935/998/951
f 1121/1202/1137 1172/1259/1188 904/961/920
f 906/963/922 1121/1201/1137 904/960/920
f 1606/1721/1622 2283/2460/2299 2284/2461/2300
f 2283/2460/2299 2285/2462/2301 2284/2461/2300
f 172/178/178 2286/2463/2302 173/179/179
f 2089/2246/2105 2033/2181/2049 2287/2464/2303
f 305/317/318 799/845/815 2246/2421/2262
f 1531/1645/1547 722/764/738 2246/2421/2262
f 1922/2056/1938 334/347/349 1215/1310/1231
f 290/302/303 521/548/537 520/547/536
f 1566/1681/1582 1568/1683/1584 1567/1682/1583
f 173/179/179 2286/2463/2302 887/943/903
f 2287/2464/2303 1346/1452/1362 887/943/903
f 2288/2465/2304 2289/2466/2305 698/737/714
f 2290/2467/2306 1358/1464/1374 1357/1463/1373
f 1951/2088/1967 1949/2086/1965 207/219/215
f 2065/2216/2081 1951/2088/1967 207/219/215
f 1403/1510/1419 1193/1285/1209 1402/1509/1418
f 1403/1510/1419 2206/2373/2222 1193/1285/1209
f 435/460/451 1756/1880/1772 433/458/449
f 2291/2468/2307 2292/2469/2308 1916/2050/1932
f 594/624/610 841/890/857 1341/1447/1357
f 1684/1805/1700 594/624/610 1341/1447/1357
f 1683/1804/1699 1390/1497/1406 882/938/898
f 1390/1497/1406 1685/1806/1701 1341/1447/1357
f 739/781/755 1457/1568/1473 740/782/756
f 2293/2470/2309 2294/2471/2310 739/781/755
f 1163/1247/1179 1262/1362/1278 1785/1912/1801
f 1786/1913/1802 1785/1912/1801 1262/1362/1278
f 2165/2327/2181 2254/2430/2270 1146/1227/1162
f 79/82/81 81/84/83 1146/1227/1162
f 1285/1386/1301 2295/2472/2311 1286/1387/1302
f 2296/2473/2312 1776/1903/1792 2297/2474/2313
f 859/908/875 1800/1927/1816 355/369/370
f 625/656/641 355/369/370 1800/1927/1816
f 1494/1608/1510 37/38/38 39/40/40
f 1435/1544/1451 222/234/230 1244/1340/1260
f 2293/2470/2309 1054/1129/1070 2294/2471/2310
f 1821/1950/1837 985/1053/1001 1797/1924/1813
f 1379/1486/1395 995/1063/1011 2136/2297/2152
f 78/81/80 140/145/144 2298/2475/2314
f 1486/1599/1502 2299/2476/2315 1417/1525/1433
f 1417/1525/1433 2299/2476/2315 1418/1527/1434
f 1961/2100/1977 427/452/443 729/771/745
f 2132/2291/2148 960/1025/976 2130/2288/2146
f 2069/2223/2085 2068/2222/2084 2300/2478/2316
f 2301/2479/2317 868/920/884 867/917/883
f 492/519/508 1187/1278/1203 2302/2480/2318
f 1282/1382/1298 2302/2480/2318 2241/2416/2257
f 1346/1452/1362 2303/2481/2319 132/137/135
f 2020/2167/2036 133/138/136 132/137/135
f 1600/1715/1616 1124/1205/1140 1123/1204/1139
f 1126/1207/1142 1124/1205/1140 1600/1715/1616
f 2304/2482/2320 1257/1357/1273 1256/1356/1272
f 243/255/253 1817/1946/1833 1088/1164/1104
f 2305/2483/2321 62/65/64 13/14/13
f 1186/1276/1202 2226/2394/2242 2242/2417/2258
f 2226/2393/2242 1188/1280/1204 2227/2396/2243
f 2201/2368/2217 2306/2484/2322 761/804/777
f 2306/2484/2322 2201/2368/2217 2307/2485/2323
f 1421/1530/1437 1946/2083/1962 1947/2084/1963
f 345/359/360 710/752/726 343/357/358
f 345/359/360 412/431/428 710/752/726
f 2308/2486/2324 2309/2487/2325 1258/1358/1274
f 2309/2487/2325 716/758/732 1073/1149/1089
f 1191/1283/1207 764/807/780 1192/1284/1208
f 1746/1870/1762 1192/1284/1208 2310/2488/2326
f 1763/1887/1779 1762/1886/1778 1764/1888/1780
f 2311/2489/2327 609/640/625 612/643/628
f 1431/1540/1447 1955/2093/1971 1254/1354/1270
f 1885/2017/1901 2312/2490/2328 934/997/950
f 934/997/950 1886/2018/1902 935/998/951
f 268/280/280 270/282/282 1141/1222/1157
f 1743/1867/1759 2313/2491/2329 804/850/820
f 1444/1553/1460 1327/1433/1343 1445/1554/1461
f 759/802/775 1109/1185/1125 1108/1184/1124
f 759/802/775 7/7/7 9/9/9
f 2314/2492/2330 118/123/121 2020/2167/2036
f 615/646/631 1338/1444/1354 545/572/561
f 1123/1204/1139 277/289/290 1600/1715/1616
f 960/1026/976 2315/2493/2331 1225/1321/1241
f 210/222/218 249/261/260 211/223/219
f 2316/2494/2332 1206/1299/1222 2317/2495/2333
f 2226/2393/2242 2227/2396/2243 2318/2496/2334
f 471/496/487 1233/1329/1249 1235/1331/1251
f 1911/2045/1927 1235/1331/1251 1912/2046/1928
f 2122/2280/2138 2031/2178/2047 1013/1081/1029
f 1015/1083/1031 2122/2280/2138 1013/1081/1029
f 1620/1741/1636 1622/1743/1638 2191/2358/2207
f 331/344/346 330/343/345 2192/2359/2208
f 1758/1882/1774 883/939/899 1759/1883/1775
f 2228/2397/2244 394/413/409 720/762/736
f 393/412/408 720/762/736 394/413/409
f 1567/1682/1583 522/549/538 1565/1680/1581
f 1565/1680/1581 1168/1255/1184 1170/1257/1186
f 1339/1445/1355 274/286/286 2319/2498/2335
f 274/286/286 1339/1445/1355 280/292/293
f 667/702/683 1202/1295/1218 668/704/684
f 1201/1293/1217 668/704/684 1202/1295/1218
f 563/591/579 1415/1522/1431 1416/1523/1432
f 563/591/579 1416/1523/1432 1760/1884/1776
f 2320/2499/2336 2120/2278/2136 97/102/99
f 892/948/908 1281/1381/1297 889/945/905
f 889/945/905 1281/1381/1297 1283/1384/1299
f 2233/2404/2249 884/940/900 1408/1515/1424
f 363/380/378 2321/2500/2337 2061/2211/2077
f 363/380/378 2322/2501/2338 2321/2500/2337
f 311/323/325 2323/2502/2339 2027/2174/2043
f 2323/2502/2339 311/323/325 746/788/762
f 903/959/919 906/964/922 905/962/921
f 1710/1831/1726 1127/1208/1143 1708/1829/1724
f 184/190/191 2091/2248/2107 2324/2503/2340
f 1643/1764/1659 2197/2364/2213 626/657/642
f 1333/1439/1349 2281/2458/2297 641/672/657
f 721/763/737 641/672/657 2281/2458/2297
f 946/1010/962 977/1045/993 947/1011/963
f 2297/2474/2313 1776/1903/1792 2325/2504/2341
f 2325/2504/2341 1773/1900/1789 1772/1899/1788
f 2078/2235/2094 2077/2234/2093 1678/1799/1694
f 1678/1799/1694 2077/2234/2093 606/637/622
f 2326/2505/2342 1132/1213/1148 1131/1212/1147
f 2327/2506/2343 261/273/272 2326/2505/2342
f 578/606/594 1023/1091/1039 579/607/595
f 942/1006/958 1690/1811/1706 578/606/594
f 468/493/484 1997/2144/2013 1527/1641/1543
f 1997/2144/2013 2328/2507/2344 1527/1641/1543
f 1524/1638/1540 1362/1469/1378 2329/2508/2345
f 2220/2387/2236 1524/1638/1540 2330/2509/2346
f 1374/1481/1390 2331/2510/2347 1372/1479/1388
f 2051/2200/2067 1372/1479/1388 2049/2198/2065
f 81/84/83 1147/1228/1163 1146/1227/1162
f 88/91/90 1147/1228/1163 2270/2446/2286
f 219/231/227 2332/2511/2348 927/989/943
f 698/737/714 219/231/227 253/265/264
f 447/472/463 1199/1291/1215 445/470/461
f 1199/1291/1215 447/472/463 621/652/637
f 275/287/288 1956/2094/1972 2333/2512/2349
f 1431/1540/1447 2333/2512/2349 1956/2094/1972
f 2334/2513/2350 2127/2285/2143 775/818/791
f 524/551/540 1166/1253/1182 525/552/541
f 1128/1209/1144 2132/2292/2148 729/771/745
f 2132/2292/2148 2335/2514/2351 729/771/745
f 395/414/410 397/416/412 410/429/426
f 410/429/426 2044/2192/2060 2336/2516/2352
f 1084/1160/1100 1083/1159/1099 353/367/368
f 1083/1159/1099 1084/1160/1100 339/353/354
f 268/280/280 1133/1214/1149 1135/1216/1151
f 1363/1470/1379 2337/2517/2353 1493/1607/1509
f 749/791/765 748/790/764 2338/2518/2354
f 1625/1746/1641 1505/1619/1521 1507/1621/1523
f 1625/1746/1641 867/917/883 1505/1619/1521
f 1694/1815/1710 1696/1817/1712 1697/1818/1713
f 2103/2260/2119 1697/1818/1713 1696/1817/1712
f 2316/2494/2332 2227/2395/2243 1206/1299/1222
f 2227/2396/2243 1240/1336/1256 1798/1925/1814
f 1644/1765/1660 1645/1766/1661 2339/2519/2355
f 1645/1766/1661 2340/2520/2356 2339/2519/2355
f 1829/1958/1845 2341/2521/2357 2342/2522/2358
f 2342/2522/2358 1355/1461/1371 1829/1958/1845
f 206/217/214 927/989/943 2343/2523/2359
f 927/989/943 929/991/945 2343/2523/2359
f 2233/2404/2249 885/941/901 884/940/900
f 2233/2404/2249 1682/1803/1698 885/941/901
f 1862/1991/1878 728/770/744 1049/1124/1065
f 1862/1991/1878 1051/1126/1067 553/580/569
f 1345/1451/1361 2341/2521/2357 1829/1958/1845
f 2344/2526/2360 746/788/762 311/323/325
f 746/788/762 2344/2526/2360 1829/1958/1845
f 1829/1958/1845 1830/1959/1846 746/788/762
f 1862/1991/1878 726/768/742 728/770/744
f 1485/1598/1501 2122/2280/2138 1015/1083/1031
f 1484/1597/1500 570/598/586 1485/1598/1501
f 1321/1427/1337 497/524/513 1979/2122/1995
f 1979/2122/1995 497/524/513 840/889/856
f 1871/2000/1887 457/482/473 459/484/475
f 457/482/473 1871/2000/1887 1954/2092/1970
f 384/403/399 388/407/403 1895/2029/1911
f 384/403/399 1895/2029/1911 1894/2027/1910
f 2345/2527/2361 2346/2528/2362 1402/1509/1418
f 2235/2406/2251 977/1045/993 978/1046/994
f 2005/2152/2021 896/952/912 895/951/911
f 2347/2529/2363 829/875/845 828/874/844
f 601/631/617 973/1040/989 958/1023/974
f 599/629/615 601/632/617 958/1022/974
f 1673/1794/1689 78/81/80 2298/2475/2314
f 2348/2530/2364 1561/1676/1577 1560/1675/1576
f 1919/2053/1935 1560/1675/1576 2292/2469/2308
f 930/993/946 219/231/227 927/989/943
f 927/989/943 206/217/214 930/993/946
f 2349/2532/2365 2350/2533/2366 688/725/704
f 1834/1963/1850 2350/2533/2366 1833/1962/1849
f 2066/2218/2082 2068/2222/2084 1990/2136/2006
f 51/52/53 2060/2209/2076 1298/1400/1314
f 8/8/8 2060/2209/2076 51/52/53
f 144/149/148 1764/1888/1780 1803/1930/1819
f 2351/2534/2367 159/164/164 144/149/148
f 1221/1317/1237 116/121/118 115/120/117
f 116/121/118 1221/1317/1237 135/140/138
f 1767/1894/1783 1790/1917/1806 589/617/605
f 1767/1894/1783 589/617/605 974/1042/990
f 1272/1372/1288 1308/1413/1324 2352/2535/2368
f 2353/2536/2369 2354/2537/2370 2092/2249/2108
f 2353/2536/2369 1183/1272/1199 1722/1843/1738
f 1736/1858/1752 187/193/194 188/194/195
f 170/176/175 187/193/194 1572/1687/1588
f 1914/2048/1930 2347/2529/2363 828/874/844
f 2188/2355/2204 1976/2119/1992 1978/2121/1994
f 2355/2538/2371 1351/1457/1367 2188/2355/2204
f 2284/2461/2300 1366/1473/1382 1608/1723/1624
f 1367/1474/1383 1608/1723/1624 1366/1473/1382
f 391/410/406 1926/2060/1942 1928/2062/1944
f 1928/2062/1944 2356/2539/2372 391/410/406
f 2357/2540/2373 2258/2434/2274 1562/1677/1578
f 2358/2541/2374 2357/2540/2373 1562/1677/1578
f 1597/1712/1613 2359/2542/2375 1657/1778/1673
f 2175/2338/2191 1657/1778/1673 2359/2542/2375
f 2219/2386/2235 2360/2543/2376 2361/2544/2377
f 1311/1416/1327 1455/1566/1471 2362/2545/2378
f 2362/2545/2378 1310/1415/1326 1311/1416/1327
f 2204/2371/2220 192/198/199 190/196/197
f 192/198/199 2363/2546/2379 2252/2428/2268
f 2048/2197/2064 1209/1304/1225 674/710/690
f 1025/1093/1041 2364/2547/2380 2100/2257/2116
f 1839/1968/1855 1877/2007/1893 1840/1969/1856
f 1878/2009/1894 1187/1278/1203 1840/1969/1856
f 320/333/334 765/808/781 1522/1636/1538
f 1169/1256/1185 542/569/558 1486/1599/1502
f 2299/2476/2315 1486/1599/1502 542/569/558
f 2365/2548/2381 2366/2549/2382 1831/1960/1847
f 2366/2549/2382 2341/2521/2357 1345/1451/1361
f 169/175/174 168/174/173 1175/1262/1191
f 1175/1262/1191 2367/2550/2383 2368/2551/2384
f 1898/2032/1914 990/1058/1006 2271/2447/2287
f 990/1058/1006 2369/2552/2385 2271/2447/2287
f 790/833/806 789/832/805 791/834/807
f 789/832/805 1864/1993/1880 791/834/807
f 2370/2553/2386 1052/1127/1068 1053/1128/1069
f 314/326/328 799/845/815 305/317/318
f 304/316/317 314/326/328 305/317/318
f 1554/1669/1570 2245/2420/2261 2371/2554/2387
f 722/764/738 1531/1645/1547 640/671/656
f 722/764/738 640/671/656 641/672/657
f 2372/2555/2388 367/384/382 381/400/396
f 2372/2555/2388 381/400/396 1809/1936/1825
f 2022/2169/2038 1712/1833/1728 1370/1477/1386
f 1712/1833/1728 2022/2169/2038 1854/1983/1870
f 58/60/60 1299/1403/1315 758/800/774
f 758/801/774 1299/1402/1315 10/11/10
f 2119/2277/2135 2118/2276/2134 321/334/335
f 2119/2277/2135 321/334/335 2373/2556/2389
f 294/306/307 957/1021/973 956/1020/972
f 624/655/640 2213/2380/2229 625/656/641
f 994/1062/1010 2374/2557/2390 2375/2558/2391
f 1804/1931/1820 1724/1845/1740 1723/1844/1739
f 1731/1852/1747 1804/1931/1820 1723/1844/1739
f 459/484/475 1872/2001/1888 610/641/626
f 459/484/475 458/483/474 538/565/554
f 1877/2007/1893 1878/2009/1894 1840/1969/1856
f 1877/2007/1893 1876/2006/1892 1878/2009/1894
f 1306/1411/1322 1085/1161/1101 1307/1412/1323
f 1085/1161/1101 1306/1411/1322 1084/1160/1100
f 1950/2087/1966 1096/1172/1112 1095/1171/1111
f 1026/1094/1042 549/576/565 548/575/564
f 908/966/924 441/466/457 2376/2559/2392
f 1745/1869/1761 1742/1866/1758 1722/1843/1738
f 1480/1593/1496 2245/2420/2261 1554/1669/1570
f 725/767/741 2245/2420/2261 1480/1593/1496
f 1619/1739/1635 2183/2347/2199 2087/2244/2103
f 2183/2346/2199 1619/1740/1635 2184/2349/2200
f 851/900/867 2263/2439/2279 1359/1465/1375
f 75/78/77 74/77/76 1490/1604/1506
f 74/77/76 73/76/75 2377/2560/2393
f 2378/2561/2394 1770/1897/1786 2377/2560/2393
f 2377/2560/2393 1490/1604/1506 74/77/76
f 136/141/139 2379/2562/2395 483/510/499
f 1865/1994/1881 1828/1957/1844 319/332/333
f 319/332/333 318/331/332 1865/1994/1881
f 1976/2119/1992 1968/2109/1984 1967/2108/1983
f 1967/2108/1983 2015/2162/2031 1976/2119/1992
f 168/174/173 2380/2563/2396 1175/1262/1191
f 2380/2563/2396 168/174/173 1573/1688/1589
f 76/79/78 1673/1794/1689 1806/1933/1822
f 1438/1547/1454 2381/2564/2397 1921/2055/1937
f 768/811/784 23/24/23 164/170/169
f 688/725/704 2350/2533/2366 1834/1963/1850
f 686/722/702 688/725/704 1834/1963/1850
f 334/347/349 1030/1098/1046 1215/1310/1231
f 334/347/349 1120/1200/1136 1030/1098/1046
f 1438/1547/1454 1920/2054/1936 771/814/787
f 2382/2565/2398 771/814/787 1920/2054/1936
f 1617/1736/1633 1237/1333/1253 1236/1332/1252
f 1237/1333/1253 1617/1736/1633 1619/1739/1635
f 648/679/664 650/681/666 2000/2147/2016
f 2383/2566/2399 2384/2567/2400 2385/2568/2401
f 1782/1909/1798 2386/2569/2402 1783/1910/1799
f 359/373/374 1033/1104/1049 1035/1106/1051
f 2387/2570/2403 1368/1475/1384 2388/2571/2404
f 983/1051/999 982/1050/998 1368/1475/1384
f 1589/1704/1605 1401/1508/1417 1196/1288/1212
f 1590/1705/1606 2389/2572/2405 1589/1704/1605
f 1401/1508/1417 1589/1704/1605 2389/2572/2405
f 257/269/268 1633/1754/1649 258/270/269
f 1593/1708/1609 1633/1754/1649 1591/1706/1607
f 1967/2108/1983 43/44/44 42/43/43
f 2390/2573/2406 1967/2108/1983 1966/2107/1982
f 270/282/282 937/1000/953 1141/1222/1157
f 687/724/703 1652/1773/1668 1141/1222/1157
f 811/857/827 810/856/826 2391/2574/2407
f 1002/1070/1018 2392/2575/2408 2393/2576/2409
f 358/372/373 1412/1519/1428 359/373/374
f 1450/1561/1466 1412/1519/1428 358/372/373
f 241/253/251 650/681/666 239/251/249
f 2384/2567/2400 2383/2566/2399 650/681/666
f 2394/2577/2410 2395/2578/2411 1114/1190/1130
f 1597/1712/1613 1040/1111/1056 2396/2579/2412
f 1597/1712/1613 272/284/284 1040/1111/1056
f 2397/2580/2413 1590/1705/1606 569/597/585
f 2152/2314/2168 1193/1285/1209 1590/1705/1606
f 819/865/835 2398/2581/2414 2399/2582/2415
f 1924/2058/1940 1923/2057/1939 2400/2583/2416
f 1537/1651/1553 2177/2340/2193 864/914/880
f 864/914/880 863/913/879 1537/1651/1553
f 1037/1108/1053 532/559/548 534/561/550
f 1037/1108/1053 2177/2340/2193 532/559/548
f 399/418/414 395/414/410 409/428/425
f 2401/2584/2417 399/418/414 409/428/425
f 1384/1491/1400 1425/1534/1441 1728/1849/1744
f 948/1012/964 1728/1849/1744 1425/1534/1441
f 2200/2367/2216 1467/1579/1483 210/222/218
f 2200/2367/2216 210/222/218 2260/2436/2276
f 2195/2362/2211 2194/2361/2210 2196/2363/2212
f 1420/1529/1436 1422/1531/1438 1419/1528/1435
f 2393/2576/2409 1419/1528/1435 1002/1070/1018
f 1117/1193/1133 1116/1192/1132 1761/1885/1777
f 480/507/496 479/506/495 1761/1885/1777
f 1260/1360/1276 2402/2585/2418 717/759/733
f 1518/1632/1534 529/556/545 717/759/733
f 2403/2586/2419 2008/2155/2024 65/68/67
f 2404/2587/2420 588/616/604 962/1028/978
f 1445/1554/1461 1327/1433/1343 1148/1229/1164
f 1443/1552/1459 1445/1554/1461 1604/1719/1620
f 847/896/863 846/895/862 1351/1457/1367
f 1351/1457/1367 2355/2538/2371 847/896/863
f 2033/2181/2049 176/182/182 2405/2588/2421
f 2406/2589/2422 447/472/463 2405/2588/2421
f 1048/1123/1064 592/621/608 593/623/609
f 970/1036/986 969/1035/985 2274/2450/2290
f 725/767/741 1480/1593/1496 2274/2450/2290
f 343/357/358 2407/2590/2423 975/1043/991
f 343/357/358 975/1043/991 1349/1455/1365
f 1788/1915/1804 1789/1916/1805 1434/1543/1450
f 1434/1543/1450 1102/1178/1118 1788/1915/1804
f 619/650/635 617/648/633 2196/2363/2212
f 617/648/633 618/649/634 2196/2363/2212
f 1453/1564/1469 1454/1565/1470 721/763/737
f 558/585/574 2067/2221/2083 559/586/575
f 713/755/729 1836/1965/1852 558/585/574
f 723/765/739 725/767/741 969/1035/985
f 2274/2450/2290 969/1035/985 725/767/741
f 948/1012/964 2408/2591/2424 1728/1849/1744
f 948/1012/964 1477/1590/1493 2408/2591/2424
f 1907/2041/1923 614/645/630 2194/2361/2210
f 1794/1921/1810 2196/2363/2212 2194/2361/2210
f 2409/2592/2425 2051/2200/2067 1371/1478/1387
f 1399/1506/1415 1398/1505/1414 2409/2592/2425
f 1963/2104/1979 1965/2106/1981 1655/1776/1671
f 1654/1775/1670 1963/2104/1979 1655/1776/1671
f 297/309/310 1260/1360/1276 2004/2151/2020
f 1260/1360/1276 1259/1359/1275 2004/2151/2020
f 2218/2385/2234 2410/2593/2426 2411/2594/2427
f 1988/2132/2004 1176/1263/1192 2225/2392/2241
f 1989/2135/2005 1988/2132/2004 1994/2141/2010
f 731/773/747 2151/2313/2167 2131/2290/2147
f 2412/2595/2428 2315/2493/2331 2151/2313/2167
f 1882/2014/1898 1041/1112/1057 1730/1851/1746
f 2009/2156/2025 827/873/843 2413/2596/2429
f 2013/2160/2029 2012/2159/2028 2413/2596/2429
f 534/561/550 713/755/729 852/901/868
f 558/585/574 852/901/868 713/755/729
f 1211/1306/1227 819/865/835 2414/2597/2430
f 2414/2597/2430 582/610/598 1211/1306/1227
f 653/684/669 159/164/164 1540/1654/1556
f 2351/2534/2367 1540/1654/1556 159/164/164
f 1563/1678/1579 1933/2068/1949 874/928/890
f 876/931/892 1563/1678/1579 874/928/890
f 1578/1693/1594 2155/2317/2171 2141/2302/2157
f 2415/2598/2431 2156/2318/2172 2214/2381/2230
f 1220/1316/1236 2352/2535/2368 575/603/591
f 1692/1813/1708 575/603/591 2416/2599/2432
f 588/616/604 1097/1173/1113 1098/1174/1114
f 1097/1173/1113 588/616/604 2404/2587/2420
f 876/932/892 873/926/889 2417/2600/2433
f 2417/2600/2433 873/926/889 196/205/203
f 484/511/500 486/513/502 1158/1241/1174
f 1158/1241/1174 1335/1441/1351 484/511/500
f 1177/1266/1193 1179/1268/1195 1301/1406/1317
f 1896/2030/1912 1301/1406/1317 1179/1268/1195
f 1736/1858/1752 1861/1990/1877 1737/1860/1753
f 565/593/581 308/320/322 310/322/324
f 2366/2549/2382 308/320/322 1831/1960/1847
f 1185/1274/1201 1184/1273/1200 1181/1270/1197
f 2140/2301/2156 2139/2300/2155 2353/2536/2369
f 1244/1340/1260 1055/1130/1071 1054/1129/1070
f 2293/2470/2309 1244/1340/1260 1054/1129/1070
f 564/592/580 603/634/619 602/633/618
f 2418/2601/2434 602/633/618 1981/2124/1997
f 2096/2253/2112 689/727/705 648/679/664
f 1104/1180/1120 1103/1179/1119 1705/1826/1721
f 1495/1609/1511 1705/1826/1721 1103/1179/1119
f 1238/1334/1254 2087/2244/2103 1880/2012/1896
f 1237/1333/1253 2087/2244/2103 1238/1334/1254
f 1532/1646/1548 275/287/288 1544/1658/1560
f 1544/1658/1560 275/287/288 1545/1659/1561
f 1392/1499/1408 2419/2602/2435 333/346/348
f 1622/1743/1638 331/344/346 2191/2358/2207
f 2083/2240/2099 271/283/283 1135/1216/1151
f 268/280/280 1135/1216/1151 271/283/283
f 2127/2285/2143 150/155/154 2420/2603/2436
f 499/526/515 2421/2604/2437 2422/2605/2438
f 1691/1812/1707 2268/2444/2284 1692/1813/1708
f 1692/1813/1708 2268/2444/2284 575/603/591
f 661/692/677 1873/2002/1889 1606/1721/1622
f 2097/2254/2113 1606/1721/1622 1873/2002/1889
f 2423/2606/2439 324/337/338 328/341/342
f 1101/1177/1117 2423/2606/2439 328/341/342
f 2411/2594/2427 1842/1971/1858 2218/2385/2234
f 1486/1599/1502 1842/1971/1858 1169/1256/1185
f 1799/1926/1815 1885/2017/1901 2424/2607/2440
f 1885/2017/1901 2425/2608/2441 2424/2607/2440
f 2426/2609/2442 1200/1292/1216 489/516/505
f 825/871/841 1125/1206/1141 2426/2609/2442
f 1125/1206/1141 1203/1296/1219 1200/1292/1216
f 2426/2609/2442 1125/1206/1141 1200/1292/1216
f 553/580/569 2054/2203/2070 552/579/568
f 550/577/566 552/579/568 807/853/823
f 1034/1105/1050 2427/2610/2443 2239/2413/2255
f 2238/2412/2254 1034/1105/1050 2237/2409/2253
f 2240/2414/2256 1463/1575/1479 807/853/823
f 807/853/823 552/579/568 2054/2203/2070
f 1044/1115/1060 1465/1577/1481 1045/1117/1061
f 2428/2611/2444 252/264/263 1155/1238/1171
f 2141/2302/2157 2155/2317/2171 1983/2126/1999
f 1983/2126/1999 506/533/522 2141/2302/2157
f 1082/1158/1098 1079/1155/1095 1660/1781/1676
f 1660/1781/1676 1079/1155/1095 1661/1782/1677
f 375/392/390 387/406/402 376/393/391
f 2429/2612/2445 375/392/390 1569/1684/1585
f 117/122/119 118/123/121 2314/2492/2330
f 2314/2492/2330 888/944/904 117/122/119
f 570/598/586 569/597/585 571/599/587
f 984/1052/1000 569/597/585 1590/1705/1606
f 777/820/793 2080/2237/2096 778/821/794
f 646/677/662 88/91/90 299/311/312
f 299/311/312 647/678/663 646/677/662
f 2430/2613/2446 1392/1499/1408 1394/1501/1410
f 789/832/805 2430/2613/2446 1394/1501/1410
f 1467/1579/1483 2431/2614/2447 248/260/259
f 2431/2614/2447 1921/2055/1937 2381/2564/2397
f 816/862/832 976/1044/992 817/863/833
f 976/1044/992 360/374/375 1473/1585/1489
f 347/361/362 330/343/345 332/345/347
f 330/343/345 347/361/362 842/891/858
f 2262/2438/2278 2217/2384/2233 1361/1468/1377
f 2217/2384/2233 1739/1862/1755 1361/1468/1377
f 709/751/725 711/753/727 531/558/547
f 711/753/727 1931/2065/1947 1835/1964/1851
f 2432/2615/2448 2325/2504/2341 1772/1899/1788
f 1772/1899/1788 293/305/306 2432/2615/2448
f 1832/1961/1848 667/702/683 489/516/505
f 667/702/683 1832/1961/1848 1202/1295/1218
f 1849/1978/1865 1113/1189/1129 751/793/767
f 1849/1978/1865 2433/2616/2449 2057/2206/2073
f 107/112/109 2434/2617/2450 108/113/110
f 2080/2237/2096 1566/1681/1582 779/822/795
f 1566/1681/1582 2040/2188/2056 779/822/795
f 1663/1784/1679 503/530/519 1167/1254/1183
f 897/953/913 2435/2618/2451 451/476/467
f 673/709/689 1045/1117/1061 671/707/687
f 1497/1611/1513 639/670/655 1900/2034/1916
f 2436/2619/2452 1825/1954/1841 2437/2620/2453
f 2438/2621/2454 638/669/654 1825/1954/1841
f 1825/1954/1841 638/669/654 139/144/142
f 1348/1454/1364 2439/2622/2455 860/909/876
f 2439/2622/2455 816/862/832 860/909/876
f 1529/1643/1545 1523/1637/1539 1530/1644/1546
f 86/89/88 605/636/621 1525/1639/1541
f 1429/1538/1445 1431/1540/1447 1254/1354/1270
f 1429/1538/1445 2030/2177/2046 1431/1540/1447
f 1527/1641/1543 1526/1640/1542 501/528/517
f 1526/1640/1542 499/526/515 501/528/517
f 1661/1782/1677 1081/1157/1097 1420/1529/1436
f 1079/1155/1095 1081/1157/1097 1661/1782/1677
f 1668/1789/1684 1667/1788/1683 1222/1318/1238
f 70/73/72 1222/1318/1238 1667/1788/1683
f 557/584/573 556/583/572 1910/2044/1926
f 803/849/819 557/584/573 539/566/555
f 389/408/404 1092/1168/1108 367/384/382
f 391/410/406 2440/2623/2456 389/408/404
f 781/824/797 1945/2082/1961 2441/2624/2457
f 782/825/798 781/824/797 2441/2624/2457
f 1798/1925/1814 1934/2069/1950 1189/1281/1205
f 1295/1396/1311 2442/2625/2458 2434/2617/2450
f 2443/2626/2459 1295/1396/1311 2434/2617/2450
f 1611/1728/1627 370/387/385 1227/1323/1243
f 370/387/385 992/1060/1008 1227/1323/1243
f 1207/1301/1223 1798/1925/1814 1189/1281/1205
f 2444/2627/2460 1056/1131/1072 1460/1571/1476
f 1460/1571/1476 1056/1131/1072 1057/1132/1073
f 2407/2590/2423 343/357/358 1006/1074/1022
f 1575/1690/1591 1623/1744/1639 1006/1074/1022
f 671/707/687 2445/2628/2461 1613/1730/1629
f 994/1062/1010 2375/2558/2391 2213/2380/2229
f 2375/2558/2391 2211/2378/2227 2213/2380/2229
f 1977/2120/1993 2264/2440/2280 1978/2121/1994
f 2264/2440/2280 847/896/863 2355/2538/2371
f 1920/2054/1936 1921/2055/1937 633/664/649
f 634/665/650 633/664/649 1467/1579/1483
f 638/669/654 1333/1439/1349 139/144/142
f 641/672/657 139/144/142 1333/1439/1349
f 1104/1180/1120 1705/1826/1721 1788/1915/1804
f 1102/1178/1118 1104/1180/1120 1788/1915/1804
f 1642/1763/1658 625/656/641 1150/1231/1166
f 1642/1763/1658 626/657/642 625/656/641
f 953/1017/969 642/673/658 644/675/660
f 953/1017/969 2446/2629/2462 642/673/658
f 2447/2630/2463 2448/2631/2464 1973/2116/1989
f 837/886/853 284/296/297 2449/2632/2465
f 2208/2375/2224 752/794/768 1059/1134/1075
f 1820/1949/1836 752/794/768 751/793/767
f 2107/2264/2123 2423/2606/2439 1101/1177/1117
f 1101/1177/1117 2105/2262/2121 2107/2264/2123
f 501/528/517 585/613/601 503/530/519
f 1167/1254/1183 503/530/519 1664/1785/1680
f 985/1053/1001 2278/2455/2294 572/600/588
f 1508/1622/1524 202/212/209 2278/2455/2294
f 2/2/2 1/1/1 860/909/876
f 1/1/1 1348/1454/1364 860/909/876
f 1810/1937/1826 321/334/335 89/92/91
f 89/92/91 77/80/79 1810/1937/1826
f 2450/2633/2466 294/306/307 293/305/306
f 2451/2634/2467 293/305/306 1772/1899/1788
f 2452/2635/2468 511/538/527 2453/2636/2469
f 1395/1502/1411 1396/1503/1412 2452/2635/2468
f 690/728/706 1152/1233/1168 773/816/789
f 1630/1751/1646 1669/1790/1685 2454/2637/2470
f 1778/1905/1794 762/805/778 2306/2484/2322
f 2306/2484/2322 762/805/778 761/804/777
f 629/660/645 2455/2638/2471 1165/1252/1181
f 361/375/376 2085/2242/2101 362/376/377
f 2043/2191/2059 2042/2190/2058 1169/1256/1185
f 2043/2191/2059 1169/1256/1185 1842/1971/1858
f 1097/1173/1113 2134/2295/2150 1090/1166/1106
f 494/521/510 2198/2365/2214 678/714/694
f 1551/1666/1567 67/70/69 69/72/71
f 2294/2471/2310 1054/1129/1070 1458/1569/1474
f 739/781/755 2294/2471/2310 1457/1568/1473
f 692/731/708 487/514/503 489/516/505
f 487/514/503 692/731/708 1933/2068/1949
f 1570/1685/1586 1246/1342/1262 377/394/392
f 2162/2324/2178 1246/1342/1262 2082/2239/2098
f 2456/2639/2472 507/534/523 1982/2125/1998
f 1982/2125/1998 507/534/523 1983/2126/1999
f 477/504/493 2457/2640/2473 1601/1716/1617
f 107/112/109 2443/2626/2459 2434/2617/2450
f 1059/1134/1075 2209/2376/2225 107/112/109
f 834/881/850 686/722/702 832/878/848
f 1466/1578/1482 1465/1577/1481 832/878/848
f 1220/1316/1236 575/603/591 2268/2444/2284
f 1220/1316/1236 2268/2444/2284 1667/1788/1683
f 1491/1605/1507 1025/1093/1041 1027/1095/1043
f 1679/1800/1695 1492/1606/1508 1680/1801/1696
f 1142/1223/1158 1715/1836/1731 1143/1224/1159
f 1143/1224/1159 1715/1836/1731 1714/1835/1730
f 2264/2440/2280 881/937/897 1501/1615/1517
f 881/937/897 893/949/909 1501/1615/1517
f 1127/1208/1143 1710/1831/1726 2324/2503/2340
f 1127/1208/1143 732/774/748 731/773/747
f 373/390/388 1092/1168/1108 371/388/386
f 461/486/477 460/485/476 2458/2642/2474
f 2108/2265/2124 2458/2642/2474 2106/2263/2122
f 1471/1583/1487 1110/1186/1126 1112/1188/1128
f 2395/2578/2411 1112/1188/1128 1427/1536/1443
f 1530/1644/1546 2221/2388/2237 2220/2387/2236
f 1530/1644/1546 1523/1637/1539 2221/2388/2237
f 832/878/848 686/722/702 1466/1578/1482
f 1834/1963/1850 1466/1578/1482 686/722/702
f 1192/1284/1208 351/365/366 2432/2615/2448
f 2459/2643/2475 2325/2504/2341 2432/2615/2448
f 836/885/852 1973/2116/1989 837/886/853
f 2448/2631/2464 837/886/853 1973/2116/1989
f 1171/1258/1187 2460/2644/2476 1174/1261/1190
f 2210/2377/2226 1387/1494/1403 2461/2645/2477
f 623/654/639 1295/1396/1311 2462/2646/2478
f 1955/2093/1971 2463/2647/2479 1255/1355/1271
f 1543/1657/1559 2463/2647/2479 1957/2095/1973
f 179/185/185 178/184/184 291/303/304
f 179/185/185 1775/1902/1791 177/183/183
f 2085/2242/2101 2455/2638/2471 629/660/645
f 2085/2242/2101 629/660/645 631/662/647
f 1861/1990/1877 2464/2648/2480 1737/1860/1753
f 2464/2648/2480 1861/1990/1877 188/194/195
f 2048/2197/2064 2047/2195/2063 1209/1304/1225
f 249/261/260 2412/2595/2428 211/223/219
f 1225/1321/1241 431/456/447 1882/2014/1898
f 1442/1551/1458 2465/2649/2481 1247/1343/1263
f 1442/1551/1458 2466/2651/2482 2465/2649/2481
f 2041/2189/2057 414/433/430 2042/2190/2058
f 414/433/430 2410/2593/2426 415/434/431
f 1836/1965/1852 1835/1964/1851 2067/2221/2083
f 1836/1965/1852 2067/2221/2083 558/585/574
f 2134/2295/2150 2133/2294/2149 757/799/773
f 757/799/773 461/486/477 300/312/313
f 254/266/265 1674/1795/1690 1065/1140/1081
f 1676/1797/1692 2467/2652/2483 217/229/225
f 1586/1701/1602 1911/2045/1927 1078/1154/1094
f 1893/2026/1909 2468/2653/2484 2469/2656/2485
f 380/399/395 1612/1729/1628 1318/1423/1334
f 2403/2586/2419 1549/1663/1565 1551/1666/1567
f 69/72/71 2403/2586/2419 1551/1666/1567
f 2172/2335/2188 1378/1485/1394 2136/2297/2152
f 2136/2297/2152 1778/1905/1794 1376/1483/1392
f 93/97/95 1029/1097/1045 1031/1099/1047
f 1378/1485/1394 1641/1762/1657 996/1064/1012
f 996/1064/1012 2074/2230/2090 997/1065/1013
f 821/867/837 2470/2657/2486 822/868/838
f 1497/1611/1513 2272/2448/2288 2470/2657/2486
f 527/554/543 1063/1138/1079 528/555/544
f 528/555/544 1063/1138/1079 1065/1140/1081
f 2471/2658/2487 1789/1916/1805 1788/1915/1804
f 529/556/545 715/757/731 717/759/733
f 1836/1965/1852 712/754/728 529/556/545
f 1995/2142/2011 1602/1717/1618 1144/1225/1160
f 1995/2142/2011 1144/1225/1160 1530/1644/1546
f 2413/2596/2429 831/877/847 830/876/846
f 827/873/843 831/877/847 2413/2596/2429
f 1935/2071/1951 2187/2354/2203 1475/1588/1491
f 1615/1732/1631 1935/2070/1951 1881/2013/1897
f 661/692/677 2472/2659/2488 1873/2002/1889
f 661/692/677 646/677/662 645/676/661
f 2473/2660/2489 701/740/717 2468/2654/2484
f 396/415/411 2468/2654/2484 701/740/717
f 1731/1852/1747 454/479/470 1750/1874/1766
f 2474/2661/2490 454/479/470 693/732/709
f 1780/1907/1796 1781/1908/1797 2079/2236/2095
f 2079/2236/2095 1781/1908/1797 1889/2021/1905
f 907/965/923 909/967/925 1469/1581/1485
f 1173/1260/1189 1121/1202/1137 1154/1237/1170
f 133/138/136 2019/2166/2035 96/101/98
f 2320/2499/2336 97/102/99 96/101/98
f 1986/2129/2002 1985/2128/2001 1374/1481/1390
f 1985/2128/2001 2207/2374/2223 1374/1481/1390
f 630/661/646 1828/1957/1844 1866/1995/1882
f 630/661/646 1866/1995/1882 1959/2097/1975
f 2170/2333/2186 124/129/127 831/877/847
f 124/129/127 2170/2333/2186 2475/2662/2491
f 1608/1723/1624 970/1036/986 1609/1724/1625
f 1718/1839/1734 1609/1724/1625 2063/2214/2079
f 691/729/707 667/702/683 666/701/682
f 1116/1192/1132 691/729/707 666/701/682
f 1769/1896/1785 613/644/629 1230/1326/1246
f 1769/1896/1785 1793/1920/1809 613/644/629
f 708/750/724 2360/2543/2376 2219/2386/2235
f 1231/1327/1247 2028/2175/2044 1076/1152/1092
f 1231/1327/1247 1076/1152/1092 1232/1328/1248
f 538/565/554 458/483/474 1182/1271/1198
f 458/483/474 1181/1270/1197 2476/2663/2492
f 1280/1380/1296 2089/2246/2105 2088/2245/2104
f 2089/2246/2105 2286/2463/2302 2088/2245/2104
f 1263/1363/1279 1265/1365/1281 2039/2187/2055
f 1265/1365/1281 2037/2185/2053 2039/2187/2055
f 1952/2089/1968 883/939/899 1758/1882/1774
f 894/950/910 1941/2078/1957 1940/2077/1956
f 1858/1987/1874 434/459/450 1323/1429/1339
f 1323/1429/1339 434/459/450 1638/1759/1654
f 576/604/592 1308/1413/1324 2477/2664/2493
f 840/889/856 435/460/451 434/459/450
f 522/549/538 1168/1255/1184 1565/1680/1581
f 410/429/426 409/428/425 395/414/410
f 626/657/642 1228/1324/1244 1226/1322/1242
f 2197/2364/2213 1228/1324/1244 626/657/642
f 2047/2195/2063 1283/1383/1299 2241/2415/2257
f 1149/1230/1165 2478/2665/2494 1150/1231/1166
f 2134/2295/2150 2479/2666/2495 462/487/478
f 2480/2667/2496 579/607/595 1488/1602/1504
f 579/607/595 2480/2667/2496 580/608/596
f 630/661/646 1959/2097/1975 631/662/647
f 2481/2668/2497 2022/2169/2038 2482/2669/2498
f 1628/1749/1644 1245/1341/1261 2481/2668/2497
f 1775/1902/1791 2483/2670/2499 2095/2252/2111
f 545/572/561 1338/1444/1354 2101/2258/2117
f 2101/2258/2117 546/573/562 545/572/561
f 2265/2441/2281 2484/2671/2500 605/636/621
f 2485/2672/2501 607/638/623 606/637/622
f 70/73/72 735/777/751 2486/2673/2502
f 404/423/420 2487/2674/2503 2377/2560/2393
f 1703/1824/1719 1650/1771/1666 229/241/237
f 1844/1973/1860 229/241/237 680/716/696
f 1215/1310/1231 101/106/103 1216/1311/1232
f 2488/2675/2504 2099/2256/2115 2489/2676/2505
f 2410/2593/2426 414/433/430 2041/2189/2057
f 2410/2593/2426 2041/2189/2057 2411/2594/2427
f 1219/1315/1235 2490/2677/2506 478/505/494
f 1219/1314/1235 1737/1859/1753 2490/2678/2506
f 275/287/288 1123/1204/1139 1956/2094/1972
f 1123/1204/1139 275/287/288 277/289/290
f 2359/2542/2375 1597/1712/1613 2396/2579/2412
f 2175/2338/2191 2359/2542/2375 2491/2679/2507
f 658/689/674 1274/1374/1290 659/690/675
f 1606/1721/1622 2097/2254/2113 2283/2460/2299
f 417/436/433 102/107/104 1739/1863/1755
f 1739/1863/1755 1486/1600/1502 417/436/433
f 1274/1374/1290 2097/2254/2113 1275/1375/1291
f 2097/2254/2113 2492/2680/2508 2283/2460/2299
f 955/1019/971 954/1018/970 2143/2304/2159
f 2143/2304/2159 2145/2306/2161 955/1019/971
f 1708/1829/1724 1707/1828/1723 1709/1830/1725
f 1707/1828/1723 2056/2205/2072 1709/1830/1725
f 363/378/378 1163/1248/1179 1164/1250/1180
f 363/379/378 1164/1249/1180 361/375/376
f 2026/2173/2042 983/1051/999 2387/2570/2403
f 2387/2570/2403 983/1051/999 1368/1475/1384
f 730/772/746 1708/1829/1724 1127/1208/1143
f 730/772/746 1707/1828/1723 1708/1829/1724
f 329/342/344 239/251/249 2166/2328/2182
f 2065/2216/2081 2166/2328/2182 1337/1443/1353
f 481/508/497 2493/2681/2509 482/509/498
f 2026/2173/2042 2387/2570/2403 482/509/498
f 1891/2023/1907 1890/2022/1906 2494/2682/2510
f 329/342/344 2166/2328/2182 2065/2216/2081
f 2065/2216/2081 207/219/215 329/342/344
f 1858/1987/1874 2495/2683/2511 1322/1428/1338
f 1857/1986/1873 2496/2684/2512 1858/1987/1874
f 2497/2685/2513 2388/2571/2404 523/550/539
f 482/509/498 2497/2685/2513 523/550/539
f 2062/2213/2078 1513/1627/1529 1714/1835/1730
f 1513/1627/1529 2062/2213/2078 1514/1628/1530
f 2073/2229/2089 2498/2686/2514 1857/1986/1873
f 2074/2230/2090 2073/2229/2089 997/1065/1013
f 1780/1907/1796 1399/1506/1415 2409/2592/2425
f 908/966/924 1399/1506/1415 1468/1580/1484
f 1732/1853/1748 899/955/915 1482/1595/1498
f 1731/1852/1747 1732/1853/1748 1482/1595/1498
f 402/421/418 48/49/50 2499/2687/2515
f 402/421/418 401/420/417 48/49/50
f 1792/1919/1808 590/618/606 589/617/605
f 2441/2624/2457 1945/2082/1961 2435/2618/2451
f 2500/2688/2516 901/957/917 900/956/916
f 1068/1143/1084 28/29/29 1852/1981/1868
f 1662/1783/1678 28/29/29 1068/1143/1084
f 496/523/512 42/43/43 221/233/229
f 47/48/49 220/232/228 221/233/229
f 2339/2519/2355 1314/1419/1330 1644/1765/1660
f 1644/1765/1660 1314/1419/1330 2501/2689/2517
f 2237/2409/2253 2239/2413/2255 861/911/877
f 2239/2413/2255 2237/2409/2253 1034/1105/1050
f 605/636/621 2502/2690/2518 1525/1639/1541
f 605/636/621 2484/2671/2500 2485/2672/2501
f 513/540/529 1453/1564/1469 1650/1771/1666
f 1203/1296/1219 2457/2640/2473 1201/1293/1217
f 2457/2641/2473 1044/1116/1060 1201/1294/1217
f 2503/2691/2519 2347/2529/2363 1336/1442/1352
f 1844/1973/1860 1599/1714/1615 1137/1218/1153
f 1902/2036/1918 126/131/129 125/130/128
f 1019/1087/1035 2504/2692/2520 1629/1750/1645
f 282/294/295 283/295/296 1358/1464/1374
f 253/265/264 282/294/295 697/736/713
f 2357/2540/2373 1336/1442/1352 1335/1441/1351
f 2357/2540/2373 1335/1441/1351 2505/2693/2521
f 1874/2003/1890 645/676/661 1329/1435/1345
f 2472/2659/2488 661/692/677 645/676/661
f 928/990/944 700/739/716 929/991/945
f 700/739/716 2071/2227/2087 929/991/945
f 1820/1949/1836 1111/1187/1127 750/792/766
f 1110/1186/1126 750/792/766 1111/1187/1127
f 2116/2274/2132 2117/2275/2133 336/349/351
f 336/349/351 2506/2694/2522 2116/2274/2132
f 865/915/881 2507/2695/2523 863/913/879
f 2069/2223/2085 2507/2695/2523 865/915/881
f 2008/2155/2024 245/257/255 1478/1591/1494
f 2008/2155/2024 2403/2586/2419 245/257/255
f 1701/1822/1717 944/1008/960 943/1007/959
f 943/1007/959 1700/1821/1716 1701/1822/1717
f 843/892/859 1594/1709/1610 1596/1711/1612
f 1939/2076/1955 1938/2075/1954 843/892/859
f 375/392/390 890/946/906 2370/2553/2386
f 1052/1127/1068 2370/2553/2386 890/946/906
f 321/334/335 2118/2276/2134 89/92/91
f 89/92/91 111/116/113 110/115/112
f 1531/1645/1547 2246/2421/2262 799/845/815
f 1531/1645/1547 1455/1566/1471 1456/1567/1472
f 1946/2083/1962 2508/2696/2524 452/477/468
f 1594/1709/1610 845/894/861 272/284/284
f 845/894/861 1594/1709/1610 843/892/859
f 2018/2165/2034 1984/2127/2000 2243/2418/2259
f 1984/2127/2000 2154/2316/2170 2243/2418/2259
f 1304/1409/1320 1328/1434/1344 1330/1436/1346
f 1875/2004/1891 1304/1409/1320 1309/1414/1325
f 1993/2140/2009 1994/2141/2010 1177/1266/1193
f 2509/2697/2525 1991/2138/2007 1993/2140/2009
f 976/1044/992 1575/1690/1591 1576/1691/1592
f 1517/1631/1533 1006/1074/1022 1515/1629/1531
f 709/751/725 2510/2698/2526 710/752/726
f 383/402/398 1022/1090/1038 388/407/403
f 390/409/405 388/407/403 1022/1090/1038
f 2490/2678/2506 1737/1859/1753 2511/2700/2527
f 2511/2699/2527 1737/1860/1753 421/444/437
f 690/728/706 292/304/305 1152/1233/1168
f 292/304/305 774/817/790 786/829/802
f 2464/2648/2480 122/127/125 421/444/437
f 421/444/437 1737/1860/1753 2464/2648/2480
f 2509/2697/2525 1177/1266/1193 1302/1407/1318
f 2509/2697/2525 1993/2140/2009 1177/1266/1193
f 582/610/598 581/609/597 737/779/753
f 943/1007/959 737/779/753 581/609/597
f 1139/1220/1155 315/327/329 1652/1773/1668
f 313/325/327 308/320/322 2366/2549/2382
f 313/325/327 2366/2549/2382 1345/1451/1361
f 2257/2433/2273 2256/2432/2272 2512/2701/2528
f 2513/2702/2529 1555/1670/1571 1552/1667/1568
f 1552/1667/1568 1554/1669/1570 2371/2554/2387
f 224/236/232 1055/1130/1071 1244/1340/1260
f 1055/1130/1071 224/236/232 1056/1131/1072
f 2033/2181/2049 2405/2588/2421 141/146/145
f 142/147/146 141/146/145 2405/2588/2421
f 1208/1303/1224 463/488/479 362/377/377
f 2322/2501/2338 363/380/378 362/377/377
f 2183/2348/2199 2185/2351/2201 1614/1731/1630
f 2187/2354/2203 1614/1731/1630 1474/1587/1490
f 1884/2016/1900 128/133/131 130/135/133
f 923/985/939 1371/1478/1387 1946/2083/1962
f 1371/1478/1387 2508/2696/2524 1946/2083/1962
f 2321/2500/2337 465/490/481 921/980/937
f 2322/2501/2338 465/490/481 2321/2500/2337
f 1767/1894/1783 974/1042/990 2185/2352/2201
f 2514/2703/2530 1614/1731/1630 2185/2351/2201
f 1442/1551/1458 1696/1817/1712 2466/2651/2482
f 536/563/552 1696/1817/1712 537/564/553
f 2515/2705/2531 2186/2353/2202 1448/1559/1464
f 1263/1363/1279 2515/2705/2531 1677/1798/1693
f 1750/1874/1766 1752/1876/1768 1804/1931/1820
f 1804/1931/1820 1752/1876/1768 1724/1845/1740
f 2050/2199/2066 1402/1509/1418 2346/2528/2362
f 1594/1709/1610 272/284/284 1597/1712/1613
f 554/581/570 552/579/568 2516/2706/2532
f 554/581/570 2516/2706/2532 2360/2543/2376
f 9/9/9 1109/1185/1125 759/802/775
f 2034/2182/2050 235/247/245 2035/2183/2051
f 1002/1070/1018 782/825/798 2392/2575/2408
f 2517/2707/2533 2392/2575/2408 782/825/798
f 1837/1966/1853 1877/2007/1893 1839/1968/1855
f 1980/2123/1996 1279/1379/1295 1839/1968/1855
f 354/368/369 1654/1775/1670 1085/1161/1101
f 2516/2706/2532 552/579/568 551/578/567
f 2162/2324/2178 2082/2239/2098 2084/2241/2100
f 1344/1450/1360 2427/2610/2443 1343/1449/1359
f 1357/1463/1373 567/595/583 566/594/582
f 854/903/870 1546/1660/1562 2518/2708/2534
f 2138/2299/2154 1546/1660/1562 854/903/870
f 1291/1392/1307 1096/1172/1112 2519/2709/2535
f 2519/2709/2535 544/571/560 1291/1392/1307
f 612/643/628 1907/2041/1923 2311/2489/2327
f 459/484/475 610/641/626 2520/2710/2536
f 2516/2706/2532 551/578/567 2521/2711/2537
f 1702/1823/1718 2340/2520/2356 1645/1766/1661
f 2522/2712/2538 2314/2492/2330 1346/1452/1362
f 2314/2492/2330 2303/2481/2319 1346/1452/1362
f 1598/1713/1614 1595/1710/1611 1594/1709/1610
f 1598/1713/1614 1657/1778/1673 1595/1710/1611
f 1617/1736/1633 1236/1332/1252 2224/2391/2240
f 1236/1332/1252 1798/1925/1814 2224/2391/2240
f 411/430/427 1876/2006/1892 1837/1966/1853
f 797/843/813 2523/2713/2539 1876/2005/1892
f 436/461/452 2524/2714/2540 437/462/453
f 2189/2356/2205 2524/2714/2540 436/461/452
f 2347/2529/2363 2503/2691/2519 829/875/845
f 829/875/845 2525/2715/2541 2169/2331/2185
f 115/120/117 158/163/163 659/690/675
f 158/163/163 573/601/589 659/690/675
f 381/400/396 367/384/382 1611/1728/1627
f 1136/1217/1152 1704/1825/1720 1703/1824/1719
f 2526/2716/2542 1356/1462/1372 1355/1461/1371
f 406/425/422 1277/1377/1293 407/426/423
f 399/418/414 2401/2584/2417 2527/2717/2543
f 1113/1189/1129 2528/2718/2544 1196/1288/1212
f 1367/1474/1383 1366/1473/1382 2109/2266/2125
f 1367/1474/1383 2109/2266/2125 2016/2163/2032
f 1038/1109/1054 2177/2340/2193 1537/1651/1553
f 2177/2340/2193 1038/1109/1054 532/559/548
f 2529/2719/2545 1918/2052/1934 2530/2720/2546
f 2291/2468/2307 433/458/449 2292/2469/2308
f 1107/1183/1123 1109/1185/1125 2137/2298/2153
f 1107/1183/1123 707/749/723 708/750/724
f 1675/1796/1691 216/228/224 1266/1366/1282
f 1266/1366/1282 205/216/213 204/214/212
f 1878/2008/1894 794/837/810 1953/2090/1969
f 1953/2090/1969 794/837/810 1618/1738/1634
f 2410/2593/2426 2218/2385/2234 415/434/431
f 1039/1110/1055 1077/1153/1093 1992/2139/2008
f 378/395/393 1628/1749/1644 1370/1477/1386
f 1628/1749/1644 2022/2169/2038 1370/1477/1386
f 1402/1509/1418 2331/2510/2347 1374/1481/1390
f 1402/1509/1418 2050/2199/2066 2331/2510/2347
f 1960/2098/1976 972/1038/988 428/453/444
f 1960/2099/1976 958/1023/974 972/1039/988
f 950/1014/966 2531/2721/2547 1477/1590/1493
f 1477/1590/1493 948/1012/964 950/1014/966
f 1181/1270/1197 1182/1271/1198 2476/2663/2492
f 458/483/474 2476/2663/2492 1182/1271/1198
f 922/984/938 2186/2353/2202 2515/2705/2531
f 1935/2070/1951 922/982/938 464/489/480
f 694/733/710 696/735/712 2532/2722/2548
f 1751/1875/1767 2532/2722/2548 1315/1420/1331
f 1013/1081/1029 2113/2271/2129 1386/1493/1402
f 1014/1082/1030 1013/1081/1029 1386/1493/1402
f 453/478/469 2345/2527/2361 2124/2282/2140
f 453/478/469 2123/2281/2139 451/476/467
f 1811/1938/1827 1435/1544/1451 1434/1543/1450
f 222/234/230 1435/1544/1451 1811/1938/1827
f 2218/2385/2234 2217/2384/2233 2262/2438/2278
f 1659/1780/1675 78/81/80 89/92/91
f 2498/2686/2514 2496/2684/2512 1857/1986/1873
f 2496/2684/2512 2495/2683/2511 1858/1987/1874
f 27/28/27 878/934/894 40/41/41
f 878/934/894 2109/2266/2125 60/63/62
f 1691/1812/1707 1693/1814/1709 618/649/634
f 71/74/73 2267/2443/2283 618/649/634
f 2506/2694/2522 2533/2723/2549 2116/2274/2132
f 412/431/428 413/432/429 2534/2724/2550
f 2081/2238/2097 269/281/281 2083/2240/2099
f 269/281/281 271/283/283 2083/2240/2099
f 1927/2061/1943 2400/2583/2416 1923/2057/1939
f 2447/2630/2463 1973/2116/1989 2535/2725/2551
f 2536/2726/2552 475/500/491 2447/2630/2463
f 2496/2684/2512 2498/2686/2514 2495/2683/2511
f 1320/1426/1336 1322/1428/1338 2495/2683/2511
f 827/873/843 2169/2331/2185 831/877/847
f 827/873/843 829/875/845 2169/2331/2185
f 547/574/563 1094/1170/1110 1095/1171/1111
f 1884/2016/1900 1094/1170/1110 128/133/131
f 2537/2727/2553 1330/1436/1346 2165/2327/2181
f 1304/1409/1320 1330/1436/1346 1305/1410/1321
f 1847/1976/1863 1888/2020/1904 2538/2728/2554
f 1510/1624/1526 987/1055/1003 986/1054/1002
f 1821/1950/1837 1824/1953/1840 1822/1951/1838
f 1010/1078/1026 2539/2729/2555 2450/2633/2466
f 293/305/306 2451/2634/2467 2450/2633/2466
f 516/543/532 515/542/531 2540/2730/2556
f 77/80/79 89/92/91 82/85/84
f 721/763/737 230/242/238 1453/1564/1469
f 721/763/737 2281/2458/2297 232/244/242
f 338/351/353 337/350/352 2541/2731/2557
f 2506/2694/2522 2534/2724/2550 2533/2723/2549
f 1567/1682/1583 520/547/536 522/549/538
f 290/302/303 520/547/536 1567/1682/1583
f 39/40/40 637/668/653 1494/1608/1510
f 637/668/653 39/40/40 1651/1772/1667
f 1750/1874/1766 454/479/470 2474/2661/2490
f 1751/1875/1767 1750/1874/1766 695/734/711
f 526/553/542 979/1047/995 1368/1475/1384
f 1368/1475/1384 979/1047/995 524/551/540
f 1688/1809/1704 1686/1807/1702 1689/1810/1705
f 1996/2143/2012 1689/1810/1705 1686/1807/1702
f 2542/2732/2558 2532/2722/2548 696/735/712
f 464/489/480 1934/2069/1950 1935/2070/1951
f 1190/1282/1206 1934/2069/1950 464/489/480
f 333/346/348 331/344/346 1622/1743/1638
f 2424/2607/2440 2425/2608/2441 2543/2733/2559
f 2323/2502/2339 746/788/762 745/787/761
f 745/787/761 982/1050/998 981/1049/997
f 1039/1110/1055 1626/1747/1642 1585/1700/1601
f 473/498/489 1585/1700/1601 1626/1747/1642
f 1302/1407/1318 1301/1406/1317 1812/1939/1828
f 1812/1939/1828 276/288/289 2174/2337/2190
f 2396/2579/2412 496/523/512 498/525/514
f 1984/2127/2000 1983/2126/1999 2154/2316/2170
f 1902/2036/1918 851/900/867 105/110/107
f 110/115/112 117/122/119 140/145/144
f 249/261/260 431/456/447 2412/2595/2428
f 249/261/260 432/457/448 431/456/447
f 1843/1972/1859 2544/2734/2560 740/782/756
f 741/783/757 740/782/756 2544/2734/2560
f 1286/1387/1302 2105/2262/2121 1284/1385/1300
f 2108/2265/2124 2105/2262/2121 2545/2735/2561
f 1009/1077/1025 2156/2318/2172 1007/1075/1023
f 1007/1075/1023 2156/2318/2172 2415/2598/2431
f 1182/1271/1198 803/849/819 539/566/555
f 981/1049/997 2546/2736/2562 745/787/761
f 2216/2383/2232 2546/2736/2562 981/1049/997
f 1445/1554/1461 1148/1229/1164 1604/1719/1620
f 1147/1228/1163 1145/1226/1161 1148/1229/1164
f 950/1014/966 2547/2737/2563 2531/2721/2547
f 967/1033/983 1717/1838/1733 968/1034/984
f 1253/1353/1269 1255/1355/1271 1933/2068/1949
f 1253/1353/1269 1933/2068/1949 1563/1678/1579
f 430/455/446 1041/1112/1057 1882/2014/1898
f 1042/1113/1058 1041/1112/1057 430/455/446
f 2548/2738/2564 8/8/8 53/55/55
f 53/55/55 2230/2400/2246 1550/1664/1566
f 1898/2032/1914 1901/2035/1917 1899/2033/1915
f 1901/2035/1917 991/1059/1007 1899/2033/1915
f 2549/2739/2565 990/1058/1006 989/1057/1005
f 369/386/384 2549/2739/2565 989/1057/1005
f 2550/2740/2566 1828/1957/1844 2551/2741/2567
f 319/332/333 1828/1957/1844 919/977/935
f 742/784/758 2418/2601/2434 1981/2124/1997
f 742/784/758 1981/2124/1997 541/568/557
f 1164/1250/1180 1161/1244/1177 1165/1251/1181
f 1161/1245/1177 630/661/646 1165/1252/1181
f 40/41/41 2552/2742/2568 2305/2483/2321
f 244/256/254 62/65/64 2305/2483/2321
f 2543/2733/2559 934/997/950 1948/2085/1964
f 932/995/948 1948/2085/1964 931/994/947
f 54/56/56 56/58/58 57/59/59
f 57/59/59 2553/2743/2569 54/56/56
f 1140/1221/1156 1965/2106/1981 1133/1214/1149
f 1624/1745/1640 484/511/500 472/497/488
f 472/497/488 484/511/500 1335/1441/1351
f 212/224/220 211/223/219 1630/1751/1646
f 2080/2237/2096 777/820/793 1568/1683/1584
f 2080/2237/2096 1568/1683/1584 1566/1681/1582
f 2359/2542/2375 2396/2579/2412 2491/2679/2507
f 2396/2579/2412 498/525/514 1321/1427/1337
f 161/166/166 1247/1344/1263 1250/1349/1266
f 1247/1344/1263 1249/1347/1265 2282/2459/2298
f 763/806/779 2018/2165/2034 764/807/780
f 766/809/782 917/975/933 2018/2165/2034
f 360/374/375 976/1044/992 945/1009/961
f 358/372/373 360/374/375 945/1009/961
f 1571/1686/1587 377/394/392 1741/1865/1757
f 1570/1685/1586 377/394/392 1571/1686/1587
f 1827/1956/1843 2253/2429/2269 1271/1371/1287
f 510/537/526 509/536/525 2554/2744/2570
f 1644/1765/1660 2501/2689/2517 2555/2745/2571
f 2460/2644/2476 1171/1258/1187 2461/2645/2477
f 2461/2645/2477 911/969/927 2210/2377/2226
f 652/683/668 182/188/189 1180/1269/1196
f 182/188/189 2556/2746/2572 1180/1269/1196
f 2067/2221/2083 2069/2223/2085 559/586/575
f 865/915/881 559/586/575 2069/2223/2085
f 1102/1178/1118 739/781/755 741/783/757
f 636/667/652 295/307/308 294/306/307
f 1746/1870/1762 2310/2488/2326 636/667/652
f 45/46/47 57/59/59 46/47/48
f 2553/2743/2569 57/59/59 45/46/47
f 1082/1158/1098 2076/2233/2092 1080/1156/1096
f 2548/2738/2564 1548/1662/1564 8/8/8
f 1548/1662/1564 9/9/9 8/8/8
f 736/778/752 2557/2747/2573 1890/2022/1906
f 1892/2024/1908 736/778/752 1890/2022/1906
f 1061/1136/1077 2057/2206/2073 753/795/769
f 2558/2748/2574 753/795/769 2057/2206/2073
f 2559/2749/2575 1075/1151/1091 1074/1150/1090
f 2345/2527/2361 2560/2750/2576 2346/2528/2362
f 453/478/469 2560/2750/2576 2345/2527/2361
f 2163/2325/2179 1656/1777/1672 2162/2324/2178
f 871/923/887 1245/1341/1261 1656/1777/1672
f 2561/2751/2577 2290/2467/2306 632/663/648
f 632/663/648 1440/1549/1456 633/664/649
f 2061/2211/2077 2321/2500/2337 921/980/937
f 921/981/937 1262/1362/1278 2061/2212/2077
f 1882/2014/1898 940/1004/956 600/630/616
f 1882/2014/1898 600/630/616 1225/1321/1241
f 1892/2024/1908 1888/2020/1904 2076/2233/2092
f 2076/2233/2092 736/778/752 1892/2024/1908
f 1707/1828/1723 429/454/445 1375/1482/1391
f 429/454/445 428/453/444 1375/1482/1391
f 1868/1997/1884 2369/2552/2385 373/390/388
f 2369/2552/2385 1868/1997/1884 2271/2447/2287
f 1794/1921/1810 614/645/630 613/644/629
f 1794/1921/1810 2194/2361/2210 614/645/630
f 1171/1258/1187 1173/1260/1189 911/969/927
f 911/969/927 2461/2645/2477 1171/1258/1187
f 486/513/502 485/512/501 2138/2299/2154
f 1507/1621/1523 1506/1620/1522 2138/2299/2154
f 2484/2671/2500 2265/2441/2281 856/905/872
f 87/90/89 2562/2752/2578 2265/2441/2281
f 1214/1309/1230 2563/2753/2579 1213/1308/1229
f 1221/1317/1237 1088/1164/1104 135/140/138
f 1817/1946/1833 135/140/138 1088/1164/1104
f 783/826/799 2564/2754/2580 926/988/942
f 783/826/799 1887/2019/1903 2564/2754/2580
f 1110/1186/1126 748/790/764 750/792/766
f 1110/1186/1126 450/475/466 656/687/672
f 2565/2755/2581 2566/2756/2582 1755/1879/1771
f 1561/1676/1577 1558/1673/1574 1557/1672/1573
f 867/917/883 1625/1746/1641 2507/2695/2523
f 1901/2035/1917 1900/2034/1916 1999/2146/2015
f 1900/2034/1916 639/670/655 1999/2146/2015
f 2567/2757/2583 939/1002/955 973/1040/989
f 939/1003/955 1641/1762/1657 973/1041/989
f 559/586/575 865/915/881 560/587/576
f 560/587/576 865/915/881 864/914/880
f 2249/2425/2265 2568/2759/2584 2252/2428/2268
f 2252/2428/2268 2568/2759/2584 1500/1614/1516
f 1810/1937/1826 1847/1976/1863 322/335/336
f 235/247/245 234/246/244 621/652/637
f 2108/2265/2124 2545/2735/2561 2295/2472/2311
f 2296/2473/2312 300/312/313 2108/2265/2124
f 1007/1075/1023 2215/2382/2231 301/313/314
f 1007/1075/1023 2296/2473/2312 1008/1076/1024
f 1740/1864/1756 2569/2760/2585 1741/1865/1757
f 1007/1075/1023 301/313/314 2296/2473/2312
f 300/312/313 2296/2473/2312 301/313/314
f 1614/1731/1630 2187/2354/2203 1615/1733/1631
f 1615/1733/1631 2187/2354/2203 1935/2071/1951
f 1533/1647/1549 1535/1649/1551 1532/1646/1548
f 866/916/882 1532/1646/1548 1535/1649/1551
f 2424/2607/2440 2543/2733/2559 349/363/364
f 2543/2733/2559 1948/2085/1964 932/995/948
f 269/281/281 2570/2761/2586 684/720/700
f 2189/2356/2205 2571/2762/2587 2188/2355/2204
f 2189/2356/2205 436/461/452 2571/2762/2587
f 468/493/484 1527/1641/1543 502/529/518
f 466/491/482 468/493/484 502/529/518
f 2569/2760/2585 1571/1686/1587 1741/1865/1757
f 1569/1684/1585 1571/1686/1587 2429/2612/2445
f 2231/2402/2247 160/165/165 653/684/669
f 160/165/165 159/164/164 653/684/669
f 214/226/222 250/262/261 215/227/223
f 1293/1394/1309 2572/2763/2588 213/225/221
f 1154/1236/1170 592/621/608 127/132/130
f 1154/1236/1170 127/132/130 58/60/60
f 776/819/792 1522/1636/1538 288/300/301
f 1630/1751/1646 754/796/770 756/798/772
f 2573/2764/2589 754/796/770 1630/1751/1646
f 1474/1586/1490 591/619/607 1447/1558/1463
f 1447/1558/1463 591/619/607 590/618/606
f 1544/1658/1560 1533/1647/1549 1532/1646/1548
f 1534/1648/1550 1533/1647/1549 1544/1658/1560
f 18/19/18 2574/2765/2590 1317/1422/1333
f 18/19/18 1317/1422/1333 1971/2114/1987
f 130/135/133 129/134/132 121/126/124
f 1330/1436/1346 1743/1867/1759 1305/1410/1321
f 1305/1410/1321 1743/1867/1759 1742/1866/1758
f 2383/2566/2399 2146/2307/2162 2575/2766/2591
f 2146/2307/2162 2383/2566/2399 2385/2568/2401
f 1507/1621/1523 485/512/501 1879/2011/1895
f 485/512/501 1507/1621/1523 2138/2299/2154
f 2324/2503/2340 2091/2248/2107 755/797/771
f 755/797/771 754/796/770 2573/2764/2589
f 118/123/121 2320/2499/2336 2020/2167/2036
f 412/431/428 1931/2065/1947 710/752/726
f 412/431/428 2541/2731/2557 1071/1147/1087
f 755/797/771 2573/2764/2589 2324/2503/2340
f 1127/1208/1143 2324/2503/2340 732/774/748
f 1915/2049/1931 2010/2157/2026 1883/2015/1899
f 2038/2186/2054 1263/1363/1279 2039/2187/2055
f 1263/1363/1279 1261/1361/1277 2515/2705/2531
f 1067/1142/1083 54/56/56 2553/2743/2569
f 44/45/46 2553/2743/2569 45/46/47
f 219/231/227 698/737/714 2332/2511/2348
f 698/737/714 700/739/716 928/990/944
f 970/1036/986 2064/2215/2080 2063/2214/2079
f 970/1036/986 2063/2214/2079 1609/1724/1625
f 833/880/849 832/878/848 718/760/734
f 665/699/681 1326/1432/1342 833/879/849
f 1269/1369/1285 1686/1807/1702 467/492/483
f 1269/1369/1285 467/492/483 466/491/482
f 1740/1864/1756 2576/2767/2592 387/406/402
f 2569/2760/2585 1740/1864/1756 2429/2612/2445
f 2577/2768/2593 594/624/610 1684/1805/1700
f 2233/2404/2249 595/625/611 1682/1803/1698
f 189/195/196 654/685/670 2231/2402/2247
f 2231/2402/2247 654/685/670 160/165/165
f 2430/2613/2446 789/832/805 1389/1496/1405
f 789/832/805 882/938/898 1389/1496/1405
f 2085/2242/2101 361/375/376 2455/2638/2471
f 2455/2638/2471 361/375/376 1165/1252/1181
f 1369/1476/1385 383/402/398 382/401/397
f 720/762/736 719/761/735 382/401/397
f 378/395/393 1370/1477/1386 719/761/735
f 378/395/393 719/761/735 156/161/160
f 381/400/396 2149/2310/2165 379/396/394
f 379/397/394 2149/2311/2165 1612/1729/1628
f 1048/1122/1064 1201/1294/1217 1046/1119/1062
f 382/401/397 719/761/735 1369/1476/1385
f 2113/2271/2129 185/191/192 1386/1493/1402
f 1300/1404/1316 7/7/7 10/11/10
f 7/7/7 1300/1404/1316 1298/1400/1314
f 495/522/511 494/521/510 1312/1417/1328
f 680/716/696 495/522/511 1312/1417/1328
f 1022/1090/1038 1021/1089/1037 390/409/405
f 1926/2060/1942 391/410/406 390/409/405
f 2127/2285/2143 2420/2603/2436 775/818/791
f 1819/1948/1835 6/6/6 5/5/5
f 9/9/9 1547/1661/1563 5/5/5
f 2578/2769/2594 2579/2770/2595 2548/2738/2564
f 2548/2738/2564 1819/1948/1835 5/5/5
f 774/817/790 2334/2513/2350 775/818/791
f 1758/1882/1774 2236/2407/2252 1952/2089/1968
f 1757/1881/1773 2236/2407/2252 1758/1882/1774
f 2257/2433/2273 2180/2343/2196 2182/2345/2198
f 2257/2433/2273 1248/1345/1264 2465/2649/2481
f 416/435/432 779/822/795 414/433/430
f 1437/1546/1453 1241/1337/1257 1811/1938/1827
f 1437/1546/1453 1436/1545/1452 1241/1337/1257
f 214/226/222 2580/2771/2596 250/262/261
f 2190/2357/2206 2580/2771/2596 1903/2037/1919
f 2295/2472/2311 1285/1386/1301 177/183/183
f 1285/1386/1301 178/184/184 177/183/183
f 1587/1702/1603 1589/1704/1605 1196/1288/1212
f 1196/1288/1212 2528/2718/2544 1587/1702/1603
f 1638/1759/1654 2291/2468/2307 1918/2052/1934
f 1719/1840/1735 1521/1635/1537 1520/1634/1536
f 663/694/679 718/760/734 1044/1115/1060
f 663/695/679 1044/1116/1060 2457/2641/2473
f 596/626/612 1339/1445/1355 594/624/610
f 672/708/688 851/900/867 1902/2036/1918
f 1731/1852/1747 1484/1597/1500 1015/1083/1031
f 1484/1597/1500 1485/1598/1501 1015/1083/1031
f 2581/2772/2597 2157/2319/2173 2162/2324/2178
f 1782/1909/1798 2157/2319/2173 2158/2320/2174
f 99/104/101 95/100/97 121/126/124
f 101/106/103 95/100/97 99/104/101
f 1110/1186/1126 656/687/672 655/686/671
f 796/840/812 798/844/814 2032/2180/2048
f 794/837/810 796/841/812 2032/2179/2048
f 1637/1758/1653 2529/2719/2545 2582/2773/2598
f 1797/1924/1813 2583/2774/2599 1795/1922/1811
f 533/560/549 2028/2175/2044 714/756/730
f 715/757/731 714/756/730 2028/2175/2044
f 2007/2154/2023 245/257/255 335/348/350
f 69/72/71 245/257/255 2403/2586/2419
f 267/279/279 2147/2308/2163 264/276/276
f 2584/2775/2600 2160/2322/2176 957/1021/973
f 1297/1398/1313 1299/1403/1315 2193/2360/2209
f 2236/2407/2252 1940/2077/1956 1952/2089/1968
f 1502/1616/1518 1952/2089/1968 1940/2077/1956
f 1275/1375/1291 1309/1414/1325 1308/1413/1324
f 1308/1413/1324 1309/1414/1325 1521/1635/1537
f 818/864/834 1925/2059/1941 819/865/835
f 1591/1706/1607 818/864/834 1592/1707/1608
f 1388/1495/1404 456/481/472 170/176/175
f 1388/1495/1404 170/176/175 169/175/174
f 257/269/268 2585/2776/2601 823/869/839
f 1634/1755/1650 257/269/268 823/869/839
f 1089/1165/1105 511/538/527 513/540/529
f 1089/1165/1105 2453/2636/2469 511/538/527
f 2586/2777/2602 2216/2383/2232 2250/2426/2266
f 1324/1430/1340 2586/2777/2602 481/508/497
f 2419/2602/2435 1392/1499/1408 2430/2613/2446
f 1389/1496/1405 1391/1498/1407 2430/2613/2446
f 86/89/88 1145/1226/1161 1147/1228/1163
f 88/91/90 86/89/88 1147/1228/1163
f 1052/1127/1068 889/945/905 2046/2194/2062
f 2182/2345/2198 2223/2390/2239 2256/2432/2272
f 1602/1717/1618 2223/2390/2239 2182/2345/2198
f 1409/1516/1425 1411/1518/1427 2587/2778/2603
f 206/218/214 2343/2525/2359 702/741/718
f 702/741/718 2070/2224/2086 703/742/719
f 2131/2290/2147 1128/1209/1144 731/773/747
f 731/773/747 1128/1209/1144 1127/1208/1143
f 1917/2051/1933 1557/1672/1573 1499/1613/1515
f 879/935/895 327/340/341 1462/1574/1478
f 879/935/895 1462/1574/1478 2054/2203/2070
f 369/386/384 989/1057/1005 965/1031/981
f 2588/2779/2604 2589/2780/2605 2555/2745/2571
f 24/25/24 944/1008/960 31/32/32
f 2261/2437/2277 1713/1834/1729 2590/2781/2606
f 1713/1834/1729 25/26/25 2590/2781/2606
f 126/131/129 105/110/107 104/109/106
f 126/131/129 104/109/106 2193/2360/2209
f 1553/1668/1569 1819/1948/1835 64/67/66
f 330/343/345 2590/2781/2606 31/32/32
f 25/26/25 31/32/32 2590/2781/2606
f 2591/2782/2607 1144/1225/1160 1525/1639/1541
f 1525/1639/1541 2502/2690/2518 2591/2782/2607
f 2176/2339/2192 2175/2338/2191 1860/1989/1876
f 999/1067/1015 1860/1989/1876 2073/2229/2089
f 2592/2783/2608 2583/2774/2599 1797/1924/1813
f 931/994/947 933/996/949 312/324/326
f 1948/2085/1964 933/996/949 931/994/947
f 985/1053/1001 1848/1977/1864 1797/1924/1813
f 985/1053/1001 2593/2784/2609 1848/1977/1864
f 727/769/743 724/766/740 723/765/739
f 385/404/400 2594/2785/2610 1582/1697/1598
f 1310/1415/1326 2362/2545/2378 309/321/323
f 312/324/326 309/321/323 308/320/322
f 1065/1140/1081 2467/2652/2483 1676/1797/1692
f 246/258/257 1676/1797/1692 1380/1487/1396
f 1918/2052/1934 1917/2051/1933 2530/2720/2546
f 1498/1612/1514 1917/2051/1933 1499/1613/1515
f 1474/1586/1490 2514/2704/2530 591/619/607
f 1614/1731/1630 2514/2703/2530 1474/1587/1490
f 611/642/627 2091/2248/2107 1802/1929/1818
f 1764/1888/1780 611/642/627 1802/1929/1818
f 1421/1530/1437 2595/2786/2611 1946/2083/1962
f 103/108/105 119/124/122 2100/2257/2116
f 119/124/122 1846/1975/1862 2100/2257/2116
f 992/1060/1008 994/1062/1010 1226/1322/1242
f 1148/1229/1164 1145/1226/1161 1604/1719/1620
f 1145/1226/1161 1603/1718/1619 1604/1719/1620
f 1783/1910/1799 2386/2569/2402 1414/1521/1430
f 1670/1791/1686 1783/1910/1799 1414/1521/1430
f 1479/1592/1495 1478/1591/1494 1477/1590/1493
f 1478/1591/1494 66/69/68 2008/2155/2024
f 1012/1080/1028 1011/1079/1027 287/299/300
f 2095/2252/2111 2096/2253/2112 287/299/300
f 805/851/821 1443/1552/1459 1694/1815/1710
f 1443/1552/1459 805/851/821 1444/1553/1460
f 1714/1835/1730 274/286/286 2062/2213/2078
f 2095/2252/2111 1011/1079/1027 1010/1078/1026
f 2095/2252/2111 287/299/300 1011/1079/1027
f 1261/1361/1277 1786/1913/1802 1262/1362/1278
f 1263/1363/1279 2038/2186/2054 1261/1361/1277
f 1753/1877/1769 850/899/866 1754/1878/1770
f 2596/2787/2612 2597/2788/2613 1423/1532/1439
f 1411/1518/1427 2598/2789/2614 2023/2170/2039
f 1855/1984/1871 580/608/596 2480/2667/2496
f 1996/2143/2012 1530/1644/1546 2220/2387/2236
f 1997/2144/2013 1689/1810/1705 1996/2143/2012
f 2382/2565/2398 769/812/785 771/814/787
f 1441/1550/1457 1440/1549/1456 2382/2565/2398
f 966/1032/982 968/1034/984 949/1013/965
f 642/673/658 2446/2629/2462 949/1013/965
f 2446/2629/2462 966/1032/982 949/1013/965
f 2058/2207/2074 966/1032/982 2446/2629/2462
f 1714/1835/1730 842/891/858 1339/1445/1355
f 2261/2437/2277 842/891/858 1714/1835/1730
f 2024/2171/2040 580/608/596 2023/2170/2039
f 1670/1791/1686 580/608/596 2024/2171/2040
f 2585/2776/2601 2599/2790/2615 823/869/839
f 1213/1308/1229 2471/2658/2487 259/271/270
f 1288/1389/1304 1314/1419/1330 2339/2519/2355
f 812/858/828 1647/1768/1663 1649/1770/1665
f 1353/1459/1369 2190/2357/2206 1351/1457/1367
f 1353/1459/1369 2580/2771/2596 2190/2357/2206
f 1818/1947/1834 2600/2791/2616 6/6/6
f 1553/1668/1569 1556/1671/1572 2601/2792/2617
f 951/1015/967 660/691/676 662/693/678
f 1702/1823/1718 1645/1766/1661 1406/1513/1422
f 1645/1766/1661 1407/1514/1423 1406/1513/1422
f 769/812/785 2382/2565/2398 2602/2793/2618
f 632/663/648 2290/2467/2306 2602/2793/2618
f 2201/2368/2217 2204/2371/2220 2202/2369/2218
f 1724/1845/1740 1751/1875/1767 1315/1420/1331
f 900/956/916 902/958/918 1724/1845/1740
f 2202/2369/2218 2204/2371/2220 190/196/197
f 2202/2369/2218 190/196/197 2203/2370/2219
f 106/111/108 1297/1398/1313 104/109/106
f 2193/2360/2209 104/109/106 1297/1398/1313
f 1222/1318/1238 70/73/72 1087/1163/1103
f 2557/2747/2573 70/73/72 2486/2673/2502
f 1310/1415/1326 309/321/323 312/324/326
f 312/324/326 933/996/949 1310/1415/1326
f 564/592/580 602/633/618 2418/2601/2434
f 2358/2541/2374 1562/1677/1578 1564/1679/1580
f 2171/2334/2187 1564/1679/1580 2075/2231/2091
f 1537/1651/1553 1536/1650/1552 1879/2011/1895
f 1536/1650/1552 1507/1621/1523 1879/2011/1895
f 823/869/839 2599/2790/2615 1106/1182/1122
f 1106/1182/1122 2471/2658/2487 1788/1915/1804
f 1364/1471/1380 1492/1606/1508 1679/1800/1695
f 1679/1800/1695 1678/1799/1694 1681/1802/1697
f 1670/1791/1686 2025/2172/2041 1783/1910/1799
f 1670/1791/1686 2024/2171/2040 2025/2172/2041
f 1799/1926/1815 2424/2607/2440 1801/1928/1817
f 556/583/572 1908/2042/1924 1910/2044/1926
f 2103/2260/2119 535/562/551 556/583/572
f 1647/1768/1663 1288/1389/1304 2339/2519/2355
f 1647/1768/1663 2339/2519/2355 2340/2520/2356
f 1917/2051/1933 1498/1612/1514 2530/2720/2546
f 1498/1612/1514 1639/1760/1655 2530/2720/2546
f 780/823/796 782/825/798 1003/1071/1019
f 1944/2081/1960 780/823/796 1947/2084/1963
f 1540/1654/1556 1542/1656/1558 651/682/667
f 653/684/669 1540/1654/1556 651/682/667
f 2424/2607/2440 348/362/363 1801/1928/1817
f 348/362/363 2424/2607/2440 349/363/364
f 623/654/639 1906/2040/1922 1293/1394/1309
f 2580/2771/2596 2572/2763/2588 1293/1394/1309
f 260/272/271 6/6/6 263/275/274
f 2600/2791/2616 1556/1671/1572 6/6/6
f 123/128/126 185/191/192 2013/2160/2029
f 2371/2554/2387 1863/1992/1879 1132/1213/1148
f 2513/2702/2529 1552/1667/1568 2371/2554/2387
f 2603/2794/2619 1649/1770/1665 1647/1768/1663
f 808/854/824 1649/1770/1665 2603/2794/2619
f 759/802/775 1428/1537/1444 11/12/11
f 2570/2761/2586 2370/2553/2386 684/720/700
f 2604/2795/2620 1956/2094/1972 1123/1204/1139
f 411/430/427 410/429/426 797/842/813
f 411/430/427 797/842/813 1876/2006/1892
f 1069/1144/1085 1851/1980/1867 12/13/12
f 11/12/11 1069/1144/1085 12/13/12
f 2093/2250/2109 2605/2796/2621 2092/2249/2108
f 2140/2301/2156 2353/2536/2369 2092/2249/2108
f 821/867/837 1495/1609/1511 1496/1610/1512
f 821/867/837 1705/1826/1721 1495/1609/1511
f 1288/1389/1304 1647/1768/1663 812/858/828
f 811/857/827 1288/1389/1304 812/858/828
f 2269/2445/2285 1579/1694/1595 506/533/522
f 1842/1971/1858 2411/2594/2427 2043/2191/2059
f 2041/2189/2057 2043/2191/2059 2411/2594/2427
f 2434/2617/2450 2442/2625/2458 108/113/110
f 108/113/110 2442/2625/2458 113/118/115
f 2367/2550/2383 2606/2797/2622 2607/2798/2623
f 905/962/921 2607/2798/2623 1218/1313/1234
f 2184/2349/2200 1619/1740/1635 1765/1890/1781
f 2184/2350/2200 1765/1891/1781 2185/2351/2201
f 2209/2376/2225 2338/2518/2354 2608/2799/2624
f 657/688/673 622/653/638 2609/2800/2625
f 885/941/901 2015/2162/2031 886/942/902
f 1967/2108/1983 886/942/902 2015/2162/2031
f 2067/2221/2083 1835/1964/1851 2068/2222/2084
f 2023/2170/2039 580/608/596 1855/1984/1871
f 2515/2705/2531 1448/1559/1464 2266/2442/2282
f 1446/1556/1462 2266/2442/2282 1448/1559/1464
f 1586/1701/1602 1078/1154/1094 1584/1699/1600
f 1584/1699/1600 1078/1154/1094 1077/1153/1093
f 1911/2045/1927 471/496/487 1235/1331/1251
f 471/496/487 1911/2045/1927 469/494/485
f 1279/1379/1295 1837/1966/1853 1839/1968/1855
f 1837/1966/1853 1279/1379/1295 1278/1378/1294
f 1056/1131/1072 26/27/26 1142/1223/1158
f 26/27/26 25/26/25 1142/1223/1158
f 1376/1483/1392 1778/1905/1794 2610/2801/2626
f 237/249/247 2610/2801/2626 2306/2484/2322
f 800/846/816 314/326/328 306/318/319
f 309/321/323 800/846/816 310/322/324
f 1919/2053/1935 2348/2530/2364 1560/1675/1576
f 2611/2802/2627 2348/2530/2364 1919/2053/1935
f 1862/1991/1878 1049/1124/1065 1051/1126/1067
f 880/936/896 1051/1126/1067 1049/1124/1065
f 2172/2335/2188 2136/2297/2152 2612/2803/2628
f 612/643/628 98/103/100 1230/1326/1246
f 1768/1895/1784 1230/1326/1246 98/103/100
f 2593/2784/2609 1113/1189/1129 1848/1977/1864
f 2520/2710/2536 1907/2041/1923 2195/2362/2211
f 2520/2710/2536 2311/2489/2327 1907/2041/1923
f 276/288/289 1813/1940/1829 284/296/297
f 284/296/297 1813/1940/1829 1897/2031/1913
f 2336/2516/2352 2044/2192/2060 1790/1917/1806
f 1816/1945/1832 836/885/852 835/884/851
f 837/886/853 2449/2632/2465 835/884/851
f 2343/2524/2359 929/992/945 2070/2225/2086
f 702/741/718 2343/2525/2359 2070/2224/2086
f 77/80/79 440/465/456 443/468/459
f 77/80/79 76/79/78 440/465/456
f 505/532/521 1827/1956/1843 1271/1371/1287
f 1827/1956/1843 2551/2741/2567 1828/1957/1844
f 354/368/369 3/3/3 1963/2104/1979
f 1654/1775/1670 354/368/369 1963/2104/1979
f 2273/2449/2289 636/667/652 294/306/307
f 2140/2301/2156 2092/2249/2108 2605/2796/2621
f 2104/2261/2120 2140/2301/2156 2613/2804/2629
f 1120/1200/1136 1028/1096/1044 1030/1098/1046
f 1120/1200/1136 1119/1196/1135 1028/1096/1044
f 2018/2165/2034 763/806/779 766/809/782
f 766/809/782 763/806/779 320/333/334
f 839/888/855 1756/1880/1772 435/460/451
f 1868/1997/1884 1867/1996/1883 2271/2447/2287
f 2271/2447/2287 2614/2805/2630 2272/2448/2288
f 1747/1871/1763 1928/2062/1944 1927/2061/1943
f 2356/2539/2372 1928/2062/1944 1747/1871/1763
f 364/381/379 1622/1743/1638 1620/1741/1636
f 942/1006/958 364/381/379 1620/1741/1636
f 1546/1660/1562 2615/2806/2631 2518/2708/2534
f 854/903/870 2518/2708/2534 1430/1539/1446
f 610/641/626 609/640/625 2311/2489/2327
f 2311/2489/2327 2520/2710/2536 610/641/626
f 284/296/297 1897/2031/1913 2449/2632/2465
f 493/520/509 2198/2365/2214 494/521/510
f 1126/1207/1142 1601/1716/1617 1203/1296/1219
f 1601/1716/1617 2457/2640/2473 1203/1296/1219
f 1522/1636/1538 1191/1283/1207 1746/1870/1762
f 1746/1870/1762 1191/1283/1207 1192/1284/1208
f 2027/2174/2043 2216/2383/2232 862/912/878
f 2216/2383/2232 2027/2174/2043 2546/2736/2562
f 996/1064/1012 995/1063/1011 1379/1486/1395
f 210/222/218 212/224/220 2260/2436/2276
f 1629/1750/1645 2260/2436/2276 212/224/220
f 1394/1501/1410 1393/1500/1409 1864/1993/1880
f 1864/1993/1880 789/832/805 1394/1501/1410
f 2092/2249/2108 2354/2537/2370 2094/2251/2110
f 1722/1843/1738 1742/1866/1758 2094/2251/2110
f 2229/2398/2245 2110/2267/2126 1120/1199/1136
f 2230/2400/2246 1551/1666/1567 1550/1664/1566
f 1931/2065/1947 412/431/428 1071/1147/1087
f 1071/1147/1087 1070/1145/1086 1931/2065/1947
f 1696/1817/1712 1442/1551/1458 537/564/553
f 985/1053/1001 984/1052/1000 1588/1703/1604
f 985/1053/1001 1588/1703/1604 2593/2784/2609
f 2515/2705/2531 2616/2807/2632 922/984/938
f 1430/1539/1446 2518/2708/2534 2333/2512/2349
f 1431/1540/1447 1430/1539/1446 2333/2512/2349
f 424/448/440 2225/2392/2241 339/352/354
f 1177/1266/1193 1994/2141/2010 1178/1267/1194
f 299/311/312 88/91/90 80/83/82
f 749/791/765 2338/2518/2354 2209/2376/2225
f 749/791/765 2209/2376/2225 752/794/768
f 220/232/228 839/888/855 2617/2808/2633
f 2122/2280/2138 2115/2273/2131 2031/2178/2047
f 2031/2178/2047 2115/2273/2131 2011/2158/2027
f 1676/1797/1692 2618/2809/2634 1380/1487/1396
f 1930/2064/1946 1929/2063/1945 2618/2809/2634
f 1132/1213/1148 1913/2047/1929 1130/1211/1146
f 1130/1211/1146 1913/2047/1929 1862/1991/1878
f 2458/2642/2474 300/312/313 461/486/477
f 300/312/313 2458/2642/2474 2108/2265/2124
f 752/794/768 1062/1137/1078 753/795/769
f 1481/1594/1497 64/67/66 2619/2810/2635
f 1481/1594/1497 1553/1668/1569 64/67/66
f 321/334/335 75/78/77 2373/2556/2389
f 321/334/335 73/76/75 75/78/77
f 1108/1184/1124 708/750/724 1428/1537/1444
f 1107/1183/1123 708/750/724 1108/1184/1124
f 490/517/506 492/519/508 2129/2287/2145
f 492/519/508 2302/2480/2318 2129/2287/2145
f 1581/1696/1597 1580/1695/1596 407/426/423
f 408/427/424 407/426/423 2620/2811/2636
f 1338/1444/1354 148/153/152 2101/2258/2117
f 171/177/177 1500/1614/1516 172/178/178
f 2252/2428/2268 1500/1614/1516 171/177/177
f 1151/1232/1167 342/356/357 460/485/476
f 342/356/357 1801/1928/1817 340/354/355
f 191/197/198 173/179/179 787/830/803
f 191/197/198 171/177/177 173/179/179
f 1671/1792/1687 872/924/888 580/608/596
f 365/382/380 942/1006/958 872/924/888
f 1323/1429/1339 1637/1758/1653 761/804/777
f 1648/1769/1664 2521/2711/2537 551/578/567
f 551/578/567 809/855/825 1648/1769/1664
f 1179/1268/1195 1814/1942/1830 1896/2030/1912
f 1896/2030/1912 1814/1942/1830 1897/2031/1913
f 141/146/145 2522/2712/2538 2033/2181/2049
f 992/1060/1008 965/1031/981 989/1057/1005
f 989/1057/1005 991/1059/1007 992/1060/1008
f 237/249/247 2306/2484/2322 2307/2485/2323
f 659/690/675 1274/1374/1290 1273/1373/1289
f 659/690/675 1273/1373/1289 1272/1372/1288
f 2534/2724/2550 338/351/353 2541/2731/2557
f 1071/1147/1087 2541/2731/2557 1072/1148/1088
f 695/734/711 1750/1874/1766 2474/2661/2490
f 2474/2661/2490 693/732/709 915/973/931
f 434/459/450 1979/2122/1995 840/889/856
f 2285/2462/2301 2283/2460/2299 573/601/589
f 2128/2286/2144 490/517/506 2129/2287/2145
f 1582/1697/1598 490/517/506 2128/2286/2144
f 2280/2457/2296 1666/1787/1682 457/482/473
f 1666/1787/1682 1185/1274/1201 457/482/473
f 1100/1176/1116 328/341/342 1099/1175/1115
f 2161/2323/2177 743/785/759 742/784/758
f 2609/2800/2625 2338/2518/2354 657/688/673
f 2338/2518/2354 748/790/764 657/688/673
f 1760/1884/1776 1418/1527/1434 2621/2812/2637
f 2621/2812/2637 1418/1527/1434 2299/2476/2315
f 1398/1505/1414 2051/2200/2067 2409/2592/2425
f 1372/1479/1388 2051/2200/2067 1398/1505/1414
f 1653/1774/1669 1652/1773/1668 315/327/329
f 315/327/329 1654/1775/1670 1653/1774/1669
f 1325/1431/1341 316/329/330 834/882/850
f 316/328/330 315/327/329 1139/1220/1155
f 1785/1912/1801 1828/1957/1844 1646/1767/1662
f 1646/1767/1662 1828/1957/1844 630/661/646
f 2463/2647/2479 488/515/504 487/514/503
f 1381/1488/1397 1268/1368/1284 466/491/482
f 310/322/324 303/315/316 1396/1503/1412
f 598/628/614 2566/2756/2582 2565/2755/2581
f 598/628/614 436/461/452 438/463/454
f 3/3/3 1134/1215/1150 1964/2105/1980
f 1159/1242/1175 1972/2115/1988 2030/2177/2046
f 1159/1242/1175 2030/2177/2046 1429/1538/1445
f 2104/2261/2120 556/583/572 555/582/571
f 2104/2261/2120 555/582/571 2139/2300/2155
f 499/526/515 2101/2258/2117 2421/2604/2437
f 2101/2258/2117 148/153/152 2421/2604/2437
f 985/1053/1001 1821/1950/1837 2278/2455/2294
f 2279/2456/2295 2278/2455/2294 1821/1950/1837
f 637/668/653 1334/1440/1350 1333/1439/1349
f 1651/1772/1667 1334/1440/1350 637/668/653
f 381/400/396 380/398/395 1808/1935/1824
f 1808/1935/1824 1893/2025/1909 1895/2029/1911
f 1457/1568/1473 2294/2471/2310 1458/1569/1474
f 1458/1569/1474 1937/2074/1953 1457/1568/1473
f 163/169/168 1909/2043/1925 1908/2042/1924
f 705/747/721 163/169/168 2277/2453/2293
f 1706/1827/1722 1103/1179/1119 2622/2813/2638
f 152/157/156 2623/2814/2639 887/943/903
f 2623/2814/2639 173/179/179 887/943/903
f 2153/2315/2169 2397/2580/2413 569/597/585
f 1198/1290/1214 569/597/585 568/596/584
f 2624/2815/2640 1815/1943/1831 1814/1941/1830
f 2551/2741/2567 505/532/521 507/534/523
f 1827/1956/1843 505/532/521 2551/2741/2567
f 565/593/581 1831/1960/1847 308/320/322
f 2566/2756/2582 598/628/614 438/463/454
f 1558/1673/1574 438/463/454 2035/2183/2051
f 1276/1376/1292 1065/1140/1081 246/258/257
f 246/258/257 2625/2816/2641 1676/1797/1692
f 2626/2817/2642 1184/1273/1200 2139/2300/2155
f 2139/2300/2155 555/582/571 2626/2817/2642
f 694/733/710 1751/1875/1767 695/734/711
f 2532/2722/2548 1751/1875/1767 694/733/710
f 2627/2818/2643 1729/1850/1745 2006/2153/2022
f 2627/2818/2643 2006/2153/2022 2007/2154/2023
f 184/190/191 2324/2503/2340 1710/1831/1726
f 182/188/189 184/190/191 2556/2746/2572
f 2489/2676/2505 2099/2256/2115 92/95/94
f 2170/2332/2186 2075/2232/2091 419/439/435
f 2170/2333/2186 419/438/435 2475/2662/2491
f 2595/2786/2611 926/988/942 923/985/939
f 923/985/939 1946/2083/1962 2595/2786/2611
f 1183/1272/1199 2416/2599/2432 1720/1841/1736
f 2280/2457/2296 457/482/473 1954/2092/1970
f 991/1059/1007 993/1061/1009 992/1060/1008
f 993/1061/1009 1998/2145/2014 994/1062/1010
f 1232/1328/1248 1078/1154/1094 1912/2046/1928
f 1232/1328/1248 1912/2046/1928 1235/1331/1251
f 482/509/498 2387/2570/2403 2497/2685/2513
f 2497/2685/2513 2387/2570/2403 2388/2571/2404
f 747/789/763 746/788/762 1830/1959/1846
f 747/789/763 1830/1959/1846 1368/1475/1384
f 1023/1091/1039 1690/1811/1706 1699/1820/1715
f 1690/1811/1706 1023/1091/1039 578/606/594
f 1387/1494/1403 169/175/174 2460/2644/2476
f 2461/2645/2477 1387/1494/1403 2460/2644/2476
f 993/1061/1009 991/1059/1007 1998/2145/2014
f 991/1059/1007 1901/2035/1917 1998/2145/2014
f 243/255/253 1087/1163/1103 2557/2747/2573
f 1137/1218/1153 1703/1824/1719 1844/1973/1860
f 1844/1973/1860 1703/1824/1719 229/241/237
f 783/826/799 926/988/942 2098/2255/2114
f 2596/2787/2612 2098/2255/2114 2597/2788/2613
f 63/66/65 2557/2747/2573 736/778/752
f 2557/2747/2573 63/66/65 243/255/253
f 90/93/92 2628/2819/2644 2337/2517/2353
f 1365/1472/1381 1734/1855/1750 1363/1470/1379
f 2467/2652/2483 1065/1140/1081 1674/1795/1690
f 2467/2652/2483 1674/1795/1690 2135/2296/2151
f 2098/2255/2114 926/988/942 2597/2788/2613
f 926/988/942 2595/2786/2611 2629/2820/2645
f 1706/1827/1722 2622/2813/2638 38/39/39
f 1757/1881/1773 977/1045/993 2235/2406/2251
f 522/549/538 517/544/533 543/570/559
f 543/570/559 517/544/533 541/568/557
f 2445/2628/2461 671/707/687 1045/1117/1061
f 1045/1117/1061 1465/1577/1481 1613/1730/1629
f 1248/1345/1264 2257/2433/2273 2512/2701/2528
f 2512/2701/2528 1687/1808/1703 1248/1345/1264
f 1233/1329/1249 1060/1135/1076 1234/1330/1250
f 2232/2403/2248 1060/1135/1076 1233/1329/1249
f 2626/2817/2642 1181/1270/1197 1184/1273/1200
f 1181/1270/1197 2626/2817/2642 555/582/571
f 1204/1297/1220 634/665/650 2072/2228/2088
f 1204/1297/1220 699/738/715 634/665/650
f 215/227/223 250/262/261 252/264/263
f 1607/1722/1623 1606/1721/1622 2284/2461/2300
f 1607/1722/1623 2284/2461/2300 1608/1723/1624
f 2347/2529/2363 1914/2048/1930 1511/1625/1527
f 1511/1625/1527 1504/1618/1520 2347/2529/2363
f 397/416/412 701/740/717 2473/2660/2489
f 410/429/426 397/416/412 2473/2660/2489
f 542/569/558 604/635/620 2299/2476/2315
f 516/543/532 2544/2734/2560 1843/1972/1859
f 1092/1168/1108 2440/2623/2456 371/388/386
f 371/388/386 1749/1873/1765 372/389/387
f 1233/1329/1249 470/495/486 2232/2403/2248
f 372/389/387 1749/1873/1765 1748/1872/1764
f 1635/1756/1651 1631/1752/1647 372/389/387
f 2630/2821/2646 2317/2495/2333 2631/2822/2647
f 2242/2417/2258 2226/2394/2242 2630/2821/2646
f 1451/1562/1467 1393/1500/1409 2251/2427/2267
f 1864/1993/1880 1393/1500/1409 1451/1562/1467
f 970/1036/986 2274/2450/2290 2064/2215/2080
f 2274/2450/2290 2275/2451/2291 2064/2215/2080
f 1170/1257/1186 2040/2188/2056 1565/1680/1581
f 2236/2407/2252 894/950/910 1940/2077/1956
f 2236/2407/2252 895/951/911 894/950/910
f 1497/1611/1513 1898/2032/1914 2272/2448/2288
f 1900/2034/1916 1898/2032/1914 1497/1611/1513
f 1880/2012/1896 2087/2244/2103 2086/2243/2102
f 1880/2012/1896 1881/2013/1897 1934/2069/1950
f 1050/1125/1066 880/936/896 1049/1124/1065
f 2016/2163/2032 1050/1125/1066 2017/2164/2033
f 1581/1696/1597 1838/1967/1854 491/518/507
f 491/518/507 1838/1967/1854 492/519/508
f 982/1050/998 747/789/763 1368/1475/1384
f 747/789/763 982/1050/998 745/787/761
f 1045/1117/1061 673/709/689 1046/1118/1062
f 1047/1120/1063 673/709/689 418/437/434
f 936/999/952 2046/2194/2062 2349/2531/2365
f 936/999/952 2349/2531/2365 688/726/704
f 167/173/172 2277/2453/2293 163/169/168
f 1252/1351/1268 2111/2268/2127 2277/2454/2293
f 140/145/144 1659/1780/1675 110/115/112
f 78/81/80 1659/1780/1675 140/145/144
f 12/13/12 1851/1980/1867 1779/1906/1795
f 2553/2743/2569 1779/1906/1795 1067/1142/1083
f 1970/2113/1986 1319/1425/1335 2247/2422/2263
f 963/1029/979 1319/1425/1335 1970/2113/1986
f 2160/2322/2176 2161/2323/2177 519/546/535
f 2160/2322/2176 743/785/759 2161/2323/2177
f 2519/2709/2535 1950/2087/1966 616/647/632
f 1852/1981/1868 1851/1980/1867 1069/1144/1085
f 1024/1092/1040 2399/2582/2415 2398/2581/2414
f 1024/1092/1040 2398/2581/2414 579/607/595
f 1893/2026/1909 380/399/395 2468/2653/2484
f 1808/1935/1824 380/398/395 1893/2025/1909
f 2014/2161/2030 1387/1494/1403 2210/2377/2226
f 1728/1849/1744 1365/1472/1381 1726/1847/1742
f 1728/1849/1744 1726/1847/1742 1383/1490/1399
f 476/502/492 1326/1432/1342 665/699/681
f 1973/2116/1989 1326/1432/1342 2535/2725/2551
f 583/611/599 582/610/598 2414/2597/2430
f 1024/1092/1040 583/611/599 2414/2597/2430
f 899/955/915 568/596/584 1482/1595/1498
f 568/596/584 1483/1596/1499 1482/1595/1498
f 880/936/896 1050/1125/1066 2016/2163/2032
f 880/936/896 2016/2163/2032 327/340/341
f 2267/2443/2283 2268/2444/2284 1691/1812/1707
f 2267/2443/2283 1691/1812/1707 618/649/634
f 2547/2737/2563 2244/2419/2260 2531/2721/2547
f 2064/2215/2080 2275/2451/2291 2244/2419/2260
f 915/973/931 693/732/709 916/974/932
f 2014/2161/2030 916/974/932 693/732/709
f 223/235/231 26/27/26 224/236/232
f 1080/1156/1096 2076/2233/2092 2126/2284/2142
f 738/780/754 223/235/231 222/234/230
f 1811/1938/1827 738/780/754 222/234/230
f 1343/1449/1359 2427/2610/2443 2084/2241/2100
f 2084/2241/2100 2083/2240/2099 1343/1449/1359
f 1012/1080/1028 2143/2304/2159 2539/2729/2555
f 2143/2304/2159 954/1018/970 2539/2729/2555
f 1539/1653/1555 1624/1745/1640 474/499/490
f 474/499/490 1624/1745/1640 472/497/488
f 2632/2823/2648 547/574/563 549/576/565
f 1846/1975/1862 119/124/122 129/134/132
f 1053/1128/1069 937/1000/953 270/282/282
f 1624/1745/1640 1539/1653/1555 1538/1652/1554
f 1624/1745/1640 1538/1652/1554 485/512/501
f 1937/2074/1953 2198/2365/2214 493/520/509
f 1436/1545/1452 1592/1707/1608 1242/1338/1258
f 1214/1309/1230 1436/1545/1452 2563/2753/2579
f 1472/1584/1488 1112/1188/1128 2395/2578/2411
f 2633/2824/2649 2395/2578/2411 2394/2577/2410
f 2073/2229/2089 1857/1986/1873 997/1065/1013
f 995/1063/1011 997/1065/1013 1857/1986/1873
f 905/962/921 904/961/920 2368/2551/2384
f 904/961/920 1175/1262/1191 2368/2551/2384
f 1754/1878/1770 1755/1879/1771 839/888/855
f 1340/1446/1356 1391/1498/1407 1390/1497/1406
f 1341/1447/1357 1340/1446/1356 1390/1497/1406
f 1279/1379/1295 1980/2123/1996 1581/1696/1597
f 1838/1967/1854 1581/1696/1597 1980/2123/1996
f 598/628/614 2565/2755/2581 597/627/613
f 597/627/613 2565/2755/2581 850/899/866
f 1251/1350/1267 2111/2268/2127 1252/1351/1268
f 2634/2825/2650 204/215/212 2111/2268/2127
f 2635/2826/2651 2069/2223/2085 2300/2478/2316
f 2635/2826/2651 2507/2695/2523 2069/2223/2085
f 2404/2587/2420 1643/1764/1659 1097/1173/1113
f 2490/2678/2506 420/441/436 1735/1856/1751
f 2490/2677/2506 1735/1857/1751 478/505/494
f 964/1030/980 1227/1323/1243 2197/2364/2213
f 964/1030/980 2197/2364/2213 962/1028/978
f 1209/1304/1225 2631/2822/2647 2317/2495/2333
f 2317/2495/2333 1206/1299/1222 1209/1304/1225
f 788/831/804 883/939/899 882/938/898
f 1690/1811/1706 1621/1742/1637 2159/2321/2175
f 2159/2321/2175 1621/1742/1637 944/1008/960
f 2631/2822/2647 1209/1304/1225 2047/2195/2063
f 2241/2415/2257 2242/2417/2258 2047/2195/2063
f 2133/2294/2149 461/486/477 757/799/773
f 462/487/478 461/486/477 2133/2294/2149
f 2246/2421/2262 512/539/528 511/538/527
f 512/539/528 2246/2421/2262 1454/1565/1470
f 2612/2803/2628 2136/2297/2152 1376/1483/1392
f 1375/1482/1391 2612/2803/2628 1376/1483/1392
f 1469/1581/1485 1985/2128/2001 1986/2129/2002
f 1469/1581/1485 1986/2129/2002 907/965/923
f 607/638/623 2484/2671/2500 856/905/872
f 2052/2201/2068 1098/1174/1114 2036/2184/2052
f 2052/2201/2068 586/614/602 1098/1174/1114
f 2036/2184/2052 508/535/524 510/537/526
f 1098/1174/1114 508/535/524 2036/2184/2052
f 1516/1630/1532 1515/1629/1531 1519/1633/1535
f 2575/2766/2591 285/297/298 2383/2566/2399
f 2001/2148/2017 2000/2147/2016 285/297/298
f 908/966/924 2376/2559/2392 909/967/925
f 1260/1360/1276 2636/2827/2652 2402/2585/2418
f 2637/2828/2653 717/759/733 2402/2585/2418
f 2400/2583/2416 1926/2060/1942 1488/1602/1504
f 2398/2581/2414 1924/2058/1940 2400/2583/2416
f 103/108/105 2100/2257/2116 2099/2256/2115
f 2099/2256/2115 2488/2675/2504 103/108/105
f 22/23/22 21/22/21 166/172/171
f 166/172/171 1043/1114/1059 165/171/170
f 2638/2829/2654 344/358/359 1349/1455/1365
f 2116/2274/2132 344/358/359 2638/2829/2654
f 1519/1633/1535 2639/2830/2655 2636/2827/2652
f 2639/2830/2655 2402/2585/2418 2636/2827/2652
f 1329/1435/1345 2640/2831/2656 1330/1436/1346
f 2255/2431/2271 647/678/663 299/311/312
f 2641/2832/2657 1670/1791/1686 1414/1521/1430
f 2641/2832/2657 1671/1792/1687 1670/1791/1686
f 1955/2093/1971 1431/1540/1447 1957/2095/1973
f 1955/2093/1971 1957/2095/1973 2463/2647/2479
f 1456/1567/1472 935/998/951 802/848/818
f 935/998/951 1456/1567/1472 1311/1416/1327
f 631/662/647 1210/1305/1226 2085/2242/2101
f 1592/1707/1608 1214/1309/1230 1593/1708/1609
f 1592/1707/1608 1436/1545/1452 1214/1309/1230
f 674/710/690 1209/1304/1225 1210/1305/1226
f 1210/1305/1226 669/705/685 674/710/690
f 1913/2047/1929 1863/1992/1879 726/768/742
f 1913/2047/1929 1132/1213/1148 1863/1992/1879
f 107/112/109 2209/2376/2225 2443/2626/2459
f 2608/2799/2624 2443/2626/2459 2209/2376/2225
f 2642/2833/2658 1727/1848/1743 1987/2130/2003
f 2029/2176/2045 2642/2833/2658 1426/1535/1442
f 2210/2377/2226 913/971/929 1382/1489/1398
f 1671/1792/1687 365/382/380 872/924/888
f 2641/2832/2657 365/382/380 1671/1792/1687
f 709/751/725 531/558/547 530/557/546
f 1518/1632/1534 709/751/725 530/557/546
f 367/384/382 2372/2555/2388 389/408/404
f 978/1046/994 627/658/643 2005/2152/2021
f 2521/2711/2537 2340/2520/2356 2643/2834/2659
f 2516/2706/2532 2521/2711/2537 2643/2834/2659
f 2288/2465/2304 2561/2751/2577 632/663/648
f 697/736/713 282/294/295 2561/2751/2577
f 2511/2699/2527 421/444/437 420/440/436
f 420/441/436 2490/2678/2506 2511/2700/2527
f 2164/2326/2180 2255/2431/2271 2254/2430/2270
f 2640/2831/2656 2164/2326/2180 1330/1436/1346
f 510/537/526 1271/1371/1287 2253/2429/2269
f 2037/2185/2053 510/537/526 2253/2429/2269
f 2515/2705/2531 2266/2442/2282 1677/1798/1693
f 2266/2442/2282 1264/1364/1280 1677/1798/1693
f 1536/1650/1552 863/913/879 1625/1746/1641
f 2507/2695/2523 1625/1746/1641 863/913/879
f 365/382/380 2641/2832/2657 1413/1520/1429
f 1413/1520/1429 2641/2832/2657 1414/1521/1430
f 41/42/42 838/887/854 220/232/228
f 1727/1848/1743 2642/2833/2658 2029/2176/2045
f 2029/2176/2045 1365/1472/1381 1727/1848/1743
f 90/93/92 1733/1854/1749 91/94/93
f 1652/1773/1668 687/724/703 1139/1220/1155
f 233/245/243 235/247/245 2034/2182/2050
f 2488/2675/2504 101/106/103 103/108/105
f 2488/2675/2504 2489/2676/2505 101/106/103
f 316/328/330 1139/1220/1155 834/883/850
f 834/883/850 1139/1220/1155 686/723/702
f 447/472/463 2406/2589/2422 175/181/181
f 621/652/637 447/472/463 175/181/181
f 1131/1212/1147 1862/1991/1878 1129/1210/1145
f 2326/2505/2342 1131/1212/1147 2327/2506/2343
f 941/1005/957 1136/1217/1152 1138/1219/1154
f 1138/1219/1154 939/1003/955 941/1005/957
f 2071/2226/2087 703/743/719 2070/2225/2086
f 706/748/722 2071/2227/2087 2072/2228/2088
f 2644/2835/2660 385/404/400 2576/2767/2592
f 387/406/402 2576/2767/2592 385/404/400
f 791/834/807 793/836/809 790/833/806
f 1757/1881/1773 790/833/806 793/836/809
f 294/306/307 956/1020/972 2273/2449/2289
f 522/549/538 521/548/537 518/545/534
f 1799/1926/1815 1801/1928/1817 1151/1232/1167
f 342/356/357 1151/1232/1167 1801/1928/1817
f 1149/1230/1165 1800/1927/1816 1799/1926/1815
f 1799/1926/1815 1151/1232/1167 1149/1230/1165
f 2087/2244/2103 2183/2347/2199 1616/1735/1632
f 1616/1734/1632 2183/2348/2199 1614/1731/1630
f 258/270/269 1214/1309/1230 259/271/270
f 1593/1708/1609 258/270/269 1633/1754/1649
f 734/776/750 2645/2836/2661 735/777/751
f 2494/2682/2510 405/424/421 404/423/420
f 1600/1715/1616 277/289/290 2646/2837/2662
f 2156/2318/2172 1009/1077/1025 351/365/366
f 1348/1454/1364 1349/1455/1365 2439/2622/2455
f 816/862/832 2439/2622/2455 1349/1455/1365
f 817/863/833 1473/1585/1489 815/861/831
f 817/863/833 976/1044/992 1473/1585/1489
f 1855/1984/1871 383/402/398 1856/1985/1872
f 1712/1833/1728 383/402/398 1369/1476/1385
f 2647/2838/2663 572/600/588 2278/2455/2294
f 1119/1196/1135 1031/1099/1047 1028/1096/1044
f 201/211/208 572/600/588 2647/2838/2663
f 961/1027/977 601/632/617 600/630/616
f 2567/2758/2583 961/1027/977 939/1003/955
f 2288/2465/2304 632/663/648 634/665/650
f 658/689/674 573/601/589 2283/2460/2299
f 658/689/674 2283/2460/2299 2492/2680/2508
f 534/561/550 714/756/730 713/755/729
f 533/560/549 714/756/730 534/561/550
f 2440/2623/2456 391/410/406 2356/2539/2372
f 2356/2539/2372 1747/1871/1763 1749/1873/1765
f 918/976/934 766/809/782 319/332/333
f 1658/1779/1674 2491/2679/2507 1321/1427/1337
f 2491/2679/2507 2396/2579/2412 1321/1427/1337
f 1673/1794/1689 2298/2475/2314 448/473/464
f 1672/1793/1688 1673/1794/1689 448/473/464
f 2289/2466/2305 699/738/715 698/737/714
f 2355/2538/2371 1978/2121/1994 2264/2440/2280
f 2188/2355/2204 1978/2121/1994 2355/2538/2371
f 1444/1553/1460 805/851/821 804/850/820
f 804/850/820 1327/1433/1343 1444/1553/1460
f 2027/2174/2043 2323/2502/2339 2546/2736/2562
f 2323/2502/2339 745/787/761 2546/2736/2562
f 446/471/462 2648/2839/2664 142/147/146
f 2649/2840/2665 448/473/464 2298/2475/2314
f 608/639/624 857/906/873 1678/1799/1694
f 607/638/623 857/906/873 608/639/624
f 2056/2205/2072 1707/1828/1723 1375/1482/1391
f 699/738/715 2288/2465/2304 634/665/650
f 2289/2466/2305 2288/2465/2304 699/738/715
f 1523/1637/1539 2485/2672/2501 606/637/622
f 2591/2782/2607 2485/2672/2501 1523/1637/1539
f 1517/1631/1533 296/308/309 627/658/643
f 296/308/309 1517/1631/1533 1516/1630/1532
f 205/216/213 216/228/224 930/993/946
f 216/228/224 205/216/213 1266/1366/1282
f 1433/1542/1449 357/371/372 356/370/371
f 2211/2378/2227 2375/2558/2391 1432/1541/1448
f 2211/2378/2227 1432/1541/1448 2212/2379/2228
f 1502/1616/1518 893/949/909 1952/2089/1968
f 1501/1615/1517 893/949/909 1502/1616/1518
f 2174/2337/2190 1302/1407/1318 1812/1939/1828
f 2174/2337/2190 2173/2336/2189 1302/1407/1318
f 359/373/374 2386/2569/2402 1033/1104/1049
f 467/492/483 1688/1809/1704 468/493/484
f 1686/1807/1702 1688/1809/1704 467/492/483
f 1994/2141/2010 1988/2132/2004 2225/2392/2241
f 1178/1267/1194 1994/2141/2010 2225/2392/2241
f 2261/2437/2277 2590/2781/2606 330/343/345
f 330/343/345 842/891/858 2261/2437/2277
f 1545/1659/1561 275/287/288 2333/2512/2349
f 2615/2806/2631 1546/1660/1562 1545/1659/1561
f 1545/1659/1561 2333/2512/2349 2615/2806/2631
f 2518/2708/2534 2615/2806/2631 2333/2512/2349
f 54/56/56 2053/2202/2069 55/57/57
f 48/49/50 2053/2202/2069 2499/2687/2515
f 2650/2841/2666 2363/2546/2379 192/198/199
f 2582/2773/2598 1639/1760/1655 2249/2425/2265
f 492/519/508 1840/1969/1856 1187/1278/1203
f 492/519/508 1838/1967/1854 1840/1969/1856
f 405/424/421 2494/2682/2510 735/777/751
f 2486/2673/2502 735/777/751 2494/2682/2510
f 2215/2382/2231 1007/1075/1023 2415/2598/2431
f 357/371/372 1433/1542/1449 2142/2303/2158
f 1433/1542/1449 36/37/37 2142/2303/2158
f 1420/1529/1436 2596/2787/2612 2651/2842/2667
f 1420/1529/1436 2651/2842/2667 1422/1531/1438
f 2383/2566/2399 285/297/298 2000/2147/2016
f 650/681/666 2383/2566/2399 2000/2147/2016
f 1385/1492/1401 2652/2843/2668 857/906/873
f 643/674/659 1384/1491/1400 2059/2208/2075
f 2451/2634/2467 1774/1901/1790 1010/1078/1026
f 2451/2634/2467 1010/1078/1026 2450/2633/2466
f 290/302/303 289/301/302 2273/2449/2289
f 2079/2236/2095 444/469/460 1468/1580/1484
f 132/137/135 2303/2481/2319 2020/2167/2036
f 2314/2492/2330 2020/2167/2036 2303/2481/2319
f 356/370/371 2212/2379/2228 1432/1541/1448
f 376/393/391 387/406/402 386/405/401
f 892/948/908 386/405/401 385/404/400
f 291/303/304 136/141/139 292/304/305
f 376/393/391 892/948/908 889/945/905
f 386/405/401 892/948/908 376/393/391
f 652/683/668 2231/2402/2247 653/684/669
f 198/208/205 2231/2402/2247 652/683/668
f 228/240/236 1331/1437/1347 679/715/695
f 1780/1907/1796 2409/2592/2425 925/987/941
f 925/987/941 2409/2592/2425 1371/1478/1387
f 2653/2844/2669 2298/2475/2314 142/147/146
f 2298/2475/2314 140/145/144 142/147/146
f 122/127/125 2464/2648/2480 2121/2279/2137
f 2121/2279/2137 123/128/126 122/127/125
f 752/794/768 1820/1949/1836 749/791/765
f 2249/2425/2265 1640/1761/1656 2568/2759/2584
f 2568/2759/2584 1640/1761/1656 1500/1614/1516
f 2562/2752/2578 858/907/874 2059/2208/2075
f 1874/2003/1890 2472/2659/2488 645/676/661
f 1873/2002/1889 2472/2659/2488 1874/2003/1890
f 1945/2082/1961 1944/2081/1960 451/476/467
f 1945/2082/1961 451/476/467 2435/2618/2451
f 856/905/872 2059/2208/2075 1385/1492/1401
f 2059/2208/2075 2652/2843/2668 1385/1492/1401
f 1733/1854/1749 1426/1535/1442 91/94/93
f 2029/2176/2045 1426/1535/1442 1733/1854/1749
f 1875/2004/1891 1328/1434/1344 1304/1409/1320
f 1328/1434/1344 1875/2004/1891 1874/2003/1890
f 2009/2156/2025 2413/2596/2429 2654/2845/2670
f 2010/2157/2026 2009/2156/2025 2654/2845/2670
f 1942/2079/1958 251/263/262 846/895/862
f 1120/1199/1136 2110/2267/2126 1118/1195/1134
f 1384/1491/1400 857/906/873 2652/2843/2668
f 1384/1491/1400 2652/2843/2668 2059/2208/2075
f 2389/2572/2405 2206/2373/2222 2205/2372/2221
f 2206/2373/2222 2389/2572/2405 1590/1705/1606
f 2456/2639/2472 2550/2740/2566 507/534/523
f 2551/2741/2567 507/534/523 2550/2740/2566
f 2607/2798/2623 905/962/921 2367/2550/2383
f 2367/2550/2383 905/962/921 2368/2551/2384
f 1574/1689/1590 1572/1687/1588 1738/1861/1754
f 2606/2797/2622 1574/1689/1590 2607/2798/2623
f 2123/2281/2139 898/954/914 897/953/913
f 897/953/913 451/476/467 2123/2281/2139
f 900/956/916 1724/1845/1740 1315/1420/1331
f 2500/2688/2516 900/956/916 1287/1388/1303
f 2591/2782/2607 1529/1643/1545 1144/1225/1160
f 2591/2782/2607 1523/1637/1539 1529/1643/1545
f 1876/2005/1892 2523/2713/2539 795/839/811
f 1876/2006/1892 795/838/811 1878/2009/1894
f 2163/2325/2179 871/923/887 1656/1777/1672
f 871/923/887 1784/1911/1800 869/921/885
f 2132/2293/2148 2130/2289/2146 2335/2515/2351
f 1961/2102/1977 2130/2288/2146 959/1024/975
f 1506/1620/1522 1534/1648/1550 1544/1658/1560
f 1534/1648/1550 1506/1620/1522 1505/1619/1521
f 2197/2364/2213 2404/2587/2420 962/1028/978
f 2197/2364/2213 1643/1764/1659 2404/2587/2420
f 126/131/129 2193/2360/2209 127/132/130
f 1949/2086/1965 563/591/579 207/219/215
f 2143/2304/2159 1012/1080/1028 2144/2305/2160
f 2454/2637/2470 1669/1790/1685 733/775/749
f 1669/1790/1685 731/773/747 733/775/749
f 1943/2080/1959 846/895/862 251/263/262
f 1352/1458/1368 1351/1457/1367 1943/2080/1959
f 1934/2069/1950 1190/1282/1206 1189/1281/1205
f 1880/2012/1896 2086/2243/2102 1881/2013/1897
f 2086/2243/2102 1616/1735/1632 1881/2013/1897
f 729/771/745 2335/2514/2351 1961/2100/1977
f 2130/2289/2146 1961/2101/1977 2335/2515/2351
f 1910/2044/1926 1017/1085/1033 557/584/573
f 2504/2692/2520 1019/1087/1035 1017/1085/1033
f 183/189/190 1802/1929/1818 2091/2248/2107
f 183/189/190 2091/2248/2107 184/190/191
f 1867/1996/1883 1631/1752/1647 1634/1755/1650
f 1634/1755/1650 1631/1752/1647 1635/1756/1651
f 1943/2080/1959 251/263/262 1352/1458/1368
f 250/262/261 1352/1458/1368 251/263/262
f 1742/1866/1758 1744/1868/1760 2655/2846/2671
f 669/705/685 1210/1305/1226 631/662/647
f 1152/1233/1168 292/304/305 786/829/802
f 1152/1233/1168 786/829/802 772/815/788
f 1629/1750/1645 2504/2692/2520 2656/2847/2672
f 2656/2847/2672 2657/2848/2673 1629/1750/1645
f 1017/1085/1033 1910/2044/1926 2504/2692/2520
f 2504/2692/2520 1910/2044/1926 2656/2847/2672
f 1967/2108/1983 2390/2573/2406 43/44/44
f 2032/2179/2048 2021/2168/2037 1618/1738/1634
f 1618/1738/1634 2021/2168/2037 1619/1740/1635
f 1381/1488/1397 1167/1254/1183 225/237/233
f 231/243/239 225/237/233 1167/1254/1183
f 2658/2849/2674 914/972/930 50/51/52
f 2386/2569/2402 1782/1909/1798 1033/1104/1049
f 1782/1909/1798 2158/2320/2174 1033/1104/1049
f 612/643/628 609/640/625 1762/1886/1778
f 98/103/100 612/643/628 1762/1886/1778
f 2353/2536/2369 1722/1843/1738 2354/2537/2370
f 562/590/578 94/98/96 1461/1572/1477
f 1461/1573/1477 94/99/96 417/436/433
f 1726/1847/1742 1364/1471/1380 1681/1802/1697
f 1681/1802/1697 1364/1471/1380 1679/1800/1695
f 2578/2769/2594 1936/2073/1952 2579/2770/2595
f 2659/2850/2675 1266/1366/1282 1930/2064/1946
f 1268/1368/1284 1930/2064/1946 1266/1366/1282
f 2395/2578/2411 1115/1191/1131 1114/1190/1130
f 557/584/573 1017/1085/1033 539/566/555
f 2660/2851/2676 1985/2128/2001 2633/2824/2649
f 1676/1797/1692 1675/1796/1691 2618/2809/2634
f 2618/2809/2634 1675/1796/1691 1930/2064/1946
f 538/565/554 1182/1271/1198 539/566/555
f 1574/1689/1590 1738/1861/1754 2607/2798/2623
f 2607/2798/2623 1738/1861/1754 1218/1313/1234
f 2242/2417/2258 2631/2822/2647 2047/2195/2063
f 170/176/175 456/481/472 1014/1082/1030
f 1014/1082/1030 456/481/472 455/480/471
f 345/359/360 2116/2274/2132 2533/2723/2549
f 413/432/429 2533/2723/2549 2534/2724/2550
f 1259/1359/1275 2309/2487/2325 896/952/912
f 1259/1359/1275 2661/2852/2677 2309/2487/2325
f 2662/2854/2678 1935/2071/1951 1475/1588/1491
f 922/983/938 1935/2072/1951 2662/2853/2678
f 2057/2206/2073 2433/2616/2449 2558/2748/2574
f 487/514/503 1255/1355/1271 2463/2647/2479
f 1255/1355/1271 487/514/503 1933/2068/1949
f 274/286/286 273/285/285 2062/2213/2078
f 845/894/861 273/285/285 272/284/284
f 2579/2770/2595 1936/2073/1952 1819/1948/1835
f 2548/2738/2564 2579/2770/2595 1819/1948/1835
f 2012/2159/2028 2654/2845/2670 2413/2596/2429
f 2654/2845/2670 2012/2159/2028 2663/2855/2679
f 910/968/926 2560/2750/2576 453/478/469
f 1220/1316/1236 1668/1789/1684 1221/1317/1237
f 1221/1317/1237 1668/1789/1684 1222/1318/1238
f 2152/2314/2168 1590/1705/1606 2397/2580/2413
f 2152/2314/2168 2397/2580/2413 2153/2315/2169
f 1785/1912/1801 1646/1767/1662 1163/1247/1179
f 778/821/794 1958/2096/1974 318/331/332
f 1681/1802/1697 857/906/873 1383/1490/1399
f 1383/1490/1399 1726/1847/1742 1681/1802/1697
f 502/529/518 1527/1641/1543 503/530/519
f 1157/1240/1173 2309/2487/2325 1075/1151/1091
f 2309/2487/2325 1073/1149/1089 1075/1151/1091
f 234/246/244 2168/2330/2184 621/652/637
f 2168/2330/2184 1869/1998/1885 621/652/637
f 66/69/68 1478/1591/1494 1479/1592/1495
f 1479/1592/1495 1481/1594/1497 2619/2810/2635
f 718/760/734 832/878/848 1465/1577/1481
f 349/363/364 932/995/948 862/912/878
f 2543/2733/2559 932/995/948 349/363/364
f 66/69/68 1479/1592/1495 2619/2810/2635
f 64/67/66 66/69/68 2619/2810/2635
f 1754/1878/1770 2565/2755/2581 1755/1879/1771
f 2660/2851/2676 2633/2824/2649 1197/1289/1213
f 516/543/532 1843/1972/1859 495/522/511
f 2244/2419/2260 2275/2451/2291 2531/2721/2547
f 2275/2451/2291 1479/1592/1495 2531/2721/2547
f 824/870/840 1124/1205/1140 825/871/841
f 366/383/381 2664/2856/2680 1622/1743/1638
f 333/346/348 1622/1743/1638 2664/2856/2680
f 2310/2488/2326 1192/1284/1208 295/307/308
f 2310/2488/2326 295/307/308 636/667/652
f 422/445/438 426/450/442 423/447/439
f 423/447/439 426/450/442 1814/1942/1830
f 2385/2568/2401 2384/2567/2400 209/221/217
f 219/231/227 217/229/225 2135/2296/2151
f 2467/2652/2483 2135/2296/2151 217/229/225
f 1426/1535/1442 1217/1312/1233 91/94/93
f 2566/2756/2582 438/463/454 1558/1673/1574
f 2146/2307/2162 2385/2568/2401 2665/2857/2681
f 2125/2283/2141 2385/2568/2401 209/221/217
f 1166/1253/1182 584/612/600 2127/2285/2143
f 2666/2858/2682 231/243/239 584/612/600
f 2286/2463/2302 2089/2246/2105 2287/2464/2303
f 2287/2464/2303 887/943/903 2286/2463/2302
f 1141/1222/1157 937/1000/953 687/724/703
f 937/1000/953 688/726/704 687/724/703
f 2308/2486/2324 896/952/912 2309/2487/2325
f 894/950/910 896/952/912 1941/2078/1957
f 1903/2037/1919 2580/2771/2596 1904/2038/1920
f 1293/1394/1309 1906/2040/1922 2580/2771/2596
f 1500/1614/1516 2088/2245/2104 172/178/178
f 172/178/178 2088/2245/2104 2286/2463/2302
f 2240/2414/2256 807/853/823 2054/2203/2070
f 1462/1574/1478 2240/2414/2256 2054/2203/2070
f 1353/1459/1369 250/262/261 2580/2771/2596
f 250/262/261 1353/1459/1369 1352/1458/1368
f 2609/2800/2625 1294/1395/1310 2667/2859/2683
f 2609/2800/2625 622/653/638 1294/1395/1310
f 1317/1422/1333 2468/2654/2484 1318/1424/1334
f 2468/2653/2484 380/399/395 1318/1423/1334
f 669/705/685 670/706/686 675/711/691
f 675/711/691 670/706/686 416/435/432
f 146/151/150 132/137/135 134/139/137
f 146/151/150 1346/1452/1362 132/137/135
f 980/1048/996 528/555/544 1276/1376/1292
f 526/553/542 528/555/544 980/1048/996
f 1959/2097/1975 1958/2096/1974 778/821/794
f 1830/1959/1846 1355/1461/1371 1354/1460/1370
f 1833/1962/1849 2668/2860/2684 1464/1576/1480
f 1833/1962/1849 1464/1576/1480 1466/1578/1482
f 719/761/735 393/412/408 156/161/160
f 1833/1962/1849 2350/2533/2366 2668/2860/2684
f 1613/1730/1629 2668/2860/2684 2350/2533/2366
f 401/420/417 2501/2689/2517 49/50/51
f 841/890/857 347/361/362 1711/1832/1727
f 1091/1167/1107 1579/1694/1595 2669/2861/2685
f 1166/1253/1182 2666/2858/2682 584/612/600
f 1166/1253/1182 231/243/239 2666/2858/2682
f 1714/1835/1730 2319/2498/2335 274/286/286
f 1714/1835/1730 1339/1445/1355 2319/2498/2335
f 2081/2238/2097 2082/2239/2098 1570/1685/1586
f 1243/1339/1259 1242/1338/1258 1212/1307/1228
f 1592/1707/1608 1212/1307/1228 1242/1338/1258
f 1212/1307/1228 2003/2150/2019 820/866/836
f 2003/2150/2019 818/864/834 820/866/836
f 783/826/799 785/828/801 1887/2019/1903
f 785/828/801 2076/2233/2092 1887/2019/1903
f 1815/1943/1831 425/449/441 317/330/331
f 1317/1422/1333 1316/1421/1332 1971/2114/1987
f 1316/1421/1332 1318/1424/1334 1969/2110/1985
f 2315/2493/2331 2412/2595/2428 1225/1321/1241
f 2412/2595/2428 431/456/447 1225/1321/1241
f 1969/2110/1985 1610/1725/1626 1971/2114/1987
f 1971/2114/1987 1316/1421/1332 1969/2110/1985
f 1814/1942/1830 2449/2632/2465 1897/2031/1913
f 2487/2674/2503 405/424/421 2645/2836/2661
f 2378/2561/2394 2377/2560/2393 2487/2674/2503
f 2201/2368/2217 2203/2370/2219 2307/2485/2323
f 2307/2485/2323 2203/2370/2219 203/213/210
f 601/631/617 2567/2757/2583 973/1040/989
f 601/632/617 961/1027/977 2567/2758/2583
f 1372/1479/1388 2331/2510/2347 2049/2198/2065
f 2049/2198/2065 2331/2510/2347 2050/2199/2066
f 1354/1460/1370 1356/1462/1372 527/554/543
f 1271/1371/1287 2554/2744/2570 2269/2445/2285
f 510/537/526 2554/2744/2570 1271/1371/1287
f 2487/2674/2503 2645/2836/2661 2378/2561/2394
f 1307/1412/1323 317/330/331 425/449/441
f 425/449/441 422/446/438 1307/1412/1323
f 2536/2726/2552 2447/2630/2463 2535/2725/2551
f 475/500/491 2536/2726/2552 476/502/492
f 707/749/723 2137/2298/2153 4/4/4
f 2137/2298/2153 707/749/723 1107/1183/1123
f 1775/1902/1791 1776/1903/1792 177/183/183
f 2295/2472/2311 177/183/183 1776/1903/1792
f 2531/2721/2547 1479/1592/1495 1477/1590/1493
f 1229/1325/1245 1768/1895/1784 98/103/100
f 2373/2556/2389 1229/1325/1245 2119/2277/2135
f 1493/1607/1509 1025/1093/1041 1491/1605/1507
f 1493/1607/1509 2337/2517/2353 1025/1093/1041
f 1887/2019/1903 1889/2021/1905 2564/2754/2580
f 1889/2021/1905 926/988/942 2564/2754/2580
f 934/997/950 2425/2608/2441 1885/2017/1901
f 2425/2608/2441 934/997/950 2543/2733/2559
f 232/244/242 230/242/238 721/763/737
f 232/244/242 1332/1438/1348 228/240/236
f 1347/1453/1363 1/1/1 1805/1932/1821
f 2643/2834/2659 2340/2520/2356 1702/1823/1718
f 1405/1512/1421 2643/2834/2659 1702/1823/1718
f 1380/1487/1396 2618/2809/2634 1929/2063/1945
f 690/728/706 649/680/665 689/727/705
f 649/680/665 690/728/706 773/816/789
f 2670/2862/2686 2458/2642/2474 460/485/476
f 2403/2586/2419 65/68/67 2578/2769/2594
f 2479/2666/2495 1150/1231/1166 2478/2665/2494
f 2535/2725/2551 1326/1432/1342 476/502/492
f 2536/2726/2552 2535/2725/2551 476/502/492
f 2148/2309/2164 488/515/504 826/872/842
f 2426/2609/2442 826/872/842 825/871/841
f 137/142/140 291/303/304 178/184/184
f 137/142/140 136/141/139 291/303/304
f 1216/1311/1232 101/106/103 2489/2676/2505
f 91/94/93 1217/1312/1233 1216/1311/1232
f 1032/1102/1048 2237/2410/2253 861/910/877
f 860/909/876 1032/1103/1048 861/911/877
f 1116/1192/1132 875/930/891 691/729/707
f 875/930/891 1116/1192/1132 196/206/203
f 1936/2073/1952 65/68/67 64/67/66
f 2181/2344/2197 2179/2342/2195 2182/2345/2198
f 2466/2651/2482 1696/1817/1712 2179/2342/2195
f 463/488/479 465/490/481 2322/2501/2338
f 463/488/479 2322/2501/2338 362/377/377
f 2180/2343/2196 2257/2433/2273 2465/2649/2481
f 2465/2649/2481 2181/2344/2197 2180/2343/2196
f 590/618/606 2247/2423/2263 1446/1555/1462
f 1018/1086/1034 756/798/772 755/797/771
f 2091/2248/2107 1018/1086/1034 755/797/771
f 1999/2146/2015 639/670/655 2437/2620/2453
f 705/747/721 1205/1298/1221 2671/2863/2687
f 705/747/721 1909/2043/1925 163/169/168
f 2114/2272/2130 1016/1084/1032 200/210/207
f 1485/1598/1501 1016/1084/1032 2114/2272/2130
f 2255/2431/2271 79/82/81 2254/2430/2270
f 2254/2430/2270 79/82/81 1146/1227/1162
f 1641/1762/1657 1378/1485/1394 973/1041/989
f 657/688/673 656/687/672 622/653/638
f 656/687/672 620/651/636 622/653/638
f 2025/2172/2041 1410/1517/1426 2672/2864/2688
f 523/550/539 525/552/541 2334/2513/2350
f 2334/2513/2350 525/552/541 2127/2285/2143
f 1768/1895/1784 2373/2556/2389 1769/1896/1785
f 2373/2556/2389 1768/1895/1784 1229/1325/1245
f 1583/1698/1599 2673/2865/2689 683/719/699
f 113/118/115 683/719/699 2673/2865/2689
f 1039/1110/1055 1992/2139/2008 532/559/548
f 1946/2083/1962 452/477/468 1944/2081/1960
f 451/476/467 1944/2081/1960 452/477/468
f 2225/2392/2241 424/448/440 1178/1267/1194
f 424/448/440 423/447/439 1178/1267/1194
f 1515/1629/1531 709/751/725 1519/1633/1535
f 1269/1369/1285 1267/1367/1283 1687/1808/1703
f 1687/1808/1703 1267/1367/1283 1249/1348/1265
f 808/854/824 2393/2576/2409 2002/2149/2018
f 810/856/826 2393/2576/2409 2391/2574/2407
f 1470/1582/1486 1110/1186/1126 1471/1583/1487
f 2139/2300/2155 1184/1273/1200 2353/2536/2369
f 1183/1272/1199 2353/2536/2369 1184/1273/1200
f 1523/1637/1539 1524/1638/1540 2221/2388/2237
f 309/321/323 2362/2545/2378 800/846/816
f 2362/2545/2378 1455/1566/1471 800/846/816
f 1558/1673/1574 2035/2183/2051 1559/1674/1575
f 2035/2183/2051 175/181/181 1559/1674/1575
f 2066/2219/2082 2674/2866/2690 868/918/884
f 2068/2222/2084 2066/2218/2082 2300/2478/2316
f 527/554/543 1356/1462/1372 1636/1757/1652
f 256/268/267 527/554/543 1636/1757/1652
f 2235/2406/2251 978/1046/994 895/951/911
f 2235/2406/2251 895/951/911 2236/2407/2252
f 1989/2134/2005 2674/2866/2690 2066/2219/2082
f 2674/2867/2690 1989/2135/2005 1993/2140/2009
f 1991/2138/2007 2674/2867/2690 1993/2140/2009
f 868/920/884 2674/2867/2690 1991/2138/2007
f 2373/2556/2389 1489/1603/1505 1769/1896/1785
f 75/78/77 1489/1603/1505 2373/2556/2389
f 1218/1313/1234 478/505/494 903/959/919
f 905/962/921 1218/1313/1234 903/959/919
f 1093/1169/1109 1809/1936/1825 1807/1934/1823
f 1093/1169/1109 1807/1934/1823 388/407/403
f 1131/1212/1147 1129/1210/1145 2327/2506/2343
f 2327/2506/2343 1129/1210/1145 262/274/273
f 167/173/172 1252/1352/1268 2277/2453/2293
f 1974/2117/1990 284/296/297 2448/2631/2464
f 2448/2631/2464 284/296/297 837/886/853
f 1684/1805/1700 1683/1804/1699 1682/1803/1698
f 1682/1803/1698 595/625/611 1684/1805/1700
f 1408/1515/1424 596/626/612 595/625/611
f 1408/1515/1424 280/292/293 596/626/612
f 1790/1917/1806 2045/2193/2061 1791/1918/1807
f 1791/1918/1807 2045/2193/2061 18/19/18
f 2663/2855/2679 1883/2015/1899 2010/2157/2026
f 2654/2845/2670 2663/2855/2679 2010/2157/2026
f 263/275/274 1556/1671/1572 1555/1670/1571
f 6/6/6 1556/1671/1572 263/275/274
f 60/63/62 59/62/61 2552/2742/2568
f 574/602/590 1817/1946/1833 59/62/61
f 570/598/586 572/600/588 1016/1084/1032
f 2044/2192/2060 410/429/426 2473/2660/2489
f 2468/2654/2484 2675/2868/2691 2473/2660/2489
f 515/542/531 38/39/39 2540/2730/2556
f 38/39/39 515/542/531 39/40/40
f 1001/1069/1017 1419/1528/1435 2393/2576/2409
f 814/860/830 1419/1528/1435 1001/1069/1017
f 978/1046/994 2005/2152/2021 895/951/911
f 2330/2509/2346 1997/2144/2013 2220/2387/2236
f 1997/2144/2013 1996/2143/2012 2220/2387/2236
f 773/816/789 239/251/249 649/680/665
f 585/613/601 584/612/600 1664/1785/1680
f 1664/1785/1680 503/530/519 585/613/601
f 1503/1617/1519 1942/2079/1958 846/895/862
f 1440/1549/1456 2602/2793/2618 2382/2565/2398
f 632/663/648 2602/2793/2618 1440/1549/1456
f 1205/1298/1221 706/748/722 2072/2228/2088
f 1629/1750/1645 2072/2228/2088 2260/2436/2276
f 2195/2362/2211 618/649/634 1870/1999/1886
f 2195/2362/2211 2196/2363/2212 618/649/634
f 2148/2309/2164 826/872/842 2426/2609/2442
f 489/516/505 2148/2309/2164 2426/2609/2442
f 800/846/816 306/318/319 310/322/324
f 306/318/319 303/315/316 310/322/324
f 2166/2328/2182 1223/1319/1239 1337/1443/1353
f 1223/1319/1239 2150/2312/2166 1337/1443/1353
f 1557/1672/1573 1559/1674/1575 174/180/180
f 1223/1319/1239 2676/2869/2692 149/154/153
f 775/818/791 2420/2603/2436 1224/1320/1240
f 1458/1569/1474 1054/1129/1070 1459/1570/1475
f 1054/1129/1070 1056/1131/1072 2444/2627/2460
f 1520/1634/1536 1742/1866/1758 1719/1840/1735
f 1303/1408/1319 1305/1410/1321 1742/1866/1758
f 2384/2567/2400 241/253/251 209/221/217
f 2384/2567/2400 650/681/666 241/253/251
f 2656/2847/2672 2671/2863/2687 2657/2848/2673
f 1909/2043/1925 705/747/721 2671/2863/2687
f 1158/1241/1174 486/513/502 1972/2115/1988
f 1972/2115/1988 486/513/502 855/904/871
f 1910/2044/1926 1909/2043/1925 2656/2847/2672
f 1909/2043/1925 2671/2863/2687 2656/2847/2672
f 1309/1414/1325 1303/1408/1319 1520/1634/1536
f 1520/1634/1536 1303/1408/1319 1742/1866/1758
f 2026/2173/2042 482/509/498 2493/2681/2509
f 2493/2681/2509 2250/2426/2266 2026/2173/2042
f 2583/2774/2599 2057/2206/2073 1796/1923/1812
f 2583/2774/2599 1796/1923/1812 1795/1922/1811
f 2112/2269/2128 1266/1366/1282 204/214/212
f 2112/2270/2128 204/215/212 2634/2825/2650
f 678/714/694 2198/2365/2214 2055/2204/2071
f 678/714/694 2304/2482/2320 1256/1356/1272
f 2382/2565/2398 1920/2054/1936 1441/1550/1457
f 633/664/649 1441/1550/1457 1920/2054/1936
f 1857/1986/1873 1859/1988/1875 995/1063/1011
f 1140/1221/1156 1652/1773/1668 1653/1774/1669
f 2419/2602/2435 1391/1498/1407 1342/1448/1358
f 1391/1498/1407 2419/2602/2435 2430/2613/2446
f 214/226/222 2572/2763/2588 2580/2771/2596
f 2572/2763/2588 214/226/222 213/225/221
f 2427/2610/2443 2162/2324/2178 2084/2241/2100
f 2427/2610/2443 2581/2772/2597 2162/2324/2178
f 2427/2610/2443 1034/1105/1050 2581/2772/2597
f 1359/1465/1375 1119/1197/1135 2110/2267/2126
f 724/766/740 1863/1992/1879 2371/2554/2387
f 2371/2554/2387 2245/2420/2261 724/766/740
f 1503/1617/1519 1940/2077/1956 1942/2079/1958
f 1062/1137/1078 2232/2403/2248 470/495/486
f 2208/2375/2224 1062/1137/1078 752/794/768
f 2622/2813/2638 1103/1179/1119 741/783/757
f 2540/2730/2556 38/39/39 2622/2813/2638
f 1421/1530/1437 1947/2084/1963 1003/1071/1019
f 780/823/796 1003/1071/1019 1947/2084/1963
f 1295/1396/1311 1869/1998/1885 2462/2646/2478
f 2578/2769/2594 2548/2738/2564 2677/2870/2693
f 2548/2738/2564 53/55/55 2677/2870/2693
f 2678/2871/2694 1313/1418/1329 1289/1390/1305
f 2429/2612/2445 1740/1864/1756 387/406/402
f 387/406/402 375/392/390 2429/2612/2445
f 1179/1268/1195 423/447/439 1814/1942/1830
f 1179/1268/1195 1178/1267/1194 423/447/439
f 678/714/694 2055/2204/2071 2304/2482/2320
f 1257/1357/1273 2304/2482/2320 2055/2204/2071
f 248/260/259 2431/2614/2447 432/457/448
f 248/260/259 432/457/448 249/261/260
f 2519/2709/2535 1096/1172/1112 1950/2087/1966
f 2505/2693/2521 1158/1241/1174 1160/1243/1176
f 2185/2352/2201 974/1042/990 2514/2704/2530
f 2514/2704/2530 974/1042/990 591/619/607
f 1091/1167/1107 509/536/525 508/535/524
f 2532/2722/2548 2542/2732/2558 1289/1390/1305
f 2276/2452/2292 2277/2454/2293 2111/2268/2127
f 2277/2454/2293 2276/2452/2292 704/745/720
f 1672/1793/1688 1469/1581/1485 909/967/925
f 1672/1793/1688 1470/1582/1486 1469/1581/1485
f 433/458/449 1756/1880/1772 2292/2469/2308
f 2292/2469/2308 1756/1880/1772 1919/2053/1935
f 1481/1594/1497 1554/1669/1570 1553/1668/1569
f 1554/1669/1570 1481/1594/1497 1480/1593/1496
f 2186/2353/2202 1475/1588/1491 1449/1560/1465
f 2608/2799/2624 1294/1395/1310 1296/1397/1312
f 2608/2799/2624 2667/2859/2683 1294/1395/1310
f 2650/2841/2666 761/804/777 2582/2773/2598
f 2582/2773/2598 2363/2546/2379 2650/2841/2666
f 577/605/593 1521/1635/1537 1720/1841/1736
f 1824/1953/1840 987/1055/1003 1822/1951/1838
f 1824/1953/1840 1797/1924/1813 987/1055/1003
f 499/526/515 2422/2605/2438 150/155/154
f 584/612/600 499/526/515 150/155/154
f 1891/2023/1907 1888/2020/1904 1892/2024/1908
f 1888/2020/1904 1891/2023/1907 2538/2728/2554
f 1755/1879/1771 2566/2756/2582 1561/1676/1577
f 1919/2053/1935 1755/1879/1771 2611/2802/2627
f 1841/1970/1857 986/1054/1002 1627/1748/1643
f 473/498/489 1627/1748/1643 1585/1700/1601
f 727/769/743 2017/2164/2033 728/770/744
f 2017/2164/2033 1050/1125/1066 728/770/744
f 1950/2087/1966 1095/1171/1111 1949/2086/1965
f 2015/2162/2031 1665/1786/1681 1977/2120/1993
f 1977/2120/1993 1665/1786/1681 2264/2440/2280
f 469/494/485 1586/1701/1602 1627/1748/1643
f 1586/1701/1602 469/494/485 1911/2045/1927
f 1020/1088/1036 1487/1601/1503 1021/1089/1037
f 383/402/398 2679/2872/2695 1853/1982/1869
f 144/149/148 1803/1930/1819 2351/2534/2367
f 1540/1654/1556 2351/2534/2367 1803/1930/1819
f 2369/2552/2385 368/385/383 373/390/388
f 990/1058/1006 2549/2739/2565 2369/2552/2385
f 246/258/257 1065/1140/1081 2625/2816/2641
f 1065/1140/1081 1676/1797/1692 2625/2816/2641
f 2079/2236/2095 1468/1580/1484 1780/1907/1796
f 1468/1580/1484 1399/1506/1415 1780/1907/1796
f 988/1056/1004 469/494/485 1627/1748/1643
f 1795/1922/1811 469/494/485 988/1056/1004
f 1223/1319/1239 1224/1320/1240 2676/2869/2692
f 2676/2869/2692 1224/1320/1240 2420/2603/2436
f 1289/1390/1305 2542/2732/2558 2658/2849/2674
f 2608/2799/2624 2338/2518/2354 2667/2859/2683
f 2609/2800/2625 2667/2859/2683 2338/2518/2354
f 234/246/244 623/654/639 2167/2329/2183
f 2167/2329/2183 623/654/639 2462/2646/2478
f 1147/1228/1163 81/84/83 2270/2446/2286
f 80/83/82 2270/2446/2286 81/84/83
f 2090/2247/2106 1018/1086/1034 2091/2248/2107
f 540/567/556 1018/1086/1034 2090/2247/2106
f 1680/1801/1696 1491/1605/1507 2078/2235/2094
f 1453/1564/1469 230/242/238 229/241/237
f 1226/1322/1242 994/1062/1010 624/655/640
f 994/1062/1010 2213/2380/2229 624/655/640
f 2318/2497/2334 2227/2395/2243 2316/2494/2332
f 2318/2497/2334 2630/2821/2646 2226/2394/2242
f 2229/2398/2245 52/54/54 1297/1398/1313
f 52/53/54 51/52/53 1297/1399/1313
f 1477/1590/1493 1729/1850/1745 2408/2591/2424
f 2408/2591/2424 1729/1850/1745 1728/1849/1744
f 2614/2805/2630 822/868/838 2272/2448/2288
f 1867/1996/1883 2614/2805/2630 2271/2447/2287
f 1650/1771/1666 1453/1564/1469 229/241/237
f 1218/1313/1234 1738/1861/1754 1219/1315/1235
f 529/556/545 712/754/728 715/757/731
f 714/756/730 715/757/731 712/754/728
f 2556/2746/2572 2680/2873/2696 1180/1269/1196
f 1483/1596/1499 568/596/584 570/598/586
f 1483/1596/1499 570/598/586 1484/1597/1500
f 1338/1444/1354 149/154/153 148/153/152
f 1761/1885/1777 479/506/495 1117/1193/1133
f 478/505/494 1117/1193/1133 479/506/495
f 213/225/221 2442/2625/2458 1295/1396/1311
f 2614/2805/2630 1867/1996/1883 822/868/838
f 822/868/838 1867/1996/1883 1634/1755/1650
f 1292/1393/1308 546/573/562 1526/1640/1542
f 1291/1392/1307 544/571/560 1292/1393/1308
f 1684/1805/1700 1685/1806/1701 1683/1804/1699
f 1685/1806/1701 1390/1497/1406 1683/1804/1699
f 1998/2145/2014 2374/2557/2390 994/1062/1010
f 2316/2494/2332 2630/2821/2646 2318/2497/2334
f 2630/2821/2646 2316/2494/2332 2317/2495/2333
f 2589/2780/2605 2588/2779/2604 29/30/30
f 2219/2386/2235 2589/2780/2605 1662/1783/1678
f 1251/1350/1267 2634/2825/2650 2111/2268/2127
f 1251/1350/1267 2112/2270/2128 2634/2825/2650
f 2337/2517/2353 2628/2819/2644 2364/2547/2380
f 2337/2517/2353 2364/2547/2380 1025/1093/1041
f 1568/1683/1584 288/300/301 290/302/303
f 1568/1683/1584 290/302/303 1567/1682/1583
f 154/159/158 400/419/415 2681/2874/2697
f 2589/2780/2605 1405/1512/1421 1407/1514/1423
f 1693/1814/1709 1871/2000/1887 1870/1999/1886
f 1954/2092/1970 1871/2000/1887 1693/1814/1709
f 1261/1361/1277 2038/2186/2054 1786/1913/1802
f 2038/2186/2054 1787/1914/1803 1786/1913/1802
f 815/861/831 2248/2424/2264 2238/2412/2254
f 815/861/831 2238/2412/2254 1032/1103/1048
f 1059/1134/1075 107/112/109 180/186/186
f 319/332/333 919/977/935 918/976/934
f 544/571/560 546/573/562 1292/1393/1308
f 185/191/192 2113/2271/2129 2013/2160/2029
f 2031/2178/2047 2013/2160/2029 2113/2271/2129
f 375/392/390 2370/2553/2386 2570/2761/2586
f 1569/1684/1585 375/392/390 2570/2761/2586
f 1639/1760/1655 2529/2719/2545 2530/2720/2546
f 2582/2773/2598 2529/2719/2545 1639/1760/1655
f 29/30/30 2555/2745/2571 401/420/417
f 2555/2745/2571 2501/2689/2517 401/420/417
f 1403/1510/1419 1374/1481/1390 2207/2374/2223
f 2207/2374/2223 2206/2373/2222 1403/1510/1419
f 336/349/351 338/351/353 2506/2694/2522
f 2506/2694/2522 338/351/353 2534/2724/2550
f 2443/2626/2459 2608/2799/2624 1296/1397/1312
f 1296/1397/1312 1295/1396/1311 2443/2626/2459
f 1473/1585/1489 2248/2424/2264 815/861/831
f 1473/1585/1489 1035/1106/1051 2248/2424/2264
f 1990/2136/2006 1932/2066/1948 1070/1145/1086
f 1932/2066/1948 1990/2136/2006 2068/2222/2084
f 2680/2873/2696 199/209/206 1180/1269/1196
f 199/209/206 198/208/205 1180/1269/1196
f 2214/2381/2230 1578/1693/1594 2415/2598/2431
f 1278/1378/1294 409/428/425 1837/1966/1853
f 1278/1378/1294 2401/2584/2417 409/428/425
f 976/1044/992 1004/1072/1020 1623/1744/1639
f 1509/1623/1525 2011/2158/2027 2114/2272/2130
f 2114/2272/2130 200/210/207 1509/1623/1525
f 1694/1815/1710 1698/1819/1714 2093/2250/2109
f 1176/1264/1192 1990/2137/2006 1070/1146/1086
f 556/583/572 535/562/551 1908/2042/1924
f 1908/2042/1924 535/562/551 161/167/166
f 97/102/99 2120/2278/2136 2119/2277/2135
f 97/102/99 2119/2277/2135 1229/1325/1245
f 547/574/563 128/133/131 1094/1170/1110
f 128/133/131 547/574/563 2632/2823/2648
f 1048/1123/1064 127/132/130 592/621/608
f 1096/1172/1112 1291/1392/1307 1026/1094/1042
f 1027/1095/1043 1026/1094/1042 1291/1392/1307
f 1133/1214/1149 1964/2105/1980 1134/1215/1150
f 1965/2106/1981 1964/2105/1980 1133/1214/1149
f 1858/1987/1874 1323/1429/1339 760/803/776
f 1637/1758/1653 1918/2052/1934 2529/2719/2545
f 2522/2712/2538 141/146/145 888/944/904
f 2627/2818/2643 2007/2154/2023 335/348/350
f 334/347/349 1426/1535/1442 335/348/350
f 1709/1830/1725 199/209/206 2680/2873/2696
f 1710/1831/1726 1709/1830/1725 2680/2873/2696
f 1971/2114/1987 16/17/16 18/19/18
f 1371/1478/1387 2050/2199/2066 2508/2696/2524
f 1371/1478/1387 2051/2200/2067 2050/2199/2066
f 2045/2193/2061 2044/2192/2060 2574/2765/2590
f 2045/2193/2061 2574/2765/2590 18/19/18
f 2405/2588/2421 446/471/462 142/147/146
f 2388/2571/2404 1368/1475/1384 524/551/540
f 2388/2571/2404 524/551/540 523/550/539
f 2247/2423/2263 1792/1919/1808 16/17/16
f 1792/1919/1808 2247/2423/2263 590/618/606
f 809/855/825 2603/2794/2619 1647/1768/1663
f 808/854/824 2603/2794/2619 809/855/825
f 823/869/839 1105/1181/1121 821/867/837
f 1105/1181/1121 1705/1826/1721 821/867/837
f 1332/1438/1348 1334/1440/1350 228/240/236
f 228/240/236 1334/1440/1350 1331/1437/1347
f 2470/2657/2486 821/867/837 1496/1610/1512
f 1497/1611/1513 2470/2657/2486 1496/1610/1512
f 841/890/857 1711/1832/1727 1342/1448/1358
f 5/5/5 2137/2298/2153 9/9/9
f 1146/1227/1162 1327/1433/1343 2165/2327/2181
f 2357/2540/2373 2505/2693/2521 2258/2434/2274
f 2505/2693/2521 2259/2435/2275 2258/2434/2274
f 1026/1094/1042 548/575/564 1096/1172/1112
f 547/574/563 1096/1172/1112 548/575/564
f 674/710/690 675/711/691 1613/1730/1629
f 2199/2366/2215 979/1047/995 1276/1376/1292
f 2199/2366/2215 1276/1376/1292 2102/2259/2118
f 680/716/696 1331/1437/1347 514/541/530
f 569/597/585 984/1052/1000 571/599/587
f 50/51/52 914/972/930 2053/2202/2069
f 2457/2641/2473 477/503/493 664/698/680
f 664/698/680 663/695/679 2457/2641/2473
f 697/736/713 2561/2751/2577 698/737/714
f 567/595/583 2342/2522/2358 1831/1960/1847
f 2365/2548/2381 1831/1960/1847 2342/2522/2358
f 2620/2811/2636 407/426/423 1580/1695/1596
f 1582/1697/1598 2594/2785/2610 2620/2811/2636
f 1008/1076/1024 2296/2473/2312 2297/2474/2313
f 1009/1077/1025 1008/1076/1024 2325/2504/2341
f 244/256/254 1817/1946/1833 243/255/253
f 2552/2742/2568 244/256/254 2305/2483/2321
f 1582/1697/1598 1580/1695/1596 490/517/506
f 2620/2811/2636 1580/1695/1596 1582/1697/1598
f 1398/1505/1414 1400/1507/1416 1397/1504/1413
f 1399/1506/1415 1397/1504/1413 1400/1507/1416
f 1914/2048/1930 828/874/844 1915/2049/1931
f 1508/1622/1524 1914/2048/1930 1915/2049/1931
f 1817/1946/1833 2552/2742/2568 59/62/61
f 244/256/254 2552/2742/2568 1817/1946/1833
f 153/158/157 159/164/164 157/162/161
f 144/149/148 159/164/164 153/158/157
f 1173/1260/1189 1154/1237/1170 912/970/928
f 2106/2263/2122 346/360/361 2107/2264/2123
f 2107/2264/2123 346/360/361 2423/2606/2439
f 540/567/556 539/566/555 1018/1086/1034
f 1695/1816/1711 1603/1718/1619 2179/2342/2195
f 1695/1816/1711 1605/1720/1621 1603/1718/1619
f 1504/1618/1520 1841/1970/1857 473/498/489
f 1841/1970/1857 1627/1748/1643 473/498/489
f 1142/1223/1158 25/26/25 1713/1834/1729
f 1713/1834/1729 1715/1836/1731 1142/1223/1158
f 2454/2637/2470 733/775/749 2573/2764/2589
f 1630/1751/1646 2454/2637/2470 2573/2764/2589
f 1672/1793/1688 1110/1186/1126 1470/1582/1486
f 586/614/602 1264/1364/1280 2266/2442/2282
f 1264/1364/1280 586/614/602 2052/2201/2068
f 373/390/388 372/389/387 1632/1753/1648
f 1631/1752/1647 373/390/388 1632/1753/1648
f 644/675/660 646/677/662 660/691/676
f 531/558/547 711/753/727 1835/1964/1851
f 744/786/760 523/550/539 2334/2513/2350
f 744/786/760 2334/2513/2350 774/817/790
f 1012/1080/1028 287/299/300 2144/2305/2160
f 335/348/350 245/257/255 68/71/70
f 1206/1300/1222 1798/1925/1814 1207/1301/1223
f 2227/2396/2243 1798/1925/1814 1206/1300/1222
f 2593/2784/2609 1588/1703/1604 2528/2718/2544
f 1588/1703/1604 1587/1702/1603 2528/2718/2544
f 1377/1484/1393 2610/2801/2626 237/249/247
f 1376/1483/1392 2610/2801/2626 1377/1484/1393
f 1870/1999/1886 459/484/475 2520/2710/2536
f 2195/2362/2211 1870/1999/1886 2520/2710/2536
f 1851/1980/1867 1067/1142/1083 1779/1906/1795
f 1851/1980/1867 1066/1141/1082 1067/1142/1083
f 2009/2156/2025 828/874/844 827/873/843
f 1915/2049/1931 828/874/844 2009/2156/2025
f 1199/1291/1215 620/651/636 449/474/465
f 2525/2715/2541 2358/2541/2374 2169/2331/2185
f 1667/1788/1683 2267/2443/2283 71/74/73
f 71/74/73 70/73/72 1667/1788/1683
f 2525/2715/2541 2503/2691/2519 2358/2541/2374
f 829/875/845 2503/2691/2519 2525/2715/2541
f 2242/2417/2258 2630/2821/2646 2631/2822/2647
f 900/956/916 1315/1420/1331 1287/1388/1303
f 1287/1388/1303 1315/1420/1331 1288/1389/1304
f 1730/1851/1746 941/1005/957 940/1004/956
f 1882/2014/1898 1730/1851/1746 940/1004/956
f 2256/2432/2272 1686/1807/1702 1687/1808/1703
f 2512/2701/2528 2256/2432/2272 1687/1808/1703
f 2407/2590/2423 1004/1072/1020 975/1043/991
f 1167/1254/1183 1381/1488/1397 1663/1784/1679
f 1381/1488/1397 466/491/482 1663/1784/1679
f 211/223/219 2151/2313/2167 1669/1790/1685
f 2151/2313/2167 211/223/219 2412/2595/2428
f 466/491/482 504/531/520 1663/1784/1679
f 466/491/482 502/529/518 504/531/520
f 2138/2299/2154 853/902/869 486/513/502
f 2138/2299/2154 854/903/870 853/902/869
f 1134/1215/1150 2239/2413/2255 1344/1450/1360
f 2239/2413/2255 2427/2610/2443 1344/1450/1360
f 1462/1574/1478 13/14/13 15/16/15
f 2437/2620/2453 1826/1955/1842 2682/2875/2698
f 1825/1954/1841 1826/1955/1842 2437/2620/2453
f 36/37/37 1433/1542/1449 34/35/35
f 1542/1656/1558 1541/1655/1557 182/188/189
f 1542/1656/1558 182/188/189 651/682/667
f 2627/2818/2643 1426/1535/1442 2642/2833/2658
f 335/348/350 1426/1535/1442 2627/2818/2643
f 1250/1349/1266 2282/2459/2298 2112/2270/2128
f 1250/1349/1266 1247/1344/1263 2282/2459/2298
f 1581/1696/1597 1277/1377/1293 1279/1379/1295
f 1883/2015/1899 2663/2855/2679 2683/2876/2699
f 1883/2015/1899 2683/2876/2699 1509/1623/1525
f 2604/2795/2620 1123/1204/1139 1543/1657/1559
f 203/213/210 199/209/206 2056/2205/2072
f 2307/2485/2323 203/213/210 2056/2205/2072
f 2011/2158/2027 1509/1623/1525 2683/2876/2699
f 2684/2877/2700 213/225/221 681/717/697
f 2442/2625/2458 213/225/221 2684/2877/2700
f 2073/2229/2089 1320/1426/1336 2498/2686/2514
f 2498/2686/2514 1320/1426/1336 2495/2683/2511
f 2600/2791/2616 2601/2792/2617 1556/1671/1572
f 2600/2791/2616 1818/1947/1834 2601/2792/2617
f 1060/1135/1076 1583/1698/1599 1234/1330/1250
f 1583/1698/1599 1235/1331/1251 1234/1330/1250
f 1823/1952/1839 1822/1951/1838 1510/1624/1526
f 1822/1951/1838 987/1055/1003 1510/1624/1526
f 2005/2152/2021 627/658/643 628/659/644
f 628/659/644 2004/2151/2020 2005/2152/2021
f 2328/2507/2344 1528/1642/1544 1527/1641/1543
f 1524/1638/1540 2329/2508/2345 2330/2509/2346
f 2264/2440/2280 1501/1615/1517 848/897/864
f 848/897/864 1501/1615/1517 1503/1617/1519
f 1957/2095/1973 1956/2094/1972 1543/1657/1559
f 1956/2094/1972 2604/2795/2620 1543/1657/1559
f 1643/1764/1659 2134/2295/2150 1097/1173/1113
f 2134/2295/2150 1643/1764/1659 1642/1763/1658
f 2452/2635/2468 1396/1503/1412 303/315/316
f 303/315/316 511/538/527 2452/2635/2468
f 1924/2058/1940 819/865/835 1925/2059/1941
f 1924/2058/1940 2398/2581/2414 819/865/835
f 1818/1947/1834 6/6/6 1819/1948/1835
f 2452/2635/2468 2685/2878/2701 1395/1502/1411
f 176/182/182 2406/2589/2422 2405/2588/2421
f 175/181/181 2406/2589/2422 176/182/182
f 2628/2819/2644 92/95/94 2364/2547/2380
f 90/93/92 92/95/94 2628/2819/2644
f 2347/2529/2363 1504/1618/1520 472/497/488
f 1336/1442/1352 2347/2529/2363 472/497/488
f 696/735/712 915/973/931 914/972/930
f 2542/2732/2558 696/735/712 914/972/930
f 35/36/36 802/848/818 801/847/817
f 2593/2784/2609 2528/2718/2544 1113/1189/1129
f 585/613/601 500/527/516 499/526/515
f 501/528/517 500/527/516 585/613/601
f 2686/2879/2702 2298/2475/2314 2653/2844/2669
f 2648/2839/2664 2653/2844/2669 142/147/146
f 2315/2493/2331 2131/2290/2147 2151/2313/2167
f 2131/2290/2147 2315/2493/2331 960/1026/976
f 1081/1157/1097 2596/2787/2612 1420/1529/1436
f 2098/2255/2114 2596/2787/2612 1081/1157/1097
f 118/123/121 2120/2278/2136 2320/2499/2336
f 118/123/121 111/116/113 2120/2278/2136
f 1423/1532/1439 1422/1531/1438 2651/2842/2667
f 1423/1532/1439 2651/2842/2667 2596/2787/2612
f 438/463/454 437/462/453 2034/2182/2050
f 581/609/597 1699/1820/1715 1700/1821/1716
f 1700/1821/1716 943/1007/959 581/609/597
f 1014/1082/1030 455/480/471 1015/1083/1031
f 29/30/30 2588/2779/2604 2555/2745/2571
f 2468/2654/2484 396/415/411 2469/2655/2485
f 396/415/411 720/762/736 2469/2655/2485
f 2527/2717/2543 2401/2584/2417 406/425/422
f 406/425/422 408/427/424 400/419/415
f 611/642/627 1764/1888/1780 609/640/625
f 1764/1888/1780 1762/1886/1778 609/640/625
f 2686/2879/2702 2653/2844/2669 2648/2839/2664
f 1199/1291/1215 2649/2840/2665 445/470/461
f 2673/2865/2689 1583/1698/1599 1060/1135/1076
f 109/114/111 2673/2865/2689 1060/1135/1076
f 1701/1822/1717 1699/1820/1715 2159/2321/2175
f 574/602/590 158/163/163 1086/1162/1102
f 574/602/590 1086/1162/1102 1817/1946/1833
f 1526/1640/1542 1528/1642/1544 1292/1393/1308
f 1690/1811/1706 2159/2321/2175 1699/1820/1715
f 2205/2372/2221 2660/2851/2676 1401/1508/1417
f 1401/1508/1417 2389/2572/2405 2205/2372/2221
f 2160/2322/2176 265/277/277 743/785/759
f 264/276/276 743/785/759 265/277/277
f 1492/1606/1508 1364/1471/1380 1363/1470/1379
f 1363/1470/1379 1493/1607/1509 1492/1606/1508
f 627/658/643 2222/2389/2238 298/310/311
f 2637/2828/2653 2402/2585/2418 2639/2830/2655
f 1518/1632/1534 717/759/733 2637/2828/2653
f 2582/2773/2598 2249/2425/2265 2363/2546/2379
f 2363/2546/2379 2249/2425/2265 2252/2428/2268
f 1519/1633/1535 1518/1632/1534 2639/2830/2655
f 2637/2828/2653 2639/2830/2655 1518/1632/1534
f 1779/1906/1795 44/45/46 46/47/48
f 1401/1508/1417 2660/2851/2676 1197/1289/1213
f 1187/1278/1203 1186/1277/1202 2302/2480/2318
f 1186/1277/1202 2241/2416/2257 2302/2480/2318
f 259/271/270 2585/2776/2601 257/269/268
f 2390/2573/2406 1966/2107/1982 1753/1877/1769
f 2571/2762/2587 1966/2107/1982 1968/2109/1984
f 2613/2804/2629 2140/2301/2156 2605/2796/2621
f 2104/2261/2120 2613/2804/2629 1698/1819/1714
f 1551/1665/1567 2230/2401/2246 2229/2398/2245
f 2230/2401/2246 52/54/54 2229/2398/2245
f 43/44/44 2390/2573/2406 838/887/854
f 710/752/726 2510/2698/2526 1005/1073/1021
f 782/825/798 2441/2624/2457 2517/2707/2533
f 2500/2688/2516 2441/2624/2457 1725/1846/1741
f 2562/2752/2578 856/905/872 2265/2441/2281
f 2562/2752/2578 2059/2208/2075 856/905/872
f 2465/2649/2481 2466/2651/2482 2181/2344/2197
f 2179/2342/2195 2181/2344/2197 2466/2651/2482
f 839/888/855 838/887/854 1753/1877/1769
f 838/887/854 2390/2573/2406 1753/1877/1769
f 385/404/400 2644/2835/2660 2594/2785/2610
f 1419/1528/1435 1422/1531/1438 1002/1070/1018
f 1002/1070/1018 1422/1531/1438 1421/1530/1437
f 2521/2711/2537 1648/1769/1664 2340/2520/2356
f 1647/1768/1663 2340/2520/2356 1648/1769/1664
f 1120/1200/1136 1551/1666/1567 2229/2399/2245
f 902/958/918 901/957/917 1725/1846/1741
f 901/957/917 2500/2688/2516 1725/1846/1741
f 355/369/370 2212/2379/2228 356/370/371
f 988/1056/1004 987/1055/1003 1795/1922/1811
f 1938/2075/1954 1058/1133/1074 843/892/859
f 1460/1571/1476 1057/1132/1073 1058/1133/1074
f 2576/2767/2592 2681/2874/2697 400/419/415
f 2649/2840/2665 2686/2879/2702 445/470/461
f 2298/2475/2314 2686/2879/2702 2649/2840/2665
f 2326/2505/2342 2513/2702/2529 1132/1213/1148
f 1460/1571/1476 1058/1133/1074 1938/2075/1954
f 2613/2804/2629 2605/2796/2621 1698/1819/1714
f 2605/2796/2621 2093/2250/2109 1698/1819/1714
f 1027/1095/1043 1291/1392/1307 1290/1391/1306
f 1491/1605/1507 1027/1095/1043 2078/2235/2094
f 2022/2169/2038 1411/1518/1427 2023/2170/2039
f 1276/1376/1292 247/259/258 2102/2259/2118
f 1166/1253/1182 2102/2259/2118 247/259/258
f 1138/1219/1154 1599/1714/1615 938/1001/954
f 1599/1714/1615 1312/1417/1328 938/1001/954
f 445/470/461 2648/2839/2664 446/471/462
f 445/470/461 2686/2879/2702 2648/2839/2664
f 415/434/431 2262/2438/2278 2263/2439/2279
f 2263/2439/2279 2262/2438/2278 1360/1466/1376
f 969/1035/985 971/1037/987 723/765/739
f 723/765/739 971/1037/987 1367/1474/1383
f 1583/1698/1599 1074/1150/1090 1232/1328/1248
f 2365/2548/2381 2342/2522/2358 2341/2521/2357
f 2366/2549/2382 2365/2548/2381 2341/2521/2357
f 1847/1976/1863 442/467/458 1888/2020/1904
f 1847/1976/1863 443/468/459 442/467/458
f 404/423/420 1847/1976/1863 2538/2728/2554
f 2538/2728/2554 2494/2682/2510 404/423/420
f 538/565/554 540/567/556 1872/2001/1888
f 459/484/475 538/565/554 1872/2001/1888
f 3/3/3 1964/2105/1980 1963/2104/1979
f 2361/2544/2377 2643/2834/2659 1405/1512/1421
f 2513/2702/2529 2371/2554/2387 1132/1213/1148
f 2507/2695/2523 2635/2826/2651 2301/2479/2317
f 1357/1463/1373 283/295/296 1356/1462/1372
f 1356/1462/1372 2526/2716/2542 1357/1463/1373
f 1355/1461/1371 567/595/583 2526/2716/2542
f 2526/2716/2542 567/595/583 1357/1463/1373
f 2576/2767/2592 400/419/415 2644/2835/2660
f 2417/2600/2433 196/205/203 195/204/202
f 196/206/203 1117/1193/1133 193/201/200
f 389/408/404 2440/2623/2456 1092/1168/1108
f 2432/2615/2448 293/305/306 1192/1284/1208
f 2499/2687/2515 1066/1141/1082 1850/1979/1866
f 1925/2059/1941 818/864/834 1747/1871/1763
f 2460/2644/2476 169/175/174 1174/1261/1190
f 1066/1141/1082 2499/2687/2515 54/56/56
f 2499/2687/2515 2053/2202/2069 54/56/56
f 1198/1290/1214 2153/2315/2169 569/597/585
f 898/954/914 2153/2315/2169 1198/1290/1214
f 2559/2749/2575 252/264/263 1157/1240/1173
f 252/264/263 2428/2611/2444 1157/1240/1173
f 2516/2706/2532 2643/2834/2659 2361/2544/2377
f 2360/2543/2376 2516/2706/2532 2361/2544/2377
f 221/233/229 220/232/228 840/889/856
f 840/889/856 220/232/228 2617/2808/2633
f 1155/1238/1171 1157/1240/1173 2428/2611/2444
f 2433/2616/2449 1849/1978/1865 751/793/767
f 1157/1240/1173 1075/1151/1091 2559/2749/2575
f 1174/1261/1190 169/175/174 1175/1262/1191
f 155/160/159 378/395/393 156/161/160
f 2513/2702/2529 2326/2505/2342 1555/1670/1571
f 261/273/272 1555/1670/1571 2326/2505/2342
f 2011/2158/2027 2683/2876/2699 2663/2855/2679
f 2011/2158/2027 2663/2855/2679 2012/2159/2028
f 2677/2870/2693 53/55/55 2687/2880/2703
f 294/306/307 955/1019/971 957/1021/973
f 1550/1664/1566 1549/1663/1565 2677/2870/2693
f 2381/2564/2397 768/811/784 164/170/169
f 955/1019/971 2584/2775/2600 957/1021/973
f 286/298/299 2147/2308/2163 2145/2306/2161
f 768/811/784 2381/2564/2397 1438/1547/1454
f 767/810/783 768/811/784 1438/1547/1454
f 2584/2775/2600 2147/2308/2163 267/279/279
f 2584/2775/2600 2145/2306/2161 2147/2308/2163
f 2116/2274/2132 2638/2829/2654 2117/2275/2133
f 727/769/743 1367/1474/1383 2017/2164/2033
f 155/160/159 154/159/158 2681/2874/2697
f 1734/1855/1750 90/93/92 2337/2517/2353
f 1734/1855/1750 1733/1854/1749 90/93/92
f 748/790/764 1110/1186/1126 655/686/671
f 655/686/671 657/688/673 748/790/764
f 33/34/34 2305/2483/2321 13/14/13
f 33/34/34 40/41/41 2305/2483/2321
f 70/73/72 72/75/74 734/776/750
f 767/810/783 2453/2636/2469 1089/1165/1105
f 2452/2635/2468 2453/2636/2469 2685/2878/2701
f 2532/2722/2548 1313/1418/1329 1315/1420/1331
f 1543/1657/1559 488/515/504 2463/2647/2479
f 72/75/74 1771/1898/1787 734/776/750
f 322/335/336 1847/1976/1863 326/339/340
f 404/423/420 326/339/340 1847/1976/1863
f 1771/1898/1787 72/75/74 619/650/635
f 1468/1580/1484 439/464/455 908/966/924
f 1776/1903/1792 1773/1900/1789 2325/2504/2341
f 76/79/78 2376/2559/2392 441/466/457
f 440/465/456 76/79/78 441/466/457
f 441/466/457 908/966/924 439/464/455
f 488/515/504 824/870/840 826/872/842
f 1543/1657/1559 824/870/840 488/515/504
f 1091/1167/1107 1452/1563/1468 1577/1692/1593
f 698/737/714 2561/2751/2577 2288/2465/2304
f 2453/2636/2469 1439/1548/1455 2685/2878/2701
f 1439/1548/1455 767/810/783 1438/1547/1454
f 695/734/711 2474/2661/2490 915/973/931
f 696/735/712 695/734/711 915/973/931
f 1478/1591/1494 245/257/255 2007/2154/2023
f 2586/2777/2602 2250/2426/2266 481/508/497
f 2250/2426/2266 2493/2681/2509 481/508/497
f 2500/2688/2516 2517/2707/2533 2441/2624/2457
f 1806/1933/1822 909/967/925 2376/2559/2392
f 76/79/78 1806/1933/1822 2376/2559/2392
f 1641/1762/1657 2234/2405/2250 2074/2230/2090
f 1641/1762/1657 2074/2230/2090 996/1064/1012
f 1954/2092/1970 2416/2599/2432 2280/2457/2296
f 1692/1813/1708 2416/2599/2432 1954/2092/1970
f 722/764/738 1454/1565/1470 2246/2421/2262
f 722/764/738 721/763/737 1454/1565/1470
f 460/485/476 342/356/357 2670/2862/2686
f 2670/2862/2686 342/356/357 346/360/361
f 1439/1548/1455 2453/2636/2469 767/810/783
f 1793/1920/1809 1769/1896/1785 1771/1898/1787
f 1366/1473/1382 573/601/589 574/602/590
f 670/706/686 1959/2097/1975 778/821/794
f 631/662/647 1959/2097/1975 670/706/686
f 1757/1881/1773 1759/1883/1775 790/833/806
f 1759/1883/1775 788/831/804 790/833/806
f 1721/1842/1737 1719/1840/1735 1745/1869/1761
f 1719/1840/1735 1742/1866/1758 1745/1869/1761
f 2046/2194/2062 1283/1384/1299 2048/2196/2064
f 673/709/689 672/708/688 1902/2036/1918
f 339/353/354 1176/1265/1192 337/350/352
f 337/350/352 1176/1265/1192 2541/2731/2557
f 2469/2655/2485 720/762/736 1894/2027/1910
f 1894/2028/1910 1893/2026/1909 2469/2656/2485
f 201/211/208 2647/2838/2663 202/212/209
f 1321/1427/1337 498/525/514 497/524/513
f 992/1060/1008 370/387/385 965/1031/981
f 2157/2319/2173 1784/1911/1800 2163/2325/2179
f 1784/1911/1800 871/923/887 2163/2325/2179
f 2517/2707/2533 2500/2688/2516 811/857/827
f 296/308/309 1516/1630/1532 2688/2881/2704
f 1516/1630/1532 1519/1633/1535 2636/2827/2652
f 1489/1603/1505 1490/1604/1506 1770/1897/1786
f 868/920/884 2301/2479/2317 2635/2826/2651
f 83/86/85 37/38/38 1496/1610/1512
f 38/39/39 83/86/85 1706/1827/1722
f 2508/2696/2524 2050/2199/2066 2346/2528/2362
f 2560/2750/2576 2508/2696/2524 2346/2528/2362
f 648/679/664 2001/2148/2017 287/299/300
f 287/299/300 2001/2148/2017 285/297/298
f 2154/2316/2170 350/364/365 635/666/651
f 2155/2317/2171 350/364/365 2154/2316/2170
f 415/434/431 2263/2439/2279 851/900/867
f 1916/2050/1932 1918/2052/1934 2291/2468/2307
f 635/666/651 2243/2418/2259 2154/2316/2170
f 704/746/720 703/744/719 706/748/722
f 106/111/108 1359/1465/1375 2110/2267/2126
f 1343/1449/1359 2083/2240/2099 1135/1216/1151
f 1573/1688/1589 1574/1689/1590 2606/2797/2622
f 706/748/722 703/744/719 2071/2227/2087
f 2296/2473/2312 2108/2265/2124 2295/2472/2311
f 1776/1903/1792 2296/2473/2312 2295/2472/2311
f 1878/2010/1894 1953/2091/1969 1187/1279/1203
f 1749/1873/1765 2440/2623/2456 2356/2539/2372
f 2440/2623/2456 1749/1873/1765 371/388/386
f 851/900/867 106/111/108 105/110/107
f 282/294/295 1358/1464/1374 2561/2751/2577
f 109/114/111 1059/1134/1075 180/186/186
f 2120/2278/2136 111/116/113 2118/2276/2134
f 89/92/91 2118/2276/2134 111/116/113
f 426/451/442 425/449/441 2624/2815/2640
f 426/451/442 2624/2815/2640 1814/1941/1830
f 2524/2714/2540 1350/1456/1366 437/462/453
f 2524/2714/2540 1903/2037/1919 1350/1456/1366
f 1217/1312/1233 1922/2056/1938 1215/1310/1231
f 261/273/272 2327/2506/2343 262/274/273
f 6/6/6 260/272/271 4/4/4
f 2611/2802/2627 1561/1676/1577 2348/2530/2364
f 2611/2802/2627 1755/1879/1771 1561/1676/1577
f 2555/2745/2571 1407/1514/1423 1644/1765/1660
f 1925/2059/1941 1927/2061/1943 1923/2057/1939
f 2647/2838/2663 2278/2455/2294 202/212/209
f 761/804/777 2650/2841/2666 2204/2371/2220
f 2204/2371/2220 2650/2841/2666 192/198/199
f 2349/2531/2365 2046/2194/2062 2048/2196/2064
f 2349/2532/2365 2048/2197/2064 2350/2533/2366
f 1490/1604/1506 2377/2560/2393 1770/1897/1786
f 1074/1150/1090 1583/1698/1599 683/719/699
f 682/718/698 252/264/263 2559/2749/2575
f 1074/1150/1090 682/718/698 2559/2749/2575
f 252/264/263 682/718/698 681/717/697
f 215/227/223 252/264/263 681/717/697
f 1509/1623/1525 200/210/207 2689/2882/2705
f 202/212/209 1509/1623/1525 2689/2882/2705
f 2432/2615/2448 351/365/366 2459/2643/2475
f 1375/1482/1391 236/248/246 2056/2205/2072
f 2150/2312/2166 1223/1319/1239 149/154/153
f 149/154/153 1338/1444/1354 2150/2312/2166
f 106/111/108 851/900/867 1359/1465/1375
f 946/1010/962 1576/1691/1592 1575/1690/1591
f 973/1041/989 2172/2335/2188 428/453/444
f 428/453/444 2172/2335/2188 2612/2803/2628
f 1048/1123/1064 1047/1120/1063 418/437/434
f 2284/2461/2300 2285/2462/2301 1366/1473/1382
f 836/885/852 316/329/330 1325/1431/1341
f 1325/1431/1341 1973/2116/1989 836/885/852
f 573/601/589 1366/1473/1382 2285/2462/2301
f 1281/1381/1297 2129/2287/2145 1282/1382/1298
f 1866/1995/1882 1865/1994/1881 1959/2097/1975
f 673/709/689 1047/1120/1063 1046/1118/1062
f 549/576/565 1026/1094/1042 1846/1975/1862
f 2632/2823/2648 549/576/565 1846/1975/1862
f 2198/2365/2214 1939/2076/1955 2055/2204/2071
f 1596/1711/1612 1595/1710/1611 2055/2204/2071
f 2688/2881/2704 1516/1630/1532 2636/2827/2652
f 297/309/310 296/308/309 2688/2881/2704
f 174/180/180 1280/1380/1296 2690/2883/2706
f 1392/1499/1408 2664/2856/2680 1393/1500/1409
f 297/309/310 2688/2881/2704 2636/2827/2652
f 297/309/310 2636/2827/2652 1260/1360/1276
f 2594/2785/2610 408/427/424 2620/2811/2636
f 2644/2835/2660 408/427/424 2594/2785/2610
f 1102/1178/1118 2293/2470/2309 739/781/755
f 2/2/2 1134/1215/1150 3/3/3
f 1805/1932/1821 1/1/1 3/3/3
f 685/721/701 2370/2553/2386 1053/1128/1069
f 685/721/701 1053/1128/1069 270/282/282
f 207/219/215 564/592/580 208/220/216
f 1497/1611/1513 37/38/38 1494/1608/1510
f 2481/2668/2497 870/922/886 2587/2778/2603
f 1409/1516/1425 2587/2778/2603 870/922/886
f 2545/2735/2561 2105/2262/2121 1286/1387/1302
f 1286/1387/1302 2295/2472/2311 2545/2735/2561
f 1557/1672/1573 174/180/180 1499/1613/1515
f 1499/1613/1515 174/180/180 2690/2883/2706
f 1763/1887/1779 144/149/148 143/148/147
f 143/148/147 133/138/136 1763/1887/1779
f 2352/2535/2368 115/120/117 1272/1372/1288
f 2352/2535/2368 1220/1316/1236 115/120/117
f 1392/1499/1408 333/346/348 2664/2856/2680
f 2681/2874/2697 1740/1864/1756 155/160/159
f 1740/1864/1756 2681/2874/2697 2576/2767/2592
f 2103/2260/2119 536/563/552 535/562/551
f 1257/1357/1273 1000/1068/1016 1256/1356/1272
f 522/549/538 543/570/559 1168/1255/1184
f 262/274/273 4/4/4 260/272/271
f 262/274/273 707/749/723 4/4/4
f 869/921/885 1410/1517/1426 1409/1516/1425
f 869/921/885 1409/1516/1425 870/922/886
f 1432/1541/1448 2682/2875/2698 1433/1542/1449
f 1826/1955/1842 1433/1542/1449 2682/2875/2698
f 208/220/216 2418/2601/2434 742/784/758
f 208/220/216 564/592/580 2418/2601/2434
f 859/908/875 1885/2017/1901 1799/1926/1815
f 357/371/372 1885/2017/1901 859/908/875
f 2124/2282/2140 2345/2527/2361 1194/1286/1210
f 2106/2263/2122 2670/2862/2686 346/360/361
f 2458/2642/2474 2670/2862/2686 2106/2263/2122
f 2345/2527/2361 1195/1287/1211 1194/1286/1210
f 1195/1287/1211 2345/2527/2361 1402/1509/1418
f 1081/1157/1097 1080/1156/1096 784/827/800
f 2098/2255/2114 1081/1157/1097 784/827/800
f 2126/2284/2142 785/828/801 784/827/800
f 784/827/800 1080/1156/1096 2126/2284/2142
f 2400/2583/2416 1488/1602/1504 2398/2581/2414
f 579/607/595 2398/2581/2414 1488/1602/1504
f 1561/1676/1577 2566/2756/2582 1558/1673/1574
f 529/556/545 531/558/547 1835/1964/1851
f 840/889/856 2617/2808/2633 435/460/451
f 435/460/451 2617/2808/2633 839/888/855
f 2264/2440/2280 1665/1786/1681 1975/2118/1991
f 881/937/897 2264/2440/2280 1975/2118/1991
f 550/577/566 809/855/825 551/578/567
f 809/855/825 550/577/566 807/853/823
f 1789/1916/1805 2471/2658/2487 2563/2753/2579
f 788/831/804 1759/1883/1775 883/939/899
f 2025/2172/2041 2672/2864/2688 1783/1910/1799
f 1830/1959/1846 1354/1460/1370 1368/1475/1384
f 1029/1097/1045 93/97/95 95/100/97
f 1029/1097/1045 95/100/97 101/106/103
f 810/856/826 1649/1770/1665 2002/2149/2018
f 2002/2149/2018 2393/2576/2409 810/856/826
f 189/195/196 198/208/205 2203/2370/2219
f 198/208/205 203/213/210 2203/2370/2219
f 2570/2761/2586 269/281/281 1570/1685/1586
f 1570/1685/1586 1569/1684/1585 2570/2761/2586
f 2124/2282/2140 2123/2281/2139 453/478/469
f 1492/1606/1508 1491/1605/1507 1680/1801/1696
f 1256/1356/1272 1000/1068/1016 1641/1762/1657
f 2508/2696/2524 2560/2750/2576 910/968/926
f 910/968/926 452/477/468 2508/2696/2524
f 2399/2582/2415 2414/2597/2430 819/865/835
f 2399/2582/2415 1024/1092/1040 2414/2597/2430
f 2379/2562/2395 481/508/497 483/510/499
f 1939/2076/1955 843/892/859 1596/1711/1612
f 2055/2204/2071 1939/2076/1955 1596/1711/1612
f 136/141/139 138/143/141 2379/2562/2395
f 2379/2562/2395 1324/1430/1340 481/508/497
f 2082/2239/2098 1246/1342/1262 1570/1685/1586
f 408/427/424 2644/2835/2660 400/419/415
f 1099/1175/1115 1324/1430/1340 138/143/141
f 2379/2562/2395 138/143/141 1324/1430/1340
f 2616/2807/2632 920/979/936 922/984/938
f 1261/1361/1277 920/979/936 2616/2807/2632
f 1858/1987/1874 760/803/776 762/805/778
f 877/933/893 2417/2600/2433 195/204/202
f 1778/1905/1794 2306/2484/2322 2610/2801/2626
f 2393/2576/2409 2392/2575/2408 2391/2574/2407
f 811/857/827 2392/2575/2408 2517/2707/2533
f 129/134/132 128/133/131 2632/2823/2648
f 1846/1975/1862 129/134/132 2632/2823/2648
f 1675/1796/1691 2659/2850/2675 1930/2064/1946
f 2659/2850/2675 1675/1796/1691 1266/1366/1282
f 2598/2789/2614 2024/2171/2040 2023/2170/2039
f 2598/2789/2614 1411/1518/1427 2024/2171/2040
f 2205/2372/2221 1985/2128/2001 2660/2851/2676
f 2207/2374/2223 1985/2128/2001 2205/2372/2221
f 1331/1437/1347 1651/1772/1667 514/541/530
f 515/542/531 514/541/530 1651/1772/1667
f 1572/1687/1588 1736/1858/1752 1738/1861/1754
f 1572/1687/1588 187/193/194 1736/1858/1752
f 2155/2317/2171 1578/1693/1594 2214/2381/2230
f 2155/2317/2171 2214/2381/2230 350/364/365
f 1512/1626/1528 1914/2048/1930 2279/2456/2295
f 1522/1636/1538 776/819/792 320/333/334
f 954/1018/970 2450/2633/2466 2539/2729/2555
f 954/1018/970 294/306/307 2450/2633/2466
f 2219/2386/2235 1405/1512/1421 2589/2780/2605
f 1405/1512/1421 2219/2386/2235 2361/2544/2377
f 2044/2192/2060 2675/2868/2691 2574/2765/2590
f 2675/2868/2691 2044/2192/2060 2473/2660/2489
f 521/548/537 2273/2449/2289 956/1020/972
f 1201/1294/1217 1044/1116/1060 1046/1119/1062
f 2442/2625/2458 2684/2877/2700 113/118/115
f 65/68/67 1936/2073/1952 2578/2769/2594
f 2691/2884/2707 799/845/815 1455/1566/1471
f 799/845/815 800/846/816 1455/1566/1471
f 145/150/149 152/157/156 134/139/137
f 153/158/157 152/157/156 145/150/149
f 1941/2078/1957 1155/1238/1171 1942/2079/1958
f 483/510/499 482/509/498 744/786/760
f 774/817/790 483/510/499 744/786/760
f 1860/1989/1876 2175/2338/2191 1658/1779/1674
f 1189/1281/1205 464/489/480 463/488/479
f 1564/1679/1580 2171/2334/2187 2358/2541/2374
f 2169/2331/2185 2358/2541/2374 2171/2334/2187
f 622/653/638 621/652/637 1869/1998/1885
f 1294/1395/1310 622/653/638 1869/1998/1885
f 1635/1756/1651 1748/1872/1764 1633/1754/1649
f 372/389/387 1748/1872/1764 1635/1756/1651
f 1207/1301/1223 1189/1281/1205 463/488/479
f 1854/1983/1870 2023/2170/2039 1855/1984/1871
f 818/864/834 1591/1706/1607 1633/1754/1649
f 757/799/773 1090/1166/1106 2134/2295/2150
f 1654/1775/1670 317/330/331 1085/1161/1101
f 317/330/331 1654/1775/1670 315/327/329
f 2586/2777/2602 1324/1430/1340 325/338/339
f 167/173/172 161/167/166 1252/1352/1268
f 1112/1188/1128 1472/1584/1488 1471/1583/1487
f 415/434/431 2218/2385/2234 2262/2438/2278
f 2290/2467/2306 1396/1503/1412 770/813/786
f 770/813/786 1396/1503/1412 1395/1502/1411
f 2081/2238/2097 2083/2240/2099 2082/2239/2098
f 2014/2161/2030 2210/2377/2226 1382/1489/1398
f 1382/1489/1398 914/972/930 2014/2161/2030
f 2352/2535/2368 1308/1413/1324 576/604/592
f 2352/2535/2368 576/604/592 575/603/591
f 2462/2646/2478 2168/2330/2184 2167/2329/2183
f 2168/2330/2184 2462/2646/2478 1869/1998/1885
f 173/179/179 2623/2814/2639 787/830/803
f 787/830/803 2623/2814/2639 152/157/156
f 434/459/450 433/458/449 1638/1759/1654
f 433/458/449 2291/2468/2307 1638/1759/1654
f 995/1063/1011 1859/1988/1875 1778/1905/1794
f 1778/1905/1794 1859/1988/1875 1777/1904/1793
f 428/453/444 2612/2803/2628 1375/1482/1391
f 1754/1878/1770 850/899/866 2565/2755/2581
f 1429/1538/1445 2259/2435/2275 1160/1243/1176
f 2505/2693/2521 1160/1243/1176 2259/2435/2275
f 594/624/610 2577/2768/2593 595/625/611
f 595/625/611 2577/2768/2593 1684/1805/1700
f 715/757/731 2028/2175/2044 716/758/732
f 1290/1391/1306 1362/1469/1378 2078/2235/2094
f 2078/2235/2094 1027/1095/1043 1290/1391/1306
f 1289/1390/1305 49/50/51 2678/2871/2694
f 2501/2689/2517 2678/2871/2694 49/50/51
f 2052/2201/2068 2037/2185/2053 1265/1365/1281
f 1264/1364/1280 2052/2201/2068 1265/1365/1281
f 2287/2464/2303 2033/2181/2049 2522/2712/2538
f 571/599/587 984/1052/1000 572/600/588
f 2066/2220/2082 868/919/884 2300/2477/2316
f 868/920/884 2635/2826/2651 2300/2478/2316
f 555/582/571 803/849/819 1182/1271/1198
f 1446/1556/1462 1449/1560/1465 1475/1588/1491
f 635/666/651 352/366/367 2243/2418/2259
f 2243/2418/2259 352/366/367 764/807/780
f 733/775/749 732/774/748 2573/2764/2589
f 2573/2764/2589 732/774/748 2324/2503/2340
f 866/916/882 1991/2138/2007 2173/2336/2189
f 1532/1646/1548 866/916/882 2173/2336/2189
f 2692/2885/2708 849/898/865 850/899/866
f 1753/1877/1769 2692/2885/2708 850/899/866
f 1404/1511/1420 554/581/570 2360/2543/2376
f 1404/1511/1420 2360/2543/2376 708/750/724
f 1043/1114/1059 1136/1217/1152 1730/1851/1746
f 1730/1851/1746 1041/1112/1057 1043/1114/1059
f 2602/2793/2618 2290/2467/2306 769/812/785
f 2662/2854/2678 2186/2353/2202 922/984/938
f 1475/1588/1491 2186/2353/2202 2662/2854/2678
f 2692/2885/2708 1753/1877/1769 1966/2107/1982
f 771/814/787 1395/1502/1411 2685/2878/2701
f 771/814/787 2685/2878/2701 1439/1548/1455
f 1610/1726/1626 964/1030/980 963/1029/979
f 1970/2113/1986 1610/1726/1626 963/1029/979
f 2621/2812/2637 2299/2476/2315 603/634/619
f 1760/1884/1776 2621/2812/2637 603/634/619
f 2589/2780/2605 1407/1514/1423 2555/2745/2571
f 2192/2359/2208 944/1008/960 2191/2358/2207
f 331/344/346 2192/2359/2208 2191/2358/2207
f 437/462/453 233/245/243 2034/2182/2050
f 2287/2464/2303 2522/2712/2538 1346/1452/1362
f 345/359/360 2533/2723/2549 413/432/429
f 1916/2050/1932 1560/1675/1576 1917/2051/1933
f 2292/2469/2308 1560/1675/1576 1916/2050/1932
f 897/953/913 1725/1846/1741 2435/2618/2451
f 1725/1846/1741 2441/2624/2457 2435/2618/2451
f 412/431/428 2534/2724/2550 2541/2731/2557
f 92/95/94 91/94/93 2489/2676/2505
f 2489/2676/2505 91/94/93 1216/1311/1232
f 2541/2731/2557 1176/1265/1192 1072/1148/1088
f 639/670/655 638/669/654 2438/2621/2454
f 2438/2621/2454 1825/1954/1841 2436/2619/2452
f 2502/2690/2518 605/636/621 2485/2672/2501
f 2502/2690/2518 2485/2672/2501 2591/2782/2607
f 599/629/615 960/1026/976 1225/1321/1241
f 960/1026/976 599/629/615 958/1022/974
f 1968/2109/1984 2188/2355/2204 2571/2762/2587
f 1968/2109/1984 1976/2119/1992 2188/2355/2204
f 1716/1837/1732 967/1033/983 1718/1839/1734
f 2058/2207/2074 1718/1839/1734 967/1033/983
f 999/1067/1015 2176/2339/2192 1860/1989/1876
f 999/1067/1015 998/1066/1014 2176/2339/2192
f 2129/2287/2145 2302/2480/2318 1282/1382/1298
f 525/552/541 1166/1253/1182 2127/2285/2143
f 1185/1274/1201 1181/1270/1197 458/483/474
f 457/482/473 1185/1274/1201 458/483/474
f 1194/1286/1210 2152/2314/2168 898/954/914
f 2152/2314/2168 1194/1286/1210 1193/1285/1209
f 1068/1143/1084 1852/1981/1868 1069/1144/1085
f 958/1023/974 1960/2099/1976 959/1024/975
f 959/1024/975 1960/2099/1976 1961/2102/1977
f 2097/2254/2113 1274/1374/1290 2492/2680/2508
f 2492/2680/2508 1274/1374/1290 658/689/674
f 122/127/125 124/129/127 2475/2662/2491
f 421/444/437 122/127/125 2475/2662/2491
f 2580/2771/2596 1906/2040/1922 1904/2038/1920
f 1905/2039/1921 1904/2038/1920 1906/2040/1922
f 421/444/437 2475/2662/2491 419/438/435
f 968/1034/984 1717/1838/1733 2547/2737/2563
f 2547/2737/2563 1717/1838/1733 2244/2419/2260
f 2585/2776/2601 259/271/270 2599/2790/2615
f 2673/2865/2689 109/114/111 113/118/115
f 1848/1977/1864 2592/2783/2608 1797/1924/1813
f 1848/1977/1864 1849/1978/1865 2592/2783/2608
f 911/969/927 1173/1260/1189 912/970/928
f 2669/2861/2685 509/536/525 1091/1167/1107
f 509/536/525 2669/2861/2685 2554/2744/2570
f 113/118/115 2684/2877/2700 681/717/697
f 544/571/560 2519/2709/2535 616/647/632
f 1093/1169/1109 389/408/404 1809/1936/1825
f 389/408/404 2372/2555/2388 1809/1936/1825
f 1443/1552/1459 1605/1720/1621 1694/1815/1710
f 1443/1552/1459 1604/1719/1620 1605/1720/1621
f 616/647/632 545/572/561 544/571/560
f 2178/2341/2194 2465/2650/2481 1248/1346/1264
f 2465/2650/2481 2178/2341/2194 1247/1344/1263
f 2436/2619/2452 2437/2620/2453 639/670/655
f 1553/1668/1569 2601/2792/2617 1818/1947/1834
f 2290/2467/2306 770/813/786 769/812/785
f 2189/2356/2205 1903/2037/1919 2524/2714/2540
f 2189/2356/2205 2190/2357/2206 1903/2037/1919
f 21/22/21 1650/1771/1666 1704/1825/1720
f 2449/2632/2465 1814/1942/1830 1816/1945/1832
f 1816/1945/1832 835/884/851 2449/2632/2465
f 1815/1943/1831 2624/2815/2640 425/449/441
f 1100/1176/1116 1099/1175/1115 1284/1385/1300
f 2554/2744/2570 2669/2861/2685 2269/2445/2285
f 2074/2230/2090 2234/2405/2250 999/1067/1015
f 999/1067/1015 2234/2405/2250 1000/1068/1016
f 206/218/214 702/741/718 2276/2452/2292
f 1068/1143/1084 1428/1537/1444 1662/1783/1678
f 2540/2730/2556 2622/2813/2638 741/783/757
f 2540/2730/2556 741/783/757 2544/2734/2560
f 2438/2621/2454 2436/2619/2452 639/670/655
f 2269/2445/2285 2669/2861/2685 1579/1694/1595
f 2374/2557/2390 1999/2146/2015 2437/2620/2453
f 17/18/17 1791/1918/1807 18/19/18
f 1792/1919/1808 1791/1918/1807 17/18/17
f 1637/1758/1653 1638/1759/1654 1918/2052/1934
f 1998/2145/2014 1999/2146/2015 2374/2557/2390
f 1852/1981/1868 402/421/418 1850/1979/1866
f 2633/2824/2649 1985/2128/2001 1472/1584/1488
f 2395/2578/2411 2633/2824/2649 1472/1584/1488
f 2395/2578/2411 1427/1536/1443 1115/1191/1131
f 179/185/185 689/727/705 2483/2670/2499
f 436/461/452 849/898/865 2571/2762/2587
f 2587/2778/2603 1411/1518/1427 2022/2169/2038
f 2481/2668/2497 2587/2778/2603 2022/2169/2038
f 1815/1944/1831 316/329/330 836/885/852
f 2429/2612/2445 1571/1686/1587 2569/2760/2585
f 1432/1541/1448 2375/2558/2391 2682/2875/2698
f 2374/2557/2390 2437/2620/2453 2375/2558/2391
f 2682/2875/2698 2375/2558/2391 2437/2620/2453
f 1358/1464/1374 2290/2467/2306 2561/2751/2577
f 2134/2295/2150 1642/1763/1658 2479/2666/2495
f 1642/1763/1658 1150/1231/1166 2479/2666/2495
f 2671/2863/2687 1205/1298/1221 2657/2848/2673
f 2313/2491/2329 1743/1867/1759 2537/2727/2553
f 1330/1436/1346 2537/2727/2553 1743/1867/1759
f 2093/2250/2109 806/852/822 805/851/821
f 2093/2250/2109 805/851/821 1694/1815/1710
f 346/360/361 341/355/356 2423/2606/2439
f 2394/2577/2410 1114/1190/1130 1197/1289/1213
f 2633/2824/2649 2394/2577/2410 1197/1289/1213
f 1040/1111/1056 496/523/512 2396/2579/2412
f 280/292/293 496/523/512 1040/1111/1056
f 179/185/185 2483/2670/2499 1775/1902/1791
f 2482/2669/2498 2022/2169/2038 1628/1749/1644
f 2482/2669/2498 1628/1749/1644 2481/2668/2497
f 1716/1837/1732 2244/2419/2260 1717/1838/1733
f 1034/1105/1050 2158/2320/2174 2581/2772/2597
f 2423/2606/2439 341/355/356 324/337/338
f 1450/1561/1466 1451/1562/1467 2251/2427/2267
f 2259/2435/2275 1429/1538/1445 1254/1354/1270
f 1253/1353/1269 2259/2435/2275 1254/1354/1270
f 1433/1542/1449 1826/1955/1842 34/35/35
f 1327/1433/1343 2313/2491/2329 2165/2327/2181
f 2165/2327/2181 2313/2491/2329 2537/2727/2553
f 2416/2599/2432 1183/1272/1199 2280/2457/2296
f 1408/1515/1424 884/940/900 496/523/512
f 884/940/900 42/43/43 496/523/512
f 1787/1914/1803 2253/2429/2269 1827/1956/1843
f 446/471/462 2405/2588/2421 447/472/463
f 2581/2772/2597 2158/2320/2174 2157/2319/2173
f 1095/1171/1111 563/591/579 1949/2086/1965
f 1521/1635/1537 2477/2664/2493 1308/1413/1324
f 1375/1482/1391 1377/1484/1393 236/248/246
f 1886/2018/1902 2312/2490/2328 1885/2017/1901
f 2312/2490/2328 1886/2018/1902 934/997/950
f 2416/2599/2432 577/605/593 1720/1841/1736
f 575/603/591 577/605/593 2416/2599/2432
f 238/250/248 2307/2485/2323 2056/2205/2072
f 238/250/248 237/249/247 2307/2485/2323
f 1774/1901/1790 2095/2252/2111 1010/1078/1026
f 1773/1900/1789 2095/2252/2111 1774/1901/1790
f 494/521/510 678/714/694 677/713/693
f 1157/1240/1173 1258/1358/1274 2309/2487/2325
f 564/592/580 563/591/579 1760/1884/1776
f 564/592/580 1760/1884/1776 603/634/619
f 576/604/592 2477/2664/2493 577/605/593
f 1313/1418/1329 2501/2689/2517 1314/1419/1330
f 2501/2689/2517 1313/1418/1329 2678/2871/2694
f 1036/1107/1052 1037/1108/1053 852/901/868
f 852/901/868 560/587/576 1036/1107/1052
f 1774/1901/1790 2451/2634/2467 1772/1899/1788
f 286/298/299 285/297/298 2575/2766/2591
f 2575/2766/2591 2146/2307/2162 286/298/299
f 1205/1298/1221 2072/2228/2088 1629/1750/1645
f 1205/1298/1221 1629/1750/1645 2657/2848/2673
f 236/248/246 238/250/248 2056/2205/2072
f 2308/2486/2324 1258/1358/1274 1156/1239/1172
f 1941/2078/1957 2308/2486/2324 1156/1239/1172
f 1835/1964/1851 1932/2066/1948 2068/2222/2084
f 1062/1137/1078 2208/2375/2224 2232/2403/2248
f 325/338/339 2216/2383/2232 2586/2777/2602
f 1307/1412/1323 1085/1161/1101 317/330/331
f 896/952/912 2308/2486/2324 1941/2078/1957
f 1549/1663/1565 2403/2586/2419 2578/2769/2594
f 1549/1663/1565 2578/2769/2594 2677/2870/2693
f 311/323/325 1345/1451/1361 2344/2526/2360
f 2484/2671/2500 607/638/623 2485/2672/2501
f 1890/2022/1906 2486/2673/2502 2494/2682/2510
f 2557/2747/2573 2486/2673/2502 1890/2022/1906
f 2606/2797/2622 2367/2550/2383 2380/2563/2396
f 2367/2550/2383 1175/1262/1191 2380/2563/2396
f 1823/1952/1839 1510/1624/1526 1512/1626/1528
f 1464/1576/1480 2668/2860/2684 1465/1577/1481
f 1613/1730/1629 1465/1577/1481 2668/2860/2684
f 530/557/546 529/556/545 1518/1632/1534
f 1087/1163/1103 70/73/72 2557/2747/2573
f 227/239/235 246/258/257 1380/1487/1396
f 227/239/235 1380/1487/1396 225/237/233
f 1004/1072/1020 2407/2590/2423 1623/1744/1639
f 2407/2590/2423 1006/1074/1022 1623/1744/1639
f 375/392/390 374/391/389 890/946/906
f 890/946/906 374/391/389 376/393/391
f 2030/2177/2046 855/904/871 1431/1540/1447
f 1459/1570/1475 2444/2627/2460 1460/1571/1476
f 2693/2886/2709 2444/2627/2460 1459/1570/1475
f 949/1013/965 1424/1533/1440 642/673/658
f 1424/1533/1440 949/1013/965 948/1012/964
f 1054/1129/1070 2693/2886/2709 1459/1570/1475
f 2693/2886/2709 1054/1129/1070 2444/2627/2460
f 1066/1141/1082 1851/1980/1867 1850/1979/1866
f 1298/1401/1314 1300/1405/1316 1299/1403/1315
f 611/642/627 1872/2001/1888 2090/2247/2106
f 2090/2247/2106 1872/2001/1888 540/567/556
f 1212/1307/1228 582/610/598 1243/1339/1259
f 1243/1339/1259 582/610/598 737/779/753
f 1599/1714/1615 1844/1973/1860 1845/1974/1861
f 1599/1714/1615 1845/1974/1861 1312/1417/1328
f 1613/1730/1629 2445/2628/2461 1045/1117/1061
f 402/421/418 2499/2687/2515 1850/1979/1866
f 684/720/700 2370/2553/2386 685/721/701
f 2350/2533/2366 674/710/690 1613/1730/1629
f 2048/2197/2064 674/710/690 2350/2533/2366
f 2160/2322/2176 267/279/279 265/277/277
f 2160/2322/2176 2584/2775/2600 267/279/279
f 1779/1906/1795 2553/2743/2569 44/45/46
f 474/499/490 1962/2103/1978 1539/1653/1555
f 2145/2306/2161 2584/2775/2600 955/1019/971
f 2344/2526/2360 1345/1451/1361 1829/1958/1845
f 1396/1503/1412 2290/2467/2306 566/594/582
f 1357/1463/1373 566/594/582 2290/2467/2306
f 1888/2020/1904 442/467/458 2079/2236/2095
f 1889/2021/1905 1888/2020/1904 2079/2236/2095
f 369/386/384 368/385/383 2549/2739/2565
f 1355/1461/1371 2342/2522/2358 567/595/583
f 870/922/886 2481/2668/2497 871/923/887
f 871/923/887 2481/2668/2497 1245/1341/1261
f 1722/1843/1738 2094/2251/2110 2354/2537/2370
f 2549/2739/2565 368/385/383 2369/2552/2385
f 2401/2584/2417 1278/1378/1294 1277/1377/1293
f 2401/2584/2417 1277/1377/1293 406/425/422
f 919/977/935 2550/2740/2566 2456/2639/2472
f 919/977/935 1828/1957/1844 2550/2740/2566
f 1987/2130/2003 2627/2818/2643 2642/2833/2658
f 521/548/537 956/1020/972 518/545/534
f 519/546/535 518/545/534 956/1020/972
f 326/339/340 2377/2560/2393 73/76/75
f 404/423/420 2377/2560/2393 326/339/340
f 917/975/933 2456/2639/2472 1982/2125/1998
f 2456/2639/2472 917/975/933 919/977/935
f 1637/1758/1653 2582/2773/2598 761/804/777
f 156/161/160 392/411/407 154/159/158
f 2358/2541/2374 2503/2691/2519 2357/2540/2373
f 1269/1369/1285 466/491/482 1268/1368/1284
f 1214/1309/1230 258/270/269 1593/1708/1609
f 1547/1661/1563 1548/1662/1564 2548/2738/2564
f 1547/1661/1563 2548/2738/2564 5/5/5
f 1531/1645/1547 2691/2884/2707 1455/1566/1471
f 2691/2884/2707 1531/1645/1547 799/845/815
f 448/473/464 2649/2840/2665 449/474/465
f 449/474/465 2649/2840/2665 1199/1291/1215
f 603/634/619 2299/2476/2315 604/635/620
f 1611/1728/1627 367/384/382 370/387/385
f 2301/2479/2317 867/917/883 2507/2695/2523
f 1581/1696/1597 407/426/423 1277/1377/1293
f 60/63/62 2552/2742/2568 40/41/41
f 40/41/41 878/934/894 60/63/62
f 1122/1203/1138 1124/1205/1140 824/870/840
f 824/870/840 1123/1204/1139 1122/1203/1138
f 1706/1827/1722 83/86/85 1495/1609/1511
f 2464/2648/2480 188/194/195 2121/2279/2137
f 1149/1230/1165 1151/1232/1167 462/487/478
f 2013/2160/2029 830/876/846 123/128/126
f 830/876/846 2013/2160/2029 2413/2596/2429
f 2672/2864/2688 869/921/885 1783/1910/1799
f 1783/1910/1799 869/921/885 1784/1911/1800
f 1006/1074/1022 1005/1073/1021 2510/2698/2526
f 2510/2698/2526 1515/1629/1531 1006/1074/1022
f 2478/2665/2494 1149/1230/1165 462/487/478
f 2479/2666/2495 2478/2665/2494 462/487/478
f 2658/2849/2674 50/51/52 1289/1390/1305
f 858/907/874 2562/2752/2578 87/90/89
f 1711/1832/1727 333/346/348 1342/1448/1358
f 2419/2602/2435 1342/1448/1358 333/346/348
f 1164/1250/1180 1163/1248/1179 1162/1246/1178
f 401/420/417 49/50/51 48/49/50
f 869/921/885 2672/2864/2688 1410/1517/1426
f 298/310/311 2004/2151/2020 628/659/644
f 297/309/310 2004/2151/2020 298/310/311
f 2381/2564/2397 164/170/169 2431/2614/2447
f 1231/1327/1247 1074/1150/1090 1073/1149/1089
f 2556/2746/2572 184/190/191 1710/1831/1726
f 2556/2746/2572 1710/1831/1726 2680/2873/2696
f 1073/1149/1089 2028/2175/2044 1231/1327/1247
f 1771/1898/1787 619/650/635 1793/1920/1809
f 619/650/635 1794/1921/1810 1793/1920/1809
f 14/15/14 736/778/752 1082/1158/1098
f 14/15/14 13/14/13 736/778/752
f 475/500/491 477/504/493 1600/1715/1616
f 359/373/374 1414/1521/1430 2386/2569/2402
f 264/276/276 2147/2308/2163 2146/2307/2162
f 2146/2307/2162 2665/2857/2681 264/276/276
f 1856/1985/1872 383/402/398 1712/1833/1728
f 1854/1983/1870 1856/1985/1872 1712/1833/1728
f 2661/2852/2677 716/758/732 2309/2487/2325
f 627/658/643 296/308/309 2222/2389/2238
f 1678/1799/1694 1680/1801/1696 2078/2235/2094
f 797/843/813 796/841/812 2523/2713/2539
f 2523/2713/2539 796/841/812 795/839/811
f 1115/1191/1131 1820/1949/1836 751/793/767
f 1115/1191/1131 1111/1187/1127 1820/1949/1836
f 806/852/822 1744/1868/1760 804/850/820
f 2094/2251/2110 1744/1868/1760 806/852/822
f 2446/2629/2462 953/1017/969 952/1016/968
f 1658/1779/1674 2175/2338/2191 2491/2679/2507
f 320/333/334 763/806/779 765/808/781
f 1991/2138/2007 2509/2697/2525 2173/2336/2189
f 1744/1868/1760 2094/2251/2110 2655/2846/2671
f 1742/1866/1758 2655/2846/2671 2094/2251/2110
f 2509/2697/2525 1302/1407/1318 2173/2336/2189
f 665/700/681 833/880/849 718/760/734
f 290/302/303 2273/2449/2289 521/548/537
f 2415/2598/2431 1578/1693/1594 1577/1692/1593
f 307/319/321 123/128/126 2121/2279/2137
f 561/588/577 130/135/133 121/126/124
f 130/135/133 561/588/577 1884/2016/1900
f 2494/2682/2510 2538/2728/2554 1891/2023/1907
f 2058/2207/2074 2446/2629/2462 662/693/678
f 2058/2207/2074 662/693/678 1718/1839/1734
f 2103/2260/2119 1696/1817/1712 536/563/552
f 1348/1454/1364 1347/1453/1363 2117/2275/2133
f 968/1034/984 950/1014/966 949/1013/965
f 968/1034/984 2547/2737/2563 950/1014/966
f 2640/2831/2656 2255/2431/2271 2164/2326/2180
f 2640/2831/2656 1329/1435/1345 2255/2431/2271
f 2500/2688/2516 1287/1388/1303 811/857/827
f 1063/1138/1079 256/268/267 1064/1139/1080
f 2446/2629/2462 952/1016/968 662/693/678
f 1329/1435/1345 645/676/661 647/678/663
f 2255/2431/2271 1329/1435/1345 647/678/663
f 1790/1917/1806 798/844/814 2336/2516/2352
f 1790/1917/1806 2032/2180/2048 798/844/814
f 2380/2563/2396 1573/1688/1589 2606/2797/2622
f 1452/1563/1468 2415/2598/2431 1577/1692/1593
f 2215/2382/2231 2415/2598/2431 1452/1563/1468
f 662/693/678 2694/2887/2710 951/1015/967
f 951/1015/967 2694/2887/2710 952/1016/968
f 952/1016/968 2694/2887/2710 662/693/678
f 2629/2820/2645 2597/2788/2613 926/988/942
f 410/429/426 2336/2516/2352 798/844/814
f 1731/1852/1747 1015/1083/1031 455/480/471
f 1421/1530/1437 1423/1532/1439 2595/2786/2611
f 2629/2820/2645 2595/2786/2611 1423/1532/1439
f 787/830/803 152/157/156 157/162/161
f 2313/2491/2329 1327/1433/1343 804/850/820
f 2638/2829/2654 1349/1455/1365 1348/1454/1364
f 2638/2829/2654 1348/1454/1364 2117/2275/2133
f 2687/2880/2703 1550/1664/1566 2677/2870/2693
f 1550/1664/1566 2687/2880/2703 53/55/55
f 1905/2039/1921 233/245/243 1350/1456/1366
f 1906/2040/1922 233/245/243 1905/2039/1921
f 1042/1113/1058 2431/2614/2447 164/170/169
f 2431/2614/2447 1042/1113/1058 432/457/448
f 2433/2616/2449 751/793/767 2558/2748/2574
f 753/795/769 2558/2748/2574 751/793/767
f 2385/2568/2401 2125/2283/2141 2665/2857/2681
f 2665/2857/2681 2125/2283/2141 743/785/759
f 2480/2667/2496 1487/1601/1503 1855/1984/1871
f 1487/1601/1503 1020/1088/1036 2679/2872/2695
f 1921/2055/1937 2431/2614/2447 1467/1579/1483
f 633/664/649 1921/2055/1937 1467/1579/1483
f 383/402/398 1855/1984/1871 2679/2872/2695
f 1487/1601/1503 2679/2872/2695 1855/1984/1871
f 1423/1532/1439 2597/2788/2613 2629/2820/2645
f 1500/1614/1516 2690/2883/2706 1280/1380/1296
f 1937/2074/1953 1460/1571/1476 1938/2075/1954
f 253/265/264 256/268/267 278/290/291
f 1020/1088/1036 1853/1982/1869 2679/2872/2695
f 1270/1370/1286 2665/2857/2681 743/785/759
f 1270/1370/1286 264/276/276 2665/2857/2681
f 1528/1642/1544 2328/2507/2344 2329/2508/2345
f 2329/2508/2345 1362/1469/1378 1528/1642/1544
f 1795/1922/1811 1061/1136/1077 469/494/485
f 1853/1982/1869 1020/1088/1036 1022/1090/1038
f 1511/1625/1527 1841/1970/1857 1504/1618/1520
f 1155/1238/1171 1941/2078/1957 1156/1239/1172
f 1499/1613/1515 2690/2883/2706 1500/1614/1516
f 126/131/129 1902/2036/1918 105/110/107
f 2279/2456/2295 1823/1952/1839 1512/1626/1528
f 1821/1950/1837 1823/1952/1839 2279/2456/2295
f 788/831/804 882/938/898 789/832/805
f 420/442/436 419/439/435 877/933/893
f 2417/2600/2433 877/933/893 876/932/892
f 2477/2664/2493 1521/1635/1537 577/605/593
f 1997/2144/2013 2330/2509/2346 2328/2507/2344
f 2330/2509/2346 2329/2508/2345 2328/2507/2344
f 1926/2060/1942 2400/2583/2416 1927/2061/1943
f 2599/2790/2615 259/271/270 2471/2658/2487
f 2599/2790/2615 2471/2658/2487 1106/1182/1122
f 1662/1783/1678 29/30/30 28/29/29
f 1662/1783/1678 2589/2780/2605 29/30/30
f 2510/2698/2526 709/751/725 1515/1629/1531
f 1777/1904/1793 1858/1987/1874 762/805/778
f 1859/1988/1875 1858/1987/1874 1777/1904/1793
f 390/409/405 1021/1089/1037 1926/2060/1942
f 1021/1089/1037 1488/1602/1504 1926/2060/1942
f 1102/1178/1118 1435/1544/1451 2293/2470/2309
f 1435/1544/1451 1244/1340/1260 2293/2470/2309
f 1805/1932/1821 3/3/3 353/367/368
f 1729/1850/1745 2627/2818/2643 1987/2130/2003
f 2532/2722/2548 1289/1390/1305 1313/1418/1329
f 1111/1187/1127 1427/1536/1443 1112/1188/1128
f 2149/2311/2165 1610/1727/1626 1612/1729/1628
f 1612/1729/1628 1610/1727/1626 1969/2111/1985
f 2563/2753/2579 2471/2658/2487 1213/1308/1229
f 928/990/944 927/989/943 2332/2511/2348
f 2332/2511/2348 698/737/714 928/990/944
f 149/154/153 2420/2603/2436 150/155/154
f 149/154/153 2676/2869/2692 2420/2603/2436
f 848/897/864 1503/1617/1519 846/895/862
f 1785/1912/1801 1787/1914/1803 1827/1956/1843
f 58/61/60 912/970/928 1154/1237/1170
f 1452/1563/1468 757/799/773 301/313/314
f 822/868/838 2470/2657/2486 2272/2448/2288
f 150/155/154 2422/2605/2438 148/153/152
f 2421/2604/2437 148/153/152 2422/2605/2438
f 92/95/94 2100/2257/2116 2364/2547/2380
f 2616/2807/2632 2515/2705/2531 1261/1361/1277
f 1082/1158/1098 1660/1781/1676 813/859/829
f 2592/2783/2608 2057/2206/2073 2583/2774/2599
f 1849/1978/1865 2057/2206/2073 2592/2783/2608
f 2392/2575/2408 811/857/827 2391/2574/2407
f 1381/1488/1397 1929/2063/1945 1268/1368/1284
f 1660/1781/1676 15/16/15 813/859/829
f 2522/2712/2538 888/944/904 2314/2492/2330
f 1082/1158/1098 736/778/752 2076/2233/2092
f 2019/2166/2035 2020/2167/2036 2320/2499/2336
f 2019/2166/2035 2320/2499/2336 96/101/98
f 1363/1470/1379 1734/1855/1750 2337/2517/2353
f 1001/1069/1017 2393/2576/2409 808/854/824
f 1012/1080/1028 2539/2729/2555 1010/1078/1026
f 2025/2172/2041 1411/1518/1427 1410/1517/1426
f 735/777/751 2645/2836/2661 405/424/421
f 406/425/422 400/419/415 2527/2717/2543
f 2527/2717/2543 400/419/415 399/418/414
f 2276/2452/2292 2111/2268/2127 206/218/214
f 2483/2670/2499 2096/2253/2112 2095/2252/2111
f 1601/1716/1617 1600/1715/1616 477/504/493
f 2483/2670/2499 689/727/705 2096/2253/2112
f 2563/2753/2579 1436/1545/1452 1789/1916/1805
f 1259/1359/1275 717/759/733 2661/2852/2677
f 516/543/532 2540/2730/2556 2544/2734/2560
f 2251/2427/2267 1393/1500/1409 2664/2856/2680
f 2251/2427/2267 2664/2856/2680 366/383/381
f 2487/2674/2503 403/422/419 405/424/421
f 403/422/419 2487/2674/2503 404/423/420
f 1974/2117/1990 2646/2837/2662 277/289/290
f 1380/1487/1396 1929/2063/1945 1381/1488/1397
f 716/758/732 2661/2852/2677 717/759/733
f 1770/1897/1786 2378/2561/2394 2645/2836/2661
f 1770/1897/1786 2645/2836/2661 1771/1898/1787
f 2448/2631/2464 2447/2630/2463 1974/2117/1990
f 1974/2117/1990 2447/2630/2463 475/500/491
f 1487/1601/1503 2480/2667/2496 1488/1602/1504
f 2675/2868/2691 2468/2654/2484 1317/1422/1333
f 1335/1441/1351 1158/1241/1174 2505/2693/2521
f 1317/1422/1333 2574/2765/2590 2675/2868/2691
f 1008/1076/1024 2297/2474/2313 2325/2504/2341
f 1009/1077/1025 2325/2504/2341 2459/2643/2475
f 1009/1077/1025 2459/2643/2475 351/365/366
f 1650/1771/1666 1703/1824/1719 1704/1825/1720
f 1974/2117/1990 475/500/491 2646/2837/2662
f 1600/1715/1616 2646/2837/2662 475/500/491
f 1322/1428/1338 1979/2122/1995 434/459/450
f 1322/1428/1338 434/459/450 1858/1987/1874
f 2645/2836/2661 734/776/750 1771/1898/1787
f 209/221/217 329/342/344 207/219/215
f 1005/1073/1021 343/357/358 710/752/726
f 1016/1084/1032 201/211/208 200/210/207
f 202/212/209 2689/2882/2705 200/210/207
f 1031/1100/1047 1119/1198/1135 1153/1235/1169
f 2357/2540/2373 2503/2691/2519 1336/1442/1352
f 2692/2885/2708 1966/2107/1982 2571/2762/2587
f 849/898/865 2692/2885/2708 2571/2762/2587
f 443/468/459 1468/1580/1484 444/469/460
f 2658/2849/2674 2542/2732/2558 914/972/930
f 1036/1107/1052 560/587/576 864/914/880
