# WaveFront *.obj file (generated by Cinema 4D)

mtllib ./3.mtl

v 0.155045 -0.150388 0.972752
v 0.131542 -0.144301 1.008959
v 0.132640 -0.267278 1.003508
v 0.459349 -0.161873 0.974574
v 0.402497 -0.148954 0.987675
v 0.412684 -0.338999 0.998570
v 0.397934 -0.390054 0.999990
v 0.532749 -0.330831 0.939145
v 0.670325 -0.494610 0.952331
v 0.555242 -0.612737 0.952214
v 0.711572 -0.651233 0.942752
v 0.664861 -0.296653 0.924242
v 0.680739 -0.275150 0.905953
v 0.687683 -0.256068 0.887820
v 0.724608 -0.346848 0.880706
v 0.683423 -0.165576 0.899998
v 0.692112 -0.212693 0.890683
v 0.712520 -0.200508 0.876953
v 0.593244 0.026276 0.909070
v 0.550084 0.036914 0.912208
v 0.649988 -0.130161 0.869966
v 0.524109 -0.172372 0.918242
v 0.639364 -0.276408 0.878790
v 0.627158 -0.191008 0.870450
v 0.674362 -0.186373 0.878644
v 0.707793 -0.319231 0.873899
v 0.217637 0.536985 0.882778
v 0.111271 0.727869 0.771067
v 0.112064 0.578436 0.839863
v 0.477973 -0.712334 0.812933
v 0.408672 -0.737608 0.879045
v 0.387197 -0.832872 0.795265
v -0.407888 0.995700 -0.019211
v -0.410018 0.978494 -0.113514
v -0.452140 0.960556 -0.261986
v 0.345953 0.651099 0.793051
v 0.316322 0.678092 0.785013
v 0.324733 0.649939 0.811077
v 0.375364 0.614958 0.799970
v 0.418480 0.611742 0.779659
v 0.285044 -0.745105 0.900167
v 0.092936 -0.816821 0.748611
v 0.226699 -0.939858 0.697029
v -0.834131 -0.080262 0.809533
v -0.811376 0.050125 0.731001
v -0.906188 -0.097688 0.813592
v -0.158744 -0.872721 0.736800
v -0.218948 -0.815742 0.779754
v -0.368853 -0.843969 0.741861
v 0.733597 -0.936495 0.764606
v 0.823369 -0.948511 0.627668
v 0.880681 -0.820183 0.818914
v 0.847686 0.033913 0.649230
v 0.789953 -0.007002 0.746811
v 0.866534 -0.080704 0.652129
v 0.421852 -0.844263 0.671671
v 0.315011 -0.933705 0.709037
v 0.383764 -0.919358 0.586283
v 0.488538 -0.928126 0.665835
v 0.565101 -0.930559 0.645325
v 0.598179 -0.951640 0.583065
v 0.634688 -0.954918 0.589808
v 0.533643 -0.956590 0.562586
v 0.586858 -0.960969 0.561464
v 0.625892 -0.968970 0.568155
v 0.042709 -0.955561 0.633530
v 0.062850 -1.001121 0.521916
v 0.081590 -0.966252 0.612468
v 0.655003 0.485316 0.525533
v 0.705801 0.478977 0.474701
v 0.607331 0.541183 0.537704
v 0.545337 -1.015922 0.447970
v 0.507182 -0.972670 0.556411
v 0.374076 -0.978528 0.456166
v -0.271328 0.955939 0.451198
v -0.391506 0.938984 0.441033
v -0.347015 0.957044 0.517421
v 0.019157 -1.029065 0.431489
v -0.115236 -1.008505 0.470734
v -0.133567 -1.036215 0.379727
v 0.811335 -0.959799 0.286987
v 0.900219 -0.872654 0.468815
v 0.593152 0.747980 0.398945
v 0.631272 0.794743 0.374096
v 0.556869 0.819812 0.408213
v 0.988097 -0.743341 0.496194
v 0.952037 -0.821411 0.446297
v 0.950137 -0.840456 0.282982
v 0.130818 -1.032389 0.379704
v 0.130058 -0.994593 0.373213
v 0.126976 -1.036272 0.379692
v 0.127929 -1.035752 0.379712
v 0.128303 -1.034569 0.379243
v 0.114883 -1.043689 0.380300
v 0.122999 -1.039071 0.375759
v 0.434529 -1.011122 0.327360
v 0.596983 -0.997053 0.310379
v 0.214751 -1.014819 0.188540
v 0.193305 -1.022890 0.340333
v -0.091143 -1.037298 0.287026
v 0.032860 -1.029035 0.208775
v 0.744837 0.637395 0.254577
v 0.794196 0.662947 0.127103
v 0.712918 0.724377 0.338833
v 0.008045 -0.957658 0.148573
v 0.017792 -0.990836 0.212716
v -0.074533 -1.005975 0.273683
v 0.592203 0.916483 0.222243
v 0.438441 0.924686 0.108506
v 0.457842 0.933581 0.314517
v -1.026483 -0.426366 0.222455
v -0.935531 -0.392979 0.117475
v -0.941886 -0.459421 0.224262
v 0.262183 -0.983329 0.002140
v 0.539509 -0.986317 0.051807
v 0.315907 -0.986884 0.201492
v 0.521975 0.906320 0.127378
v 0.494851 0.894992 0.082447
v 0.380713 0.894230 0.019942
v 0.294467 0.922514 -0.007439
v 0.242224 0.933513 0.046904
v 0.569065 0.878105 -0.040100
v 0.533576 0.869896 -0.039238
v 0.628531 0.889174 0.056385
v 0.331242 0.896626 -0.105295
v 0.207164 0.913671 -0.060891
v 0.236976 -0.974427 0.002374
v 0.359591 -0.903514 -0.161475
v 0.458699 -0.951932 -0.025939
v -0.394582 0.994191 -0.101784
v -0.394439 0.969974 -0.091271
v 1.012472 0.182909 -0.125472
v 1.013629 0.172996 -0.100017
v 1.012395 0.118601 -0.083100
v -0.393211 0.967889 -0.164756
v -0.402494 0.996757 -0.102328
v -0.403617 0.968536 -0.181859
v -0.080748 0.887503 -0.089317
v -0.186383 0.907705 -0.207799
v -0.094842 0.910975 -0.085386
v 0.446082 0.895586 -0.063797
v 0.329980 0.874446 -0.222262
v 0.958169 0.550750 -0.180248
v 0.932127 0.616564 -0.267597
v 0.921359 0.638183 -0.169264
v -0.764125 1.028330 -0.132010
v -0.730445 0.995102 -0.316920
v -0.808908 0.982376 -0.234448
v 0.665735 0.825489 -0.215588
v 0.616062 0.843926 -0.265482
v 0.639393 0.842680 -0.156541
v 0.606812 0.841867 -0.313088
v 0.522500 0.872341 -0.303254
v 0.626005 0.816838 -0.388889
v 0.588863 0.843681 -0.335123
v 0.517947 0.871169 -0.358825
v 0.740328 -0.838538 -0.468835
v 0.835434 -0.839955 -0.440895
v 0.788011 -0.864230 -0.388382
v -0.140707 0.853909 -0.419051
v -0.036779 0.875003 -0.443417
v -0.132205 0.898984 -0.513053
v 0.916468 -0.579071 -0.588321
v 0.978480 -0.367340 -0.616799
v 1.004961 -0.533202 -0.369295
v -0.180913 0.903750 -0.514027
v -0.224934 0.881375 -0.570140
v -0.247590 0.922816 -0.452420
v 0.386354 0.990651 -0.606104
v 0.383149 0.950229 -0.530389
v 0.420253 0.967868 -0.501674
v -0.899100 0.035050 -0.556313
v -0.874046 0.101357 -0.628878
v -0.821147 0.023088 -0.653839
v -0.643227 0.797504 -0.561807
v -0.577901 0.861482 -0.559079
v -0.506622 0.827285 -0.606293
v 0.234973 -0.629197 -0.686000
v 0.225677 -0.712983 -0.558608
v 0.061935 -0.625033 -0.625236
v -0.036953 0.903786 -0.748040
v -0.109326 0.894735 -0.718652
v -0.025765 0.920142 -0.605227
v -0.469962 -0.385075 -0.747563
v -0.429121 -0.470039 -0.686723
v -0.583728 -0.339654 -0.647106
v -0.078170 0.776209 -0.789522
v 0.008137 0.862058 -0.796271
v -0.193932 0.743784 -0.777577
v -0.440127 0.685696 -0.814755
v -0.296086 0.784377 -0.714954
v 0.417113 -0.544827 -0.789901
v 0.459279 -0.532473 -0.841517
v 0.425023 -0.557191 -0.815630
v -0.457092 0.662647 -0.806483
v -0.488763 0.684359 -0.817577
v -0.487828 0.698963 -0.797253
v 0.543071 -0.561537 -0.791418
v 0.403184 -0.590368 -0.784703
v 0.389326 -0.570535 -0.805730
v -0.349665 0.663211 -0.833551
v -0.349580 0.614673 -0.812123
v -0.444094 0.624931 -0.792727
v 0.640759 -0.347085 -0.906199
v 0.621823 -0.406303 -0.806655
v 0.592006 -0.413978 -0.777229
v -0.502355 0.597471 -0.925768
v -0.508489 0.630383 -0.870299
v 0.161553 0.812934 -0.872967
v 0.122875 0.777475 -0.865533
v 0.015166 0.762764 -0.862553
v 0.218832 0.734584 -0.872044
v 0.259432 0.745426 -0.875378
v 0.260782 0.703856 -0.898552
v 0.144598 -0.238634 -0.854142
v 0.158827 -0.272340 -0.860641
v 0.103676 -0.460524 -0.887368
v 0.189698 0.793331 -0.887364
v 0.149738 0.745961 -0.864623
v 0.116533 0.761706 -0.906268
v 0.440186 0.693223 -0.879517
v 0.291781 0.680931 -0.878325
v 0.279367 0.728784 -0.878642
v 0.217334 0.720390 -0.903786
v 0.306936 0.610239 -0.881092
v 0.420161 0.553909 -0.887522
v 0.276316 0.581145 -0.908812
v 0.092112 0.706169 -0.907447
v 0.186960 0.732937 -0.896539
v 0.148172 0.738539 -0.887467
v 0.275639 0.710276 -0.894563
v 0.271397 0.730178 -0.902076
v -0.031014 0.663426 -0.868743
v 0.024220 0.624478 -0.894679
v -0.133721 0.600513 -0.804929
v -0.410910 -0.170877 -0.893371
v -0.171687 -0.246884 -0.878472
v -0.337206 -0.304714 -0.901228
v 0.175464 0.725734 -0.920097
v 0.239935 0.703922 -0.912624
v -0.602647 0.502281 -0.930959
v -0.594955 0.525131 -0.897920
v -0.577710 0.531540 -0.928019
v -0.338747 0.545455 -0.928581
v -0.316869 0.587951 -0.816720
v -0.218755 0.556655 -0.920779
v 0.152418 0.625815 -0.930261
v -0.248177 0.250057 -0.929268
v 0.074505 0.306831 -0.928063
v 0.146269 0.558310 -0.926423
v 0.324237 0.355863 -0.915234
v -0.416585 0.245616 -0.939502
v -0.460724 0.432528 -0.934784
v -0.386730 -0.051554 -0.934890
v -0.230267 -0.081273 -0.940902
v -0.467718 -0.068446 -0.917326
v -0.462477 0.012434 -0.951407
v 0.514669 0.894465 -0.032939
v 0.511917 0.897353 0.032212
v 0.563894 0.883177 0.022900
v -0.995668 -0.028645 -0.033890
v -0.986535 -0.018421 -0.101356
v -0.982539 -0.189252 -0.086118
v 0.209739 -0.775101 -0.411054
v 0.245878 -0.796640 -0.422702
v 0.238403 -0.838832 -0.350333
v -0.996501 0.649136 -0.020162
v -0.996821 0.480444 -0.135313
v -0.981464 0.534152 0.069374
v -1.001986 0.416526 0.452170
v -1.025432 0.348027 0.387920
v -1.017910 0.278148 0.506582
v -0.868773 0.679210 0.406518
v -0.844072 0.742007 0.367012
v -0.909392 0.675977 0.384801
v -0.311435 0.820605 0.682552
v -0.515018 0.913085 0.525276
v -0.453809 0.773615 0.721547
v -0.748920 0.076542 0.800598
v -0.797647 0.169862 0.905158
v -0.804266 0.066313 0.740348
v -0.541730 0.217940 0.966744
v -0.742956 0.167219 0.943903
v -0.574878 0.092411 0.935340
v -0.445200 -0.226322 0.949558
v -0.395012 -0.226622 1.019194
v -0.425534 -0.037813 1.045747
v -0.482104 -0.542779 0.963131
v -0.629507 -0.420607 0.950405
v -0.748974 -0.438301 0.939748
v -0.540387 -0.693576 0.848146
v -0.790165 -0.716684 0.784772
v -0.582400 -0.968568 0.557929
v -0.809622 0.336403 -0.883709
v -0.989722 0.389852 -0.669696
v -0.916171 0.532969 -0.733227
v -1.092611 0.335917 -0.085493
v -1.111987 0.349607 -0.237551
v 0.899135 0.204484 -0.892541
v 0.890363 0.049867 -0.896143
v 0.756371 0.061451 -0.954538
v 0.941923 -0.353993 -0.743356
v 0.911629 -0.466108 -0.714676
v -1.009892 0.411617 0.010049
v 0.858478 -0.000366 -0.893134
v 0.654859 -0.077397 -1.000582
v 0.263045 0.019738 -0.921763
v 0.312988 0.179673 -0.913457
v 0.346781 0.000768 -0.913175
v 0.638570 -0.996362 0.258680
v 0.738484 -0.983873 0.299763
v 0.663526 -0.996294 0.361040
v 0.894050 -0.812697 -0.286612
v 0.890381 -0.785129 -0.346992
v 0.918513 -0.799518 -0.383490
v -0.716258 -0.933943 0.441640
v -0.771948 -0.892474 0.364580
v -0.646504 -0.923813 0.343126
v -0.406216 -0.920097 0.101721
v -0.362313 -0.933930 0.128386
v -0.400620 -0.950194 0.196652
v 0.857189 0.505365 0.188943
v 0.960235 0.407023 0.127174
v 0.962930 0.493158 0.044340
v 0.918084 -0.107881 0.479778
v 0.971686 -0.183319 0.465681
v 0.944953 0.009251 0.443062
v -0.558705 -0.349566 -0.579751
v -0.550386 -0.436423 -0.480517
v -0.631731 -0.446644 -0.397013
v -0.904100 -0.657660 0.037376
v -0.884472 -0.518745 -0.085274
v -0.816403 -0.695011 -0.008611
v -0.437273 0.904863 -0.375434
v -0.375560 0.900320 -0.455094
v -0.477897 0.910731 -0.479662
v -0.691853 -0.153947 -0.660145
v -0.588943 -0.175873 -0.654466
v -0.746004 -0.206349 -0.550711
v -0.675444 0.064698 -0.924756
v -0.474804 0.124639 -0.928308
v -0.491701 -0.039861 -0.908955
v 0.781920 0.812485 -0.705981
v 0.681385 0.841132 -0.676222
v 0.781499 0.802182 -0.655179
v 0.047018 0.933332 0.115827
v -0.132345 0.946436 0.264456
v 0.059853 0.938884 0.259627
v -0.193054 0.964661 0.333311
v -0.264840 0.944613 0.324714
v -0.893920 -0.845362 0.403824
v -0.827413 -0.854179 0.382435
v -0.788379 -0.907559 0.469786
v -0.947905 -0.842746 0.539406
v -0.850893 -0.919085 0.559426
v -0.864955 -0.588766 0.854643
v 0.532944 -0.033900 -0.956108
v 0.638446 0.002302 -1.005423
v 0.534448 -0.145104 -0.933083
v -0.414239 1.029225 0.171325
v -0.558593 0.989325 -0.192919
v -0.588207 1.022040 -0.003150
v -0.224098 1.024784 0.244890
v -0.329083 0.959624 0.303361
v -0.141772 1.009787 0.258177
v -0.742566 -0.303677 0.899727
v -0.693832 -0.343358 0.919197
v -0.811996 -0.501471 0.930652
v -0.817731 -0.314656 0.933071
v -0.930222 -0.468315 0.811941
v 0.747236 0.725682 -0.821757
v 0.832194 0.683637 -0.810573
v 0.702645 0.661278 -0.845601
v 0.893040 0.399691 -0.848861
v 0.925692 0.542610 -0.821681
v 0.915996 0.471300 -0.783876
v 0.925294 -0.607011 -0.529958
v 0.968834 -0.657950 -0.364967
v 0.910221 -0.786536 -0.425221
v 0.590127 -0.451324 -0.773872
v 0.629126 -0.530887 -0.730563
v 0.594756 -0.595260 -0.758450
v -0.691369 0.630044 -0.805487
v -0.710018 0.666426 -0.732592
v -0.628122 0.676706 -0.693246
v -0.790958 0.948863 -0.376687
v -0.691330 0.956227 -0.360927
v -0.710897 0.867981 -0.409053
v 0.837244 0.307341 0.363234
v 0.945400 0.228153 0.366116
v 0.948336 0.363273 0.146123
v 0.951225 0.116607 0.259517
v 0.953727 0.131597 0.404144
v 0.956282 -0.141276 0.294730
v 0.088334 -0.211727 -0.891535
v 0.175757 -0.217388 -0.929779
v 0.161843 -0.241109 -0.873493
v 0.016623 0.317789 -0.904273
v 0.057611 0.525071 -0.936083
v 0.320025 0.962930 0.379193
v 0.144766 0.958129 0.421250
v 0.313802 0.942066 0.447446
v -0.183227 0.661999 0.796077
v -0.070626 0.724731 0.732820
v -0.023687 0.841713 0.613343
v 0.808208 -0.548250 -0.707889
v 0.670256 -0.371230 -0.892778
v 0.744494 -0.430503 -0.919259
v 0.600789 -0.293969 -0.923787
v 0.549077 -0.228055 -0.931483
v 0.715156 -0.231912 -0.975956
v -0.486453 -0.156560 -0.753250
v -0.515671 -0.237525 -0.781344
v 0.989852 -0.198231 -0.090995
v 0.991244 -0.199707 -0.279320
v 0.035758 0.909436 -0.000162
v -0.021971 0.899729 -0.063822
v -0.129707 0.945791 0.038944
v -0.228087 0.993270 0.033819
v -0.338060 1.019055 0.088070
v -0.483250 0.994703 0.209396
v -0.448894 0.993688 0.206336
v -0.637120 0.976455 0.111499
v -0.374606 -0.793395 0.756622
v -0.492150 -0.765908 0.767772
v -0.426845 -0.953287 0.590755
v -0.843892 0.833353 0.270759
v -0.830172 0.881927 0.251689
v -0.911259 0.818143 0.185176
v 1.001695 0.376021 0.041051
v 1.001392 0.415640 -0.047769
v 0.960521 0.182793 0.001706
v 0.994239 0.100556 0.014401
v 0.998673 0.054779 -0.062083
v -0.660008 -0.499588 -0.380191
v -0.522809 -0.474040 -0.499701
v -0.650832 0.831706 -0.489285
v -0.582419 0.895697 -0.379122
v -0.569011 0.935857 -0.458958
v -0.513154 0.937441 -0.415083
v -0.542382 0.933309 -0.358953
v -0.454448 0.928147 -0.346156
v 0.962346 -0.312180 0.498125
v 0.939594 -0.193217 0.479162
v 0.949016 -0.163618 0.527318
v -0.670654 0.805563 -0.487357
v -0.674687 0.761552 -0.568902
v -0.726860 0.799017 -0.548493
v -0.065184 0.382423 0.947546
v 0.000206 0.492667 0.877671
v -0.096736 0.491881 0.915977
v -0.239456 -0.054671 1.047708
v -0.246632 0.114587 1.071403
v -0.897852 0.868894 -0.196620
v -0.899959 0.853249 -0.321015
v -0.982971 0.725338 -0.317552
v 0.952510 0.497223 -0.103545
v 0.968856 0.539824 -0.078451
v 0.960333 0.439656 -0.105758
v 0.973764 0.403628 -0.133233
v 0.938643 0.324284 -0.164128
v 0.969713 0.396360 -0.208585
v 0.443842 0.858152 -0.232542
v 0.497051 0.867075 -0.196433
v 0.423070 0.841653 -0.287182
v 0.473490 0.924503 -0.397557
v 0.349511 0.855596 -0.334089
v 0.528229 0.882909 -0.434826
v -0.961996 -0.609812 0.654763
v -0.978902 -0.649119 0.610708
v -0.894268 -0.580942 0.817324
v -0.944474 -0.455315 0.082615
v -0.965806 -0.582879 0.169062
v -0.407984 0.179511 1.036651
v -0.470652 0.080949 0.970706
v -0.133184 0.317610 -0.933789
v -0.152058 0.223150 -0.926787
v -0.244356 -0.101505 -0.932735
v -0.246287 -0.129580 -0.881460
v -0.376189 -0.111807 -0.863858
v 0.935110 0.340379 -0.787669
v 0.952536 0.406968 -0.718048
v 0.983305 0.233527 -0.774873
v 0.753377 0.345647 0.471904
v 0.660751 0.423462 0.579168
v 0.732803 0.253671 0.593676
v 0.824423 0.231925 0.452955
v -0.017466 -0.785601 0.796696
v -0.177866 -0.781968 0.802142
v -0.036661 -0.903004 0.730776
v 0.013461 -0.146217 0.988293
v -1.109818 -0.248237 0.493924
v -1.047825 -0.435035 0.312544
v -1.055587 -0.533858 0.518874
v -1.017142 -0.156666 0.015692
v -0.967072 -0.265295 -0.075164
v -1.083211 0.112236 0.513302
v -1.109460 0.043144 0.424637
v -1.095999 -0.068852 0.487611
v -0.275726 0.939617 -0.242379
v -0.328505 0.954777 -0.170833
v -0.256984 0.946632 -0.159991
v -0.177357 0.920892 -0.073241
v -0.201260 0.983030 0.031565
v -0.184202 0.966780 0.118050
v -1.001858 0.337326 -0.504572
v -1.041327 0.344341 -0.468600
v -1.024559 0.450129 -0.456050
v -0.999073 0.155690 -0.508072
v 0.627476 0.910894 0.152816
v 0.614076 0.909446 0.288879
v 0.670986 0.889701 0.226259
v 0.714819 0.851795 0.090898
v 0.668413 0.859875 -0.021340
v 0.613962 -0.975786 0.463582
v 0.718590 -0.975439 0.628169
v 0.582831 -0.985898 0.515056
v 0.392767 0.383534 0.935483
v 0.293030 0.347984 0.955484
v 0.421274 0.224498 0.941911
v 0.556348 0.315143 0.918426
v 0.417290 0.404074 0.950353
v 0.738575 0.817441 -0.087094
v 0.758507 0.820429 0.020734
v 0.832263 0.768974 -0.092740
v 0.766632 0.821753 -0.331273
v -0.176597 0.777594 -0.739623
v -0.245934 0.776180 -0.713876
v -0.301331 0.809914 -0.594077
v -0.467313 0.886682 -0.497604
v -0.263536 0.893972 -0.514057
v -0.704100 0.946049 0.116932
v -0.746525 0.929432 0.249361
v -0.629324 0.935698 0.195116
v -0.702099 0.918673 0.364343
v -0.538565 0.925533 0.267272
v -0.721371 0.918405 0.326525
v 0.640365 -0.846555 -0.394176
v 0.665614 -0.893021 -0.200565
v 0.589318 -0.837479 -0.313922
v 0.904559 0.671796 -0.268093
v 0.899075 0.743272 -0.186735
v 0.213980 -0.536572 -0.811602
v 0.330128 -0.634211 -0.705660
v -0.967417 -0.005653 -0.343568
v -0.913866 -0.190323 -0.318491
v -0.936826 -0.153417 -0.192963
v -0.900361 0.320297 0.822449
v -0.847870 0.196914 0.793191
v -0.842376 0.230080 0.870173
v -0.667844 0.368885 0.968747
v -0.562197 0.337120 0.998077
v -0.690514 -0.104955 -0.752561
v -0.674174 -0.062066 -0.841344
v 0.858094 0.655772 -0.819608
v 0.887431 0.569735 -0.831305
v 0.856313 0.583638 -0.867807
v 0.743903 -0.705816 0.941880
v 0.680275 -0.910503 0.790180
v -0.585630 -0.954909 0.418925
v -0.369187 -0.987885 0.467819
v -0.544020 -0.966820 0.501790
v -0.462290 0.610709 -0.821428
v 0.164528 -0.453951 -0.901973
v 0.463102 -0.380129 -0.775717
v -1.000300 0.461746 -0.534430
v -1.000228 0.666521 -0.557735
v -1.003192 0.488212 -0.619835
v -0.982160 0.733537 -0.170222
v -0.981225 0.674759 -0.215602
v 0.846838 -0.901017 -0.064879
v 0.937888 -0.826262 -0.099240
v 0.877664 -0.897702 -0.061026
v 0.364990 0.539634 0.869241
v 0.388718 0.436673 0.913108
v 0.531049 0.438553 0.877064
v 0.350572 0.560596 0.888775
v 0.261586 0.496234 0.903086
v 0.838695 -0.716999 0.914387
v 0.936856 -0.322985 0.731805
v 0.767041 -0.507121 0.879779
v 0.937501 -0.581214 0.838517
v 0.268574 0.753986 0.728788
v 0.108121 0.816137 0.654199
v 0.017392 0.802923 0.663369
v 0.183256 0.709424 0.753925
v 0.090028 0.741203 0.750984
v 0.401827 -0.844303 -0.386687
v 0.548759 -0.856978 -0.396626
v 0.486983 -0.857074 -0.281683
v 0.370524 -0.879279 -0.222565
v 0.202356 -0.596279 0.942017
v 0.159901 -0.682183 0.895668
v 0.256245 -0.726739 0.897470
v 0.640609 0.434820 -0.893809
v 0.761907 0.581162 -0.896565
v 0.696327 0.278850 -0.948191
v 0.723860 0.612832 -0.859849
v -0.435737 0.549020 -0.928997
v -0.470385 0.607456 -0.924857
v -0.464263 0.585372 -0.860454
v -0.235184 0.910266 -0.219623
v -0.552509 0.965802 -0.241938
v -0.456298 0.935350 -0.277772
v -0.913710 -0.009683 0.743303
v -0.929265 0.312662 0.670579
v -0.896815 0.191896 0.570936
v -0.860819 0.172794 0.612939
v 0.068584 -0.747559 -0.424954
v 0.064754 -0.685473 -0.520845
v 0.140955 -0.740392 -0.451834
v -0.552300 -0.426151 -0.585757
v -0.151562 0.887239 -0.642098
v -0.137412 0.892485 -0.559431
v -0.212191 0.881964 -0.648805
v -0.269341 0.838638 -0.567560
v -0.186102 1.003698 0.134767
v -0.150038 0.949965 0.311427
v -0.470021 0.441306 -0.947788
v -0.458507 0.255106 -0.941397
v -0.585006 0.357454 -0.952137
v 0.749363 -0.575560 0.898602
v 0.838452 -0.623441 0.875231
v 0.758441 -0.676616 0.922946
v -0.767489 -0.040089 0.796859
v -0.547423 -0.166892 0.916745
v -0.555805 -0.093677 0.921858
v -0.619014 -0.369887 0.926419
v -0.343884 -1.001329 0.325155
v -0.126022 -1.007330 0.221046
v -0.227278 -1.036906 0.366150
v -0.347151 -1.008354 0.367444
v -0.322517 -1.013006 0.393713
v 0.921278 -0.413482 -0.794305
v 0.941234 -0.211203 -0.761030
v 0.954298 -0.284420 -0.759659
v 0.952123 0.046741 -0.689443
v 0.969185 -0.134756 -0.711235
v 0.956677 -0.073097 -0.797363
v 0.688096 0.839586 -0.582025
v 0.746475 0.819806 -0.527912
v 0.883185 0.779296 -0.327448
v 0.847183 0.805855 -0.403987
v -0.637882 0.756739 0.641122
v -0.658535 0.827755 0.531354
v -0.728507 0.733193 0.546204
v 0.655627 -0.055904 0.907047
v 0.728733 0.049407 0.846152
v 0.767535 -0.089602 0.830249
v 0.553376 0.926740 0.369212
v 0.405066 0.679631 0.708545
v 0.277576 0.738366 0.739818
v 0.453549 -0.921753 0.586668
v -0.603148 -0.237365 -0.655599
v -0.582755 -0.361094 -0.608822
v 0.975929 -0.340253 0.623507
v 1.018662 -0.453860 0.638588
v 0.985604 -0.367917 0.560142
v 0.971437 -0.653338 0.325616
v 0.967963 -0.768533 0.183047
v 0.324427 -0.974290 0.425638
v 0.325736 -0.943127 0.461022
v 0.263596 -1.001088 0.427595
v 0.219082 -0.960525 0.634511
v 0.223118 -0.993042 0.541516
v 0.318524 -0.938575 0.633656
v 0.795435 -0.268106 -0.948349
v 0.918761 -0.234245 -0.888740
v 0.850723 -0.385961 -0.962864
v 0.848276 -0.489065 -0.833230
v 0.963714 -0.714912 -0.313268
v 0.936173 -0.767259 -0.214863
v 0.999022 0.109027 0.063073
v 0.978920 0.002427 0.104118
v -1.047354 0.047849 0.541805
v -1.078853 0.017048 0.513152
v -0.961673 0.124149 0.612888
v -0.946425 0.059643 0.651221
v -0.875164 0.135289 0.647992
v -0.883322 -0.751495 0.302556
v -0.846645 -0.819523 0.311615
v -0.927693 -0.755104 0.366970
v -0.990947 -0.565377 0.425893
v -0.996648 -0.650699 0.323815
v -1.022386 -0.681078 0.401233
v 0.605654 -0.986726 0.245982
v 0.407636 -0.984391 0.249837
v -0.591513 0.959163 -0.316350
v -0.599393 0.967545 -0.334165
v -0.636849 1.015032 -0.116645
v -0.622591 0.999829 -0.108833
v 0.513477 0.423941 0.931943
v 0.547207 0.424058 0.900657
v 0.981938 0.081058 -0.301307
v 1.009443 -0.418498 -0.426626
v 0.960427 0.086752 -0.571028
v 0.937114 0.287704 -0.246476
v 0.945256 0.237347 -0.248182
v 0.102629 0.904681 0.129773
v 0.089235 0.917172 0.229214
v 0.152600 0.907151 0.175042
v 0.216053 0.954405 0.325328
v 0.253669 0.977594 0.385910
v 0.450847 -0.633398 0.951550
v 0.504491 -0.587369 0.933318
v 0.653729 -0.729805 0.944653
v 0.133650 0.025900 1.031302
v 0.101993 0.155546 1.006126
v -0.006419 0.086487 1.013250
v 0.162015 -0.013530 1.033174
v 0.201342 0.001635 0.988297
v -1.094056 0.209118 0.481744
v -1.097632 0.244692 0.382707
v -1.127017 0.126010 0.402995
v 0.572091 0.787307 0.431512
v 0.560400 0.644065 0.477733
v 0.504524 0.606895 0.696551
v 0.508835 0.770961 0.574681
v 0.408214 0.711259 0.648983
v -0.781476 -0.853111 0.335383
v -0.922799 -0.778335 0.234550
v -0.844888 -0.814203 0.254841
v -0.652235 -0.894075 0.258794
v -0.691111 -0.870683 0.298832
v -0.753906 -0.820494 0.184034
v -0.129516 0.895103 -0.289897
v -0.042399 0.888458 -0.270852
v 0.966250 -0.659509 -0.246114
v 0.976877 -0.595705 -0.205520
v 0.944719 -0.717374 -0.202565
v 0.664058 0.818906 -0.467086
v 0.670709 0.819062 -0.217814
v 0.741011 0.820208 -0.415946
v 0.560277 0.833948 -0.583230
v 0.579297 0.830404 -0.431323
v 0.675124 0.839834 -0.504666
v 0.643286 -0.328350 0.940303
v 0.622304 -0.311937 0.889329
v 0.584436 -0.354225 0.911966
v 0.981580 0.618210 -0.450555
v 0.970092 0.394353 -0.468064
v 0.993629 0.372109 -0.494160
v 0.942962 0.365812 -0.683690
v 0.959805 0.212462 -0.694807
v -0.205568 -1.003123 0.459839
v -0.201048 0.606422 0.799038
v -0.142871 0.541752 0.861647
v -0.060806 0.697169 0.721792
v -0.611946 0.479617 0.886513
v -0.558193 0.519280 0.863899
v -0.710935 0.505811 0.844495
v -1.113464 0.314053 -0.114121
v -1.112708 0.324140 -0.286883
v -1.074820 0.198698 -0.131067
v -1.060814 -0.012848 0.163755
v -1.059593 0.049016 0.111123
v -1.042870 -0.070174 0.137111
v 0.981222 -0.657570 -0.119563
v 1.008909 -0.678391 -0.045100
v 0.952694 -0.799116 -0.151916
v 0.251135 -0.265735 -0.871466
v 0.344661 -0.316082 -0.835945
v 0.374803 -0.275601 -0.931534
v 0.472220 -0.371818 -0.806876
v -0.353244 0.873500 -0.460653
v -0.357352 0.900372 -0.344899
v -0.243793 0.910744 -0.392626
v -0.276997 0.909007 -0.274404
v -0.391904 0.929680 -0.312039
v 0.962813 -0.593346 0.157910
v 0.974232 -0.405586 0.128292
v 1.024252 -0.627065 0.046353
v 0.974379 -0.486045 -0.081486
v -0.430106 0.774694 -0.705021
v -0.507595 0.851786 -0.580112
v -0.436984 0.803490 -0.598193
v -0.469102 0.840360 -0.601291
v 0.965679 -0.696783 0.164370
v -0.827648 0.375141 0.865878
v -0.743790 0.628037 0.659480
v -0.823859 0.449332 0.763314
v -0.808050 1.003021 -0.155579
v -0.582108 1.034987 0.048287
v -0.925477 -0.523401 -0.018988
v -0.941300 -0.645691 0.096957
v -0.868230 -0.764252 0.282025
v -0.885650 -0.799544 0.257625
v 0.948651 0.362105 -0.455491
v 0.971069 0.250410 -0.271210
v 0.956629 0.200107 -0.515668
v 0.990764 0.352609 -0.519231
v -1.102042 0.403462 -0.395579
v -1.035809 0.348895 -0.433525
v -1.105658 0.324260 -0.347318
v -1.071430 0.215905 -0.378339
v 0.327693 0.841473 -0.770805
v 0.386847 0.830258 -0.775815
v 0.448962 0.764979 -0.811897
v 0.330955 0.894384 -0.751581
v -0.081331 0.940572 0.496722
v 0.003975 0.931171 0.479744
v -0.096254 0.964477 0.389817
v 0.963109 -0.346522 -0.298285
v 0.923909 -0.102033 -0.281068
v 0.986594 0.191528 -0.157592
v 1.006169 0.177936 -0.227677
v 0.966260 0.218475 -0.171377
v 0.800628 0.153126 0.544255
v 0.759179 0.278257 0.526387
v 0.809601 0.426972 0.210875
v 0.496832 0.790927 -0.821777
v 0.495493 0.835158 -0.758431
v 0.459634 0.837753 -0.689393
v 0.503595 0.835635 -0.560444
v -0.463774 -0.547985 -0.530898
v -0.365626 -0.547824 -0.606913
v -0.394013 -0.589355 -0.502056
v -0.309098 0.983693 -0.169713
v -0.194098 0.966402 -0.130944
v -0.233918 0.978316 -0.063680
v -0.352451 1.001154 -0.081444
v -0.243821 0.845541 0.632512
v -0.378592 0.684935 0.837352
v -0.242406 0.701666 0.747535
v -0.526178 0.639112 0.713829
v -0.481117 0.601386 0.801843
v -0.427260 0.699387 0.807076
v 0.396333 -0.414623 1.028590
v 0.430484 -0.489233 1.014222
v 0.528856 -0.500001 0.958774
v 0.293187 -0.498842 0.996025
v 0.285025 -0.596448 0.963697
v 0.340801 -0.609527 0.982899
v -0.438615 0.811175 -0.636933
v -0.234061 0.854110 -0.675619
v -1.021889 0.399324 0.299205
v -1.016205 0.495462 0.310254
v -1.024975 0.375127 0.199700
v -1.097199 0.224847 0.210188
v -1.048551 0.268986 0.344600
v -1.045812 0.344275 0.234239
v 0.277041 0.063710 1.009580
v 0.306417 -0.054633 0.990877
v 0.363357 0.043340 0.973224
v 0.247699 -0.126198 0.987415
v 0.801192 -0.044514 0.761820
v 0.812406 -0.079908 0.742062
v 0.757615 -0.368578 0.827181
v 0.687016 0.584412 0.448941
v 0.598667 0.622980 0.489717
v -0.036703 0.536041 -0.931836
v -0.154296 0.594965 -0.822733
v 0.015624 0.563240 -0.891746
v -0.252888 -0.804936 -0.173954
v -0.278985 -0.763671 -0.245696
v -0.234621 -0.757185 -0.271757
v -0.086920 -0.895334 -0.124902
v -0.012165 -0.909093 -0.140082
v -0.019186 -0.907811 -0.093264
v 0.062376 0.259741 1.003155
v 0.023943 0.266995 1.007692
v -0.152280 -0.121124 1.019700
v -0.075600 -0.032243 1.009211
v -0.076337 0.125503 1.055137
v 0.930178 -0.239685 0.663088
v 0.885314 -0.221331 0.723294
v 0.983260 -0.436363 0.664003
v 0.954378 -0.373517 0.649874
v 0.972371 -0.325399 0.669822
v -0.942284 -0.493136 0.266872
v -0.958615 -0.586121 0.205465
v -1.045648 -0.488357 0.369382
v -0.983708 -0.487335 0.289005
v -1.009712 -0.521762 0.360018
v -0.979288 0.695872 0.282696
v 0.004143 0.413054 0.916456
v -0.303577 0.696124 0.803549
v -0.302568 0.629883 0.819254
v -0.245802 0.645549 0.812200
v 0.542235 0.511875 0.742522
v 0.627706 0.514332 0.566400
v 0.561863 0.592254 0.594144
v -1.061260 0.344946 0.218569
v -1.010652 0.412065 0.092128
v -1.089363 0.292329 0.081686
v 0.968236 -0.574896 0.349013
v 0.983708 -0.636108 0.502012
v 0.983970 -0.722576 0.619099
v 0.935694 -0.834068 0.524265
v 0.987879 -0.740250 0.535147
v 0.008801 -0.092615 -0.929716
v -0.000130 0.086757 -0.924091
v 0.092308 -0.141924 -0.932459
v 0.162035 -0.153025 -0.930704
v 0.965139 0.495623 -0.764074
v 0.966147 0.504395 -0.681943
v 0.346191 -0.996679 0.247440
v -0.690024 -0.567676 -0.299278
v -0.597887 -0.564283 -0.386591
v 0.008687 -0.982810 0.086338
v 0.109166 -1.005086 0.081667
v 0.056942 -0.978839 0.146703
v 0.249661 -0.995133 0.157814
v -0.182928 -0.620005 0.948618
v -0.340081 -0.529044 0.997404
v -0.343914 -0.601241 0.945653
v -0.327502 -0.853604 -0.054282
v -0.537071 -0.854692 0.031952
v -0.508439 -0.788359 -0.067646
v -1.097772 0.272494 0.151239
v 0.903657 0.556759 -0.855797
v -0.115964 0.397176 -0.934088
v 0.045088 0.457564 -0.911270
v 0.036288 0.528546 -0.914855
v 0.939991 0.042032 -0.834437
v 0.944253 0.138084 -0.848472
v 0.946519 0.039816 -0.762152
v 0.969648 0.143655 -0.773660
v 0.950360 0.083796 -0.710206
v -0.611924 0.559735 -0.858874
v -1.009779 0.054817 -0.142929
v -0.996444 0.007774 -0.115202
v -0.950956 0.013735 -0.100355
v -1.006028 0.066326 -0.187484
v 0.950085 0.286784 0.004639
v 0.966076 0.337713 -0.082763
v 0.983169 0.312440 0.029684
v -0.636240 -0.256613 0.897831
v -0.592010 -0.053054 0.915692
v -0.630179 -0.159920 0.845904
v -0.739135 -0.240315 0.889089
v -0.671597 -0.271354 0.895559
v -0.705493 -0.153151 0.855503
v -0.873399 -0.493748 -0.175807
v -0.907513 -0.437771 -0.142679
v -0.856460 -0.408788 -0.239856
v -0.880806 -0.308050 -0.208723
v -0.900097 -0.213505 -0.384180
v -0.816681 -0.283310 -0.306911
v -0.611954 0.050267 0.807376
v -0.749136 -0.130051 0.804066
v -0.647509 -0.136865 0.775463
v -0.382338 1.012445 0.075709
v -0.982852 0.036389 -0.310243
v -0.962888 0.052094 -0.308409
v -0.935350 0.008434 -0.482074
v -0.928610 0.022196 -0.424980
v -0.987624 0.123552 -0.475167
v -0.332830 -0.605562 -0.461954
v -0.162038 -0.747653 -0.324100
v 0.086213 -0.810727 -0.284458
v 0.107729 -0.814139 -0.234414
v 0.073087 -0.859931 -0.219994
v -0.117923 0.522011 0.888947
v 0.037519 0.630265 0.789092
v -0.121499 -0.492471 0.985322
v -0.049431 -0.573308 0.944719
v -0.050526 -0.416232 0.955681
v 0.077662 -0.468382 0.971692
v 0.864771 0.720164 -0.607475
v 0.965663 0.692032 -0.628512
v 0.846883 0.761035 -0.646787
v 0.085249 0.907217 0.033471
v 0.098131 0.923896 0.061135
v 0.063128 0.918993 -0.023230
v 0.984862 -0.746779 0.693718
v 0.940996 -0.765686 0.781741
v 0.931334 -0.782601 0.633821
v 0.975998 -0.554275 0.668535
v -0.919451 0.012810 -0.373748
v -0.948221 -0.015424 -0.410804
v -0.897886 -0.190206 -0.423123
v -0.849376 -0.166785 -0.425846
v -0.842669 -0.223774 -0.375898
v 0.837842 -0.639183 -0.653697
v 0.813624 -0.555827 -0.693366
v 0.841410 -0.605529 -0.624557
v 0.671417 0.818232 -0.145093
v 0.515162 0.079698 0.929603
v 0.500317 0.106091 0.915994
v 0.461033 0.028728 0.938368
v 0.429585 0.040610 0.926823
v 0.378021 0.040849 0.941857
v 0.354215 -0.048296 0.978369
v -0.326314 -0.437403 -0.804169
v -0.350173 -0.330707 -0.907524
v -0.207930 -0.456774 -0.871024
v 0.032480 -0.881462 -0.191391
v 0.116280 -0.841910 -0.178488
v 0.109824 -0.894481 -0.128279
v 0.129979 -0.821657 -0.280470
v 0.175480 -0.859271 -0.241507
v -0.712895 0.814877 -0.436450
v -0.832720 0.817464 -0.549376
v -0.865665 0.822011 -0.517186
v -0.921468 0.794371 -0.491842
v -0.846397 0.727459 -0.630124
v -0.974789 0.697930 -0.553861
v 0.134688 -0.837002 -0.188870
v 0.159703 -0.928306 -0.085865
v 0.556892 0.186395 0.870209
v 0.637480 0.278997 0.840875
v 0.560464 0.391131 0.870408
v 0.367543 -0.074713 -0.937368
v 0.438922 -0.122166 -0.931037
v 0.403173 -0.233450 -0.939999
v 0.554003 -0.331735 -0.929313
v 0.203602 -0.801908 -0.364192
v 0.156343 -0.830576 -0.304466
v -0.883752 0.349426 0.788026
v -0.864179 0.242388 0.690869
v -0.928119 0.485437 0.588892
v -0.981693 -0.438139 0.756572
v -1.009668 -0.326183 0.646423
v -1.002223 -0.517485 0.661971
v -0.723582 -0.718120 -0.031503
v -0.622210 -0.752338 -0.075068
v -0.650144 -0.833557 0.027501
v -0.759209 -0.825624 0.148119
v -0.558171 -0.863741 0.066017
v -0.899022 0.197227 -0.728824
v -0.853304 0.212788 -0.803716
v -0.803219 0.072403 -0.797958
v -0.611820 -0.037945 -0.896255
v 0.943467 0.627411 -0.766465
v 0.272773 0.861811 0.542130
v 0.021137 0.918930 0.543258
v -0.167836 0.419419 -0.922769
v -0.156321 0.537957 -0.918696
v -0.126169 0.538552 -0.935034
v -0.115652 0.541807 -0.916556
v 0.028036 -1.001903 0.435784
v 0.722913 0.593766 0.337898
v 0.725825 0.486390 0.426516
v 0.779027 0.556444 0.264112
v -0.695372 0.538551 0.736127
v -0.733884 0.576329 0.732153
v -0.716540 0.542907 0.787554
v -1.085158 -0.031143 0.328807
v -1.102568 -0.062713 0.456714
v -1.108623 -0.122221 0.482615
v -1.068433 -0.283292 0.544122
v -1.066585 -0.141007 0.539005
v 0.781229 0.138120 0.606464
v 0.841076 0.105061 0.531724
v 0.844122 -0.015101 0.625647
v 0.929685 0.340270 -0.130630
v 0.954718 0.270969 -0.101605
v 0.962734 0.211223 -0.110934
v 0.918896 0.235968 -0.148963
v 0.211733 -0.714183 -0.492658
v 0.241491 -0.768976 -0.469065
v -0.878963 0.841049 -0.399635
v -0.860718 0.922293 -0.217580
v -0.920376 0.809149 -0.376470
v -0.670553 0.099787 0.929261
v -0.988808 0.686022 -0.425004
v -0.996393 0.541681 -0.360662
v -0.986188 0.701528 -0.481016
v -0.420645 0.091593 -0.946245
v -0.246832 0.040664 -0.933879
v -0.482491 -0.004263 -0.944645
v -0.915664 -0.337721 -0.022350
v -0.876706 -0.374516 -0.121623
v -0.913321 -0.388792 -0.089055
v 0.593602 -0.915091 -0.120272
v 0.645597 -0.969107 0.251431
v 0.673008 -0.954651 0.144764
v 0.183666 0.920062 -0.666267
v 0.075875 0.909679 -0.540038
v 0.239027 0.933005 -0.619047
v 0.184788 0.915379 -0.512263
v 0.549723 0.239363 0.880369
v 0.516969 0.207770 0.922346
v -0.859577 0.196686 0.717625
v -0.653937 0.953878 -0.355792
v -0.360991 0.978524 -0.116021
v -0.378784 0.959333 -0.044381
v -0.344130 0.991716 -0.138148
v 0.892892 0.398591 0.151140
v 0.953057 0.045046 0.140015
v 0.941912 0.683412 -0.543647
v 0.889266 0.698911 -0.556429
v 0.889756 0.738247 -0.514902
v 0.165584 -0.625500 0.978121
v 0.157887 -0.279498 0.959823
v 0.163192 -0.406016 0.966222
v 0.177773 0.450205 0.945740
v 0.057403 0.519053 0.851979
v 0.020366 0.445712 0.916880
v 0.158658 0.251728 0.981332
v 0.023517 0.379750 0.986751
v 0.056965 0.934892 0.451707
v 0.148583 0.878694 0.524524
v 0.059032 0.962665 0.416040
v 0.138539 0.945169 0.328682
v 0.128571 0.907833 -0.778124
v 0.243475 0.872100 -0.803229
v -0.018923 0.765891 -0.839249
v 0.049340 0.800292 -0.873487
v 0.973949 0.318818 0.118371
v 0.963513 0.268704 0.147291
v 0.980443 0.242560 0.099866
v 0.941324 0.215248 0.002005
v 0.972755 0.184655 0.039955
v -0.363475 -0.495995 -0.705822
v -0.255207 -0.595521 -0.602064
v -0.298496 -0.443684 -0.806961
v -0.241575 -0.517239 -0.772623
v -0.324138 -0.713821 -0.291950
v -0.376395 -0.676931 -0.341063
v -0.980479 0.104829 0.615842
v -1.003707 0.140846 0.596080
v -1.006185 -0.004955 0.557226
v -0.066466 -0.774279 0.809099
v -0.089852 -0.721870 0.857491
v -0.205234 -0.759696 0.828750
v -0.317530 -0.691506 0.878873
v -0.459455 -0.686170 0.855039
v -0.285298 -0.786952 0.787537
v -0.631629 0.652097 0.678294
v -0.720941 0.686465 0.628999
v -0.423705 0.270450 1.004807
v -0.357924 0.333136 1.024070
v -0.433949 0.369926 1.025232
v -0.370880 0.401246 0.993936
v -0.439879 0.413397 0.984678
v 0.772523 -0.585019 -0.717999
v 0.636617 -0.595101 -0.733479
v 0.794652 -0.659737 -0.644103
v 0.752984 -0.694608 -0.616958
v -0.849841 -0.277200 0.900463
v -0.931348 -0.207234 0.818814
v -0.905895 -0.164614 0.850914
v -0.986480 0.515561 0.417395
v -0.980785 0.589757 0.390703
v 0.673252 0.114727 -0.971589
v 0.601219 0.100119 -0.985784
v 0.632933 0.234549 -0.926302
v -0.082725 0.682819 -0.840703
v -0.891917 -0.311053 -0.083776
v -0.889742 -0.336956 -0.123206
v 0.376631 0.161762 -0.899595
v 0.380078 0.034033 -0.938549
v 0.421005 0.491441 -0.892308
v 0.427929 0.385330 -0.914229
v 0.382291 0.378013 -0.907678
v 0.335420 0.866418 0.542089
v 0.373070 0.756058 0.635923
v 0.407178 0.890490 0.464597
v 0.387999 0.792820 0.567038
v 0.543076 0.884070 0.425442
v 0.433218 0.910743 0.424062
v 0.586754 0.153874 0.906013
v 0.389199 0.526625 0.795251
v 0.569837 0.421360 0.830792
v 0.510222 0.502873 0.764473
v 0.485739 0.475702 0.779148
v -0.564157 0.727914 -0.595856
v -0.483716 0.791527 -0.619034
v -0.614458 0.690208 -0.639489
v -0.671363 0.740588 -0.640391
v -1.003665 -0.756704 0.474327
v -1.008565 -0.666876 0.527896
v -1.009835 -0.723357 0.449728
v -0.907445 -0.823665 0.399663
v -0.637298 0.427029 0.945776
v -0.468464 -0.121626 -0.836029
v -0.450293 -0.228098 -0.849592
v 0.783425 0.777909 -0.782307
v 0.670693 0.786881 -0.820702
v 0.657031 0.844082 -0.758527
v 1.014206 -0.303848 -0.306377
v 0.955659 -0.194040 -0.301021
v 0.987154 -0.024954 -0.327138
v -0.611343 -0.304933 -0.638567
v -0.578741 -0.270595 -0.609934
v -0.610633 -0.189406 -0.619109
v -0.730677 -0.331148 -0.374780
v -0.584838 -0.199937 -0.590866
v -0.747070 0.913203 0.128511
v -0.733410 0.949959 0.065246
v 0.844471 -0.165839 0.766519
v -0.748546 0.852603 0.354762
v -0.735698 0.811574 0.404052
v -0.751030 0.777721 0.438724
v -0.252999 -0.426455 1.015721
v -0.362976 -0.499385 1.008691
v -0.255275 -0.518678 0.994779
v -0.774661 0.925004 0.036394
v -0.672845 1.018242 -0.002991
v -0.743854 1.004981 -0.071869
v 0.073270 0.859256 -0.388496
v 0.178086 0.887874 -0.411008
v 0.124031 0.903128 -0.487759
v 0.191109 0.868093 -0.284498
v 0.304282 0.860987 -0.306834
v 0.228672 0.887609 -0.383859
v 0.261887 -0.266447 0.977725
v 0.210307 -0.305351 0.982406
v 0.888360 0.755549 -0.408395
v 0.972612 0.681750 -0.504643
v 0.850366 0.775943 -0.484549
v -1.122314 0.115860 0.335782
v -1.096883 0.103765 0.216269
v -1.093711 0.043311 0.278603
v -1.099202 0.192323 0.295778
v 0.942005 -0.053700 -0.312009
v 0.953794 0.050444 -0.269754
v 0.110486 -0.943589 -0.019353
v 0.040375 -0.949332 0.018293
v -0.194871 -0.914209 0.049736
v -0.131491 -0.923940 0.048075
v -0.189846 -0.942175 0.097874
v 0.725765 -0.480591 -0.710341
v 0.658497 -0.575406 -0.744107
v 0.726743 -0.461838 -0.747641
v -0.256027 0.695095 -0.835245
v 0.423468 0.452088 -0.912425
v 0.350168 0.603872 -0.868917
v 0.401490 0.614448 -0.875385
v 0.013470 -0.199402 -0.871736
v -0.075853 -0.209039 -0.866531
v -0.047862 -0.178379 -0.856474
v -0.153880 -0.154610 -0.844715
v -0.183770 -0.129333 -0.901219
v -0.029511 -0.175665 -0.872346
v 0.945986 -0.794277 0.751013
v 0.916597 -0.857419 0.639359
v 0.006293 -0.970203 0.029758
v -0.046481 -0.948976 0.066112
v -0.011406 -0.923107 0.000070
v 0.014976 -0.955943 0.107339
v -0.490409 0.954155 0.444781
v -0.468093 0.923800 0.289100
v -0.568049 0.943075 0.391528
v -0.661191 0.736296 -0.609812
v -0.592963 0.771244 -0.592500
v -0.695407 0.077298 0.828493
v -1.050041 -0.237518 0.206006
v -1.014110 -0.266120 0.093937
v -1.052783 -0.348094 0.170639
v 0.670829 0.149731 0.833762
v -0.078818 -0.973493 0.134641
v -0.060963 -0.952908 0.158744
v -0.893255 -0.533209 0.849978
v 0.329646 -0.869249 0.790124
v 0.741620 0.806605 0.243373
v 0.612231 0.900597 0.352439
v 0.057445 -0.904602 0.657441
v 0.274296 0.880147 0.582762
v -0.814696 -0.322449 -0.199202
v -0.820749 -0.233913 -0.469255
v -0.755516 -0.282957 -0.339887
v -0.643254 -0.545002 0.945859
v -0.699636 -0.589541 0.925017
v 0.589894 0.465630 0.749920
v 0.669903 0.459561 0.595036
v 0.708325 0.313333 0.655658
v 0.665844 0.317436 0.764677
v 0.685565 0.273806 0.741529
v -1.037634 0.221444 -0.031584
v -1.074428 0.262954 -0.051444
v 0.748569 0.265604 0.615630
v 0.951803 0.288128 -0.036875
v 0.960646 0.175819 -0.088252
v 0.954788 0.174049 -0.029334
v 0.500561 -0.000101 0.936941
v 0.514457 -0.132001 0.939301
v -1.090220 0.314923 -0.008396
v -1.065462 0.223765 0.010122
v 0.837723 -0.944044 0.057895
v 0.737982 -0.950194 0.065134
v 0.968821 -0.819643 0.207495
v -1.046366 0.230847 0.509681
v 0.402731 0.941298 -0.711821
v 0.418989 0.877577 -0.743513
v 0.461914 0.905960 -0.646887
v 0.731310 -0.373383 -0.929741
v 0.707053 -0.309256 -0.936709
v -0.502114 0.833780 -0.555843
v -0.175566 0.281654 1.063428
v -0.260503 0.291025 1.049901
v -0.072070 0.324731 1.030145
v -0.171909 0.314361 0.993799
v 0.038992 -0.918459 0.693238
v 1.016316 -0.542636 0.628406
v -0.951574 -0.482225 0.797600
v 0.029407 0.897098 0.492889
v 0.141261 0.883070 0.575829
v 0.560456 -0.902465 0.688277
v -0.102226 -0.630329 -0.528343
v -1.007829 0.392072 -0.623723
v 0.857844 -0.860852 -0.170825
v 0.882039 -0.827986 -0.250845
v 0.514245 0.018246 -0.938131
v 0.190664 0.892314 -0.377791
v 0.044966 0.862394 -0.372290
v 0.115982 0.913400 -0.352585
v -0.035291 0.859970 -0.383900
v -0.073620 0.893552 -0.348226
v -0.009610 0.886582 -0.358935
v 0.977517 0.170181 -0.269509
v 1.001993 0.136571 -0.278084
v 0.978688 0.071965 -0.283466
v 0.763550 0.411941 0.270817
v 0.743075 0.342475 0.414732
v 0.768760 0.423053 0.323248
v -0.558025 -0.611939 0.925810
v -0.412193 -0.566994 0.959425
v 0.523098 0.828901 0.508506
v 0.546036 0.770809 0.511447
v 0.543023 0.681296 0.570171
v 0.005328 -0.871945 -0.229155
v -0.060789 -0.825056 -0.306666
v -0.127853 -0.829769 -0.257020
v -0.152081 -0.862387 -0.163531
v -0.844058 0.112395 -0.645505
v 0.553348 -0.958721 0.070189
v -0.518394 0.801327 0.678207
v -0.543190 0.715963 0.693289
v 0.976804 -0.534635 -0.326391
v 0.984915 -0.413776 -0.108354
v 0.888463 -0.253167 0.622918
v 0.922395 -0.183894 0.579834
v 0.863422 -0.119751 0.623647
v -0.145089 -0.313218 -0.863793
v -0.165663 -0.385393 -0.874500
v -0.190738 -0.319433 -0.889946
v -0.180377 -0.453170 -0.862298
v -1.006793 -0.537341 0.638589
v -1.000776 -0.458300 0.618967
v -1.031507 -0.469917 0.600242
v -0.988869 -0.574680 0.597152
v -1.040100 -0.591616 0.536176
v 0.386494 0.973949 -0.672984
v 0.280939 0.950376 -0.613762
v 0.303013 0.961392 -0.558836
v 0.932932 0.664568 -0.398277
v 0.987928 0.300571 -0.649047
v 0.979393 0.295717 -0.523102
v 0.969570 0.639312 -0.643391
v 0.983645 0.401603 -0.631875
v -0.142594 0.946836 0.187398
v -0.409343 -0.973627 0.542682
v 0.070541 -0.694982 0.848509
v -0.042870 -0.681869 0.931374
v 0.984810 -0.581843 0.136818
v 1.007250 -0.702839 0.075689
v -0.180088 -0.294547 0.966028
v -0.179471 -0.225814 1.004384
v -0.223208 -0.325380 1.009066
v -0.254982 -0.209927 1.024805
v -0.253608 -0.281418 1.043876
v 0.482588 -0.982342 -0.001330
v 0.375902 -0.985441 0.021451
v -0.392541 -0.349691 1.033197
v -0.428844 -0.419021 1.013901
v -0.288399 -0.391237 1.027541
v -0.417315 -0.360424 0.973789
v -0.427465 -0.473690 1.008728
v -0.405416 -0.537409 0.950813
v -0.543778 -0.416131 0.944811
v -0.539717 -0.389601 0.913590
v -0.567489 -0.383690 0.927807
v -0.460695 -0.159243 0.941452
v -0.537913 -0.184484 0.903108
v 0.421632 0.072519 0.944650
v 0.250053 0.110567 0.975863
v 0.463316 0.620286 0.732638
v 0.430229 0.575554 0.799052
v 0.519396 0.543705 0.749106
v 0.176112 0.017518 0.997581
v 0.145267 0.080616 0.986283
v -0.394922 0.925957 0.328941
v -0.377168 1.040334 0.211596
v -0.957162 0.330262 -0.701220
v -0.999039 0.338562 -0.577038
v -1.003153 0.271972 -0.533424
v -0.925396 0.198846 -0.649100
v -0.983422 0.161552 -0.525512
v 0.768119 0.795642 -0.438759
v 0.729021 0.817071 -0.492570
v 0.004238 0.882756 -0.250917
v 0.054611 0.884902 -0.085708
v 0.190717 0.880363 -0.148277
v -1.033797 0.182361 -0.446468
v -0.994501 0.136171 -0.421239
v -0.995147 0.186266 -0.500434
v -1.048778 0.272514 -0.448394
v 0.169391 0.897245 -0.096034
v 0.088059 0.913828 -0.077622
v 0.096235 0.878293 -0.100325
v -1.009478 0.146689 -0.044225
v -1.030189 0.148498 -0.362823
v -1.063724 0.157473 -0.171421
v 0.932648 -0.784089 -0.381052
v 1.001970 -0.508737 -0.320319
v 0.355881 -0.066300 -0.917148
v 0.358014 -0.275505 -0.898330
v 0.641866 -0.913614 0.799936
v -0.451907 -0.431600 0.982002
v -0.471475 -0.391540 0.950250
v -0.512955 -0.449409 0.959632
v 0.831009 -0.859126 -0.257507
v 0.769675 -0.894828 -0.299187
v -0.089438 0.743847 -0.775368
v -0.125165 0.663321 -0.816947
v -0.156865 0.660033 -0.854509
v 0.202106 -1.002597 0.444652
v 0.288914 -0.998112 0.373028
v 0.983677 0.208077 -0.653871
v -0.381460 0.948453 -0.301585
v -1.091751 0.162145 0.327539
v -1.024531 0.244151 0.479988
v 0.970306 -0.166297 0.411755
v 0.962470 -0.363895 0.366508
v 0.970035 -0.287365 0.465180
v 0.982270 -0.548108 0.500050
v -0.204411 -0.818484 -0.170060
v -0.200883 -0.800561 -0.232061
v -0.403790 -0.960319 0.249527
v -0.338339 -0.982171 0.310673
v -0.542249 -0.954876 0.337568
v -0.117605 -0.275709 -0.890498
v -0.159480 -0.453880 -0.848603
v -0.157068 -0.512465 -0.767441
v -0.980096 0.638130 0.335848
v -0.983479 0.593326 0.181955
v -0.984530 0.481989 0.157095
v -0.214650 -0.396041 1.008856
v -0.151060 -0.365484 0.971385
v -0.065932 -0.340569 0.955214
v 0.099798 -1.000727 0.458811
v 0.255724 -0.992944 0.434170
v 0.857994 0.411488 -0.887480
v 0.847378 -0.686603 -0.583443
v 0.844162 -0.653529 -0.631558
v 0.908828 -0.619042 -0.568017
v 0.772793 -0.711109 -0.628464
v -0.381256 0.558195 0.874106
v -0.305042 0.438685 0.966601
v -0.347603 0.547409 0.896917
v -0.389596 0.446774 0.954030
v 0.290011 0.899044 -0.441462
v 0.835427 -0.570838 0.880114
v 0.876987 -0.647200 0.891727
v 0.036927 0.634817 -0.883287
v 0.051475 0.601290 -0.884111
v -0.478748 -0.484782 0.972419
v -0.392450 -0.646492 -0.400901
v -0.749376 -0.045200 -0.684038
v -0.736392 -0.098542 -0.642887
v -0.840429 -0.079176 -0.541687
v -0.571059 0.570395 0.776723
v -0.602800 0.550392 0.778121
v -0.534537 0.562944 0.830253
v -0.448004 0.554101 0.850148
v -0.483961 0.567377 0.832903
v 0.906562 0.583496 0.051237
v 0.867413 0.662724 0.048456
v 0.142490 0.897524 -0.302259
v 0.682489 0.802904 0.360383
v 0.675750 0.637484 0.388348
v 0.695517 0.597582 0.401183
v 0.697928 -0.992202 0.408654
v 0.803427 -0.966499 0.404722
v 0.228810 0.915212 0.100742
v 0.178433 0.903914 -0.012240
v -0.313308 0.916493 -0.308723
v -0.608554 0.431749 0.925244
v -0.522003 0.381129 1.002225
v -0.466676 0.444999 0.951536
v -0.537788 0.318935 1.009524
v -0.520737 0.177098 0.967768
v 0.856234 -0.828272 -0.462325
v -0.940891 -0.664369 0.203407
v -0.916103 -0.684563 0.221679
v -0.955844 -0.718552 0.301406
v -0.935083 -0.704243 0.143293
v -0.518358 -0.070741 -0.882338
v -0.818403 0.779314 -0.591755
v 0.893994 0.685527 -0.391543
v -0.384444 -0.793725 -0.108951
v -0.575845 0.998329 -0.114118
v 0.615512 0.639937 -0.874168
v 0.495512 0.653288 -0.909390
v 0.505208 0.717726 -0.832212
v 0.894889 -0.185452 0.649121
v 0.930249 -0.262829 0.618359
v 0.400150 0.900796 0.083991
v 0.384186 0.920356 0.215875
v 0.444217 0.911514 0.075774
v 0.390450 0.906535 -0.019583
v 0.829351 0.784441 -0.747500
v 0.844901 0.790319 -0.704210
v 0.858911 0.751984 -0.720439
v -0.694234 0.419356 0.945390
v 0.694347 -0.878338 -0.211845
v 0.786413 -0.867664 -0.279772
v 0.781922 -0.890758 -0.190162
v 0.617289 0.658555 0.450065
v 0.641885 0.691092 0.405897
v 0.635122 0.760752 0.396359
v -0.938227 -0.752631 0.198626
v -0.833226 -0.783146 0.074990
v 0.475673 -0.420444 -0.772570
v 0.980712 0.430585 -0.293823
v 0.970780 0.345075 -0.313172
v 0.977684 0.365337 -0.407299
v 0.964878 0.299662 -0.306445
v 0.334937 0.566799 0.814590
v 0.955210 -0.158547 -0.837848
v 0.963200 -0.283362 0.639393
v -0.194283 -0.845840 -0.131716
v -0.191612 -0.878988 -0.019054
v -0.226319 -0.862050 -0.105545
v -0.364589 -0.879125 0.002158
v -0.286763 -0.887674 0.010895
v -0.324433 -0.908948 0.081622
v -0.989178 0.549025 -0.647881
v -0.999331 0.628282 -0.603669
v -1.002910 -0.369503 0.628407
v -0.979319 -0.031385 0.630434
v 0.557695 -0.298133 -0.943523
v 0.152703 -0.410829 -0.868250
v 0.195670 -0.494333 -0.862696
v 0.065730 -0.560597 -0.738341
v -0.725289 -0.491300 -0.339253
v -0.743218 -0.389540 -0.360239
v -0.704509 -0.395322 -0.373047
v 0.954414 0.108944 -0.615608
v 0.968775 0.200101 -0.591625
v 0.952256 0.158943 -0.711463
v -0.426066 -0.211623 -0.888457
v -0.407213 -0.284303 -0.911166
v -0.436132 -0.340955 -0.825885
v 0.687142 0.120938 0.831388
v 0.724952 0.141947 0.739438
v 0.038667 0.899583 -0.628872
v 0.522741 0.747636 -0.839082
v 0.596584 0.840224 -0.796000
v -0.030868 -0.781481 -0.343361
v -0.850159 0.104271 0.669810
v -0.942589 -0.078869 -0.436983
v -0.927455 -0.144688 -0.433849
v -0.875369 -0.120703 -0.445206
v 0.942797 0.218425 0.180476
v -0.705902 0.613595 0.722327
v -0.717107 -0.594211 -0.235382
v -0.814640 -0.468561 -0.272657
v -0.225672 0.961281 0.460169
v -0.286690 0.930448 0.572339
v -0.203893 0.929979 0.521500
v -1.081886 -0.439876 0.536986
v -1.020280 -0.521973 0.573213
v -0.006812 0.905945 -0.530100
v -0.081636 0.915873 -0.583828
v -0.088178 -0.226012 0.976226
v 0.428444 0.591542 -0.905972
v 0.141822 -0.674423 0.968390
v -0.057533 -0.672006 0.917550
v -0.117361 -0.627654 0.924093
v -0.040207 -0.708067 0.836036
v 0.834231 0.664429 0.040005
v 0.884149 0.683668 0.008472
v 0.859421 0.686081 0.004367
v 0.832203 0.753069 -0.004738
v 0.773938 0.806539 0.167930
v 0.111129 -0.784156 -0.382086
v 0.057164 -0.763873 -0.409122
v -0.768737 0.718109 -0.667190
v -0.999713 -0.681965 0.573582
v -0.921687 0.844680 0.169509
v -0.817307 0.934460 0.068883
v 0.854274 -0.805724 -0.279856
v 0.407669 -0.948087 0.584882
v 0.332708 -0.949575 0.517123
v 0.958061 -0.132491 0.197284
v 0.958089 -0.094135 0.137485
v 0.970130 -0.263494 0.047042
v 0.951508 -0.254175 0.113035
v 0.967465 -0.293165 0.154530
v -0.283710 0.521633 0.877291
v 0.020139 -0.884516 -0.166135
v 0.011890 -0.922292 -0.052281
v -1.063173 0.070963 0.100677
v -1.085906 0.155745 0.171422
v -0.148201 0.134944 -0.921444
v -0.130684 -0.667872 0.885402
v 0.978540 0.513742 -0.248824
v 0.985964 0.529166 -0.344011
v -0.176316 -0.483354 -0.791308
v -0.231340 -0.512926 -0.733010
v -0.311042 -0.492685 -0.724127
v -0.947840 -0.077340 0.666595
v -0.955828 -0.843477 0.429061
v -0.142776 0.173879 1.065703
v -1.008623 0.511707 -0.343313
v 0.723924 -0.400460 0.853245
v -0.362934 0.164307 1.048145
v 0.953975 -0.408735 0.203705
v 0.960681 -0.532877 0.196632
v 0.969270 -0.259017 0.164496
v 0.034812 0.886738 0.554663
v -0.221676 0.801877 0.648510
v -0.129880 -0.887311 -0.090642
v -0.171702 -0.865537 -0.016787
v 0.573752 0.615703 0.540410
v -1.001844 -0.736286 0.418328
v 0.941270 0.310496 -0.831437
v -0.995083 0.502959 -0.218480
v -0.979347 0.626931 -0.126486
v -0.972469 0.505590 -0.150473
v 0.044258 0.885773 -0.354830
v 0.125101 0.885314 -0.296143
v 0.377106 -0.678491 0.946069
v 0.375360 -0.698836 0.910227
v 0.248036 0.266742 0.971479
v 0.794071 0.055560 0.744664
v -0.829742 0.432934 0.792017
v -0.843726 0.384462 0.822118
v -0.738531 -0.003084 -0.847842
v -0.753632 0.131672 -0.901491
v -0.211295 -0.474355 0.981089
v 0.481334 0.965034 -0.507331
v 0.135294 -0.972978 -0.019054
v 0.202171 -0.988837 0.001320
v 0.250570 -0.985681 0.091449
v -0.819976 -0.115589 -0.507361
v -0.789454 -0.182601 -0.515293
v -0.028755 -0.428571 -0.899880
v 0.374856 -0.239667 -0.903224
v -0.116493 -0.561112 -0.685224
v -0.004750 -0.546853 -0.726316
v -0.060090 -0.593018 -0.598757
v 0.970619 0.463221 -0.429144
v 0.974816 0.576435 -0.406592
v 0.032607 -0.727289 0.855372
v 0.069340 -0.855111 0.760167
v 0.766507 -0.867418 -0.316530
v 0.797862 -0.831553 -0.284752
v -0.482125 0.904748 -0.520165
v -0.489025 0.935642 -0.478514
v -0.188424 -0.887688 0.041542
v -0.277721 -0.897300 0.069167
v -0.235135 -0.895675 0.011919
v -0.089578 0.949362 0.381290
v -0.049702 0.925711 0.371988
v 0.885344 -0.450246 -0.878610
v 0.919225 -0.492982 -0.729865
v 0.923990 -0.438248 -0.754406
v -0.100614 -0.867177 -0.079237
v -0.097560 -0.902911 0.006542
v 0.914533 -0.362054 -0.925797
v 0.258731 0.418595 0.910164
v 0.262938 0.401879 0.923593
v 0.902575 0.694449 -0.028747
v 0.976693 0.572164 -0.051324
v 0.944149 0.673475 -0.107361
v 0.987425 0.540027 -0.110380
v -0.790403 -0.782435 0.054935
v -0.728898 -0.784733 -0.011425
v -0.695875 -0.809935 0.034663
v 0.896554 0.677434 -0.091966
v 0.948880 0.582714 -0.348344
v 0.676750 -0.516757 -0.712883
v 0.632189 -0.479403 -0.729805
v 0.684849 -0.416532 -0.747681
v -0.892099 0.209452 -0.678175
v -0.939617 0.241238 -0.674887
v -0.946566 0.268575 -0.629221
v 0.936539 -0.140856 -0.863505
v 0.981280 0.160225 0.142482
v 0.457732 -0.576517 0.972050
v -1.047903 -0.403044 0.267746
v -0.820589 0.664748 0.516598
v -0.883558 0.673838 0.427058
v 0.208585 -1.003479 0.351807
v -0.225636 -0.523822 -0.695247
v -0.257244 -0.574690 -0.539422
v 1.008963 -0.597148 -0.083262
v -0.584519 -0.709061 -0.142382
v -0.636801 -0.626855 -0.221025
v -0.475259 -0.660604 -0.282928
v -0.639911 -0.725753 -0.150940
v -0.638750 -0.706913 -0.111640
v -0.739471 -0.731008 -0.065555
v 0.917136 -0.859583 0.014525
v 0.847854 -0.931098 -0.053933
v 0.929513 -0.858063 -0.044411
v 0.962584 0.700400 -0.701917
v 0.546679 -0.415543 -0.775584
v 0.771686 0.819046 0.111615
v 0.967774 0.146613 -0.085363
v -0.928034 -0.319874 -0.127576
v -0.862106 -0.344551 -0.154270
v -0.916274 -0.246694 -0.173778
v -0.944022 -0.293236 -0.084463
v -0.209334 -0.024472 -0.935812
v -0.179314 0.119795 -0.895699
v 0.934085 0.353529 -0.275007
v 0.286137 0.791395 -0.820500
v 0.244741 0.788401 -0.879025
v 0.666347 -0.162700 0.892592
v -0.101456 0.755179 -0.754835
v 0.673948 0.258850 -0.912243
v 0.641637 0.376248 -0.889389
v 0.995590 -0.642295 0.531458
v 0.925793 -0.139992 -0.302235
v -0.485897 -0.057121 0.977672
v -0.455061 -0.139747 0.973538
v 0.900044 -0.518049 -0.691372
v 0.947662 -0.434923 -0.084821
v 0.968049 -0.308924 -0.028383
v 0.296553 0.871564 -0.368146
v -0.738738 -0.947993 0.550812
v -1.037021 -0.160444 0.163433
v 1.029583 -0.476922 0.538133
v -0.867524 -0.038005 -0.527890
v -0.895153 -0.035983 -0.468809
v -0.928126 -0.064614 -0.460258
v -0.937958 -0.017625 -0.449699
v -0.952430 0.358687 0.614702
v -0.909975 0.368569 0.662453
v -0.904525 0.442666 0.666045
v 0.012543 -0.598042 -0.650229
v 0.037861 -0.640059 -0.560499
v -0.242236 0.657584 -0.819709
v -0.192108 0.592172 -0.827362
v 0.102154 -1.001361 0.178480
v 0.153173 -1.008550 0.098849
v 0.789808 0.468497 0.264724
v 0.690031 -0.941936 -0.119002
v 0.779591 -0.936197 -0.116238
v -0.416900 1.033101 0.197509
v 0.270106 0.358595 0.928598
v 0.205884 0.289242 0.955935
v 0.244355 0.298790 0.949934
v 0.215921 0.140053 0.964693
v 0.790313 0.822770 -0.522972
v 0.806825 0.796515 -0.552179
v 0.793159 0.793290 -0.586775
v 0.791953 0.793077 -0.371044
v 0.818537 0.807695 -0.424902
v 0.688196 -0.703922 -0.627113
v -0.461431 -0.255240 -0.847464
v -0.547247 -0.327413 -0.696604
v -0.517581 -0.315259 -0.805892
v -0.471032 -0.351291 -0.784923
v -0.349160 -0.917287 0.121360
v -0.291810 -0.956721 0.270404
v -0.318653 -0.967738 0.255895
v 0.173671 0.134807 0.971879
v 0.221896 0.099549 0.997988
v 0.116087 -1.023308 0.217059
v 0.746332 0.435884 0.428351
v -0.244912 -0.667680 0.908882
v -0.026203 0.035116 -0.886363
v -1.105618 0.019407 0.333179
v -0.254961 0.404924 0.996444
v -0.170638 0.440486 0.962197
v -0.137555 0.371524 0.986871
v 0.636454 -0.942557 -0.086971
v 0.674810 -0.949556 -0.030328
v 0.307633 0.902414 0.083902
v 0.586617 -0.928163 -0.079504
v 0.645863 -0.933282 0.017096
v 0.510551 -0.950716 0.014125
v -0.704633 0.247922 -0.922766
v -0.711642 0.410606 -0.942515
v -0.640995 0.422088 -0.954153
v 0.711819 0.783318 0.332374
v -0.531696 -0.915631 0.609354
v -0.584366 -0.958920 0.533888
v -0.267124 0.605275 -0.793830
v 0.320562 0.949448 -0.712515
v 0.143309 0.922249 -0.759427
v 0.238305 0.947891 -0.693288
v 0.931792 -0.372506 -0.838767
v -0.561994 -0.765209 -0.043429
v -0.601760 -0.815904 0.038856
v -0.660667 -0.842074 0.086288
v -0.113887 -0.437510 0.986423
v 0.645533 0.380862 0.768385
v 0.563722 -0.476081 0.955914
v 0.623797 -0.481027 0.942526
v 0.674710 -0.387646 0.927921
v 0.986238 -0.541552 -0.081952
v -0.802571 0.485498 -0.881733
v -0.773813 0.389559 -0.916463
v -0.761106 0.299756 -0.920383
v -0.930693 0.662069 -0.591000
v -0.925462 0.602099 -0.650394
v -0.443132 -0.599047 0.933519
v -0.480616 -0.009713 0.948057
v 0.965515 -0.193185 -0.626351
v 0.979936 0.471888 -0.140472
v 0.086168 0.945516 0.337351
v 0.032523 0.942977 0.404817
v -0.239905 0.852195 -0.554516
v -0.968047 -0.082361 0.663589
v -0.925636 -0.156019 0.761208
v -1.020384 0.136192 0.547603
v -1.041921 0.190470 0.557397
v -0.614941 0.872689 0.496865
v -0.577813 0.793927 0.628455
v -0.720461 0.820615 0.459215
v 0.624336 0.543215 -0.884068
v 0.606129 0.454369 -0.897815
v 0.660503 0.518964 -0.888229
v -0.628320 -0.670399 -0.177410
v -1.008198 0.183684 0.549368
v 0.040145 0.170584 -0.911975
v 0.092750 0.167634 -0.918517
v 0.309418 -0.421223 0.975870
v 0.232051 -0.547492 0.966117
v 0.985358 -0.564710 -0.405253
v -0.827724 -0.366527 -0.242514
v -0.392555 -0.340649 1.017407
v -0.447553 -0.324841 0.952204
v -0.371982 -0.260020 1.022934
v -0.737754 -0.620333 0.882736
v -0.765082 -0.618495 0.886781
v -0.833696 -0.599265 0.865555
v 0.850333 0.095176 0.467804
v 0.885911 -0.002752 0.513677
v 0.846799 0.154985 0.469646
v 0.790711 0.177769 0.510455
v -0.663869 -0.638017 -0.247199
v -0.530299 0.926430 0.309531
v -0.596762 0.914634 0.396773
v -0.612526 -0.822351 -0.018508
v -0.587949 -0.798838 -0.060498
v -0.802238 -0.193722 -0.444177
v 0.228659 -0.907516 -0.187880
v 0.257992 -0.871969 -0.270477
v 0.316325 -0.915769 -0.154066
v 0.206813 -0.905469 -0.150910
v -0.593463 0.889532 0.470174
v -0.157345 0.944346 0.132938
v -0.144438 1.001205 0.172290
v 0.621016 0.392548 0.841722
v 0.577943 0.422056 0.865495
v -0.597768 0.973297 0.158044
v -0.489469 0.964961 0.248264
v 0.042966 0.914419 0.349812
v -0.027009 0.949802 0.408349
v -0.176038 -0.581163 -0.623072
v -0.211136 -0.550795 -0.713989
v -0.219686 -0.575897 -0.641202
v 0.951609 -0.292412 0.196963
v 0.861606 0.754976 -0.766046
v 0.904361 0.725995 -0.743842
v -0.611378 -0.730865 -0.114553
v -0.570171 -0.755951 -0.089187
v -0.736439 -0.031053 0.807941
v -0.980256 0.680555 0.162235
v 0.289138 -0.281360 -0.857661
v 0.273283 -0.263800 -0.875188
v -0.657556 0.399057 0.937938
v -0.538531 0.332491 0.988227
v 0.634105 0.086180 -1.006317
v 0.110910 0.198202 -0.925650
v 0.025649 0.272633 -0.929183
v 0.046780 0.202990 -0.913752
v -0.553063 -0.271972 0.900367
v -0.567854 -0.291966 0.921355
v 0.297381 0.668916 0.838907
v 0.266711 0.705754 0.814904
v 0.190327 0.679036 0.810725
v 0.282650 0.621012 0.857437
v 0.280567 0.614844 -0.919452
v -0.992082 -0.143562 0.658055
v -0.991027 -0.317178 0.721706
v 0.592770 -0.376141 0.955592
v -0.852736 0.151217 0.735014
v -0.877794 0.185033 0.670920
v -0.221502 -0.170917 1.031885
v -0.190534 -0.120268 1.023517
v 0.960625 -0.672428 0.127025
v 0.995090 -0.678306 0.100593
v 1.019968 -0.759631 0.158637
v -0.234069 0.334485 1.012368
v 0.390400 0.312057 -0.922686
v 0.477444 0.114162 -0.931212
v -0.524861 0.716595 -0.742896
v -0.487493 0.781817 -0.669618
v 0.987708 -0.786778 0.132286
v 0.938330 -0.851075 0.115768
v 0.961198 -0.784753 0.104391
v 0.959136 0.024742 -0.576418
v 0.974925 -0.266456 -0.645230
v -0.001781 0.723531 -0.887078
v -1.036884 0.324923 0.297425
v -0.097752 -0.967603 0.217014
v -0.087646 0.368258 0.976076
v -0.004627 0.334958 1.000636
v 0.382162 -1.004692 0.252896
v -0.059556 0.944774 0.368581
v 0.202959 -0.897344 -0.219345
v 0.950315 0.567453 -0.016028
v 0.876130 0.010303 0.469083
v 0.877313 -0.014675 0.500153
v 0.971063 -0.235549 -0.085452
v 0.983755 -0.199208 0.052755
v -0.660794 0.642253 0.708268
v -0.568096 0.664403 0.699736
v -0.594187 0.554095 0.724096
v 0.155407 -0.564900 0.980491
v -0.123136 -0.985194 0.204752
v -1.059994 -0.254166 0.246204
v -0.670467 0.910202 0.399245
v -0.617028 0.919293 0.443478
v -0.776829 -0.408831 -0.306043
v -0.755119 -0.086781 -0.720439
v -0.788899 0.037397 -0.697251
v 0.030025 -0.146347 -0.921425
v -0.693374 -0.020728 -0.878097
v 0.356026 -0.421175 1.004682
v 0.432105 -0.525830 1.001489
v -0.425315 -0.110532 -0.874849
v -1.016056 -0.623972 0.521689
v -1.032581 -0.650474 0.512706
v 0.921060 -0.239537 -0.823489
v -0.822877 -0.574510 0.861640
v -0.839871 -0.586181 0.847583
v -1.075945 -0.220459 0.309444
v -1.060356 -0.137852 0.283856
v 0.214631 -0.270008 -0.843835
v 0.927326 -0.200400 -0.807086
v 0.509498 -0.649993 -0.715563
v 0.468867 -0.587509 -0.764972
v 0.437155 -0.690347 -0.645416
v -0.140877 0.350480 0.979798
v -0.093031 0.326537 1.003504
v -1.003214 0.662850 0.292734
v -0.924711 0.717112 0.358528
v -0.978623 0.622844 0.375354
v -0.309834 0.958788 0.325421
v -0.288805 0.967957 0.420711
v 0.678760 -0.947184 0.725882
v -0.464164 -0.676795 -0.261816
v -0.366863 -0.723973 -0.280593
v -0.438063 -0.720977 -0.231855
v -0.452393 -0.624820 -0.376504
v 0.459004 -0.730209 -0.584700
v 0.302622 -0.654262 -0.663398
v -1.086360 -0.056882 0.284560
v -1.069690 -0.084126 0.246820
v -1.091044 -0.160642 0.311754
v -1.078707 -0.067759 0.352879
v -0.180334 0.776578 -0.701475
v -0.137525 0.834024 -0.683298
v 0.456245 0.172295 0.928095
v -0.753569 0.662265 -0.694711
v -0.753070 0.702842 -0.665087
v -0.719689 0.738798 -0.655287
v -0.774447 0.813110 -0.556626
v -0.363457 -0.912495 0.085871
v -0.595974 -0.840503 0.060804
v 0.759299 -0.900186 -0.334054
v 0.609618 -0.843860 -0.439890
v 0.703019 -0.873423 -0.413882
v 0.673735 -0.748248 -0.593104
v 0.758265 -0.762445 -0.589682
v -0.674160 0.794447 -0.442711
v -1.061960 0.228907 -0.421995
v -1.030167 0.289402 -0.422661
v 0.446873 0.869273 -0.212673
v 0.970467 -0.202057 0.116054
v 0.981376 -0.101405 0.089617
v -0.680430 0.189315 -0.932281
v 0.941961 0.425144 -0.748087
v -0.879158 -0.065933 -0.466672
v -0.910301 -0.118399 -0.456073
v 0.408396 0.940016 0.248127
v -0.990270 0.314314 0.586759
v -0.984083 0.399416 0.551900
v 1.004020 0.061346 -0.265527
v 0.166483 -0.547574 0.960609
v -0.450500 -0.309055 -0.818407
v -0.491292 -0.312389 -0.831321
v -0.439095 -0.310302 -0.850609
v -0.462373 0.152888 0.971720
v 0.942840 0.047358 -0.619504
v 0.982096 0.129961 -0.689665
v -0.142175 0.877785 -0.708316
v -0.159884 0.867641 -0.666070
v -0.819670 0.778205 0.354537
v -1.036172 0.303131 -0.464537
v -0.871099 0.758739 0.359314
v -0.974061 0.240694 0.519381
v -0.939109 0.227865 0.556121
v -0.503826 -0.083802 0.945181
v 0.017049 -0.691330 0.858782
v 0.067365 0.915724 -0.518068
v -0.535117 0.484439 0.907137
v -0.989800 0.435257 -0.017378
v -0.977351 0.430008 0.117648
v 0.964666 0.628564 -0.404555
v 0.912050 0.617697 -0.372977
v -0.730366 0.964752 -0.331416
v 0.663833 0.128631 0.869961
v 0.617031 0.033404 0.916662
v -0.682574 0.984711 -0.349792
v -0.965347 0.018640 -0.073285
v -0.996843 -0.007012 -0.076226
v -0.206404 0.915875 -0.148224
v -0.133407 0.908744 -0.094179
v -0.934618 0.361760 0.719921
v -0.970233 -0.747235 0.376093
v -0.930211 -0.801357 0.379422
v -0.913319 -0.713740 0.284971
v -0.762096 -0.469586 -0.319585
v -0.502178 -0.449284 -0.536202
v -0.982808 0.735869 0.174374
v -0.144793 -0.266161 -0.862346
v 0.658481 0.635277 0.436886
v -0.383775 -0.946135 0.598845
v -0.102476 -0.906834 0.703384
v 0.163843 0.115062 0.996381
v 0.135565 0.179422 1.001828
v 0.095688 0.241741 0.989518
v 0.052538 0.889099 -0.739739
v 0.501546 0.183800 0.944777
v 0.557340 0.108865 0.918855
v -0.803680 -0.122542 0.832250
v -0.534852 0.602663 0.712768
v -1.119037 -0.162127 0.452511
v -1.085402 -0.240107 0.328075
v -0.509747 -0.491658 -0.543775
v -0.432820 -0.522284 -0.609671
v 0.017779 0.163464 -0.887418
v -0.396653 0.808667 -0.672520
v -0.330483 0.767458 -0.644070
v -0.751236 0.020638 -0.746855
v -0.710194 -0.062439 -0.749395
v -0.724828 -0.036861 -0.702860
v -0.753424 -0.063803 -0.701275
v -0.731489 -0.155628 -0.583325
v 0.641471 0.661277 -0.857408
v 0.977001 -0.443491 -0.300098
v -0.422256 0.795864 -0.654605
v 0.568025 0.335675 -0.908259
v 0.573907 0.260382 -0.922291
v 0.062349 0.899779 -0.785962
v 0.848426 -0.182092 0.723454
v 0.471070 0.836394 -0.779158
v -0.245347 -0.388634 -0.913321
v 0.978703 -0.349406 0.516629
v 0.962251 -0.306248 0.583485
v 0.979453 -0.414460 0.531545
v 0.991164 -0.566129 0.515533
v 0.938492 0.173055 -0.244747
v 1.007327 0.157225 -0.249292
v -0.827945 0.640646 -0.691009
v -1.017713 -0.069628 0.540415
v -1.006346 -0.176761 0.571052
v -0.999431 -0.101264 0.610068
v -1.001572 -0.114805 0.573247
v -0.769569 0.019902 -0.725427
v -0.898618 0.797789 -0.486099
v -0.886026 0.913897 0.153308
v 0.117445 0.936889 0.117576
v 0.283591 -0.853994 -0.341056
v 0.435150 -0.849048 -0.310022
v -0.977369 0.514941 -0.218459
v -0.975940 0.606735 -0.231786
v -0.997061 0.613732 -0.250171
v -0.997207 0.609700 -0.325482
v 0.826998 -0.120216 0.755521
v 0.770409 0.265081 0.461237
v -0.619233 0.400912 0.917670
v -0.184076 0.145887 -0.923799
v 0.949012 0.218515 -0.230939
v -0.597228 1.019508 0.050834
v -0.654994 1.017566 0.035960
v -0.641844 1.028087 -0.041363
v -0.162139 0.961577 0.447621
v 0.160671 0.940393 0.162440
v 0.143834 0.921944 0.227045
v -0.043429 0.307239 1.023652
v 0.742331 0.612513 0.266708
v 0.696617 0.606166 0.332461
v 0.981081 0.180517 0.023000
v 0.993746 -0.459651 0.685070
v -0.000177 0.766780 0.700199
v 0.013429 0.777768 0.727504
v 0.153515 0.957400 0.286533
v -1.003418 0.420166 0.126638
v 0.005892 0.196651 -0.896414
v 0.890915 0.171418 0.455061
v 0.923799 0.689370 -0.144908
v 0.871633 0.700128 -0.033467
v 0.155742 -0.706317 -0.538844
v -0.016606 -0.622997 -0.587707
v -0.543549 -0.514769 -0.479540
v -0.512294 -0.556096 -0.470371
v 0.945012 0.180975 0.231299
v 0.940669 0.237887 -0.171035
v -0.207046 0.959384 -0.036371
v -0.777590 0.765681 -0.598872
v -0.176010 0.905803 -0.458392
v -0.156361 0.908370 -0.399120
v -0.294874 0.885166 -0.465223
v -0.289568 0.902914 -0.467117
v -0.322406 0.893732 -0.498460
v -0.794548 0.910758 0.225507
v -0.839001 0.931208 0.138905
v -1.008471 -0.094467 0.055806
v 0.314857 0.890901 -0.435512
v 0.394162 0.962102 -0.488412
v 0.321775 0.904264 -0.413155
v 0.433836 0.968890 -0.467022
v -1.057446 0.472564 -0.397104
v -0.404741 0.902788 -0.334188
v 0.370467 0.924239 -0.479286
v -0.234112 -0.586422 -0.572721
v -0.555393 0.910160 -0.367345
v -0.517298 0.472530 0.929217
v -0.300824 0.602982 0.839829
v 0.824040 -0.715843 -0.629333
v 0.849988 -0.782678 -0.533176
v -0.195121 0.536467 -0.917019
v -1.005742 -0.055606 -0.015267
v -0.828217 -0.243471 -0.412035
v -0.140107 -0.610233 -0.548029
v -0.009446 -0.817271 0.793206
v 0.485002 -0.813492 -0.458249
v 0.350337 -0.910523 0.567041
v -0.311126 -0.820607 -0.101549
v -0.026212 -0.732904 0.838219
v -0.979835 -0.311471 0.046716
v -0.985230 -0.282186 0.009708
v -1.116124 0.165479 0.206781
v -0.479726 -0.281572 -0.852388
v 0.953063 0.248322 -0.819537
v 0.957914 0.098747 -0.805048
v -1.011086 0.094055 -0.218307
v -0.995431 0.132010 -0.363699
v -0.974838 0.124254 -0.322600
v -0.959135 -0.142925 -0.125197
v -0.262105 -0.920810 0.078796
v 0.547643 0.631991 0.525559
v 0.966596 -0.091889 0.282414
v 0.635724 -0.513340 -0.735570
v -0.923929 -0.360315 0.050203
v -0.226660 -0.966717 0.198328
v -1.069741 0.070357 0.138759
v 0.626256 0.843737 -0.104389
v 0.533332 0.876488 -0.196619
v -0.764856 -0.289816 0.908120
v 0.007853 0.890819 -0.755823
v 0.501674 -0.469425 -0.824985
v -0.962047 0.088176 -0.305571
v -0.953479 0.109933 -0.352493
v -0.945048 0.052336 -0.394674
v 0.233830 -0.497440 -0.876822
v -0.077885 -0.106578 0.973080
v 0.334890 -0.845177 -0.388992
v -0.535145 0.467447 0.903208
v 0.647207 0.500693 0.558163
v -0.964285 0.179617 0.590748
v -0.265300 0.545646 0.861885
v 0.948062 -0.337770 -0.817473
v -0.768203 0.690214 0.527970
v 0.087745 0.556914 0.816461
v 0.009962 0.755413 0.720157
v -0.057398 0.876689 -0.408537
v -0.074010 0.857812 -0.421920
v -0.085259 0.908063 -0.386456
v -0.952188 -0.321357 -0.055155
v 0.625528 -0.985098 0.377452
v 0.595918 -0.990822 0.359906
v 0.419971 0.645112 0.692262
v -0.855211 0.956773 -0.029306
v -0.880098 0.928247 0.032159
v -0.137728 0.897352 -0.389257
v -0.103996 0.900066 -0.398516
v 0.093259 -0.989638 0.406089
v 0.095916 -1.044325 0.404247
v -0.428303 0.944460 0.418878
v -0.436329 0.956440 0.484986
v 0.454775 0.666696 -0.905796
v 0.944779 -0.213119 -0.796635
v -0.509601 0.960840 0.467158
v 0.916827 0.685308 -0.586731
v 0.951913 0.698899 -0.572019
v 0.961306 -0.213900 -0.729779
v -0.232983 0.910826 -0.174586
v -1.021720 -0.639087 0.551194
v 0.937363 0.712831 -0.756867
v -0.842639 0.956373 -0.104552
v -0.806974 0.919574 0.033679
v -1.043010 0.406969 0.317359
v -0.716114 0.624935 -0.818965
v -0.831961 0.547294 -0.796149
v -0.274289 -0.775205 -0.178954
v -0.314375 -0.800062 -0.106394
v 0.489940 0.755366 -0.825143
v 0.079007 0.863205 0.580305
v -0.224164 -0.360780 1.026750
v -0.265911 0.903332 -0.469588
v 0.371498 0.868361 -0.306252
v 0.383060 0.864897 -0.261487
v -0.292635 -0.746359 -0.229877
v 0.102937 0.440851 0.953634
v -0.936818 -0.415508 0.116382
v -1.045795 -0.039409 0.522365
v -0.982716 0.702279 -0.059589
v -0.985117 0.749432 -0.027409
v -0.985443 0.621340 0.097934
v -1.007192 0.726600 0.047022
v -0.656713 -0.646524 -0.213133
v -0.966659 0.403687 0.583625
v -0.920094 0.450262 0.578864
v -0.939204 0.433277 0.569926
v -0.985036 0.426619 0.087754
v 0.643732 -0.861319 0.841314
v 0.154683 -0.953921 -0.027377
v -0.230014 -1.017956 0.413433
v 0.363954 -0.862113 -0.245853
v -0.571165 0.976756 -0.191136
v 0.508627 -0.391541 -0.783511
v 0.449158 0.534435 -0.907320
v -0.164470 0.216759 -0.916152
v 0.957738 0.132315 0.147187
v 0.984808 0.174659 0.115129
v 0.817964 -0.861770 -0.200850
v -0.216748 0.228434 -0.913291
v 0.412819 0.657357 -0.866738
v -0.989468 0.078175 -0.034400
v -1.019484 0.030401 0.007149
v -0.204292 0.243212 -0.931780
v -0.169555 0.261985 -0.916675
v 0.088318 -1.021007 0.181427
v -0.260185 0.320691 1.032887
v 0.154477 -0.418939 0.990947
v -1.002391 0.139080 -0.017946
v -1.033571 0.200400 -0.057994
v -0.981163 0.459650 0.011866
v -0.262196 -0.943169 0.183321
v -0.304731 -0.959706 0.217635
v 0.226140 0.495683 0.904340
v -0.111048 0.847487 -0.728226
v -0.115461 0.830119 -0.716457
v -0.834129 -0.835396 0.348119
v -0.673576 -0.332930 0.894130
v 0.256601 -1.018177 0.339641
v -0.953056 0.069978 -0.095550
v -1.059205 -0.509591 0.553409
v -0.374320 0.997704 -0.007165
v -0.368744 -0.298527 1.044192
v 0.186950 -0.183354 -0.938799
v -0.162484 0.324218 -0.921510
v 0.310008 0.640837 -0.850763
v -0.333267 -0.290416 1.041614
v -0.350587 -0.967470 0.198328
v -0.335960 -0.952272 0.202897
v -0.983234 0.658844 -0.351803
v -0.104514 -0.162818 -0.849371
v 0.346088 0.958138 0.404775
v -1.007349 -0.318666 0.596016
v -1.018416 -0.251178 0.557085
v 0.073349 0.922614 0.290075
v 0.725802 -0.401945 0.889643
v -0.062522 -0.243228 -0.882290
v 0.061031 -0.217963 -0.868297
v 0.143989 -0.980561 0.433903
v 0.186136 -0.997819 0.369100
v -0.605671 0.704624 -0.606013
v -0.056333 -0.044620 0.989881
v -0.033571 0.098354 1.018992
v 0.992055 0.164618 0.055808
v 0.655981 0.854486 -0.127945
v 0.831859 0.789888 -0.627652
v 0.174549 0.892682 0.541667
v -0.901267 0.870397 -0.135939
v -0.854615 0.956148 -0.102760
v -0.318470 1.033333 0.233510
v 0.571505 0.861333 -0.094994
v -0.586109 0.030409 0.927793
v -0.490334 0.022640 0.945311
v -0.981911 0.638084 0.264536
v -1.005227 0.624573 0.270932
v -0.161622 -0.964222 0.165314
v -0.678073 1.036149 -0.020219
v -0.158924 -1.017403 0.438697
v -0.729147 0.827028 -0.404722
v 0.962218 0.611605 -0.683620
v -0.957438 0.667976 0.345032
v -0.739505 0.709174 0.582600
v -0.736099 0.664063 0.618661
v 0.930555 0.318174 -0.301449
v -0.995510 0.700662 0.160238
v -0.243661 -0.782866 0.794860
v -0.100189 0.521995 -0.941562
v 0.908202 0.414121 -0.794611
v 0.425095 0.641951 -0.892779
v -0.024829 0.308933 1.021727
v -0.850639 0.588345 -0.743835
v -0.779446 0.628333 -0.735871
v 0.519097 -0.562693 0.964473
v 0.561294 0.843936 -0.410432
v 0.707931 0.350723 0.611749
v 0.622286 0.403493 0.727435
v -0.245752 -1.035728 0.399304
v -1.090082 0.031531 0.224035
v 0.219316 -1.009069 0.139407
v 0.160668 -0.985823 0.085764
v 0.231401 -0.993877 0.034678
v -0.300533 0.395930 0.998928
v -0.840759 0.958320 -0.183151
v 0.981551 0.203384 -0.527783
v -1.013015 0.081879 0.009213
v 0.090979 -0.192356 -0.926841
v -0.917671 -0.774641 0.273828
v 0.731513 0.193004 0.735981
v -0.500816 0.379060 1.026260
v -1.049133 -0.177487 0.255928
v 0.939917 0.076635 -0.789330
v -1.029301 0.475816 -0.421865
v 0.351023 -0.165810 0.992661
v -0.132132 -0.424915 -0.891480
v -0.554967 -0.280271 -0.739864
v 0.473626 0.939801 0.379144
v 0.468227 0.760011 0.598526
v 0.158145 0.875189 0.561826
v 0.232082 -0.733042 -0.506928
v 0.190115 -0.702973 -0.520924
v 0.268113 -0.760841 -0.499913
v -0.413219 -0.600457 0.941035
v -1.060259 -0.075805 0.523081
v -0.459932 -0.261272 0.940751
v 0.975341 0.686601 -0.527171
v 0.957883 0.708216 -0.558756
v -0.522477 0.681449 0.683397
v -0.437940 -0.413288 0.965422
v 0.230567 -0.990339 0.157511
v -0.157089 0.889982 -0.202239
v 0.201188 0.128729 1.001624
v 0.620789 -0.447893 -0.741305
v -0.611003 0.936947 0.422779
v -0.347754 -0.766103 -0.176015
v 0.514279 0.429172 0.891976
v 0.967714 0.186053 0.206900
v -0.329788 -0.762673 -0.203462
v 0.963767 0.144485 0.196197
v 0.537211 0.834913 -0.439251
v -0.465691 0.949774 0.496056
v 0.947247 -0.365081 -0.775426
v 0.963513 -0.375763 -0.293018
v -1.056751 -0.054635 0.230984
v -1.063943 -0.044691 0.196967
v -1.042153 -0.178865 0.224894
v 0.495089 -0.793727 0.769960
v 0.674115 0.617142 0.445678
v -0.850744 0.797757 0.322418
v 0.008443 0.884714 -0.088887
v 0.202666 -0.510983 -0.869846
v -0.299760 -0.474584 -0.760848
v -0.954048 -0.614621 0.172205
v -0.967073 -0.659091 0.249439
v -0.006198 0.909923 0.340697
v 0.482507 0.777889 0.567969
v -0.357702 -0.977395 0.348003
v 0.641859 -0.435916 -0.773336
v -0.414998 -0.645489 -0.354172
v -0.243762 0.303671 1.018014
v 0.428422 -0.748621 -0.533107
v -0.538600 0.110962 0.942623
v -0.951908 0.407782 0.555970
v -0.978047 0.444795 0.537085
v -0.979891 0.477174 0.464735
v -1.066895 0.177222 0.054567
v -1.010638 -0.375624 0.137598
v 0.127240 -0.178546 -0.944179
v -0.320060 -0.595300 -0.543293
v -0.330438 -0.840117 -0.060276
v -0.973904 0.632788 -0.304073
v -1.064933 0.014022 0.211235
v -0.301370 -0.818428 0.776169
v -1.075760 0.047004 0.180325
v 0.963845 0.152773 0.163447
v -1.095199 -0.087836 0.397098
v 0.976015 0.157957 -0.754837
v -0.867298 0.367334 0.838787
v 0.970327 -0.147718 0.140321
v -0.357992 -0.795217 0.759798
v -0.199039 0.055769 -0.912051
v -0.081752 -0.530824 -0.730569
v 0.982741 -0.748151 0.115883
v 0.993241 -0.782645 0.162394
v 0.280588 -0.129226 -0.921275
v -0.978196 -0.600073 0.665561
v 0.155822 0.875680 -0.107821
v -0.016174 0.341522 1.028914
v -1.051420 0.042641 0.145828
# 2399 vertices

vn 0.391781 -0.046375 0.918875
vn 0.352062 -0.149875 0.923875
vn 0.445500 -0.137000 0.884719
vn 0.197375 -0.010688 0.980250
vn 0.166000 0.119594 0.978844
vn 0.374375 0.085688 0.923281
vn 0.468500 0.104875 0.877187
vn -0.119281 0.433094 0.893406
vn 0.284781 0.093594 0.954000
vn -0.238688 -0.290969 0.926469
vn 0.283500 0.137094 0.949094
vn 0.214781 0.206563 0.954531
vn 0.349500 0.523500 0.777000
vn 0.049500 0.498781 0.865281
vn 0.838875 0.224094 0.496000
vn 0.618094 -0.037094 0.785187
vn 0.039375 -0.093875 0.994781
vn 0.010188 -0.140188 0.990062
vn -0.296688 -0.097187 0.950000
vn 0.164000 -0.198875 0.966187
vn -0.037500 -0.079781 0.996094
vn 0.127594 0.000000 0.991813
vn -0.076594 0.348094 0.934313
vn 0.735781 0.065687 0.674000
vn -0.421875 -0.265188 0.866969
vn 0.941281 0.278469 0.190781
vn -0.380875 0.371969 0.846469
vn 0.004281 0.739594 0.673000
vn -0.117875 0.457719 0.881219
vn 0.573375 -0.672594 0.467781
vn 0.420875 -0.632406 0.650281
vn 0.060594 -0.697094 0.714375
vn -0.044500 0.856625 -0.514000
vn -0.408094 0.893406 -0.187781
vn 0.227469 0.935844 -0.269062
vn 0.631469 0.390781 0.669688
vn 0.562969 0.685562 0.461563
vn 0.482750 0.628750 0.609563
vn 0.387500 0.231094 0.892406
vn 0.421875 0.498656 0.757156
vn -0.128469 -0.827281 0.546875
vn 0.219187 -0.632969 0.742469
vn -0.136281 -0.574188 0.807281
vn -0.615062 0.385688 0.687656
vn -0.596062 0.327781 0.732969
vn -0.001594 0.455844 0.890031
vn -0.598000 -0.504000 0.623187
vn -0.043469 -0.603063 0.796469
vn -0.090969 -0.695063 0.713156
vn 0.520688 -0.586187 0.620687
vn 0.489469 -0.857750 0.156875
vn 0.156875 -0.823469 0.545187
vn 0.973750 0.215969 0.071469
vn 0.841375 0.271969 0.466969
vn 0.963500 0.264594 -0.040281
vn -0.255375 -0.813688 0.522187
vn 0.301781 -0.873563 0.381781
vn 0.085281 -0.769000 0.633500
vn -0.114094 -0.948219 0.296406
vn -0.305969 -0.866156 0.395063
vn -0.134094 -0.912469 0.386469
vn -0.269188 -0.882375 0.385875
vn 0.250375 -0.884063 0.394563
vn -0.156906 -0.919312 0.360812
vn -0.056187 -0.070688 0.995906
vn -0.052875 -0.851844 0.521062
vn 0.000875 -0.981406 0.191875
vn 0.157594 -0.805875 0.570687
vn 0.845156 0.496656 0.197469
vn 0.778094 0.344094 0.525500
vn 0.772750 0.481562 0.413375
vn -0.297094 -0.853188 0.428688
vn -0.101375 -0.863219 0.494500
vn 0.118500 -0.981313 0.151594
vn -0.064781 0.969562 0.235969
vn 0.002688 0.991687 -0.128375
vn -0.052687 0.998594 -0.002875
vn -0.024781 -0.987437 0.155875
vn -0.067281 -0.908281 0.412875
vn 0.129375 -0.709312 0.692906
vn 0.723969 -0.689188 0.028969
vn 0.437187 -0.897313 -0.060375
vn 0.882719 0.316687 0.347094
vn 0.247375 0.358187 0.900250
vn 0.521625 0.288687 0.802813
vn 0.759094 -0.650281 0.029094
vn 0.801469 -0.572563 0.172594
vn 0.974469 -0.224375 0.006594
vn 0.043187 0.241500 0.969406
vn 0.369781 -0.623187 0.689094
vn 0.914688 -0.148375 0.375875
vn 0.177875 -0.238500 0.954687
vn 0.655375 -0.661469 -0.364563
vn 0.708000 -0.346375 0.615406
vn 0.377375 -0.835094 0.400187
vn 0.103594 -0.993906 -0.037375
vn -0.004781 -0.996531 -0.083000
vn 0.212469 -0.873469 0.437969
vn 0.160781 -0.972594 -0.167781
vn -0.281469 -0.708469 -0.647156
vn -0.023594 -0.935094 -0.353594
vn 0.851875 0.020781 0.523281
vn 0.746188 0.528188 0.405187
vn 0.849781 0.155375 0.503688
vn -0.036594 -0.559187 -0.828188
vn -0.417000 -0.598500 -0.684000
vn -0.233906 -0.942625 -0.238188
vn 0.143000 0.986687 -0.077094
vn -0.089500 0.967719 -0.235594
vn 0.146594 0.988563 -0.035188
vn -0.840906 -0.435094 -0.321781
vn -0.792281 -0.508687 -0.336875
vn -0.640156 -0.663969 -0.386375
vn 0.162281 -0.967031 -0.196063
vn 0.586875 -0.699375 -0.407875
vn -0.062188 -0.768094 -0.637281
vn 0.453594 0.779188 -0.432500
vn 0.228687 0.972625 -0.040875
vn -0.098187 0.986531 0.130688
vn 0.146781 0.986063 -0.078094
vn -0.054688 0.987344 0.148781
vn 0.269500 0.944625 -0.187187
vn 0.319562 0.928656 -0.188281
vn 0.006688 0.993187 -0.116094
vn -0.177281 0.972750 -0.149281
vn 0.077875 0.977875 -0.194000
vn 0.107969 -0.835344 -0.538969
vn 0.106781 -0.934687 -0.339000
vn 0.005094 -0.831406 -0.555594
vn 0.652406 0.744719 0.140375
vn 0.782844 0.619656 -0.056281
vn 0.768156 0.153375 0.621562
vn 0.710187 0.487687 0.507688
vn 0.813750 0.570375 0.111469
vn 0.351562 0.911844 -0.211875
vn 0.128594 0.979094 -0.157375
vn -0.355781 0.922063 -0.152187
vn 0.310500 0.846406 -0.432594
vn 0.270594 0.707906 -0.652406
vn 0.324688 0.795969 -0.510875
vn 0.051281 0.982313 -0.180000
vn 0.080281 0.983406 -0.162594
vn 0.908406 0.319094 -0.270094
vn 0.896531 0.442469 0.019687
vn 0.937937 0.323250 -0.125469
vn -0.601687 0.765500 -0.227875
vn -0.116094 0.894094 -0.432500
vn -0.336563 0.936344 0.099688
vn 0.371094 0.920156 -0.124688
vn 0.381687 0.919469 -0.094187
vn 0.632563 0.770063 -0.082594
vn 0.035969 0.997844 -0.054375
vn 0.399469 0.903656 -0.154281
vn 0.197688 0.979187 -0.045688
vn 0.361281 0.916562 -0.171375
vn 0.374500 0.906375 0.195375
vn 0.427969 -0.891781 -0.146781
vn 0.342875 -0.920344 -0.187969
vn 0.047281 -0.865687 -0.498281
vn 0.002188 0.987938 0.154687
vn -0.080594 0.951594 0.296594
vn 0.330187 0.895656 -0.297875
vn 0.888000 -0.450094 0.093875
vn 0.956375 -0.152594 -0.249000
vn 0.772812 -0.442406 -0.455000
vn -0.344594 0.938688 -0.008094
vn -0.465688 0.859281 -0.211469
vn 0.113000 0.986000 -0.122594
vn -0.152500 0.985719 0.071375
vn -0.389906 0.853813 0.344906
vn 0.015375 0.999469 -0.028469
vn -0.603656 -0.247375 -0.757844
vn -0.612500 -0.323094 -0.721406
vn -0.747500 -0.410875 -0.521906
vn -0.192594 0.429688 -0.882187
vn -0.388781 0.655094 -0.647781
vn -0.537469 0.563875 -0.626969
vn -0.280875 -0.847375 -0.450563
vn -0.248969 -0.866875 -0.431875
vn -0.164375 -0.820875 -0.546875
vn 0.101875 0.994750 0.005281
vn -0.422250 0.744031 -0.517750
vn -0.127188 0.863688 -0.487687
vn -0.726812 -0.531906 -0.434500
vn -0.506187 -0.685687 -0.523000
vn -0.571688 -0.629062 -0.526688
vn -0.381687 0.600000 -0.703031
vn -0.710469 0.292594 -0.639969
vn -0.167375 0.854500 -0.491688
vn -0.192000 0.289688 -0.937625
vn -0.029969 0.728781 -0.684062
vn -0.378500 -0.140875 -0.914781
vn -0.256375 -0.053281 -0.965094
vn -0.052281 0.350875 -0.934937
vn -0.202500 0.744000 -0.636719
vn 0.108000 0.755813 -0.645813
vn 0.222000 -0.008594 -0.975000
vn -0.009094 -0.766375 -0.642281
vn 0.310969 -0.431156 -0.846969
vn 0.060000 -0.461875 -0.884875
vn 0.232781 0.304781 -0.923500
vn 0.134188 0.273375 -0.952469
vn -0.079875 -0.110188 -0.990687
vn -0.060875 -0.644094 -0.762500
vn -0.307875 -0.792781 -0.525969
vn 0.183781 -0.471094 -0.862688
vn -0.554500 0.680500 -0.479000
vn -0.268187 0.476094 -0.837469
vn -0.338281 0.326688 -0.882500
vn 0.124281 0.287469 -0.949656
vn -0.057094 0.448875 -0.891750
vn 0.307875 0.191062 -0.932031
vn -0.171969 0.132375 -0.976156
vn 0.033500 0.405187 -0.913594
vn -0.051188 -0.400187 -0.914969
vn 0.044375 -0.045187 -0.997969
vn -0.314000 -0.485281 -0.816000
vn -0.082500 0.220375 -0.971906
vn 0.245188 0.522250 -0.816750
vn 0.068594 0.663500 -0.745000
vn 0.550094 0.469375 -0.690687
vn 0.461094 -0.008594 -0.887281
vn -0.039875 0.500812 -0.864625
vn 0.303781 0.834063 -0.460469
vn 0.282687 0.005969 -0.959188
vn -0.341688 0.025375 -0.939469
vn 0.529281 0.476187 -0.702187
vn -0.337281 0.092188 -0.936844
vn 0.434719 0.879625 -0.193000
vn 0.271875 0.947375 -0.168781
vn 0.670500 -0.079500 -0.737594
vn 0.169594 0.475188 -0.863375
vn 0.159969 0.339281 -0.926969
vn 0.056094 0.074281 -0.995656
vn -0.476906 -0.064000 -0.876594
vn 0.113500 0.160781 -0.980438
vn 0.284875 0.128688 -0.949875
vn -0.192594 0.211688 -0.958156
vn 0.119094 0.568906 -0.813719
vn 0.345187 0.450000 -0.823594
vn -0.417375 0.400781 -0.815562
vn -0.458281 0.632781 -0.624094
vn -0.153781 0.429594 -0.889813
vn 0.225781 0.592687 -0.773094
vn 0.220375 0.774188 -0.593281
vn 0.050281 0.520469 -0.852375
vn -0.131281 0.018094 -0.991156
vn 0.093969 -0.034688 -0.994937
vn 0.109594 0.005187 -0.993937
vn -0.076875 0.051375 -0.995687
vn -0.088500 0.039187 -0.995281
vn 0.490687 -0.002781 -0.871312
vn 0.059500 0.037188 -0.997531
vn -0.310594 -0.580094 -0.753000
vn 0.225875 -0.211281 -0.950938
vn -0.110188 -0.384094 -0.916687
vn -0.174688 -0.068687 -0.982219
vn 0.158375 0.939000 -0.305187
vn 0.160000 0.984219 -0.075500
vn 0.389219 0.899125 -0.200094
vn -0.918187 -0.136375 -0.371875
vn -0.993813 0.071875 -0.084375
vn -0.936906 0.049781 -0.346000
vn -0.311469 -0.821656 -0.477281
vn -0.429094 -0.769500 -0.473000
vn -0.329875 -0.783969 -0.525875
vn -0.998406 -0.036875 0.042375
vn -0.893375 0.448969 0.016875
vn -0.997281 0.006187 -0.073375
vn -0.910156 -0.150094 0.386063
vn -0.980469 0.118969 0.156469
vn -0.951719 0.213687 0.220281
vn -0.520375 0.599875 0.607687
vn -0.348375 0.561281 0.750687
vn -0.391562 0.812469 0.431875
vn -0.318687 0.620188 0.716781
vn -0.364781 0.738969 0.566375
vn 0.087281 0.723562 0.684687
vn -0.817500 -0.212875 0.535094
vn -0.677969 -0.383469 0.627094
vn -0.550906 -0.457000 0.698313
vn -0.313969 -0.303875 0.899469
vn -0.407562 -0.286187 0.867156
vn -0.337687 -0.274875 0.900187
vn -0.462406 -0.075687 0.883406
vn -0.478812 -0.075594 0.874625
vn -0.681750 -0.059188 0.729156
vn -0.063875 0.074188 0.995188
vn -0.067687 0.255094 0.964531
vn -0.078875 -0.267781 0.960219
vn 0.312500 -0.944406 0.102000
vn -0.266500 -0.668500 0.694281
vn -0.044875 -0.708188 0.704562
vn -0.672750 0.346750 -0.653531
vn -0.869094 -0.081375 -0.487875
vn -0.707687 -0.069094 -0.703094
vn -0.942344 0.326375 0.073688
vn -0.889469 0.379469 0.254562
vn 0.392094 0.031000 -0.919375
vn 0.553375 -0.064594 -0.830375
vn 0.559094 0.067875 -0.826281
vn 0.984250 -0.171406 0.043187
vn 0.972000 -0.231094 -0.042500
vn -0.775156 0.624563 0.094781
vn 0.003688 -0.083500 -0.996500
vn 0.331375 -0.101969 -0.937937
vn -0.287781 0.058094 -0.955906
vn 0.126000 0.001281 -0.992000
vn 0.054469 0.035469 -0.997875
vn -0.062781 -0.995594 0.069281
vn 0.218781 -0.936219 -0.274906
vn 0.157500 -0.821500 -0.548000
vn 0.195969 -0.965656 -0.170375
vn -0.077281 -0.991875 -0.100875
vn 0.266594 -0.940219 -0.211781
vn -0.332969 -0.879969 -0.338688
vn -0.458688 -0.771000 -0.441687
vn -0.273594 -0.943187 -0.188469
vn -0.181469 -0.915969 -0.357781
vn 0.476281 -0.874094 -0.095375
vn -0.142094 -0.890594 -0.432000
vn 0.864875 0.373094 0.335781
vn 0.742656 0.223188 0.631344
vn 0.730969 0.199188 0.652656
vn 0.704219 0.117281 0.700219
vn 0.835000 0.062000 0.546687
vn 0.852906 0.312281 0.418281
vn -0.614000 -0.249281 -0.748875
vn -0.651594 -0.443875 -0.615094
vn -0.934719 -0.348094 0.071281
vn -0.608781 -0.571500 -0.550188
vn -0.797125 -0.466188 -0.383687
vn -0.711500 -0.447688 -0.541594
vn 0.715781 0.620281 -0.320688
vn 0.323469 0.945375 -0.039594
vn 0.405781 0.904188 -0.133188
vn -0.433594 -0.684187 -0.586375
vn -0.620094 -0.457781 -0.637094
vn -0.458594 -0.777219 -0.430781
vn -0.487094 -0.322188 -0.811719
vn -0.439281 -0.033969 -0.897687
vn -0.273875 -0.237281 -0.932000
vn 0.265469 0.956844 0.118094
vn 0.153688 0.987938 0.018281
vn 0.303906 0.947937 -0.095094
vn 0.355063 0.929969 0.095188
vn 0.599688 0.798781 0.047781
vn 0.219281 0.973844 -0.059188
vn 0.045187 0.990125 0.132594
vn -0.057875 0.934656 -0.350781
vn -0.412562 -0.884469 -0.217875
vn -0.386250 -0.829719 -0.402844
vn -0.315500 -0.757875 -0.571000
vn -0.490719 0.329406 0.806625
vn -0.384688 -0.890625 0.242406
vn -0.751719 -0.576906 0.319500
vn -0.245000 -0.077375 -0.966406
vn -0.049688 -0.029781 -0.998312
vn -0.615375 -0.075687 -0.784563
vn 0.043000 0.993406 -0.106094
vn -0.314094 0.900406 -0.300906
vn -0.230000 0.972500 -0.036094
vn 0.632688 0.709188 0.311000
vn -0.119094 0.831563 0.542469
vn 0.083781 0.937594 0.337406
vn 0.089969 0.365187 0.926562
vn 0.157469 0.223969 0.961750
vn -0.667875 -0.156594 0.727594
vn -0.220000 0.271000 0.937094
vn -0.433000 -0.243375 0.867906
vn 0.177094 0.259375 -0.949375
vn 0.212281 0.404719 -0.889437
vn 0.256687 0.311687 -0.914813
vn 0.809187 -0.261375 -0.526187
vn 0.815906 0.128781 -0.563594
vn 0.858813 0.144688 -0.491406
vn 0.730687 -0.606188 -0.314000
vn 0.971687 -0.187781 -0.143281
vn 0.811906 -0.458187 -0.361688
vn 0.346469 -0.414375 -0.841563
vn 0.416469 -0.031875 -0.908562
vn 0.533312 0.012094 -0.845812
vn -0.076875 0.861656 -0.501562
vn -0.182688 0.813500 -0.552094
vn 0.101375 0.860500 -0.499187
vn -0.041875 0.358094 -0.932719
vn -0.014375 0.517594 -0.855500
vn -0.321469 0.683750 -0.655062
vn 0.718031 0.317250 0.619438
vn 0.830656 0.412875 0.373469
vn 0.505281 0.692281 0.515188
vn 0.999375 -0.030094 -0.017469
vn 0.915906 0.153375 0.370875
vn 0.998031 0.043969 0.044281
vn -0.305094 -0.766875 -0.564594
vn -0.085281 -0.636781 -0.766281
vn -0.308781 -0.785844 -0.535750
vn -0.346281 0.181281 -0.920406
vn -0.164562 0.024688 -0.986031
vn 0.115469 0.855281 0.505094
vn 0.014594 0.826344 0.562937
vn 0.066594 0.997000 0.039187
vn -0.002188 0.724437 0.689313
vn 0.286281 0.330781 0.899219
vn 0.298469 0.364188 0.882187
vn -0.381187 -0.654000 -0.653406
vn -0.506281 -0.650969 -0.565562
vn 0.093594 -0.721750 -0.685750
vn 0.044687 -0.246000 -0.968219
vn -0.033687 -0.006094 -0.999406
vn 0.063688 -0.244375 -0.967562
vn -0.727781 0.341563 -0.594656
vn -0.715844 -0.308969 -0.626156
vn 0.765375 0.014094 -0.643375
vn 0.915719 -0.146781 0.374000
vn 0.086094 0.980969 -0.173875
vn 0.119875 0.916000 -0.382781
vn 0.005781 0.986844 -0.161375
vn 0.043281 0.988594 -0.144094
vn 0.268281 0.947312 -0.174875
vn -0.326500 0.830312 0.451594
vn -0.404687 0.815594 0.413500
vn -0.098594 0.955344 0.278469
vn -0.064000 -0.843500 0.533281
vn -0.038688 -0.724563 0.688062
vn -0.226688 -0.663375 0.713094
vn -0.655406 0.412906 0.632406
vn -0.586344 0.605062 0.538562
vn -0.637781 0.569500 0.518500
vn 0.974312 0.011188 -0.224781
vn 0.992469 -0.008687 0.121969
vn 0.965937 0.047469 0.254281
vn 0.989313 0.113000 -0.091875
vn 0.814438 0.467625 -0.343500
vn -0.827062 0.025375 -0.561469
vn -0.594094 -0.259375 -0.761406
vn -0.445688 0.884812 -0.135688
vn -0.377375 0.773594 -0.509000
vn -0.758750 0.632563 -0.155281
vn 0.280094 0.940969 -0.189969
vn -0.054469 0.907531 -0.416375
vn -0.062781 0.995625 0.068781
vn 0.961375 0.260094 0.089875
vn 0.890562 0.148281 0.429969
vn 0.981781 0.171281 0.082094
vn 0.278688 0.910594 -0.305187
vn 0.157375 0.826750 -0.540062
vn -0.382281 0.910250 -0.158875
vn 0.189094 0.592812 0.782812
vn 0.132969 0.539062 0.831656
vn 0.127469 0.709969 0.692563
vn -0.029188 -0.024875 0.999250
vn 0.085781 -0.146687 0.985438
vn -0.956187 0.292000 -0.020000
vn 0.089000 0.795094 -0.599875
vn -0.838375 0.542687 -0.050875
vn 0.998031 -0.033969 -0.052187
vn 0.932437 -0.265312 0.245188
vn 0.989250 -0.136094 0.053281
vn 0.949094 -0.310094 -0.055094
vn 0.957187 -0.230094 0.175594
vn 0.882281 -0.288781 0.371688
vn -0.053281 0.996719 -0.060688
vn 0.075187 0.941094 -0.329594
vn -0.021375 0.987312 0.157188
vn 0.292906 0.821312 0.489500
vn 0.054187 0.998156 0.026969
vn 0.855094 0.515281 -0.056781
vn -0.773719 -0.299188 0.558406
vn -0.847562 -0.256375 0.464594
vn -0.578281 -0.496781 0.647094
vn -0.995687 -0.091375 0.015000
vn -0.989750 0.108594 -0.092688
vn -0.501000 0.124781 0.856375
vn -0.837937 0.087281 0.538719
vn -0.221281 -0.026187 -0.974844
vn -0.097687 -0.020500 -0.995000
vn 0.036875 -0.364875 -0.930313
vn -0.132469 -0.914187 -0.382969
vn -0.048375 -0.636969 -0.769344
vn 0.984500 0.092281 -0.149000
vn 0.994594 -0.063781 -0.081594
vn 0.879719 0.309188 -0.361187
vn 0.921562 0.366688 -0.127281
vn 0.946688 0.285688 -0.148687
vn 0.979781 0.150688 0.131375
vn 0.474375 0.533063 0.700562
vn -0.032969 -0.795062 0.605563
vn 0.042781 -0.667063 0.743750
vn -0.581688 -0.506063 0.636781
vn -0.163375 -0.089094 0.982500
vn -0.943406 -0.308906 0.120500
vn -0.883906 -0.395187 -0.250000
vn -0.956781 -0.062188 0.284000
vn -0.864969 -0.318188 -0.387969
vn -0.978656 -0.027469 -0.203562
vn -0.866750 0.066969 0.494156
vn -0.985687 -0.112375 0.125375
vn -0.786906 -0.005687 0.617000
vn 0.452500 0.552594 -0.699875
vn -0.019875 0.864156 -0.502781
vn 0.438375 0.814781 -0.379375
vn 0.801375 0.516688 -0.301281
vn 0.619469 0.758469 -0.202281
vn 0.555469 0.817781 -0.150469
vn -0.839344 0.302375 -0.451656
vn -0.937281 0.021094 -0.347875
vn -0.926344 0.059594 -0.371875
vn -0.849281 -0.178875 -0.496688
vn 0.568687 0.806375 0.162188
vn 0.456375 0.884094 0.100188
vn 0.330563 0.936250 -0.118688
vn 0.327688 0.931063 -0.160375
vn 0.473469 0.875875 -0.092875
vn 0.022187 -0.986375 0.162875
vn 0.216594 -0.969094 0.118000
vn 0.190375 -0.943875 0.269781
vn 0.185875 -0.008594 0.982500
vn -0.165594 0.322094 0.932094
vn -0.225594 -0.066094 0.971969
vn -0.085875 0.292094 0.952500
vn 0.783000 -0.061687 0.618906
vn 0.628688 0.766187 0.132781
vn 0.542375 0.836844 -0.073875
vn 0.403469 0.910781 -0.087469
vn 0.181594 0.982656 -0.036969
vn 0.149375 0.930219 -0.335187
vn -0.377875 0.851656 -0.363063
vn -0.227000 0.848813 -0.477406
vn 0.443500 0.658406 -0.608094
vn -0.163281 0.778906 -0.605500
vn -0.174875 0.934375 0.310375
vn -0.265781 0.955500 0.127875
vn -0.414313 0.863125 0.288594
vn -0.398594 0.863281 0.309594
vn -0.159469 0.939562 0.302875
vn -0.440188 0.808688 0.390188
vn -0.062875 -0.988094 -0.140281
vn 0.214500 -0.976687 0.003375
vn -0.355188 -0.929719 0.097187
vn 0.823781 0.560000 0.087875
vn 0.953125 0.294781 -0.067781
vn -0.144187 -0.825719 -0.545313
vn -0.162000 -0.816500 -0.554094
vn -0.950625 -0.230188 -0.208094
vn -0.945188 -0.314594 -0.087375
vn -0.929875 0.114469 -0.349562
vn -0.777281 -0.206687 0.594187
vn -0.887812 -0.393187 0.239000
vn -0.949094 0.111875 0.294375
vn 0.030969 0.461469 0.886594
vn -0.224781 0.327875 0.917562
vn -0.395594 -0.764000 -0.509687
vn -0.427469 -0.755344 -0.496656
vn 0.403281 0.405187 -0.820469
vn 0.636094 0.599500 -0.485687
vn 0.363594 0.416375 -0.833281
vn 0.018375 -0.793344 0.608469
vn 0.248094 -0.167594 0.954094
vn -0.117469 -0.991250 0.059781
vn -0.143094 -0.985094 0.095375
vn -0.154969 -0.984844 -0.077469
vn 0.563094 0.615406 -0.551500
vn -0.024000 -0.520500 -0.853500
vn -0.089781 -0.139781 -0.986094
vn -0.985156 0.040875 -0.166594
vn -0.903906 0.373906 -0.207594
vn -0.997469 0.050969 -0.049375
vn -0.998688 -0.050687 -0.006594
vn -0.965219 0.259875 -0.028188
vn 0.436188 -0.627969 -0.644469
vn 0.754812 -0.634500 -0.166187
vn 0.482750 -0.563375 -0.670469
vn 0.323781 0.881750 0.342969
vn 0.055687 0.565219 0.823031
vn 0.737594 0.642187 0.208594
vn -0.021281 0.232094 0.972438
vn 0.526781 0.591094 0.610781
vn 0.417094 -0.201094 0.886312
vn 0.725406 0.119500 0.677813
vn 0.475500 0.253594 0.842344
vn 0.673375 0.325000 0.664000
vn -0.076594 0.786812 0.612406
vn -0.043875 0.765500 0.641906
vn 0.211562 0.753750 0.622156
vn 0.108469 0.845281 0.523188
vn -0.001875 0.817250 0.576250
vn 0.083875 -0.995594 -0.041375
vn 0.042969 -0.984688 -0.168875
vn -0.009781 -0.971125 -0.238281
vn 0.049094 -0.889281 -0.454688
vn -0.326781 -0.474687 0.817187
vn -0.008594 -0.765875 0.642875
vn 0.193094 -0.357375 0.913750
vn -0.303688 0.092594 -0.948250
vn 0.031094 0.482781 -0.875156
vn -0.123875 0.074094 -0.989500
vn -0.005875 0.450594 -0.892687
vn 0.155781 0.439375 -0.884656
vn 0.614375 0.724781 -0.311781
vn 0.438281 0.586969 -0.680687
vn 0.389781 0.907375 -0.157188
vn -0.075281 0.846469 -0.527062
vn 0.058094 0.950594 -0.304875
vn -0.661969 0.428688 0.614781
vn -0.892500 0.197688 0.405375
vn -0.513281 0.093687 0.853063
vn -0.873594 -0.249094 0.418000
vn -0.110469 -0.832156 -0.543375
vn -0.392188 -0.800781 -0.452688
vn 0.023375 -0.786687 -0.616875
vn -0.877031 -0.468313 0.107188
vn -0.143469 0.987969 -0.057375
vn -0.293687 0.937063 -0.188688
vn -0.370781 0.812688 -0.449469
vn -0.303062 0.881156 -0.362875
vn 0.411094 0.829875 -0.377187
vn 0.250594 0.956781 0.147469
vn 0.004094 -0.012375 -0.999906
vn 0.027281 -0.015875 -0.999500
vn 0.377688 0.032187 -0.925344
vn 0.460375 0.148094 0.875250
vn 0.358281 0.348500 0.866094
vn -0.042000 0.118875 0.992000
vn -0.283406 0.180000 0.941938
vn -0.071188 0.297469 0.952062
vn -0.260000 -0.062000 0.963594
vn 0.114875 -0.214594 0.969906
vn -0.099875 -0.991719 -0.080500
vn 0.091094 -0.736562 -0.670156
vn -0.645063 -0.649688 -0.402187
vn -0.210969 -0.969562 0.123969
vn -0.547281 -0.828875 -0.115781
vn 0.855687 -0.014281 -0.517281
vn 0.972750 -0.056094 -0.224875
vn 0.942594 -0.277500 -0.185687
vn 0.978781 0.075594 -0.190375
vn 0.999188 -0.007688 -0.039000
vn 0.998750 -0.049375 -0.004281
vn 0.157281 0.987188 -0.026187
vn 0.165562 0.986125 0.009469
vn 0.418125 0.865125 -0.276906
vn 0.769687 0.637500 0.033281
vn -0.696594 0.599594 0.393969
vn -0.515188 0.702688 0.490687
vn -0.469281 0.540094 0.698594
vn 0.052875 -0.131500 0.989875
vn 0.651250 0.070281 0.755562
vn 0.728813 0.297594 0.616625
vn 0.375281 0.837750 0.396562
vn 0.566281 0.677875 0.468781
vn 0.681469 0.629281 0.373563
vn 0.049781 -0.985937 0.159500
vn -0.896219 0.098375 -0.432500
vn -0.920313 -0.294781 0.257094
vn 0.951375 0.287594 -0.110094
vn 0.868969 0.130969 0.477188
vn 0.902875 0.301375 0.306469
vn 0.882281 0.111188 0.457375
vn 0.997094 0.049281 -0.057594
vn 0.181875 -0.895250 0.406687
vn 0.145969 -0.934094 0.325781
vn -0.102094 -0.797281 0.594875
vn 0.324781 -0.941813 0.086500
vn 0.176594 -0.967875 0.178781
vn 0.074188 -0.950375 0.302094
vn 0.197688 -0.288969 -0.936688
vn 0.820281 0.072781 -0.567281
vn 0.214000 0.006688 -0.976781
vn 0.171906 -0.875219 -0.452094
vn 0.912469 -0.369063 -0.176469
vn 0.962687 -0.270375 -0.007875
vn 0.923594 0.000094 0.383281
vn 0.995812 0.036781 0.083594
vn -0.667969 -0.074969 0.740375
vn -0.497656 -0.031969 0.866750
vn -0.724187 0.266281 0.636094
vn -0.665875 0.317781 0.674969
vn -0.259000 0.402906 0.877813
vn -0.418875 -0.581281 -0.697563
vn -0.609688 -0.777812 -0.152500
vn -0.718094 -0.695687 -0.017188
vn -0.966937 -0.105687 -0.231969
vn -0.955000 -0.045688 -0.293000
vn -0.877062 -0.314875 -0.362687
vn 0.171500 -0.944812 -0.279094
vn 0.132594 -0.953000 -0.272281
vn 0.517563 0.853156 -0.064687
vn 0.422875 0.892469 -0.156969
vn 0.453875 0.884063 -0.111188
vn 0.361469 0.864781 -0.348469
vn 0.603469 0.584188 0.542687
vn 0.310375 0.610187 0.728875
vn 0.992437 0.045500 -0.114000
vn 0.993000 -0.040000 -0.111000
vn 0.998219 0.036688 0.046687
vn 0.924719 0.065781 0.374906
vn 0.962563 0.223969 0.152469
vn -0.650469 0.757187 0.059281
vn 0.249687 0.963000 -0.101281
vn -0.097281 0.964781 0.244281
vn 0.150969 0.949281 0.275781
vn 0.001500 0.979281 -0.202375
vn 0.013000 -0.675719 0.737031
vn 0.450687 -0.500188 0.739375
vn -0.142281 -0.412688 0.899656
vn 0.030375 -0.051688 0.998187
vn 0.143375 0.078687 0.986500
vn 0.233469 0.180969 0.955344
vn 0.232094 -0.157781 0.959781
vn 0.397906 0.001875 0.917406
vn -0.993187 0.026969 0.113281
vn -0.743656 0.658938 -0.112875
vn -0.813156 0.429781 0.392469
vn 0.699406 0.489875 0.520375
vn 0.937125 0.272406 0.218094
vn 0.487687 0.582687 0.650063
vn 0.499187 0.581094 0.642719
vn 0.653469 0.574188 0.493187
vn -0.333500 -0.927281 -0.169875
vn -0.791313 -0.602094 0.106094
vn -0.408688 -0.801375 -0.436687
vn -0.348062 -0.935656 0.058094
vn -0.456656 -0.825562 -0.331469
vn -0.428406 -0.876219 -0.220594
vn 0.094594 0.995188 0.025000
vn 0.095375 0.994187 0.049500
vn 0.980438 -0.172906 -0.094000
vn 0.992656 -0.104687 -0.060187
vn 0.981750 -0.173688 0.077188
vn 0.307094 0.949469 -0.064469
vn 0.387688 0.920125 -0.055000
vn 0.046375 0.940156 0.337469
vn 0.123187 0.983094 0.135281
vn 0.204469 0.976438 -0.068594
vn -0.011188 0.999844 0.011188
vn -0.013187 0.446469 0.894687
vn -0.113187 0.444750 0.888438
vn -0.046594 0.444375 0.894594
vn 0.886156 -0.283094 0.366781
vn 0.755469 -0.183375 0.628969
vn 0.962156 0.181187 0.203469
vn 0.983906 0.057281 -0.169094
vn 0.977875 0.032469 -0.206594
vn -0.092688 -0.932719 0.348406
vn 0.165375 0.279687 0.945719
vn -0.086687 0.695312 0.713406
vn 0.459469 0.280688 0.842656
vn -0.352094 0.742375 0.569969
vn -0.269969 0.727125 0.631156
vn -0.095281 0.661250 0.744062
vn -0.907156 -0.365781 0.207875
vn -0.991625 -0.118500 -0.051188
vn -0.969656 0.089188 0.227469
vn -0.933281 -0.170500 -0.316000
vn -0.961594 -0.230281 -0.149188
vn -0.976094 -0.110875 -0.186781
vn 0.834312 -0.493094 -0.246406
vn 0.975625 -0.170094 -0.138500
vn 0.941437 -0.112875 -0.317688
vn -0.092188 -0.534375 -0.840187
vn -0.265500 -0.882000 -0.389281
vn -0.599500 -0.266906 -0.754531
vn -0.520000 -0.853813 -0.024281
vn -0.113875 0.993281 -0.019375
vn 0.008375 0.947469 -0.319687
vn 0.373688 0.894875 0.243969
vn 0.069094 0.722687 -0.687688
vn 0.277187 0.927219 -0.251781
vn 0.927750 -0.141062 0.345469
vn 0.896500 0.291000 0.334000
vn 0.996375 -0.029781 0.079594
vn 0.990687 0.064781 0.119500
vn -0.190969 0.821656 -0.536969
vn 0.327688 0.941500 -0.078500
vn 0.360500 0.895594 -0.260594
vn 0.323781 0.806250 -0.495063
vn 0.949719 0.253281 0.184000
vn -0.699781 0.576063 0.422375
vn -0.598000 0.611594 0.518000
vn -0.599000 0.383687 0.702812
vn -0.605875 0.795000 0.029281
vn -0.283000 0.959000 0.014375
vn -0.915500 -0.269688 -0.298500
vn -0.914406 -0.206875 -0.347875
vn -0.154687 0.812781 0.561594
vn -0.675125 -0.639313 0.368000
vn 0.961406 -0.171000 0.215500
vn 0.906062 0.146375 0.396969
vn 0.961312 -0.218500 0.167594
vn 0.963406 -0.187187 0.191687
vn -0.914375 -0.091594 -0.394281
vn -0.893375 0.202094 -0.401281
vn -0.910719 -0.325000 -0.254781
vn -0.965219 -0.157375 -0.208687
vn -0.085875 0.494563 -0.864844
vn -0.000500 0.494094 -0.869375
vn 0.246688 0.452875 -0.856750
vn 0.220000 0.486500 -0.845500
vn 0.249875 0.921687 -0.296688
vn 0.290094 0.920094 0.263094
vn 0.070000 0.949781 0.304875
vn 0.844500 -0.042594 -0.533813
vn 0.913375 -0.040375 0.405062
vn 0.656500 0.750219 0.078281
vn 0.776156 0.506781 -0.375094
vn 0.595875 0.803062 -0.001594
vn 0.879875 0.368094 0.300469
vn 0.827625 0.485500 0.281594
vn 0.703125 0.136406 0.697812
vn -0.163469 0.407250 -0.898531
vn 0.598094 0.783281 -0.169375
vn 0.608125 0.779312 -0.151000
vn 0.115281 0.992938 0.027188
vn -0.183781 -0.889031 -0.419313
vn -0.331062 -0.843562 -0.422781
vn -0.468156 -0.758250 -0.453656
vn 0.696656 0.568563 -0.437469
vn 0.002875 0.641219 -0.767313
vn -0.445094 0.872625 -0.200906
vn 0.124500 0.984187 -0.125781
vn 0.180781 0.698781 0.692094
vn -0.027469 0.468781 0.882875
vn 0.445781 0.595281 0.668469
vn -0.487281 0.481781 0.728281
vn -0.638844 0.427063 0.639844
vn -0.572250 0.308875 0.759656
vn 0.285188 0.035094 0.957812
vn 0.108375 -0.178781 0.977875
vn -0.131094 0.247875 0.959875
vn -0.107875 -0.338375 0.934781
vn -0.307781 -0.325594 0.894000
vn -0.371469 0.053688 0.926875
vn 0.423063 0.843469 -0.330969
vn -0.363969 0.706688 -0.606687
vn -0.842031 0.533500 0.079594
vn -0.982094 0.163281 0.093687
vn -0.972656 -0.003594 -0.232094
vn -0.690500 0.592906 0.414281
vn -0.887594 0.454000 0.077500
vn -0.974813 0.220594 0.032688
vn 0.584094 -0.098187 0.805687
vn 0.103375 -0.009375 0.994594
vn 0.163594 0.230875 0.959094
vn -0.095781 -0.052594 0.994000
vn 0.919656 0.249469 0.303187
vn 0.879313 0.320406 0.352281
vn 0.571469 0.150188 0.806750
vn 0.495906 0.609187 0.618813
vn 0.748219 0.331000 0.574906
vn -0.133281 0.465000 -0.875188
vn 0.270281 0.425687 -0.863531
vn 0.091688 0.463969 -0.881063
vn -0.273187 -0.813688 -0.513094
vn -0.497781 -0.805094 -0.322500
vn -0.414781 -0.767906 -0.488094
vn -0.176406 -0.983125 -0.048094
vn 0.203688 -0.972469 -0.113094
vn -0.241375 -0.970250 -0.017281
vn 0.207281 0.076469 0.975281
vn 0.205594 0.116781 0.971625
vn 0.371563 -0.076469 0.925219
vn 0.521187 -0.278781 0.806594
vn 0.292969 -0.195688 0.935844
vn 0.714281 0.406281 0.569781
vn 0.794281 0.607500 -0.005000
vn 0.983594 0.177594 0.031188
vn 0.956469 0.285094 0.061875
vn 0.969219 0.165406 0.182187
vn -0.998312 0.051375 -0.026687
vn -0.891563 -0.293781 -0.344594
vn -0.514687 -0.721406 -0.463281
vn -0.483875 -0.728875 -0.484281
vn -0.855750 -0.415156 -0.308688
vn -0.819125 0.487750 0.301781
vn -0.349500 0.592000 0.726188
vn 0.133469 0.527375 0.839063
vn 0.141281 0.404063 0.903719
vn 0.114500 0.854406 0.506781
vn 0.818125 0.423094 0.389406
vn 0.704281 0.650906 0.283281
vn 0.616625 0.517313 0.593406
vn -0.982063 0.184281 -0.039187
vn -0.684062 0.729375 -0.003969
vn -0.757062 0.521969 0.392875
vn 0.976500 0.007000 -0.215281
vn 0.997000 0.043094 -0.064094
vn 0.959844 -0.275969 0.049781
vn 0.833438 -0.552562 -0.002094
vn 0.799375 -0.275187 0.534063
vn -0.148281 -0.082000 -0.985531
vn -0.594594 0.203688 -0.777781
vn -0.456000 -0.075094 -0.886781
vn 0.000469 0.194188 -0.980937
vn 0.988031 -0.016875 -0.153281
vn 0.883187 -0.171781 -0.436375
vn 0.100281 -0.962500 -0.252000
vn -0.471719 -0.699313 -0.537000
vn -0.498062 -0.663969 -0.557688
vn -0.408875 -0.902687 -0.133969
vn -0.110094 -0.986594 -0.120375
vn -0.209187 -0.962375 0.173281
vn 0.071875 -0.961781 -0.264188
vn -0.086375 -0.580750 0.809438
vn -0.127594 -0.441906 0.887906
vn 0.098500 -0.552688 0.827500
vn -0.316875 -0.783969 -0.533781
vn -0.347969 -0.818563 -0.456969
vn -0.238188 -0.796000 -0.556406
vn -0.988344 0.151969 -0.005687
vn 0.670250 0.448750 -0.591062
vn -0.659500 0.085500 -0.746813
vn -0.027500 -0.036781 -0.998937
vn -0.272781 0.266875 -0.924281
vn 0.792125 -0.069875 -0.606313
vn 0.925906 -0.000375 -0.377688
vn 0.955500 -0.156375 -0.250094
vn 0.973000 -0.216500 -0.079594
vn 0.994531 0.020969 -0.102094
vn -0.139906 0.779531 -0.610500
vn -0.893156 0.384781 0.232781
vn -0.886594 -0.048000 0.460000
vn -0.878906 -0.408406 0.246281
vn -0.900688 -0.376969 -0.215875
vn 0.948313 -0.259406 -0.182688
vn 0.908188 -0.182500 -0.376594
vn 0.872688 -0.286000 -0.395687
vn -0.648219 0.534594 0.542188
vn -0.684781 0.021500 0.728406
vn -0.381187 0.190094 0.904719
vn 0.086969 0.704875 0.703969
vn -0.013187 0.171875 0.985000
vn 0.029969 0.309281 0.950469
vn -0.745906 0.159281 -0.646688
vn -0.937281 -0.050687 -0.344781
vn -0.783969 -0.433969 -0.443875
vn -0.257781 -0.895250 -0.363375
vn -0.618375 -0.696000 -0.364875
vn -0.556687 -0.720594 -0.413281
vn -0.317875 0.461563 0.828156
vn 0.219875 0.608469 0.762469
vn -0.528281 -0.417688 0.739187
vn -0.071281 0.984500 -0.160187
vn -0.757812 0.348906 -0.551313
vn -0.824188 0.310187 -0.473781
vn -0.836906 -0.528313 -0.143000
vn -0.991063 -0.104969 0.082188
vn -0.855687 -0.430187 -0.287594
vn -0.311406 -0.755406 -0.576500
vn -0.089094 -0.893313 -0.440500
vn 0.435781 -0.828250 -0.352188
vn 0.099188 -0.954219 -0.282094
vn 0.036594 -0.929094 -0.368000
vn -0.148969 0.482781 0.862969
vn -0.288281 0.503969 0.814156
vn 0.087094 0.016594 0.996031
vn 0.009187 -0.187187 0.982250
vn 0.201281 -0.125094 0.971500
vn -0.179375 -0.081281 0.980406
vn 0.678156 0.620156 0.394281
vn 0.806781 0.583094 0.095094
vn 0.565875 0.766375 0.303969
vn -0.261562 0.957750 -0.119375
vn -0.104687 0.984281 -0.142094
vn -0.572812 0.814031 0.095875
vn 0.788781 -0.256687 0.558469
vn 0.969375 -0.214281 -0.119875
vn 0.992312 -0.123094 0.010688
vn 0.938750 -0.326063 -0.111188
vn -0.927906 0.307406 -0.210781
vn -0.952375 0.232281 -0.197469
vn -0.485687 -0.666188 -0.565906
vn -0.268281 -0.584281 -0.765875
vn -0.265000 -0.624812 -0.734406
vn 0.768531 -0.228406 -0.597625
vn 0.535187 -0.589688 -0.604781
vn 0.705656 -0.377875 -0.599344
vn 0.412594 0.870188 -0.269281
vn 0.105281 0.162969 0.980969
vn 0.070969 0.094594 0.992969
vn 0.048594 0.155969 0.986531
vn 0.256187 0.135688 0.957031
vn 0.602219 -0.266500 0.752500
vn -0.108187 -0.061187 0.992219
vn 0.009375 -0.694281 -0.719594
vn -0.230375 -0.309969 -0.922375
vn -0.384406 -0.742312 -0.548813
vn 0.045469 -0.846281 -0.530781
vn 0.162094 -0.790281 -0.590875
vn 0.232094 -0.926375 -0.296500
vn -0.572969 -0.764375 -0.295594
vn -0.412594 -0.893875 -0.175187
vn -0.331094 0.882781 -0.333187
vn -0.198594 0.856313 -0.476687
vn 0.036875 0.883469 -0.466969
vn -0.628906 0.605906 -0.487125
vn -0.433375 0.393187 -0.810875
vn -0.573781 0.786875 -0.227094
vn -0.359688 -0.845563 -0.394469
vn -0.185875 -0.873875 -0.449187
vn 0.749969 -0.038781 0.660281
vn 0.668688 0.109687 0.735375
vn 0.616281 0.428875 0.660469
vn -0.351875 0.012687 -0.935938
vn 0.040375 0.012281 -0.999094
vn -0.503969 -0.085188 -0.859469
vn -0.012281 -0.651469 -0.758563
vn -0.362375 -0.866063 -0.344375
vn -0.326969 -0.777750 -0.536781
vn -0.940125 -0.279094 0.195500
vn -0.908875 0.329688 0.255375
vn -0.844750 0.264875 0.464969
vn -0.961844 -0.101281 0.254063
vn -0.997281 0.006281 0.073094
vn -0.878625 -0.013187 0.477250
vn -0.184375 -0.893656 -0.409063
vn -0.334781 -0.688500 -0.643313
vn 0.350062 -0.794750 -0.495750
vn 0.024000 -0.433500 -0.900813
vn -0.324094 -0.933500 -0.153375
vn -0.820750 -0.472469 -0.321063
vn -0.778562 -0.217469 -0.588656
vn -0.861500 -0.445000 -0.244500
vn -0.188469 -0.580688 -0.791969
vn 0.850625 0.088875 -0.518156
vn 0.053188 0.994750 0.087094
vn 0.529063 0.753250 0.390687
vn 0.205094 0.561281 -0.801781
vn -0.185094 0.586594 -0.788406
vn -0.106188 0.007188 -0.994313
vn 0.453781 0.792687 -0.407000
vn 0.222563 -0.789750 0.571563
vn 0.807781 0.304688 0.504594
vn 0.889687 0.292188 0.350781
vn 0.722188 0.627281 0.291375
vn -0.211969 0.870687 0.443781
vn -0.302687 0.629875 0.715250
vn 0.210063 0.811750 0.544875
vn -0.997813 0.057500 0.031875
vn -0.981469 -0.187469 -0.039187
vn -0.602000 0.141500 0.785812
vn -0.640125 0.096094 0.762219
vn -0.901625 0.131187 0.412094
vn 0.854813 0.406594 0.322406
vn 0.915500 0.385281 -0.115594
vn 0.963313 0.268000 -0.012187
vn 0.947156 0.028687 -0.319469
vn 0.965375 -0.247594 -0.082094
vn 0.913000 0.402094 0.068594
vn 0.849969 0.505687 0.147594
vn -0.525094 -0.736906 -0.425687
vn -0.298906 -0.886000 -0.354406
vn -0.495469 0.762250 -0.416469
vn -0.760906 0.630500 -0.153094
vn -0.795594 0.588906 -0.142094
vn -0.223094 -0.699875 0.678500
vn -0.972844 0.222500 -0.063594
vn -0.992031 0.117688 0.044594
vn -0.893500 0.446281 -0.049500
vn 0.071969 0.056781 -0.995781
vn 0.064281 0.036875 -0.997219
vn -0.637969 -0.161094 -0.752969
vn -0.892156 0.336688 -0.301062
vn -0.855375 0.318469 -0.408469
vn -0.831688 -0.476687 -0.284687
vn -0.074688 -0.931250 -0.356562
vn 0.050969 -0.992750 -0.108594
vn 0.289406 -0.786313 -0.545812
vn -0.317688 0.945969 0.064875
vn -0.030000 0.996594 -0.076687
vn -0.272687 0.960187 0.060187
vn -0.129281 0.968938 0.210781
vn 0.841875 -0.098469 0.530563
vn 0.470906 0.222094 0.853750
vn -0.976406 -0.097375 0.192687
vn 0.159094 0.447500 -0.880000
vn -0.512781 0.741781 -0.432187
vn -0.146781 0.938469 -0.312562
vn -0.396875 0.915281 -0.068594
vn 0.558688 0.153781 0.814969
vn 0.963250 -0.007594 0.268375
vn 0.588375 0.721594 -0.364781
vn 0.490344 0.819531 -0.296469
vn 0.085594 0.990406 0.108187
vn 0.440688 -0.268594 0.856500
vn 0.481187 0.004281 0.876594
vn 0.385656 0.040469 0.921719
vn -0.433781 0.574000 0.694500
vn -0.123875 0.664969 0.736469
vn 0.137000 0.436281 0.889281
vn -0.064687 0.494969 0.866469
vn 0.302281 0.106594 0.947219
vn -0.340688 0.920875 0.189469
vn -0.063281 0.952531 0.297688
vn -0.039594 0.838125 0.544000
vn -0.172094 0.978406 -0.114281
vn 0.229188 0.654156 -0.720750
vn -0.107469 0.826875 -0.551969
vn -0.206469 0.236281 -0.949469
vn -0.538781 0.462969 -0.703781
vn 0.994375 0.035094 0.099781
vn 0.852469 0.098875 0.513281
vn 0.926594 0.044500 0.373375
vn 0.863563 0.474969 -0.169094
vn 0.969156 0.100594 -0.224875
vn -0.033687 -0.974625 -0.221188
vn -0.338156 -0.773250 -0.536344
vn -0.095188 -0.959437 -0.265281
vn -0.343781 -0.858781 -0.379781
vn -0.303281 -0.814875 -0.493875
vn -0.200094 -0.884406 -0.421594
vn -0.787812 -0.042594 0.614406
vn -0.695531 0.241094 0.676813
vn -0.412500 0.080094 0.907406
vn -0.050687 -0.665219 0.744906
vn 0.028687 -0.658781 0.751781
vn 0.039500 -0.684000 0.728406
vn -0.154875 -0.504750 0.849219
vn -0.074094 -0.691469 0.718562
vn -0.111594 -0.671719 0.732313
vn -0.610906 0.542687 0.576406
vn -0.236875 0.769188 0.593469
vn 0.048594 0.269375 0.961781
vn -0.033000 0.085094 0.995812
vn -0.231594 -0.066500 0.970531
vn 0.026000 0.702906 0.710781
vn 0.028375 0.566000 0.823906
vn 0.305000 -0.343594 -0.888188
vn -0.046781 -0.070281 -0.996406
vn 0.102094 -0.516406 -0.850219
vn 0.265281 -0.377469 -0.887187
vn -0.838875 0.145594 0.524469
vn -0.440688 0.224094 0.869219
vn -0.582281 0.314875 0.749500
vn -0.867719 0.318000 0.382000
vn -0.933375 0.206969 0.293187
vn 0.025187 0.339094 -0.940406
vn -0.205969 0.515469 -0.831750
vn 0.212781 0.359875 -0.908375
vn -0.585281 0.216188 -0.781469
vn -0.748094 -0.647500 -0.145187
vn -0.823625 -0.558719 -0.097281
vn -0.372594 0.086594 -0.923906
vn -0.512875 0.049688 -0.857000
vn -0.055000 0.114375 -0.991906
vn -0.062281 0.125188 -0.990156
vn -0.356562 0.163875 -0.919750
vn 0.443219 0.668719 0.596906
vn 0.443000 0.671500 0.594000
vn 0.307687 0.786000 0.536188
vn 0.242375 0.730469 0.638469
vn 0.647969 0.564062 0.511781
vn 0.652125 0.557031 0.514219
vn 0.513500 0.421000 0.747688
vn 0.459094 0.553813 0.694594
vn 0.339687 0.655281 0.674688
vn 0.262281 0.439594 0.859000
vn 0.495719 0.849406 0.180906
vn -0.732375 0.481000 -0.481875
vn -0.392188 0.573781 -0.718969
vn 0.418063 0.805375 -0.420188
vn 0.023000 0.961500 -0.273781
vn -0.960625 -0.277687 -0.006688
vn -0.918406 -0.313594 0.241094
vn -0.939969 -0.328469 0.092281
vn 0.200594 -0.158000 -0.966844
vn 0.302781 0.129375 0.944219
vn -0.592719 -0.559406 -0.579406
vn -0.828125 0.033875 -0.559500
vn 0.180187 0.944562 -0.274375
vn 0.196281 0.500656 -0.843063
vn 0.314469 0.669469 -0.672969
vn 0.136375 0.060000 0.988813
vn 0.792687 0.050969 0.607469
vn 0.664375 -0.134875 0.735094
vn -0.562094 -0.785406 -0.259094
vn -0.954500 -0.143500 0.261281
vn -0.973031 -0.219000 0.072187
vn -0.789094 -0.602000 -0.122094
vn -0.767500 -0.095375 -0.633875
vn -0.279687 0.955781 0.090594
vn -0.583375 0.758906 0.289281
vn 0.874313 0.192281 0.445594
vn -0.636625 0.526000 0.563906
vn -0.718594 0.561500 0.410188
vn -0.500687 0.697781 0.512187
vn 0.138781 -0.249969 0.958250
vn -0.145094 -0.396906 0.906313
vn 0.240875 -0.250062 0.937750
vn -0.590312 0.680313 0.434312
vn -0.350812 0.856531 0.378500
vn -0.317375 0.929594 0.187281
vn -0.075781 0.958875 0.273469
vn -0.137187 0.982625 0.124875
vn -0.194969 0.966781 -0.165187
vn 0.110375 0.976594 0.184500
vn 0.071188 0.997375 -0.011188
vn 0.186969 0.978562 0.086281
vn -0.161500 0.121875 0.979312
vn -0.109375 -0.002875 0.993969
vn 0.545875 0.832469 -0.094781
vn 0.781563 0.611656 0.122469
vn 0.825594 0.563688 0.024500
vn -0.976438 -0.159375 -0.145281
vn -0.944125 -0.204875 -0.258063
vn -0.993875 0.030094 -0.106094
vn -0.886500 0.380781 0.262781
vn 0.689781 -0.122375 0.713562
vn 0.793156 -0.460562 -0.398375
vn -0.187688 -0.464656 -0.865344
vn -0.279094 -0.667687 -0.690094
vn -0.109969 -0.927656 -0.356781
vn -0.204187 -0.810063 -0.549594
vn -0.214875 -0.552781 -0.805094
vn -0.027875 -0.110281 -0.993500
vn -0.137094 -0.503281 -0.853156
vn -0.500875 -0.753563 -0.425687
vn -0.070375 0.321781 -0.944188
vn -0.682813 0.014281 -0.730406
vn -0.438062 0.175281 -0.881656
vn 0.073094 0.484688 -0.871594
vn -0.247094 -0.291500 -0.924094
vn -0.127281 0.338062 -0.932437
vn -0.192594 -0.431906 -0.881094
vn -0.336500 -0.569125 -0.750219
vn -0.010875 -0.692344 -0.721438
vn -0.099469 -0.411875 -0.905781
vn 0.814750 -0.576656 0.060187
vn 0.787812 -0.520500 0.329188
vn -0.526281 -0.754906 -0.391281
vn -0.405969 -0.765875 -0.498563
vn -0.339594 -0.807719 -0.481906
vn -0.284469 -0.817656 0.500469
vn -0.346281 0.890875 -0.293875
vn -0.138375 0.940813 0.309281
vn 0.030687 0.978875 -0.202094
vn 0.625781 0.743875 -0.234594
vn -0.231281 0.223469 -0.946844
vn -0.172594 -0.728875 0.662500
vn -0.918375 -0.223781 -0.326281
vn -0.937250 -0.109687 -0.330875
vn -0.970375 0.109375 -0.215375
vn 0.725906 0.403594 0.556906
vn 0.054594 -0.997813 -0.037000
vn 0.198781 -0.979625 0.028000
vn -0.698438 -0.289281 0.654562
vn 0.145500 -0.734125 0.663219
vn 0.851219 0.386906 0.354500
vn 0.534000 0.638812 0.553813
vn 0.382688 -0.670687 0.635375
vn 0.234094 0.938281 0.254594
vn -0.741469 -0.273562 -0.612656
vn -0.602875 -0.580187 -0.547594
vn -0.817688 -0.416375 -0.397469
vn -0.099594 -0.206781 0.973281
vn -0.209281 -0.510562 0.833969
vn 0.921594 0.386781 -0.031594
vn 0.667656 0.619250 0.413156
vn 0.859125 0.273594 0.432406
vn 0.889063 0.301875 0.344063
vn 0.829188 0.427469 0.360094
vn -0.915000 -0.380406 0.134188
vn -0.819531 -0.566312 -0.087281
vn 0.909594 0.379000 -0.170188
vn 0.988094 -0.138000 0.067687
vn 0.958063 0.282969 -0.044687
vn 0.816375 0.319469 0.481063
vn 0.798844 0.088469 0.594969
vn 0.331781 0.141469 0.932656
vn -0.981469 0.184875 0.050187
vn -0.892500 -0.348687 -0.286000
vn -0.012187 -0.998500 -0.052875
vn 0.409594 -0.911000 -0.048000
vn 0.892875 -0.448375 0.041281
vn -0.376375 0.803563 0.461062
vn 0.415281 0.623906 -0.662000
vn 0.448594 0.642812 -0.620906
vn 0.844625 0.399344 -0.356469
vn -0.362281 -0.202469 -0.909781
vn -0.155188 -0.358375 -0.920563
vn 0.686688 0.642094 -0.340781
vn -0.056875 0.441781 0.895281
vn 0.010594 0.489062 0.872156
vn 0.055875 0.603250 0.795563
vn 0.030469 0.695781 0.717562
vn 0.446094 -0.768094 0.459312
vn 0.908156 -0.141687 0.393875
vn -0.517375 -0.440094 0.733875
vn 0.469813 0.791906 0.390000
vn -0.081000 0.972406 0.218688
vn -0.001000 -0.997781 0.066094
vn -0.227875 -0.815875 -0.531375
vn -0.974844 -0.116281 -0.190094
vn 0.526906 -0.774500 -0.350000
vn 0.494687 -0.830469 -0.256094
vn -0.287562 -0.013375 -0.957656
vn -0.155969 0.961719 -0.225187
vn -0.053094 0.824656 -0.563062
vn -0.032781 0.889250 -0.456187
vn 0.059094 0.898781 -0.434375
vn 0.187688 0.982156 -0.011469
vn 0.236969 0.949375 -0.206188
vn 0.856875 0.508187 0.086375
vn 0.899969 -0.333688 -0.280469
vn 0.583594 0.191500 -0.789094
vn 0.908375 0.157969 0.387094
vn 0.976969 -0.151469 0.150188
vn 0.926094 0.300281 0.228375
vn -0.058281 -0.569375 0.819969
vn -0.130875 -0.276906 0.951906
vn 0.473687 0.655094 0.588594
vn 0.914594 0.239688 0.325594
vn 0.870562 0.273875 0.408781
vn -0.135781 -0.753281 -0.643500
vn 0.037469 -0.882750 -0.468281
vn -0.416281 -0.849875 -0.323094
vn -0.368000 -0.801844 -0.470719
vn -0.700594 -0.401875 -0.589594
vn 0.616000 -0.682781 -0.392781
vn -0.322875 0.623062 0.712375
vn -0.206781 0.076281 0.975375
vn 0.942312 -0.066688 0.328000
vn 0.911969 -0.316063 0.261469
vn 0.960000 0.206875 0.188500
vn 0.732875 0.259000 0.629094
vn 0.725688 0.681063 0.097375
vn 0.414094 0.020281 -0.910000
vn 0.069187 -0.043594 -0.996625
vn -0.274375 0.179688 -0.944656
vn 0.222094 -0.688031 -0.690813
vn -0.729781 -0.027500 0.683094
vn -0.890063 0.098781 0.444969
vn -0.952313 -0.205187 0.225781
vn -0.941063 -0.293281 0.168281
vn -0.953094 -0.206687 0.221094
vn -0.317594 0.947812 -0.027500
vn 0.211187 0.907406 -0.363281
vn -0.223906 0.945125 0.237906
vn 0.609688 0.402187 0.683000
vn 0.970969 -0.152594 0.184094
vn 0.929625 0.050187 -0.365000
vn 0.953094 0.016781 -0.302188
vn 0.994000 0.044281 -0.100000
vn 0.699656 0.706656 -0.105094
vn -0.073094 -0.955844 0.284562
vn -0.231281 -0.657687 0.716875
vn 0.058875 -0.774750 0.629469
vn 0.868563 -0.077188 0.489469
vn 0.978031 -0.204187 0.041781
vn 0.767656 0.059281 0.638062
vn 0.371000 -0.250781 0.894094
vn 0.452000 -0.155500 0.878344
vn 0.399375 0.113781 0.909688
vn 0.024094 -0.040469 0.998875
vn -0.064594 -0.957344 0.281563
vn 0.325875 -0.726156 -0.605344
vn 0.042875 -0.190469 0.980750
vn -0.620500 0.109375 0.776500
vn -0.584781 0.107094 0.804062
vn -0.781375 0.077594 0.619187
vn -0.201875 -0.103688 0.973875
vn -0.365281 -0.311969 0.877031
vn 0.231063 0.328562 0.915750
vn 0.025875 0.432187 0.901375
vn -0.020000 0.527313 0.849406
vn 0.118500 -0.268187 0.956031
vn -0.698656 -0.229281 0.677656
vn 0.254187 0.416063 0.873062
vn 0.232281 -0.121500 0.965000
vn 0.555687 0.723781 0.409000
vn 0.652250 0.395063 0.646844
vn 0.123375 0.304781 0.944375
vn 0.366281 0.248500 0.896688
vn 0.237469 0.144594 0.960563
vn -0.121688 0.953781 0.274687
vn -0.185000 0.964312 0.189375
vn -0.953594 -0.235000 -0.188187
vn -0.848781 -0.207188 -0.486375
vn -0.813312 -0.133781 -0.566188
vn -0.707406 -0.424375 -0.565188
vn -0.905688 -0.104500 -0.410781
vn 0.273688 0.959312 0.069281
vn 0.304906 0.952219 -0.016281
vn -0.463688 0.881594 -0.088094
vn -0.132469 0.948781 -0.286781
vn 0.048281 0.998656 0.017094
vn -0.769188 -0.638969 -0.004469
vn -0.847969 -0.414688 -0.330063
vn -0.968469 0.207375 -0.137969
vn -0.881844 -0.030687 -0.470469
vn -0.173469 0.894875 -0.411187
vn 0.172875 0.980219 -0.096188
vn -0.144594 0.874469 -0.462969
vn -0.891906 -0.390906 0.227281
vn -0.906156 -0.422875 0.003969
vn -0.683969 -0.695781 -0.219187
vn 0.852375 -0.518375 -0.068375
vn 0.680500 -0.332312 0.653000
vn -0.506375 -0.064375 -0.859875
vn -0.672094 -0.252875 -0.695906
vn -0.108375 -0.874719 0.472313
vn -0.205375 0.153094 0.966625
vn -0.374906 0.287281 0.881406
vn -0.567438 0.381156 0.729844
vn 0.370313 -0.814031 -0.447406
vn 0.561531 -0.826437 -0.040688
vn 0.252969 0.071875 -0.964781
vn 0.243281 0.009594 -0.969875
vn -0.621469 0.478656 -0.620156
vn 0.099781 -0.978781 0.178875
vn -0.007969 -0.653156 0.757156
vn 0.987094 -0.038875 -0.155188
vn 0.171875 0.728500 -0.663094
vn -0.866562 0.498188 0.028875
vn -0.670062 0.637156 0.380781
vn 0.996750 0.019594 -0.078094
vn 0.998062 0.043594 -0.043875
vn 0.960063 0.030594 -0.278062
vn 0.980125 0.082500 0.180281
vn -0.365094 -0.812969 -0.453594
vn -0.511813 -0.774500 -0.371688
vn -0.727094 -0.592406 -0.346906
vn 0.021594 -0.998312 0.053594
vn -0.178875 -0.970094 -0.164000
vn -0.351687 0.241688 -0.904375
vn -0.121375 -0.803781 -0.582375
vn 0.078281 -0.857000 -0.509281
vn -0.853281 0.317500 0.413594
vn -0.949188 0.113594 -0.293375
vn -0.982500 0.103594 -0.154687
vn 0.288094 0.229875 0.929594
vn 0.436563 -0.115094 0.892250
vn -0.012594 -0.050500 0.998625
vn 0.259187 -0.761312 0.594312
vn 0.082375 -0.988250 -0.128594
vn 0.456469 0.072687 -0.886750
vn 0.781687 -0.483406 -0.394000
vn 0.717031 -0.301094 -0.628625
vn 0.845375 -0.363469 -0.391375
vn -0.166000 -0.308094 -0.936750
vn -0.228500 0.565094 0.792719
vn -0.046188 0.592969 0.803875
vn 0.066469 0.651563 0.755656
vn 0.034469 0.641563 0.766250
vn 0.019781 0.952406 0.304094
vn 0.407281 0.068375 0.910719
vn 0.264469 0.222875 0.938250
vn 0.118688 0.117188 -0.985969
vn -0.116875 0.117094 -0.986188
vn -0.364781 -0.158469 0.917469
vn -0.209688 -0.883687 -0.418406
vn -0.718281 -0.506000 -0.477500
vn -0.749781 -0.558594 -0.354594
vn -0.838281 -0.222094 -0.497875
vn -0.263000 0.811938 0.521125
vn -0.297594 0.924594 0.237687
vn -0.456500 0.855812 0.243188
vn -0.176375 0.735594 0.654000
vn -0.219594 0.675594 0.703781
vn 0.477281 0.741500 0.471500
vn 0.778687 0.405688 0.478594
vn 0.021594 0.831000 0.555812
vn 0.850094 0.318594 0.419281
vn 0.598688 0.372281 0.709188
vn 0.795750 0.533906 0.285812
vn 0.455500 -0.890094 0.014875
vn 0.065094 -0.995938 0.061969
vn -0.112094 0.991219 -0.069688
vn 0.068187 0.996562 -0.046875
vn 0.063688 0.993937 -0.089281
vn -0.112594 0.650375 0.751188
vn -0.590406 0.457594 0.664813
vn 0.021281 0.396688 0.917687
vn -0.299875 -0.254875 0.919281
vn -0.418469 -0.036469 0.907469
vn 0.444469 -0.811375 -0.379562
vn -0.485219 -0.765531 -0.422500
vn -0.856562 -0.510875 -0.072594
vn -0.830375 -0.539688 -0.138375
vn -0.912375 -0.346375 -0.218094
vn -0.241969 -0.690656 -0.681469
vn -0.131875 0.739875 -0.659656
vn 0.802813 0.272781 0.530094
vn -0.184969 -0.817156 -0.545875
vn -0.361094 0.898000 -0.251375
vn 0.097969 0.359562 -0.927938
vn 0.146563 0.378875 -0.913750
vn 0.227281 0.342687 -0.911500
vn 0.923281 0.354781 -0.147094
vn 0.717812 0.686031 0.118594
vn -0.175969 0.951563 -0.251969
vn -0.160781 0.975094 -0.152688
vn 0.051094 0.998563 -0.014781
vn -0.111781 0.963875 -0.241688
vn 0.610094 0.697500 -0.375781
vn 0.567781 0.812594 -0.131375
vn 0.454094 0.812000 -0.366594
vn -0.279969 0.442562 0.851875
vn 0.253094 -0.872688 -0.417500
vn 0.653437 -0.699031 -0.290406
vn 0.305000 -0.948031 0.090281
vn 0.590688 0.355781 0.724187
vn 0.392875 0.566969 0.723969
vn 0.197688 0.323687 0.925250
vn -0.952531 -0.304062 -0.013687
vn -0.438281 -0.732969 -0.520187
vn -0.191469 0.176594 -0.965469
vn 0.834969 -0.492469 -0.245469
vn 0.895563 -0.249375 0.368375
vn 0.984094 -0.148687 0.097094
vn 0.917938 0.262188 0.297688
vn 0.673656 0.482969 0.559375
vn 0.797000 -0.324906 -0.509094
vn 0.886312 0.421187 -0.192281
vn -0.072875 -0.902937 -0.423469
vn 0.280594 -0.954656 -0.099188
vn -0.264062 -0.881156 -0.392156
vn -0.040688 -0.938563 -0.342687
vn -0.099188 -0.954250 -0.281969
vn -0.135375 -0.894562 -0.425875
vn -0.764094 0.411000 -0.497187
vn -0.837188 0.145375 -0.527188
vn -0.995781 -0.056594 -0.071969
vn -0.825344 0.120469 0.551562
vn 0.206000 -0.143781 -0.967906
vn -0.139875 0.292188 -0.946063
vn -0.172562 -0.837344 -0.518656
vn -0.398187 -0.663188 -0.633687
vn -0.621188 -0.119469 -0.774469
vn -0.545281 -0.424375 -0.722875
vn -0.496188 -0.210969 -0.842156
vn 0.771000 -0.627781 0.106781
vn 0.985812 -0.151094 0.072687
vn 0.979531 -0.099188 -0.174969
vn -0.409375 -0.184188 -0.893562
vn -0.713625 0.032875 -0.699719
vn -0.498000 -0.583781 -0.641187
vn 0.514188 0.249687 0.820500
vn 0.779594 0.478781 0.403688
vn 0.044188 0.996562 -0.069969
vn -0.167094 0.154188 -0.973781
vn 0.040594 0.834031 -0.550219
vn -0.133781 -0.775187 -0.617375
vn -0.729406 0.118375 0.673719
vn -0.914594 -0.163000 -0.370000
vn -0.254500 -0.514000 -0.819125
vn -0.772781 -0.415688 -0.479562
vn 0.946312 0.167594 0.276375
vn -0.265375 0.548500 0.792906
vn -0.580844 -0.622156 -0.524844
vn -0.680469 -0.326688 -0.655875
vn 0.146781 0.835406 0.529594
vn 0.112875 0.803094 0.585000
vn 0.022875 0.983875 0.177281
vn -0.970656 -0.127188 0.203969
vn -0.794500 -0.408375 0.449375
vn -0.032469 0.995656 -0.086969
vn -0.196875 0.970844 0.136594
vn 0.128969 -0.176594 0.975781
vn -0.468875 -0.021000 -0.883000
vn 0.281563 -0.672250 0.684656
vn -0.001875 -0.574594 0.818406
vn -0.637406 -0.620500 0.456781
vn 0.188594 -0.471906 0.861219
vn 0.405594 0.720375 0.562594
vn 0.423969 0.756063 0.498563
vn 0.531687 0.742094 0.408094
vn 0.864875 0.412688 0.285781
vn 0.825188 0.524781 0.208781
vn -0.119187 -0.880344 -0.459062
vn -0.082875 -0.817281 -0.570188
vn 0.202375 0.573094 -0.794094
vn -0.515469 -0.627750 0.583250
vn -0.771187 0.409781 0.487094
vn 0.115375 0.993219 0.014094
vn 0.210375 -0.855875 -0.472375
vn 0.362000 -0.930812 0.049781
vn -0.056000 -0.984531 0.165906
vn 0.960844 0.072094 0.267500
vn 0.999812 -0.003187 0.018188
vn 0.990000 0.044188 0.133781
vn 0.995313 0.084875 0.046094
vn 0.996219 -0.055000 0.066875
vn 0.215781 0.594781 0.774375
vn 0.377688 -0.925875 0.006781
vn -0.192188 -0.933719 -0.302000
vn -0.937375 -0.099281 -0.333781
vn -0.938781 -0.189187 -0.287875
vn -0.021594 -0.165688 -0.985937
vn -0.053281 -0.632781 0.772469
vn 0.974906 0.221594 0.020781
vn 0.977500 0.196094 0.077500
vn -0.068875 -0.863969 -0.498781
vn -0.237594 -0.832281 -0.500781
vn -0.306375 -0.918844 -0.248562
vn -0.660625 0.390188 0.641312
vn -0.624781 -0.693281 -0.359094
vn 0.143594 0.007188 0.989594
vn -0.889687 0.454781 0.039594
vn 0.843406 0.173281 0.508500
vn -0.286687 -0.167375 0.943281
vn 0.991406 0.029781 0.127281
vn 0.994531 0.032594 0.099188
vn 0.995281 -0.040094 0.088281
vn 0.468375 0.753344 0.461563
vn 0.278188 0.651469 0.705781
vn -0.042375 -0.988312 0.146375
vn 0.178500 -0.983625 -0.024688
vn 0.792344 0.563375 0.233969
vn -0.863063 -0.418969 -0.281969
vn 0.895719 0.223906 -0.384094
vn -0.795281 0.533281 0.288188
vn -0.898594 0.355969 -0.256469
vn -0.994406 0.028781 -0.101375
vn -0.086281 0.909375 -0.406875
vn -0.091688 0.949500 0.300000
vn -0.019094 -0.785594 0.618406
vn 0.134188 -0.601906 0.787188
vn -0.096000 0.173094 0.980187
vn 0.554313 0.165187 0.815719
vn -0.729688 0.605375 0.317875
vn -0.207594 0.834781 0.509875
vn -0.588875 -0.193594 -0.784656
vn -0.733281 -0.514969 -0.443875
vn 0.184687 -0.055375 0.981219
vn 0.639500 0.768313 -0.026000
vn 0.132969 -0.804563 -0.578750
vn -0.149875 -0.642469 -0.751469
vn 0.042375 -0.999000 -0.013500
vn -0.809750 -0.268375 -0.521750
vn -0.768562 -0.580781 -0.268281
vn -0.022781 -0.266187 -0.963625
vn -0.536875 0.016687 -0.843469
vn -0.214094 -0.858000 -0.466875
vn -0.201094 -0.936688 -0.286594
vn 0.004469 -0.902281 -0.431094
vn 0.899656 0.327219 -0.289000
vn 0.995656 -0.037094 -0.085188
vn 0.568469 -0.596469 0.566562
vn 0.143281 -0.350188 0.925625
vn 0.630094 -0.677312 -0.379687
vn 0.886312 -0.456688 -0.076500
vn 0.541906 0.594813 -0.593719
vn 0.380281 0.853719 -0.355687
vn -0.081375 -0.784469 -0.614781
vn 0.048500 -0.988594 -0.142500
vn -0.036875 -0.826250 -0.562063
vn 0.369875 0.928906 -0.017281
vn 0.369687 0.725000 -0.581094
vn 0.546188 -0.677594 -0.492406
vn 0.985594 -0.167500 -0.022187
vn 0.880656 -0.473687 -0.004594
vn -0.067094 -0.979875 0.187875
vn -0.257187 -0.854625 -0.451000
vn 0.777188 -0.120500 -0.617594
vn 0.385281 0.418969 0.822187
vn 0.477500 0.414000 0.774938
vn 0.737281 0.674688 -0.034688
vn 0.918250 -0.019281 0.395469
vn 0.514500 0.828313 0.221687
vn 0.994313 -0.080375 0.069781
vn -0.400687 -0.770813 -0.495219
vn -0.278281 -0.523094 -0.805531
vn 0.081094 -0.713719 -0.695719
vn 0.458156 0.881156 0.116594
vn 0.776219 0.629406 0.035875
vn 0.089188 0.075781 -0.993094
vn -0.205094 -0.746562 -0.632875
vn 0.512187 -0.021187 -0.858594
vn -0.720062 -0.663281 -0.203781
vn -0.877094 -0.471781 -0.089781
vn -0.865844 -0.445062 -0.228375
vn 0.767563 -0.010875 -0.640844
vn 0.920469 -0.313594 0.233094
vn 0.280375 -0.442281 0.851875
vn -0.951344 -0.255906 -0.171594
vn -0.418906 0.830406 0.367281
vn -0.582906 0.701500 0.410000
vn 0.027969 -0.791656 0.610281
vn -0.581281 -0.725187 -0.369000
vn 0.101281 -0.992656 -0.065781
vn 0.881281 0.144594 -0.449875
vn -0.319875 -0.832500 -0.452281
vn 0.090187 -0.797281 -0.596781
vn -0.122188 -0.775219 -0.619719
vn -0.202281 -0.884344 -0.420656
vn -0.248094 -0.968687 0.008000
vn -0.029500 -0.891813 -0.451406
vn 0.795781 -0.600781 -0.075594
vn 0.489000 -0.790094 -0.369594
vn 0.752187 -0.657969 0.035281
vn 0.868000 0.472594 -0.152281
vn 0.197187 0.052281 -0.978938
vn 0.678906 0.733813 0.023375
vn 0.853063 0.330781 0.403469
vn -0.802906 -0.321406 -0.502000
vn -0.763469 -0.638469 -0.097094
vn -0.655594 -0.628375 -0.418687
vn -0.895500 -0.278281 -0.347281
vn 0.199188 -0.308875 -0.930000
vn 0.477281 0.014875 -0.878594
vn 0.920250 -0.335063 0.202063
vn 0.575625 0.349500 -0.739219
vn 0.377000 0.346094 -0.859094
vn -0.405469 -0.001594 0.914094
vn -0.391562 0.535875 -0.747969
vn -0.472187 0.201781 -0.858063
vn -0.305375 0.015781 -0.952062
vn 0.967469 -0.109281 -0.228094
vn 0.810500 0.136375 0.569594
vn -0.763406 -0.314000 0.564406
vn -0.846687 -0.015781 0.531781
vn 0.698062 -0.617562 -0.362281
vn 0.998187 -0.040781 0.043969
vn 0.891563 0.122781 0.435875
vn 0.048000 0.945625 0.321594
vn -0.206094 -0.944125 0.257094
vn -0.977281 -0.067781 -0.200687
vn 0.850000 0.124094 -0.511906
vn -0.589969 -0.426469 -0.685562
vn -0.808094 -0.468688 -0.356687
vn -0.913562 -0.074094 -0.399875
vn -0.575656 -0.070969 -0.814562
vn -0.818250 0.421156 0.391187
vn -0.968687 0.179375 0.171500
vn -0.748781 0.261781 0.608875
vn -0.276281 -0.840594 -0.465875
vn -0.354281 -0.819687 -0.450094
vn -0.083187 0.482781 -0.871750
vn -0.263781 -0.358781 -0.895344
vn 0.163563 -0.879531 -0.446750
vn 0.121781 -0.885375 -0.448594
vn 0.877656 -0.116969 0.464750
vn -0.079375 -0.928844 -0.361781
vn 0.254000 -0.923094 -0.288687
vn -0.494594 0.856094 0.149781
vn -0.209281 0.442813 0.871813
vn 0.345781 -0.013187 0.938187
vn -0.325406 0.190781 0.926094
vn 0.068781 0.402281 0.912906
vn 0.513406 0.803125 -0.302219
vn 0.288281 0.944188 -0.159281
vn 0.541094 0.840688 -0.020688
vn 0.082281 0.981531 -0.172594
vn -0.052781 0.919531 -0.389375
vn 0.123375 -0.596875 -0.792750
vn -0.404969 0.247875 -0.880063
vn -0.501469 -0.714594 -0.487687
vn -0.747625 -0.417906 -0.516094
vn -0.718000 -0.435187 -0.543187
vn 0.246469 -0.930594 -0.270594
vn -0.011188 -0.940344 -0.339969
vn 0.788781 -0.592500 0.163500
vn 0.300000 0.490906 0.817906
vn 0.163687 0.216781 0.962375
vn 0.086687 -0.963031 -0.255000
vn 0.936719 0.227000 0.266406
vn -0.016094 -0.644938 0.764031
vn -0.339563 -0.023469 -0.940250
vn -0.947906 -0.286687 -0.138594
vn 0.107781 0.568187 0.815781
vn 0.066188 0.512187 0.856281
vn 0.276094 0.092875 0.956625
vn -0.209781 -0.954437 -0.212062
vn -0.115188 -0.992906 0.029000
vn 0.142188 0.974656 -0.172594
vn -0.012469 -0.998438 -0.053969
vn -0.067875 -0.977000 -0.202094
vn 0.456594 -0.731938 -0.505719
vn -0.045281 0.148594 -0.987844
vn -0.262781 0.133281 -0.955594
vn -0.362469 -0.065594 -0.929656
vn 0.831688 0.264781 0.488000
vn -0.020188 -0.764156 0.644656
vn 0.006094 -0.998656 -0.050875
vn -0.096875 0.296281 -0.950156
vn -0.200000 0.979531 -0.021875
vn -0.177375 0.936781 -0.301594
vn -0.007781 0.869625 -0.493594
vn 0.934313 -0.267281 -0.235781
vn 0.097500 -0.838500 -0.536094
vn -0.050594 -0.865906 -0.497594
vn -0.248781 -0.950000 -0.188594
vn 0.283688 0.069469 0.956375
vn 0.905500 0.421594 0.048094
vn 0.467094 0.084094 0.880188
vn 0.132969 0.522187 0.842375
vn 0.064687 0.111281 0.991656
vn 0.649500 0.025875 -0.759906
vn -0.557469 0.334375 -0.759844
vn -0.565375 -0.435469 -0.700469
vn -0.543187 0.053375 -0.837875
vn -0.343000 0.689406 -0.638000
vn -0.394375 0.478375 -0.784594
vn -0.107875 -0.588063 0.801562
vn -0.798094 0.074594 0.597875
vn 0.602375 0.217281 -0.768062
vn 0.977625 -0.019875 0.209375
vn -0.249281 0.957563 -0.144594
vn -0.278906 0.903719 -0.324781
vn -0.643188 0.727094 -0.240000
vn -0.696563 0.500375 0.514156
vn -0.629656 0.439187 0.640781
vn -0.671594 -0.043781 0.739594
vn -0.307187 0.245500 0.919406
vn -0.428562 0.766750 0.477875
vn -0.279594 0.799906 0.531000
vn -0.663219 0.713313 0.226406
vn 0.145406 0.051094 -0.988031
vn 0.129000 0.151500 -0.980000
vn -0.088281 0.169875 -0.981469
vn 0.235469 -0.603375 -0.761875
vn -0.220375 0.391562 0.893344
vn -0.043187 -0.046969 -0.997938
vn -0.464969 0.172469 -0.868344
vn -0.270875 0.113875 0.955844
vn -0.188375 -0.198000 0.961906
vn 0.949375 -0.269688 -0.160969
vn -0.779750 0.352875 -0.517156
vn -0.589781 0.032875 0.806875
vn -0.865281 0.239969 0.440062
vn -0.238969 0.103594 0.965469
vn -0.180094 -0.588812 0.787906
vn -0.452906 -0.089500 0.887031
vn -0.037687 -0.094500 0.994781
vn 0.921969 0.311687 -0.229687
vn 0.747781 0.169281 0.641969
vn 0.892406 0.374281 0.252000
vn 0.560000 0.258875 0.787000
vn 0.060781 -0.807594 -0.586594
vn -0.316875 0.869062 -0.379875
vn -0.055188 0.993469 -0.099781
vn 0.330281 -0.632187 -0.700875
vn 0.044594 -0.919406 -0.390687
vn -0.915563 -0.109875 -0.386781
vn 0.107375 -0.944875 -0.309281
vn 0.051094 -0.936531 -0.346781
vn -0.078000 -0.978500 -0.190875
vn -0.301781 -0.903969 -0.302875
vn -0.205500 0.713906 0.669406
vn 0.755625 0.587625 -0.289313
vn 0.479594 0.852000 -0.209781
vn 0.654219 0.608219 0.449500
vn 0.719938 0.477875 0.503250
vn -0.361813 0.833719 0.417094
vn -0.140094 0.754375 0.641281
vn -0.302875 0.926969 -0.221188
vn 0.155875 0.968094 -0.196094
vn -0.466375 -0.770563 -0.434375
vn -0.023375 -0.955938 -0.292594
vn -0.168500 -0.859125 -0.483187
vn 0.984937 -0.012187 0.172406
vn 0.559500 0.668594 -0.489781
vn 0.433688 0.834219 -0.340500
vn -0.061781 -0.934875 -0.349469
vn -0.263469 -0.874250 -0.407687
vn -0.415281 -0.004594 0.909656
vn -0.937906 -0.196906 0.285500
vn -0.083094 -0.734875 -0.673063
vn -0.108687 -0.706875 -0.698875
vn 0.300906 0.298781 0.905625
vn -0.448094 0.623219 0.640906
vn -0.024875 0.333875 -0.942281
vn -0.016188 -0.129187 -0.991469
vn -0.299188 -0.187375 -0.935594
vn -0.504906 0.056187 -0.861313
vn 0.319281 0.001469 0.947656
vn 0.417594 0.060500 0.906594
vn -0.183500 0.587625 0.788031
vn 0.106188 0.752375 0.650094
vn 0.416281 0.472500 0.776781
vn 0.206406 0.429312 0.879219
vn 0.518500 -0.038500 -0.854187
vn -0.930250 0.052875 0.363063
vn -0.937688 0.170781 0.302594
vn -0.394906 0.290375 0.871594
vn -0.997750 0.064781 0.016469
vn -0.904500 -0.303781 0.299281
vn 0.215781 -0.178781 0.959906
vn 0.221781 -0.135781 0.965563
vn 0.848469 0.155781 0.505781
vn 0.869469 0.129875 0.476562
vn 0.925563 -0.263875 0.271375
vn 0.375594 0.164687 0.912000
vn -0.486906 0.065000 -0.871000
vn -0.111500 0.093875 -0.989313
vn -0.409687 0.824500 -0.390281
vn -0.440906 0.740219 -0.507594
vn 0.851156 -0.406375 -0.332188
vn 0.784250 -0.611562 -0.104281
vn 0.885781 -0.304281 -0.350375
vn 0.986969 0.024875 -0.158875
vn 0.956844 0.022469 -0.289656
vn -0.069094 0.322500 -0.944031
vn -0.939156 0.315188 0.136375
vn 0.275187 -0.885000 -0.375500
vn 0.223781 0.414969 0.881844
vn 0.016188 0.688062 0.725438
vn 0.109000 -0.797813 -0.592906
vn -0.066188 0.636719 0.768219
vn -0.368281 -0.881562 -0.295281
vn 0.863406 0.282406 0.418000
vn 0.716875 0.238375 0.655156
vn 0.889656 0.336969 -0.308062
vn 0.853688 -0.091281 0.512688
vn 0.987094 -0.136187 0.084188
vn -0.130594 0.736687 0.663469
vn -0.258687 0.754781 0.602781
vn -0.092688 0.328500 0.939937
vn 0.309875 0.026875 0.950375
vn 0.163781 -0.882125 -0.441594
vn -0.980219 0.029781 -0.195594
vn -0.454688 0.775781 0.437469
vn -0.432406 0.666188 0.607594
vn -0.787969 -0.052281 -0.613469
vn -0.917687 -0.210500 -0.336875
vn -0.834281 -0.516781 -0.191969
vn -0.292000 -0.400094 -0.868688
vn -0.476719 -0.533906 -0.698313
vn -0.402406 0.309281 0.861594
vn 0.092188 -0.298969 0.949781
vn -0.162594 -0.370781 -0.914344
vn -0.987500 -0.093281 -0.127000
vn -0.919469 -0.018875 0.392687
vn 0.921938 0.052594 -0.383656
vn -0.431500 0.386906 0.814906
vn -0.550281 -0.356969 0.754781
vn -0.864656 -0.161094 -0.475781
vn -0.883438 -0.067094 -0.463656
vn -0.269688 -0.273562 -0.923250
vn 0.685656 -0.325469 -0.651062
vn 0.166875 -0.717094 -0.676687
vn 0.005969 -0.744844 -0.667156
vn -0.096281 -0.836563 -0.539281
vn 0.115875 0.070375 0.990750
vn -0.133375 0.828406 0.544000
vn -0.599750 0.515875 0.611656
vn -0.948187 0.317094 -0.019094
vn -0.827625 0.412187 0.380906
vn 0.146375 0.983250 0.108281
vn 0.030500 0.995781 -0.086281
vn -0.237781 -0.905031 0.352594
vn -0.353406 -0.789312 -0.502000
vn -0.181281 -0.844156 -0.504469
vn -0.375156 -0.762156 -0.527562
vn -0.346094 -0.858125 -0.379187
vn -0.117594 -0.850156 -0.513188
vn -0.143094 -0.834344 -0.532313
vn -0.801656 -0.253688 -0.541250
vn -0.985313 -0.129500 -0.111094
vn -0.876656 -0.053469 -0.478063
vn -0.993688 -0.020094 -0.110188
vn -0.637094 0.246500 -0.730281
vn -0.273875 0.803594 -0.528375
vn 0.171687 -0.038469 0.984375
vn -0.147781 0.569000 -0.808906
vn -0.414281 0.657062 -0.629750
vn 0.104500 0.989906 -0.095594
vn -0.113688 0.751063 -0.650344
vn 0.028094 -0.924250 -0.380688
vn -0.199687 -0.742719 -0.639094
vn -0.062875 -0.928344 -0.366281
vn -0.105500 -0.936625 -0.334000
vn 0.287781 -0.955344 0.066594
vn 0.014375 -0.752531 -0.658344
vn -0.044500 -0.751594 -0.658094
vn -0.114781 0.955719 -0.270906
vn -0.952750 0.033594 -0.301875
vn -0.949000 0.117188 -0.292594
vn 0.152094 0.933094 -0.325781
vn 0.882906 -0.243188 0.401594
vn 0.969969 0.004469 0.243094
vn -0.244094 -0.046000 -0.968625
vn 0.825938 -0.125875 -0.549469
vn -0.183094 -0.420094 -0.888781
vn -0.645688 -0.277375 -0.711406
vn 0.025875 0.983719 -0.177781
vn -0.819188 0.387188 0.423094
vn -0.857625 -0.132062 0.496969
vn 0.814313 -0.135781 -0.564281
vn 0.533250 -0.017969 0.845750
vn -0.324875 -0.531000 -0.782594
vn -0.313469 -0.379875 -0.870281
vn -0.660688 -0.483687 -0.574000
vn -0.515969 -0.076187 0.853188
vn 0.990875 -0.056875 -0.121969
vn 0.936906 -0.126500 -0.325781
vn -0.477594 0.546781 -0.687688
vn -0.762000 0.298594 -0.574594
vn -0.532781 0.598781 0.597969
vn -0.962375 0.091594 -0.255781
vn -0.232375 0.624062 0.745969
vn -0.646469 0.043469 0.761656
vn -0.601687 -0.047875 0.797281
vn -0.597781 -0.113469 0.793562
vn -0.031594 -0.779625 0.625406
vn 0.036969 0.997875 0.053469
vn -0.391594 0.410812 0.823313
vn -0.848312 0.506781 0.153281
vn -0.803031 0.535563 -0.261281
vn 0.806188 0.492969 0.327094
vn 0.779719 0.326688 0.534094
vn -0.013094 0.657188 -0.753594
vn 0.577281 0.442375 0.686281
vn -0.023375 0.222188 0.974719
vn 0.012781 0.781531 -0.623719
vn -0.926281 0.351094 -0.136781
vn -0.837875 0.305281 -0.452469
vn 0.047875 0.991094 -0.124094
vn 0.426594 0.771781 -0.471500
vn -0.955375 0.072187 0.286375
vn -0.101781 -0.421969 -0.900844
vn -0.592594 -0.638594 -0.490906
vn -0.681687 -0.712406 -0.166500
vn -0.652406 -0.258094 -0.712531
vn -0.980500 -0.194094 0.030594
vn -0.907781 0.347594 0.234688
vn 0.016781 0.132500 -0.991031
vn 0.677625 0.610812 0.409500
vn -0.056281 -0.831000 0.553375
vn -0.103688 -0.851594 0.513781
vn -0.052094 0.132781 0.989750
vn 0.252187 -0.019469 0.967469
vn 0.309500 0.085781 0.947000
vn -0.065281 0.997625 0.021875
vn 0.259281 0.000875 0.965781
vn -0.075375 0.255281 0.963906
vn 0.133375 0.620812 0.772500
vn -0.472156 0.461281 0.751156
vn -0.943094 -0.120281 -0.309969
vn -0.999812 0.018500 0.004281
vn -0.444406 -0.760125 -0.474000
vn -0.855219 -0.396000 -0.334281
vn -0.376875 0.054781 -0.924625
vn -0.119000 0.987312 -0.105000
vn -0.074875 0.996844 0.025875
vn -0.907469 -0.239375 -0.345187
vn -0.379594 -0.924969 -0.017281
vn -0.804219 -0.116969 -0.582656
vn -0.959500 0.196375 -0.201781
vn -0.768344 -0.332281 -0.546969
vn 0.118281 0.389562 -0.913344
vn 0.873594 -0.057875 0.483187
vn 0.038281 0.987156 -0.155062
vn 0.043469 0.138781 -0.989344
vn 0.117188 0.144281 -0.982562
vn -0.165688 0.916875 -0.363094
vn 0.860156 0.473781 0.188781
vn 0.050375 0.798688 -0.599594
vn -0.000281 -0.289375 -0.957187
vn 0.933219 0.341000 0.113187
vn 0.941875 0.181187 -0.282875
vn 0.761781 -0.055594 -0.645406
vn 0.923500 0.191594 -0.332281
vn 0.865875 0.429781 -0.255969
vn 0.828625 0.551406 -0.096500
vn -0.380188 0.661313 -0.646594
vn -0.816281 0.068187 0.573594
vn -0.707656 0.094687 0.700156
vn -0.959437 -0.046781 0.277969
vn -0.962687 0.055781 0.264688
vn -0.695094 -0.664875 -0.273375
vn -0.408062 0.911719 0.046781
vn -0.607281 0.743688 0.279375
vn -0.431594 0.890688 0.142594
vn -0.048594 -0.993688 -0.100875
vn -0.114469 -0.939531 -0.322656
vn -0.686781 0.607375 0.399188
vn -0.947875 0.152094 0.279969
vn -0.742656 0.405562 0.532844
vn -0.969156 0.245188 -0.024469
vn 0.942875 0.315688 0.106375
vn 0.767969 0.502094 0.397594
vn 0.033875 0.252594 0.966969
vn 0.090687 -0.125875 -0.987875
vn 0.875781 0.159094 -0.455687
vn -0.285281 0.911375 0.296594
vn -0.492188 0.863688 0.108375
vn 0.202187 0.977031 -0.067094
vn 0.036500 0.976906 0.210500
vn -0.575312 0.777313 -0.254500
vn -0.324594 0.945781 0.009969
vn 0.186969 -0.041781 0.981469
vn 0.705500 0.374281 0.601781
vn 0.805188 0.545281 0.233000
vn 0.706875 0.637156 -0.307063
vn 0.998031 0.060781 -0.015000
vn -0.510312 0.623000 0.592812
vn -0.419281 0.544281 0.726562
vn -0.208687 0.975625 -0.067687
vn -0.780469 0.605469 -0.155687
vn -0.095875 -0.226469 -0.969250
vn 0.475000 0.291094 0.830406
vn 0.886750 0.459656 -0.048469
vn 0.598281 0.779781 0.184188
vn -0.191781 -0.979187 -0.066281
vn -0.227094 -0.870687 -0.436188
vn -0.469687 -0.727562 -0.499969
vn -0.682187 -0.335969 -0.649375
vn 0.972125 0.119500 0.201687
vn 0.802906 0.434000 0.408594
vn 0.820469 0.568781 -0.057469
vn -0.027281 0.742531 -0.669219
vn 0.470688 0.863094 -0.182875
vn 0.579000 0.804500 -0.132375
vn -0.067375 0.996781 0.042688
vn -0.223687 0.755469 0.615781
vn -0.412250 0.847156 0.335156
vn -0.076000 0.983437 0.164500
vn -0.300687 0.930469 0.209281
vn -0.986156 -0.028687 -0.163188
vn -0.055969 0.992531 -0.108094
vn -0.003281 0.951250 0.308375
vn -0.343094 0.908000 0.240375
vn -0.506969 0.860687 0.046375
vn -0.694156 0.686938 -0.214969
vn 0.196187 0.837406 -0.510094
vn -0.650781 0.759094 -0.015188
vn -0.072094 -0.988500 0.132687
vn -0.250375 0.754250 -0.606938
vn -0.539000 0.099281 0.836406
vn 0.076781 0.549594 0.831875
vn 0.717000 -0.550406 -0.427687
vn 0.461875 -0.446781 -0.766156
vn 0.179875 0.401688 -0.897906
vn -0.914125 -0.080187 -0.397406
vn -0.901563 -0.337687 -0.270375
vn -0.195094 -0.914531 -0.354313
vn -0.357406 -0.486000 0.797500
vn -0.126188 -0.842406 -0.523812
vn 0.107500 -0.952125 0.286094
vn -0.406875 -0.626688 -0.664594
vn -0.103094 -0.351063 0.930625
vn -0.914344 -0.327875 -0.237563
vn -0.758469 -0.531687 -0.376781
vn -0.934812 0.041500 -0.352688
vn -0.409813 -0.043375 -0.911125
vn 0.844094 0.143875 -0.516500
vn 0.963313 -0.267094 -0.025688
vn -0.435781 -0.858187 -0.271188
vn -0.398688 -0.909406 -0.118188
vn -0.763906 -0.579094 -0.284687
vn -0.913250 -0.006688 -0.407281
vn -0.201406 -0.761625 -0.615906
vn 0.850031 0.525406 0.036875
vn 0.881813 0.026781 0.470812
vn 0.390687 -0.217281 -0.894500
vn -0.877406 -0.345594 -0.332687
vn -0.228281 -0.945969 -0.230188
vn -0.936094 -0.288875 -0.200594
vn 0.013687 0.998500 0.052500
vn 0.022781 0.994969 -0.097469
vn 0.244687 0.258094 0.934594
vn 0.028094 0.904312 -0.425906
vn -0.011375 0.291094 -0.956594
vn -0.899625 -0.246594 -0.360312
vn -0.884938 -0.460063 0.071875
vn -0.868906 -0.494406 -0.023500
vn 0.290281 -0.233406 -0.928000
vn 0.208375 -0.178000 0.961688
vn -0.098281 -0.912844 -0.396250
vn -0.428500 0.244500 0.869812
vn 0.813906 0.570594 0.109094
vn -0.171594 0.534094 0.827812
vn 0.115687 0.494875 0.861188
vn 0.981875 -0.063969 -0.178375
vn -0.602813 0.773125 0.197094
vn -0.460000 0.486875 0.742500
vn -0.549187 0.256594 0.795313
vn 0.038875 0.995844 -0.082281
vn -0.148281 0.973312 -0.175000
vn 0.232781 0.909156 -0.345281
vn -0.431688 -0.766719 -0.475094
vn 0.363781 -0.929969 0.052969
vn 0.040594 -0.996469 0.073094
vn 0.679344 0.689844 0.250062
vn -0.631500 0.772375 0.067781
vn -0.215281 0.974688 0.060094
vn -0.062594 0.844656 -0.531563
vn 0.268594 0.875281 -0.402094
vn 0.304875 -0.793750 0.526250
vn 0.451562 -0.752656 0.479062
vn 0.016500 0.998781 0.046094
vn 0.147469 0.977281 -0.152187
vn -0.200781 0.449969 -0.870156
vn 0.937844 -0.074969 -0.338781
vn -0.207469 0.960750 0.183969
vn 0.066594 0.994906 -0.075281
vn 0.133969 0.990969 0.001688
vn 0.948750 0.035281 -0.314000
vn 0.455375 0.852969 -0.254969
vn -0.949500 -0.243500 0.197781
vn 0.577187 0.635000 -0.513406
vn 0.197375 0.978375 -0.061687
vn -0.461969 0.886844 -0.005469
vn -0.944938 -0.113781 -0.306812
vn -0.193687 0.816688 -0.543594
vn -0.518500 0.609875 -0.599281
vn -0.361688 -0.561094 -0.744500
vn -0.555969 -0.752375 -0.353281
vn -0.160375 0.299875 -0.940375
vn -0.027500 0.894094 0.447000
vn 0.639281 -0.051594 0.767187
vn -0.478594 0.878000 -0.001594
vn 0.172188 0.971375 -0.163469
vn 0.258406 0.913125 -0.315281
vn -0.451594 -0.858094 -0.244281
vn -0.065375 0.744406 0.664500
vn -0.993906 0.088094 0.066094
vn -0.400594 -0.006594 0.916219
vn -0.935375 0.331375 -0.123375
vn -0.993187 0.037375 -0.110094
vn -0.979250 0.201875 -0.016469
vn -0.983125 -0.132281 0.126281
vn 0.053094 -0.767281 -0.639094
vn -0.810938 0.438656 0.387156
vn -0.746344 -0.005187 0.665531
vn -0.668906 0.572812 0.473719
vn -0.698781 0.711781 0.071188
vn -0.185094 -0.603969 0.775187
vn -0.091094 -0.729469 -0.677875
vn -0.217875 -0.717094 0.662000
vn 0.073188 -0.912656 -0.402063
vn -0.269781 0.925594 -0.265375
vn -0.207906 -0.460125 -0.863156
vn -0.241781 0.006187 -0.970281
vn -0.417688 0.105969 -0.902375
vn 0.992000 0.013375 0.125500
vn 0.948313 -0.215500 0.232781
vn 0.336500 -0.907781 -0.250281
vn 0.184281 -0.252375 -0.949906
vn -0.379562 0.048594 -0.923875
vn -0.890063 0.023281 -0.455187
vn -0.880594 -0.089687 -0.465281
vn -0.075781 -0.120781 -0.989750
vn 0.250375 -0.490687 -0.834562
vn 0.149188 -0.785500 -0.600594
vn 0.286281 0.314187 0.905156
vn 0.508969 -0.031469 0.860187
vn -0.907969 -0.281563 -0.310281
vn -0.826406 -0.438094 0.353687
vn -0.943156 -0.033594 0.330563
vn -0.209875 -0.909781 -0.358094
vn 0.100687 -0.962219 -0.252906
vn 0.198969 0.392687 0.897875
vn -0.792500 -0.008594 -0.609781
vn -0.755562 0.235188 -0.611375
vn -0.353875 -0.869594 -0.344281
vn 0.259781 0.333781 0.906125
vn 0.121281 -0.953000 0.277594
vn -0.901688 -0.372687 0.219187
vn -0.770187 -0.449781 0.452188
vn -0.458594 0.823000 -0.335094
vn -0.404906 0.171000 0.898219
vn 0.072687 -0.061187 -0.995469
vn -0.132687 0.011875 -0.991063
vn 0.388687 0.045594 -0.920219
vn -0.011469 0.191281 0.981438
vn 0.432906 -0.748406 -0.502406
vn 0.069688 -0.932000 -0.355594
vn -0.995281 0.056875 0.078469
vn -0.170781 -0.600281 -0.781313
vn 0.141875 0.936844 0.319562
vn -0.591656 0.061969 0.803750
vn -0.899562 0.097969 0.425594
vn 0.037188 0.999250 -0.009187
vn 0.868250 0.199281 0.454281
vn -0.068094 -0.516281 -0.853688
vn 0.039687 0.234969 -0.971156
vn -0.065187 -0.958594 -0.277187
vn -0.069469 -0.983469 0.167094
vn -0.034187 0.766312 -0.641500
vn 0.186281 -0.250969 0.949875
vn 0.375906 -0.126188 0.918000
vn 0.947094 0.320875 -0.002500
vn 0.148281 0.929625 -0.337312
vn 0.684187 0.579094 0.443281
vn -0.101500 0.984125 -0.145500
vn -0.433188 0.797281 -0.420281
vn -0.839781 0.535375 -0.090094
vn 0.000594 0.930375 0.366562
vn 0.306281 0.937500 -0.165094
vn -0.701750 -0.007469 0.712344
vn -0.417969 -0.095188 0.903437
vn -0.827094 0.387688 -0.406875
vn -0.924500 0.343094 -0.165875
vn -0.144281 -0.936250 -0.320312
vn -0.129000 0.877312 0.462187
vn -0.061187 -0.936437 0.345375
vn -0.281469 0.534563 -0.796844
vn 0.996063 0.008969 -0.087969
vn -0.685281 0.293469 0.666469
vn -0.543063 0.703375 0.458562
vn -0.742969 0.507187 0.436687
vn 0.798187 0.146875 0.584188
vn -0.842250 -0.117094 0.526156
vn -0.144781 -0.581000 0.800906
vn -0.319469 0.332594 -0.887281
vn 0.897469 0.100281 -0.429469
vn -0.654094 0.295469 -0.696281
vn 0.333688 -0.050781 0.941281
vn -0.455469 0.661656 -0.595563
vn -0.427281 0.785062 -0.448375
vn 0.220281 -0.320469 0.921250
vn 0.514188 0.824469 -0.236281
vn 0.905250 0.424656 0.011375
vn 0.886469 0.436094 0.154781
vn -0.175875 -0.893875 0.412281
vn -0.914500 -0.246500 -0.320781
vn 0.667219 -0.575031 -0.473406
vn 0.158375 -0.982813 -0.094687
vn 0.330500 -0.934406 -0.132687
vn -0.037281 0.492687 0.869375
vn -0.800062 0.592687 -0.092594
vn 0.720750 -0.552969 0.417969
vn -0.861063 -0.039187 -0.506969
vn -0.719000 -0.392406 -0.573594
vn -0.589688 -0.688469 0.422188
vn 0.583562 0.270187 0.765781
vn -0.280094 0.365875 0.887500
vn -0.931375 0.040781 -0.361688
vn 0.963906 -0.252281 -0.084875
vn -0.472406 0.725094 -0.501000
vn -0.001281 0.027188 0.999625
vn -0.181688 -0.253500 -0.950094
vn -0.860219 -0.090594 -0.501781
vn 0.194906 0.938438 0.285188
vn 0.269781 0.635063 0.723781
vn 0.030375 0.999156 -0.027469
vn -0.189688 -0.972000 -0.138594
vn -0.613781 -0.740375 -0.273969
vn -0.174875 -0.893906 -0.412688
vn -0.160781 -0.572187 0.804187
vn -0.542594 0.144281 0.827500
vn -0.483156 0.036281 0.874750
vn 0.180969 0.971156 -0.155188
vn 0.683719 0.712625 0.157094
vn -0.272188 0.224469 0.935656
vn -0.537313 0.496812 0.681500
vn 0.253500 -0.879406 -0.402906
vn 0.264500 0.956125 -0.125875
vn 0.072469 0.551250 0.831156
vn 0.423094 -0.413687 -0.806094
vn -0.406188 0.913312 -0.029188
vn -0.155375 -0.913281 -0.376469
vn 0.105187 0.903281 0.415875
vn 0.888906 0.332500 0.315000
vn 0.164969 -0.979844 -0.112594
vn 0.988250 -0.079469 0.130375
vn 0.609312 0.708906 -0.355188
vn -0.137875 0.838000 0.527906
vn 0.899375 -0.211094 -0.382781
vn 0.844562 0.186969 -0.501688
vn -0.995344 -0.089875 -0.033875
vn -0.900406 -0.173094 -0.399094
vn -0.983375 -0.081875 -0.161969
vn -0.556500 -0.485375 0.674281
vn 0.701563 0.520281 0.486875
vn -0.345094 0.760781 0.549594
vn 0.022094 0.967438 -0.252094
vn -0.480469 -0.535281 -0.694687
vn -0.460781 -0.735156 -0.497156
vn -0.879875 -0.318188 -0.352875
vn -0.966094 -0.252187 -0.054875
vn 0.321875 0.925062 0.201469
vn 0.087469 0.783188 0.615562
vn -0.544781 -0.833875 -0.088469
vn 0.179688 -0.892875 -0.412875
vn -0.414781 -0.844156 -0.339563
vn 0.411781 0.543187 0.731687
vn -0.136562 -0.876250 -0.462063
vn -0.484562 0.547156 0.682469
vn -0.675594 0.596313 0.433500
vn -0.612250 0.590750 0.525469
vn -0.831125 0.406500 0.379406
vn -0.935219 -0.206781 -0.287313
vn -0.579281 -0.611969 -0.538375
vn -0.102875 -0.084000 -0.991125
vn -0.355594 -0.907313 -0.224187
vn -0.131594 -0.532687 -0.836000
vn -0.952906 0.279188 0.118281
vn -0.868250 -0.327188 -0.372875
vn -0.161875 -0.515781 0.841250
vn -0.904500 -0.268375 -0.331375
vn 0.963344 -0.159187 0.215781
vn -0.952375 0.216594 -0.214594
vn 0.905688 -0.383094 0.181375
vn -0.742125 0.587094 0.323312
vn 0.852125 0.078375 0.517406
vn -0.263687 -0.440000 0.858375
vn 0.669000 0.112375 -0.734688
vn -0.121969 -0.920531 -0.371062
vn 0.862344 -0.451063 0.229969
vn 0.741406 -0.540688 -0.397406
vn 0.144469 -0.007281 -0.989469
vn -0.554906 -0.595406 0.581000
vn -0.193781 0.893750 -0.404469
vn 0.419906 0.681781 0.599000
vn -0.972687 -0.185781 -0.139000
# 2399 normals

vt 0.401847 0.368053 0.000000
vt 0.385761 0.370977 0.000000
vt 0.387879 0.378191 0.000000
vt -0.001675 1.001675 0.000000
vt 0.412341 0.421423 0.000000
vt 0.389965 0.420831 0.000000
vt 0.391848 0.430125 0.000000
vt 0.410308 0.442308 0.000000
vt 0.418701 0.419397 0.000000
vt 0.442349 0.474776 0.000000
vt 0.443336 0.451762 0.000000
vt 0.428821 0.465908 0.000000
vt 0.403403 0.470020 0.000000
vt 0.406519 0.468165 0.000000
vt 0.409287 0.465178 0.000000
vt 0.413280 0.475848 0.000000
vt 0.396734 0.474191 0.000000
vt 0.398016 0.470385 0.000000
vt 0.392784 0.469174 0.000000
vt 0.389549 0.462684 0.000000
vt 0.370203 0.449820 0.000000
vt 0.371748 0.456525 0.000000
vt 0.395559 0.460130 0.000000
vt 0.404380 0.461125 0.000000
vt 0.393355 0.444064 0.000000
vt 0.724977 0.057682 0.000000
vt 0.721747 0.053422 0.000000
vt 0.714638 0.052736 0.000000
vt 0.033996 0.225795 0.000000
vt 0.409884 0.475444 0.000000
vt 0.292458 0.402261 0.000000
vt 0.274674 0.414616 0.000000
vt 0.303968 0.414274 0.000000
vt 0.479395 0.435726 0.000000
vt 0.464578 0.431018 0.000000
vt 0.464276 0.447182 0.000000
vt 0.758476 0.057297 0.000000
vt 0.754756 0.082866 0.000000
vt 0.756561 0.098685 0.000000
vt 0.197311 0.229176 0.000000
vt 0.293927 0.441828 0.000000
vt 0.289657 0.443343 0.000000
vt 0.293663 0.446279 0.000000
vt 0.298324 0.449349 0.000000
vt 0.299204 0.456388 0.000000
vt 0.506011 0.421332 0.000000
vt 0.500885 0.378016 0.000000
vt 0.468221 0.408497 0.000000
vt 0.766904 0.288167 0.000000
vt 0.794317 0.260993 0.000000
vt 0.766725 0.270995 0.000000
vt 0.636043 0.356156 0.000000
vt 0.615033 0.342551 0.000000
vt 0.604315 0.357667 0.000000
vt 0.452810 0.500260 0.000000
vt 0.469127 0.513921 0.000000
vt 0.466957 0.494952 0.000000
vt 0.383531 0.518719 0.000000
vt 0.375119 0.498741 0.000000
vt 0.370398 0.516077 0.000000
vt 0.502228 0.461369 0.000000
vt 0.497782 0.434503 0.000000
vt 0.486762 0.454632 0.000000
vt 0.487114 0.472423 0.000000
vt 0.484634 0.499846 0.000000
vt 0.487533 0.496200 0.000000
vt 0.484874 0.486402 0.000000
vt 0.494081 0.492196 0.000000
vt 0.487347 0.502044 0.000000
vt 0.489917 0.497256 0.000000
vt 0.531181 0.404704 0.000000
vt 0.547077 0.415692 0.000000
vt 0.532031 0.393266 0.000000
vt 0.303853 0.508651 0.000000
vt 0.311617 0.527862 0.000000
vt 0.311166 0.515613 0.000000
vt 0.519149 0.483071 0.000000
vt 0.497387 0.489913 0.000000
vt 0.504265 0.507575 0.000000
vt 0.207685 0.368422 0.000000
vt 0.196141 0.367498 0.000000
vt 0.204859 0.386870 0.000000
vt 0.606066 0.444637 0.000000
vt 0.600682 0.423923 0.000000
vt 0.579910 0.441161 0.000000
vt 0.467315 0.538452 0.000000
vt 0.488565 0.553754 0.000000
vt 0.268588 0.514292 0.000000
vt 0.271314 0.526276 0.000000
vt 0.276502 0.519598 0.000000
vt 0.469488 0.566501 0.000000
vt 0.461739 0.545211 0.000000
vt 0.452314 0.542766 0.000000
vt 0.485437 0.055413 0.000000
vt 0.481412 0.061889 0.000000
vt 0.485604 0.056380 0.000000
vt 0.343940 0.062954 0.000000
vt 0.485524 0.055588 0.000000
vt 0.485666 0.055779 0.000000
vt 0.842434 0.143884 0.000000
vt 0.841281 0.143606 0.000000
vt 0.840084 0.144849 0.000000
vt 0.799268 0.186156 0.000000
vt 0.484477 0.053038 0.000000
vt 0.842434 0.143841 0.000000
vt 0.843727 0.143841 0.000000
vt 0.842715 0.143606 0.000000
vt 0.709678 0.214080 0.000000
vt 0.641086 0.106419 0.000000
vt 0.640549 0.107595 0.000000
vt 0.640492 0.108151 0.000000
vt 0.347289 0.545561 0.000000
vt 0.487583 0.056578 0.000000
vt 0.508180 0.531284 0.000000
vt 0.524744 0.510722 0.000000
vt 0.566621 0.458590 0.000000
vt 0.556728 0.475628 0.000000
vt 0.564620 0.510341 0.000000
vt 0.589544 0.490396 0.000000
vt 0.603286 0.466041 0.000000
vt 0.278446 0.541842 0.000000
vt 0.278167 0.582200 0.000000
vt 0.286242 0.560104 0.000000
vt 0.469390 0.045502 0.000000
vt 0.459800 0.061144 0.000000
vt 0.468251 0.068318 0.000000
vt -0.298800 0.171990 0.000000
vt 0.243983 0.510642 0.000000
vt 0.224328 0.532811 0.000000
vt 0.247504 0.537555 0.000000
vt 0.749386 0.435258 0.000000
vt 0.758317 0.452604 0.000000
vt 0.758476 0.428264 0.000000
vt 0.549508 0.519553 0.000000
vt 0.533030 0.564892 0.000000
vt 0.569259 0.552019 0.000000
vt 0.233487 0.541126 0.000000
vt 0.227425 0.544109 0.000000
vt 0.199928 0.515114 0.000000
vt 0.199453 0.528620 0.000000
vt 0.210331 0.536651 0.000000
vt 0.238123 0.564041 0.000000
vt 0.220067 0.567418 0.000000
vt 0.223871 0.571885 0.000000
vt 0.185933 0.522922 0.000000
vt 0.193038 0.547282 0.000000
vt 0.546180 0.575800 0.000000
vt 0.566885 0.595178 0.000000
vt 0.573206 0.551207 0.000000
vt 0.690323 0.140782 0.000000
vt 0.679042 0.145193 0.000000
vt 0.691376 0.144019 0.000000
vt 0.578290 0.277121 0.000000
vt 0.511566 0.042886 0.000000
vt 0.510621 0.033925 0.000000
vt 0.507028 0.030690 0.000000
vt -0.139366 0.096918 0.000000
vt 0.701696 0.143220 0.000000
vt 0.704182 0.145193 0.000000
vt 0.691347 0.145193 0.000000
vt 0.154309 0.478598 0.000000
vt 0.131800 0.478080 0.000000
vt 0.154458 0.484249 0.000000
vt 0.180405 0.564212 0.000000
vt 0.208646 0.557451 0.000000
vt 0.268142 0.648021 0.000000
vt 0.264547 0.668487 0.000000
vt 0.280093 0.658625 0.000000
vt 0.076839 0.353934 0.000000
vt 0.069698 0.380239 0.000000
vt 0.095560 0.356789 0.000000
vt 0.221918 0.600002 0.000000
vt 0.208331 0.615176 0.000000
vt 0.219611 0.614256 0.000000
vt 0.192441 0.607280 0.000000
vt 0.202535 0.622289 0.000000
vt 0.198127 0.640132 0.000000
vt 0.198031 0.623720 0.000000
vt 0.185378 0.616203 0.000000
vt 0.521355 0.667198 0.000000
vt 0.517638 0.680007 0.000000
vt 0.530751 0.679739 0.000000
vt 0.097381 0.534863 0.000000
vt 0.116657 0.539250 0.000000
vt 0.109157 0.523253 0.000000
vt 0.422752 0.817989 0.000000
vt 0.378035 0.843393 0.000000
vt 0.406977 0.872394 0.000000
vt 0.093745 0.503625 0.000000
vt 0.078808 0.526471 0.000000
vt 0.092471 0.525286 0.000000
vt 0.156872 0.620569 0.000000
vt 0.150270 0.617445 0.000000
vt 0.143469 0.630838 0.000000
vt 0.824035 0.597760 0.000000
vt 0.835851 0.589051 0.000000
vt 0.826958 0.573633 0.000000
vt 0.975413 0.649686 0.000000
vt 0.975304 0.629024 0.000000
vt 0.961126 0.622180 0.000000
vt 0.642667 0.676947 0.000000
vt 0.611416 0.671266 0.000000
vt 0.619604 0.703885 0.000000
vt 0.098124 0.566625 0.000000
vt 0.077038 0.571765 0.000000
vt 0.082087 0.585968 0.000000
vt 0.755847 0.628142 0.000000
vt 0.727614 0.646743 0.000000
vt 0.744017 0.656519 0.000000
vt 0.078722 0.601852 0.000000
vt 0.059942 0.591932 0.000000
vt 0.525136 0.110754 0.000000
vt 0.514203 0.142192 0.000000
vt 0.545766 0.113925 0.000000
vt -0.042375 0.217587 0.000000
vt 0.570558 0.139051 0.000000
vt 0.576044 0.145020 0.000000
vt 0.572370 0.134555 0.000000
vt 0.559051 0.641296 0.000000
vt 0.436048 0.065331 0.000000
vt 0.433881 0.061989 0.000000
vt 0.428343 0.065112 0.000000
vt 0.314885 0.549905 0.000000
vt 0.752206 0.071608 0.000000
vt 0.752172 0.085616 0.000000
vt 0.599936 0.741626 0.000000
vt 0.579009 0.759095 0.000000
vt 0.599371 0.753494 0.000000
vt 0.596141 0.764521 0.000000
vt 0.603964 0.746606 0.000000
vt 0.566274 0.131705 0.000000
vt 0.568669 0.137701 0.000000
vt 0.444955 0.065331 0.000000
vt 0.429017 0.065331 0.000000
vt 0.428812 0.074507 0.000000
vt 0.394999 0.633349 0.000000
vt 0.373704 0.952291 0.000000
vt 0.368633 0.944161 0.000000
vt 0.347836 0.938525 0.000000
vt 0.436876 0.040850 0.000000
vt 0.440981 0.053403 0.000000
vt 0.448462 0.061419 0.000000
vt -0.305484 0.071604 0.000000
vt 0.063598 0.617908 0.000000
vt 0.072518 0.637872 0.000000
vt 0.080053 0.642296 0.000000
vt 0.800349 0.067725 0.000000
vt 0.799597 0.058773 0.000000
vt 0.793454 0.058773 0.000000
vt -0.004384 0.187133 0.000000
vt 0.560519 0.078143 0.000000
vt 0.592614 0.070351 0.000000
vt 0.595371 0.063828 0.000000
vt 0.126916 0.038711 0.000000
vt 0.124253 0.032230 0.000000
vt 0.117480 0.044788 0.000000
vt -0.093955 0.056644 0.000000
vt 0.126916 0.050447 0.000000
vt 0.776944 0.058773 0.000000
vt 0.759665 0.066731 0.000000
vt 0.776635 0.065647 0.000000
vt 0.645978 0.102493 0.000000
vt 0.653559 0.098699 0.000000
vt 0.646188 0.074252 0.000000
vt 0.631515 0.230051 0.000000
vt 0.793037 0.065383 0.000000
vt 0.126916 0.055737 0.000000
vt 0.151519 0.055737 0.000000
vt 0.131640 0.048789 0.000000
vt 0.125520 0.158201 0.000000
vt 0.772677 0.074847 0.000000
vt 0.783263 0.058773 0.000000
vt 0.782770 0.062788 0.000000
vt 0.788234 0.063959 0.000000
vt 0.853242 0.049904 0.000000
vt 0.850437 0.046907 0.000000
vt 0.845025 0.049904 0.000000
vt 0.457156 0.726836 0.000000
vt 0.853879 0.045833 0.000000
vt 0.026644 0.603395 0.000000
vt 0.046547 0.635893 0.000000
vt 0.046580 0.619446 0.000000
vt 0.738415 0.113863 0.000000
vt 0.712967 0.128576 0.000000
vt 0.754496 0.133537 0.000000
vt -0.080207 0.197783 0.000000
vt 0.290887 0.061563 0.000000
vt 0.285087 0.063982 0.000000
vt 0.285665 0.066738 0.000000
vt -0.879042 0.302323 0.000000
vt 0.786163 0.068232 0.000000
vt 0.730102 0.098685 0.000000
vt 0.729464 0.101773 0.000000
vt 0.732552 0.102412 0.000000
vt 0.694494 0.144590 0.000000
vt 0.796926 0.069196 0.000000
vt 0.820290 0.048285 0.000000
vt 0.814283 0.048285 0.000000
vt 0.816457 0.054873 0.000000
vt 0.724041 0.766054 0.000000
vt 0.284578 0.070750 0.000000
vt 0.894271 0.097463 0.000000
vt 0.875623 0.113149 0.000000
vt 0.895384 0.117526 0.000000
vt 0.765118 0.146009 0.000000
vt 0.785074 0.085909 0.000000
vt 0.843023 0.755813 0.000000
vt 0.892031 0.778281 0.000000
vt 0.894543 0.749300 0.000000
vt 0.177933 0.093620 0.000000
vt 0.143473 0.127698 0.000000
vt 0.187876 0.134300 0.000000
vt -0.222964 0.146615 0.000000
vt 0.878932 0.716622 0.000000
vt 0.848248 0.717940 0.000000
vt 0.803502 0.689632 0.000000
vt 0.790824 0.738191 0.000000
vt 0.802409 0.708333 0.000000
vt 0.814874 0.698574 0.000000
vt 0.228466 0.561436 0.000000
vt 0.224043 0.552979 0.000000
vt 0.218184 0.562032 0.000000
vt 0.792509 0.482934 0.000000
vt 0.817339 0.483563 0.000000
vt 0.814436 0.469951 0.000000
vt 0.594295 0.624219 0.000000
vt 0.598441 0.641273 0.000000
vt 0.604742 0.637647 0.000000
vt 0.905903 0.436412 0.000000
vt 0.896330 0.481410 0.000000
vt 0.923767 0.459190 0.000000
vt 0.200157 0.154951 0.000000
vt 0.177675 0.166310 0.000000
vt 0.186952 0.185678 0.000000
vt 0.170637 0.248484 0.000000
vt 0.168911 0.269253 0.000000
vt 0.175795 0.255617 0.000000
vt 0.232817 0.327121 0.000000
vt 0.200902 0.338469 0.000000
vt 0.234264 0.355942 0.000000
vt 0.354200 0.112426 0.000000
vt 0.321996 0.105200 0.000000
vt 0.342396 0.119902 0.000000
vt -0.345910 0.146655 0.000000
vt 0.314267 0.142799 0.000000
vt 0.314836 0.113528 0.000000
vt 0.293402 0.138864 0.000000
vt 0.354805 0.267372 0.000000
vt 0.383398 0.261287 0.000000
vt 0.380694 0.243539 0.000000
vt 0.711326 0.296179 0.000000
vt 0.698991 0.277144 0.000000
vt 0.668682 0.280034 0.000000
vt 0.666462 0.398127 0.000000
vt 0.695210 0.350626 0.000000
vt 0.666207 0.324439 0.000000
vt 0.896116 0.606099 0.000000
vt 0.877582 0.588310 0.000000
vt 0.869183 0.638271 0.000000
vt 0.872026 0.503873 0.000000
vt 0.869463 0.474081 0.000000
vt 0.291306 0.885828 0.000000
vt 0.301574 0.857441 0.000000
vt 0.280782 0.842993 0.000000
vt 0.378949 0.875557 0.000000
vt 0.365197 0.863526 0.000000
vt 0.885186 0.450379 0.000000
vt 0.305487 0.918833 0.000000
vt 0.306973 0.867723 0.000000
vt 0.234853 0.083900 0.000000
vt 0.206936 0.093277 0.000000
vt 0.232886 0.098524 0.000000
vt 0.498335 0.530914 0.000000
vt 0.495188 0.545668 0.000000
vt 0.507341 0.542271 0.000000
vt 0.502179 0.676883 0.000000
vt 0.504761 0.669519 0.000000
vt 0.500592 0.658963 0.000000
vt 0.677476 0.432825 0.000000
vt 0.690899 0.424316 0.000000
vt 0.682262 0.414331 0.000000
vt 0.651894 0.470266 0.000000
vt 0.650868 0.484494 0.000000
vt 0.657006 0.486933 0.000000
vt 0.301136 0.618541 0.000000
vt 0.315086 0.607287 0.000000
vt 0.302693 0.584821 0.000000
vt 0.372446 0.560272 0.000000
vt 0.395005 0.557643 0.000000
vt 0.385530 0.550377 0.000000
vt 0.741504 0.570229 0.000000
vt 0.739115 0.593307 0.000000
vt 0.752716 0.612252 0.000000
vt 0.717877 0.480364 0.000000
vt 0.741563 0.490915 0.000000
vt 0.725953 0.468282 0.000000
vt 0.065399 0.457495 0.000000
vt 0.078567 0.477056 0.000000
vt 0.084411 0.454334 0.000000
vt 0.787635 0.586884 0.000000
vt 0.780850 0.628627 0.000000
vt 0.794566 0.613114 0.000000
vt 0.808841 0.685157 0.000000
vt 0.832268 0.698506 0.000000
vt 0.831986 0.658159 0.000000
vt 0.192908 0.713221 0.000000
vt 0.176306 0.700949 0.000000
vt 0.187125 0.723027 0.000000
vt 0.205916 0.460966 0.000000
vt 0.191374 0.428983 0.000000
vt 0.190233 0.474791 0.000000
vt 0.190632 0.399907 0.000000
vt 0.196878 0.411006 0.000000
vt 0.689971 0.408320 0.000000
vt 0.697808 0.420670 0.000000
vt 0.703495 0.414631 0.000000
vt 0.708966 0.336013 0.000000
vt 0.693517 0.395702 0.000000
vt 0.705052 0.395150 0.000000
vt 0.309997 0.952998 0.000000
vt 0.293414 0.916415 0.000000
vt 0.292796 0.942451 0.000000
vt 0.897536 0.107184 0.000000
vt 0.912888 0.135698 0.000000
vt 0.915337 0.070283 0.000000
vt 0.299836 0.223836 0.000000
vt 0.186289 0.422406 0.000000
vt 0.183352 0.390847 0.000000
vt 0.180108 0.414304 0.000000
vt 0.716094 0.274418 0.000000
vt 0.725731 0.276474 0.000000
vt 0.727153 0.331829 0.000000
vt 0.729534 0.291832 0.000000
vt 0.711453 0.312378 0.000000
vt 0.197830 0.832051 0.000000
vt 0.204723 0.801244 0.000000
vt 0.191881 0.814301 0.000000
vt 0.248197 0.797542 0.000000
vt 0.234752 0.795903 0.000000
vt 0.253911 0.819388 0.000000
vt 0.505291 0.684434 0.000000
vt 0.483188 0.690764 0.000000
vt 0.497343 0.727201 0.000000
vt 0.567875 0.752255 0.000000
vt 0.560810 0.768433 0.000000
vt 0.571648 0.787757 0.000000
vt 0.935914 0.647418 0.000000
vt 0.923654 0.635808 0.000000
vt 0.914514 0.648100 0.000000
vt 0.971773 0.577451 0.000000
vt 0.984164 0.566484 0.000000
vt 0.972678 0.554798 0.000000
vt 0.322287 0.603868 0.000000
vt 0.346539 0.571232 0.000000
vt 0.333266 0.560674 0.000000
vt 0.390532 0.586250 0.000000
vt 0.358224 0.567022 0.000000
vt 0.357935 0.591337 0.000000
vt 0.280750 0.115838 0.000000
vt 0.271561 0.112670 0.000000
vt 0.274581 0.126546 0.000000
vt 0.150914 0.145193 0.000000
vt 0.187238 0.145193 0.000000
vt 0.245557 0.477999 0.000000
vt 0.231227 0.458105 0.000000
vt 0.239215 0.485755 0.000000
vt 0.245136 0.409256 0.000000
vt 0.261370 0.386519 0.000000
vt 0.264533 0.361331 0.000000
vt 0.357295 0.914804 0.000000
vt 0.352622 0.932078 0.000000
vt 0.391016 0.905752 0.000000
vt 0.329485 0.916741 0.000000
vt 0.324164 0.955053 0.000000
vt 0.337400 0.946826 0.000000
vt 0.769477 0.660176 0.000000
vt 0.782066 0.660109 0.000000
vt 0.356075 0.664145 0.000000
vt 0.406862 0.698867 0.000000
vt 0.403011 0.659085 0.000000
vt 0.165993 0.455787 0.000000
vt 0.163234 0.488420 0.000000
vt 0.176100 0.488794 0.000000
vt 0.632904 0.108624 0.000000
vt 0.659405 0.131986 0.000000
vt 0.670485 0.112640 0.000000
vt 0.137428 0.354540 0.000000
vt 0.162271 0.381122 0.000000
vt 0.160228 0.374339 0.000000
vt 0.645656 0.392477 0.000000
vt 0.657564 0.343730 0.000000
vt 0.639606 0.346419 0.000000
vt 0.135186 0.273640 0.000000
vt 0.146474 0.296400 0.000000
vt 0.150399 0.285308 0.000000
vt 0.308198 0.640534 0.000000
vt 0.316951 0.626426 0.000000
vt 0.365337 0.658023 0.000000
vt 0.358109 0.641643 0.000000
vt 0.344394 0.643503 0.000000
vt 0.732928 0.598428 0.000000
vt 0.735423 0.560710 0.000000
vt 0.988935 0.612097 0.000000
vt 0.989711 0.592762 0.000000
vt 0.969274 0.607985 0.000000
vt 0.087433 0.445307 0.000000
vt 0.078463 0.428217 0.000000
vt 0.072493 0.439857 0.000000
vt 0.536176 0.066516 0.000000
vt 0.550095 0.064637 0.000000
vt 0.550095 0.046649 0.000000
vt 0.078016 0.182796 0.000000
vt 0.951090 0.603916 0.000000
vt 0.952695 0.619653 0.000000
vt 0.964847 0.603442 0.000000
vt 0.294709 0.359905 0.000000
vt 0.297442 0.377690 0.000000
vt 0.308946 0.358986 0.000000
vt 0.341298 0.308744 0.000000
vt 0.364136 0.302097 0.000000
vt 0.928899 0.527803 0.000000
vt 0.952103 0.535256 0.000000
vt 0.959516 0.508960 0.000000
vt 0.301544 0.652653 0.000000
vt 0.289721 0.639504 0.000000
vt 0.293803 0.648041 0.000000
vt 0.300836 0.677660 0.000000
vt 0.314953 0.674415 0.000000
vt 0.303821 0.662629 0.000000
vt 0.200888 0.585447 0.000000
vt 0.190997 0.583521 0.000000
vt 0.170558 0.583984 0.000000
vt 0.172975 0.615414 0.000000
vt 0.182707 0.588975 0.000000
vt 0.177388 0.630087 0.000000
vt 0.713411 0.338813 0.000000
vt 0.720406 0.375459 0.000000
vt 0.721233 0.365301 0.000000
vt 0.735418 0.445040 0.000000
vt 0.750801 0.459226 0.000000
vt 0.325399 0.281755 0.000000
vt 0.335020 0.257216 0.000000
vt 0.068189 0.090443 0.000000
vt 0.067208 0.122805 0.000000
vt 0.080262 0.101029 0.000000
vt -0.403836 0.787971 0.000000
vt 0.786990 0.701009 0.000000
vt 0.780395 0.729290 0.000000
vt 0.788413 0.733920 0.000000
vt 0.285486 0.813073 0.000000
vt 0.263199 0.786879 0.000000
vt 0.268105 0.808754 0.000000
vt 0.341301 0.517402 0.000000
vt 0.320244 0.511067 0.000000
vt 0.327906 0.535008 0.000000
vt 0.343593 0.547136 0.000000
vt 0.584624 0.361568 0.000000
vt 0.609051 0.332518 0.000000
vt 0.583817 0.331700 0.000000
vt 0.384201 0.348910 0.000000
vt 0.738947 0.384987 0.000000
vt 0.755786 0.413080 0.000000
vt 0.773398 0.374241 0.000000
vt 0.781666 0.483002 0.000000
vt 0.795741 0.461663 0.000000
vt 0.796616 0.363971 0.000000
vt 0.815181 0.371548 0.000000
vt 0.822280 0.349443 0.000000
vt 0.272026 0.075531 0.000000
vt 0.284578 0.074115 0.000000
vt 0.283163 0.061563 0.000000
vt 0.193518 0.091523 0.000000
vt 0.616911 0.092255 0.000000
vt 0.609815 0.105239 0.000000
vt 0.616081 0.124839 0.000000
vt -0.197468 0.325208 0.000000
vt 0.885719 0.547031 0.000000
vt 0.871274 0.548825 0.000000
vt 0.870609 0.558316 0.000000
vt 0.846165 0.557485 0.000000
vt 0.255067 0.546202 0.000000
vt 0.254693 0.532285 0.000000
vt 0.245069 0.550008 0.000000
vt 0.236225 0.581509 0.000000
vt 0.250305 0.570045 0.000000
vt 0.476483 0.505268 0.000000
vt 0.495619 0.513046 0.000000
vt 0.495098 0.503538 0.000000
vt 0.346589 0.432599 0.000000
vt 0.330363 0.416482 0.000000
vt 0.328829 0.433432 0.000000
vt 0.327643 0.438214 0.000000
vt 0.338257 0.453480 0.000000
vt 0.252268 0.615728 0.000000
vt 0.250590 0.586504 0.000000
vt 0.239722 0.602308 0.000000
vt 0.221569 0.648298 0.000000
vt 0.532229 0.106713 0.000000
vt 0.543820 0.105353 0.000000
vt 0.082517 0.509573 0.000000
vt 0.062353 0.464631 0.000000
vt 0.062169 0.516083 0.000000
vt 0.138954 0.102526 0.000000
vt 0.131748 0.124894 0.000000
vt 0.143118 0.076059 0.000000
vt 0.150401 0.345637 0.000000
vt 0.150571 0.317680 0.000000
vt 0.134110 0.338654 0.000000
vt 0.163215 0.316148 0.000000
vt 0.166266 0.355783 0.000000
vt 0.169304 0.317664 0.000000
vt 0.544715 0.641886 0.000000
vt 0.528016 0.624785 0.000000
vt 0.541259 0.659188 0.000000
vt 0.253262 0.639925 0.000000
vt 0.256417 0.662254 0.000000
vt 0.605864 0.715319 0.000000
vt 0.633004 0.735240 0.000000
vt 0.798182 0.505320 0.000000
vt 0.795484 0.530122 0.000000
vt 0.819907 0.529016 0.000000
vt 0.324766 0.091466 0.000000
vt 0.339108 0.092284 0.000000
vt 0.327696 0.071816 0.000000
vt 0.292170 0.261380 0.000000
vt 0.298500 0.206151 0.000000
vt 0.280462 0.246521 0.000000
vt 0.813870 0.645360 0.000000
vt 0.805327 0.630017 0.000000
vt 0.220513 0.807856 0.000000
vt 0.226701 0.799169 0.000000
vt 0.211994 0.790160 0.000000
vt 0.467411 0.487576 0.000000
vt 0.446178 0.479797 0.000000
vt 0.660982 0.408392 0.000000
vt 0.638291 0.418911 0.000000
vt 0.667586 0.421757 0.000000
vt 0.421213 0.065112 0.000000
vt 0.421213 0.058887 0.000000
vt 0.443669 0.079376 0.000000
vt 0.600544 0.130061 0.000000
vt 0.565708 0.087116 0.000000
vt 0.890236 0.579572 0.000000
vt 0.913098 0.571497 0.000000
vt 0.887297 0.563319 0.000000
vt 0.924078 0.504311 0.000000
vt 0.934453 0.496174 0.000000
vt 0.495780 0.612496 0.000000
vt 0.487322 0.625855 0.000000
vt 0.499451 0.613043 0.000000
vt 0.325096 0.456603 0.000000
vt 0.321580 0.436538 0.000000
vt 0.309248 0.438932 0.000000
vt 0.310827 0.418801 0.000000
vt 0.307688 0.434960 0.000000
vt 0.445286 0.490365 0.000000
vt 0.434921 0.502193 0.000000
vt 0.428376 0.482145 0.000000
vt 0.411926 0.512680 0.000000
vt 0.255130 0.410352 0.000000
vt 0.258670 0.425760 0.000000
vt 0.277552 0.442211 0.000000
vt 0.270983 0.412979 0.000000
vt 0.277873 0.425889 0.000000
vt 0.556359 0.628433 0.000000
vt 0.553693 0.654345 0.000000
vt 0.573299 0.642915 0.000000
vt 0.568905 0.608279 0.000000
vt 0.467609 0.401775 0.000000
vt 0.466204 0.379066 0.000000
vt 0.448722 0.384165 0.000000
vt 0.256456 0.877837 0.000000
vt 0.217252 0.831576 0.000000
vt 0.227982 0.874424 0.000000
vt 0.211071 0.799841 0.000000
vt 0.207199 0.833670 0.000000
vt 0.222734 0.811028 0.000000
vt 0.162106 0.034090 0.000000
vt 0.167806 0.050219 0.000000
vt 0.173421 0.028478 0.000000
vt 0.071140 0.149131 0.000000
vt 0.894989 0.133603 0.000000
vt 0.882032 0.138325 0.000000
vt 0.891649 0.144455 0.000000
vt 0.422236 0.139377 0.000000
vt 0.409527 0.133289 0.000000
vt 0.410451 0.142381 0.000000
vt 0.395059 0.334257 0.000000
vt 0.396371 0.102648 0.000000
vt 0.401256 0.101622 0.000000
vt 0.397927 0.084916 0.000000
vt 0.785243 0.288645 0.000000
vt 0.807825 0.073943 0.000000
vt 0.820425 0.073943 0.000000
vt 0.820425 0.056469 0.000000
vt 0.461846 0.280250 0.000000
vt 0.617522 0.641522 0.000000
vt 0.634144 0.652263 0.000000
vt 0.625987 0.629806 0.000000
vt 0.741779 0.617398 0.000000
vt 0.090811 0.540818 0.000000
vt 0.078551 0.552477 0.000000
vt 0.070710 0.517659 0.000000
vt 0.071469 0.541675 0.000000
vt 0.611902 0.087811 0.000000
vt 0.196201 0.420879 0.000000
vt 0.870068 0.685743 0.000000
vt 0.851010 0.709173 0.000000
vt 0.880780 0.713347 0.000000
vt 0.434715 0.479736 0.000000
vt 0.443471 0.481377 0.000000
vt 0.438183 0.490031 0.000000
vt 0.796151 0.256388 0.000000
vt 0.772488 0.251340 0.000000
vt 0.395383 0.198084 0.000000
vt 0.356828 0.225572 0.000000
vt 0.368884 0.223145 0.000000
vt 0.619650 0.443964 0.000000
vt 0.611597 0.477785 0.000000
vt 0.636538 0.446779 0.000000
vt 0.632011 0.434843 0.000000
vt 0.635884 0.438987 0.000000
vt 0.355726 0.858609 0.000000
vt 0.346742 0.852819 0.000000
vt 0.365915 0.878023 0.000000
vt 0.326354 0.845717 0.000000
vt 0.340430 0.835928 0.000000
vt 0.317149 0.813005 0.000000
vt 0.201082 0.682629 0.000000
vt 0.187132 0.684555 0.000000
vt 0.226360 0.669732 0.000000
vt 0.237648 0.661318 0.000000
vt 0.199465 0.282902 0.000000
vt 0.197123 0.306824 0.000000
vt 0.214464 0.298955 0.000000
vt 0.381364 0.465570 0.000000
vt 0.385218 0.485906 0.000000
vt 0.370092 0.480297 0.000000
vt 0.256067 0.516185 0.000000
vt 0.279990 0.442525 0.000000
vt 0.288995 0.461359 0.000000
vt 0.497336 0.475668 0.000000
vt 0.771231 0.627875 0.000000
vt 0.752541 0.620560 0.000000
vt 0.416244 0.539898 0.000000
vt 0.424702 0.529256 0.000000
vt 0.413526 0.530522 0.000000
vt 0.464893 0.584634 0.000000
vt 0.448371 0.569233 0.000000
vt 0.535993 0.468000 0.000000
vt 0.522066 0.471949 0.000000
vt 0.527675 0.478263 0.000000
vt 0.504848 0.444910 0.000000
vt 0.526809 0.442689 0.000000
vt 0.514955 0.428183 0.000000
vt 0.352087 0.899479 0.000000
vt 0.340583 0.877254 0.000000
vt 0.337929 0.903246 0.000000
vt 0.369190 0.898847 0.000000
vt 0.487944 0.650930 0.000000
vt 0.486657 0.674611 0.000000
vt 0.372375 0.622817 0.000000
vt 0.357444 0.630840 0.000000
vt 0.808317 0.353374 0.000000
vt 0.811599 0.342870 0.000000
vt 0.366516 0.093011 0.000000
vt 0.382362 0.100474 0.000000
vt 0.381406 0.087611 0.000000
vt 0.712660 0.419114 0.000000
vt 0.703226 0.430815 0.000000
vt 0.711514 0.429775 0.000000
vt 0.723557 0.408439 0.000000
vt 0.727086 0.419981 0.000000
vt 0.736045 0.403991 0.000000
vt 0.534496 0.520898 0.000000
vt 0.511802 0.542486 0.000000
vt 0.094544 0.412351 0.000000
vt 0.080957 0.412695 0.000000
vt 0.097278 0.436303 0.000000
vt 0.107894 0.383997 0.000000
vt 0.105552 0.380559 0.000000
vt 0.077551 0.411967 0.000000
vt 0.328378 0.456054 0.000000
vt 0.328598 0.450419 0.000000
vt 0.321338 0.785169 0.000000
vt 0.401862 0.813882 0.000000
vt 0.343365 0.730116 0.000000
vt 0.323290 0.699751 0.000000
vt 0.315620 0.694988 0.000000
vt 0.204253 0.482221 0.000000
vt 0.205448 0.469236 0.000000
vt 0.196743 0.481790 0.000000
vt 0.234306 0.476592 0.000000
vt 0.225730 0.478705 0.000000
vt 0.443753 0.442546 0.000000
vt 0.448438 0.432407 0.000000
vt 0.450373 0.471040 0.000000
vt 0.353500 0.352946 0.000000
vt 0.347690 0.375574 0.000000
vt 0.364912 0.374882 0.000000
vt 0.369180 0.388842 0.000000
vt 0.370145 0.378572 0.000000
vt 0.827758 0.372539 0.000000
vt 0.844361 0.369437 0.000000
vt 0.836163 0.353698 0.000000
vt 0.820425 0.085909 0.000000
vt 0.288796 0.509545 0.000000
vt 0.273068 0.512569 0.000000
vt 0.282786 0.468493 0.000000
vt 0.278209 0.489471 0.000000
vt 0.298831 0.475618 0.000000
vt 0.704188 0.439887 0.000000
vt 0.712740 0.440416 0.000000
vt 0.694706 0.429674 0.000000
vt 0.697280 0.453535 0.000000
vt 0.685876 0.439050 0.000000
vt 0.681459 0.446758 0.000000
vt 0.137292 0.513017 0.000000
vt 0.126019 0.500504 0.000000
vt 0.480358 0.653219 0.000000
vt 0.463156 0.664649 0.000000
vt 0.474858 0.667078 0.000000
vt 0.210249 0.660164 0.000000
vt 0.220317 0.615777 0.000000
vt 0.195774 0.658700 0.000000
vt 0.192950 0.668146 0.000000
vt 0.187571 0.641655 0.000000
vt 0.170641 0.666850 0.000000
vt 0.692861 0.063996 0.000000
vt 0.702849 0.061514 0.000000
vt 0.697803 0.053246 0.000000
vt 0.284092 0.741096 0.000000
vt 0.284054 0.732355 0.000000
vt 0.251442 0.708769 0.000000
vt 0.293822 0.798582 0.000000
vt 0.271873 0.783847 0.000000
vt 0.615099 0.424049 0.000000
vt 0.265172 0.387152 0.000000
vt 0.284001 0.358268 0.000000
vt 0.270990 0.356460 0.000000
vt 0.253578 0.253806 0.000000
vt 0.262220 0.282405 0.000000
vt 0.265407 0.269026 0.000000
vt 0.849909 0.486046 0.000000
vt 0.868924 0.513080 0.000000
vt 0.866142 0.481213 0.000000
vt 0.806121 0.435569 0.000000
vt 0.823240 0.436621 0.000000
vt 0.813646 0.428342 0.000000
vt 0.486436 0.636764 0.000000
vt 0.465014 0.627355 0.000000
vt 0.466584 0.643117 0.000000
vt 0.600202 0.086952 0.000000
vt 0.845496 0.122787 0.000000
vt 0.868945 0.102659 0.000000
vt 0.853201 0.100132 0.000000
vt 0.712531 0.145004 0.000000
vt 0.101262 0.494621 0.000000
vt 0.095737 0.465872 0.000000
vt 0.082115 0.483415 0.000000
vt 0.396561 0.114807 0.000000
vt 0.402243 0.134389 0.000000
vt 0.447196 0.597013 0.000000
vt 0.441787 0.646163 0.000000
vt 0.454978 0.615354 0.000000
vt 0.426298 0.610822 0.000000
vt 0.504699 0.120273 0.000000
vt 0.505482 0.142654 0.000000
vt 0.326435 0.049798 0.000000
vt 0.319625 0.055120 0.000000
vt 0.333699 0.049785 0.000000
vt -0.254237 0.950730 0.000000
vt 0.457641 0.591167 0.000000
vt 0.241052 0.226663 0.000000
vt 0.218977 0.264221 0.000000
vt 0.260303 0.217251 0.000000
vt 0.089390 0.348784 0.000000
vt 0.189083 0.072848 0.000000
vt 0.223436 0.065964 0.000000
vt 0.189766 0.055872 0.000000
vt -0.223164 0.719058 0.000000
vt 0.728240 0.457281 0.000000
vt 0.742298 0.477419 0.000000
vt 0.708691 0.437464 0.000000
vt 0.709724 0.432701 0.000000
vt 0.308871 0.762259 0.000000
vt 0.319552 0.705979 0.000000
vt 0.290606 0.732168 0.000000
vt 0.285720 0.747624 0.000000
vt 0.840084 0.121832 0.000000
vt 0.871707 0.542585 0.000000
vt 0.878018 0.531018 0.000000
vt 0.855632 0.531189 0.000000
vt 0.869104 0.523677 0.000000
vt 0.122780 0.701673 0.000000
vt 0.121357 0.675002 0.000000
vt 0.113280 0.663181 0.000000
vt 0.119298 0.651813 0.000000
vt 0.209472 0.421698 0.000000
vt 0.228264 0.429518 0.000000
vt 0.223532 0.413607 0.000000
vt 0.956436 0.108727 0.000000
vt 0.943046 0.094274 0.000000
vt 0.954082 0.131636 0.000000
vt 0.941288 0.435255 0.000000
vt 0.332606 0.685023 0.000000
vt 0.338803 0.701516 0.000000
vt 0.339169 0.684413 0.000000
vt 0.337412 0.528756 0.000000
vt 0.353393 0.530655 0.000000
vt 0.313137 0.577439 0.000000
vt 0.132924 0.705348 0.000000
vt 0.165999 0.654854 0.000000
vt 0.146386 0.668773 0.000000
vt 0.141936 0.686986 0.000000
vt 0.703279 0.609614 0.000000
vt 0.708564 0.634715 0.000000
vt 0.717254 0.609115 0.000000
vt 0.697933 0.108624 0.000000
vt 0.700342 0.128688 0.000000
vt 0.704182 0.120330 0.000000
vt 0.688707 0.133012 0.000000
vt 0.686754 0.115654 0.000000
vt 0.254000 0.357079 0.000000
vt 0.253330 0.328992 0.000000
vt 0.232290 0.371499 0.000000
vt 0.247278 0.323368 0.000000
vt 0.252486 0.304134 0.000000
vt 0.238444 0.300007 0.000000
vt 0.430418 0.443773 0.000000
vt 0.430211 0.425791 0.000000
vt 0.422708 0.419801 0.000000
vt 0.446284 0.412591 0.000000
vt 0.446502 0.401670 0.000000
vt 0.433092 0.402714 0.000000
vt 0.323550 0.044210 0.000000
vt 0.328124 0.049785 0.000000
vt 0.333699 0.045211 0.000000
vt 0.217961 0.049981 0.000000
vt 0.064404 0.542140 0.000000
vt 0.145781 0.165088 0.000000
vt 0.160784 0.197352 0.000000
vt 0.161639 0.174448 0.000000
vt 0.868707 0.401122 0.000000
vt 0.854449 0.375442 0.000000
vt 0.848452 0.409783 0.000000
vt 0.366481 0.417561 0.000000
vt 0.377591 0.406311 0.000000
vt 0.363127 0.403134 0.000000
vt 0.385689 0.394921 0.000000
vt 0.383675 0.502088 0.000000
vt 0.379856 0.497880 0.000000
vt 0.414743 0.485385 0.000000
vt 0.293233 0.512672 0.000000
vt 0.298536 0.528025 0.000000
vt 0.103339 0.145193 0.000000
vt 0.131748 0.133339 0.000000
vt 0.103339 0.133339 0.000000
vt 0.659514 0.574183 0.000000
vt 0.663515 0.565057 0.000000
vt 0.655116 0.552457 0.000000
vt 0.615870 0.550995 0.000000
vt 0.618080 0.560150 0.000000
vt 0.627172 0.552383 0.000000
vt 0.331276 0.366155 0.000000
vt 0.333308 0.372893 0.000000
vt 0.345636 0.340075 0.000000
vt 0.366809 0.335082 0.000000
vt 0.376081 0.316596 0.000000
vt 0.400148 0.509890 0.000000
vt 0.402593 0.521378 0.000000
vt 0.412453 0.522053 0.000000
vt 0.416320 0.525751 0.000000
vt 0.422662 0.524185 0.000000
vt 0.734811 0.439142 0.000000
vt 0.745278 0.428909 0.000000
vt 0.743638 0.410494 0.000000
vt 0.747727 0.422284 0.000000
vt 0.748173 0.406191 0.000000
vt 0.151428 0.242332 0.000000
vt 0.307275 0.371858 0.000000
vt 0.263814 0.349255 0.000000
vt 0.262887 0.338580 0.000000
vt 0.255273 0.342810 0.000000
vt 0.299010 0.495303 0.000000
vt 0.308723 0.506274 0.000000
vt 0.312043 0.473851 0.000000
vt 0.861072 0.437271 0.000000
vt 0.884276 0.432105 0.000000
vt 0.867931 0.405998 0.000000
vt 0.442290 0.545596 0.000000
vt 0.439551 0.568682 0.000000
vt 0.450956 0.538013 0.000000
vt 0.460544 0.534219 0.000000
vt 0.447532 0.528697 0.000000
vt 0.261635 0.125690 0.000000
vt 0.225620 0.145193 0.000000
vt 0.255224 0.139679 0.000000
vt 0.261418 0.114694 0.000000
vt 0.251490 0.767500 0.000000
vt 0.246421 0.785051 0.000000
vt 0.542087 0.513841 0.000000
vt 0.722956 0.566370 0.000000
vt 0.727574 0.541085 0.000000
vt 0.589309 0.507706 0.000000
vt 0.584559 0.523575 0.000000
vt 0.599262 0.515470 0.000000
vt 0.561426 0.521385 0.000000
vt 0.642063 0.285293 0.000000
vt 0.644351 0.263985 0.000000
vt 0.614691 0.281801 0.000000
vt 0.681464 0.512210 0.000000
vt 0.676585 0.491165 0.000000
vt 0.656677 0.522865 0.000000
vt 0.856734 0.422125 0.000000
vt 0.229663 0.803202 0.000000
vt 0.084930 0.138612 0.000000
vt 0.090159 0.110245 0.000000
vt 0.095826 0.143354 0.000000
vt 0.293529 0.836070 0.000000
vt 0.307505 0.842512 0.000000
vt 0.310489 0.813513 0.000000
vt 0.297662 0.820350 0.000000
vt 0.312979 0.828158 0.000000
vt 0.871562 0.054002 0.000000
vt 0.842922 0.059970 0.000000
vt 0.873886 0.057455 0.000000
vt 0.145041 0.087648 0.000000
vt 0.864607 0.085909 0.000000
vt 0.822983 0.480020 0.000000
vt 0.821641 0.486562 0.000000
vt 0.828452 0.491422 0.000000
vt 0.830072 0.500552 0.000000
vt 0.325837 0.631621 0.000000
vt 0.317796 0.654096 0.000000
vt 0.329316 0.640351 0.000000
vt 0.110245 0.721126 0.000000
vt 0.682645 0.089114 0.000000
vt 0.702786 0.081925 0.000000
vt 0.669545 0.077293 0.000000
vt 0.059974 0.784868 0.000000
vt 0.744030 0.250850 0.000000
vt 0.723170 0.259505 0.000000
vt 0.733725 0.268593 0.000000
vt 0.754919 0.519580 0.000000
vt 0.752631 0.499741 0.000000
vt 0.744907 0.507045 0.000000
vt 0.775822 0.538552 0.000000
vt 0.794056 0.542645 0.000000
vt 0.775546 0.514532 0.000000
vt 0.369847 0.145193 0.000000
vt 0.372420 0.127733 0.000000
vt 0.337722 0.142731 0.000000
vt 0.360553 0.061563 0.000000
vt 0.392674 0.059721 0.000000
vt -0.391416 0.193694 0.000000
vt 0.661595 0.140080 0.000000
vt 0.827984 0.524524 0.000000
vt 0.825195 0.522704 0.000000
vt 0.841055 0.552352 0.000000
vt 0.824814 0.545138 0.000000
vt 0.823565 0.556737 0.000000
vt 0.653046 0.590920 0.000000
vt 0.691385 0.608477 0.000000
vt 0.612022 0.583986 0.000000
vt 0.607855 0.593159 0.000000
vt 0.613757 0.600375 0.000000
vt 0.280641 0.395696 0.000000
vt 0.289038 0.359944 0.000000
vt 0.420871 0.330081 0.000000
vt 0.445767 0.328793 0.000000
vt 0.431390 0.312075 0.000000
vt 0.429491 0.355926 0.000000
vt 0.206104 0.722476 0.000000
vt 0.227266 0.735916 0.000000
vt 0.215078 0.718430 0.000000
vt 0.177165 0.496573 0.000000
vt 0.188714 0.490331 0.000000
vt 0.184033 0.490244 0.000000
vt 0.448556 0.506929 0.000000
vt 0.447683 0.516606 0.000000
vt 0.432862 0.522625 0.000000
vt 0.452959 0.523205 0.000000
vt 0.819092 0.542199 0.000000
vt 0.824023 0.536541 0.000000
vt 0.787248 0.548898 0.000000
vt 0.796228 0.556743 0.000000
vt 0.797415 0.548448 0.000000
vt 0.516608 0.744520 0.000000
vt 0.527369 0.761365 0.000000
vt 0.523248 0.739294 0.000000
vt 0.227145 0.604466 0.000000
vt 0.369888 0.434554 0.000000
vt 0.361355 0.443013 0.000000
vt 0.364840 0.444736 0.000000
vt 0.377330 0.414922 0.000000
vt 0.367859 0.422392 0.000000
vt 0.368260 0.429308 0.000000
vt 0.713372 0.712935 0.000000
vt 0.747227 0.707465 0.000000
vt 0.725220 0.684783 0.000000
vt 0.739791 0.109120 0.000000
vt 0.600334 0.569512 0.000000
vt 0.603792 0.583130 0.000000
vt 0.614949 0.574136 0.000000
vt 0.597409 0.598181 0.000000
vt 0.607075 0.603146 0.000000
vt 0.941399 0.577796 0.000000
vt 0.941619 0.586880 0.000000
vt 0.965046 0.588011 0.000000
vt 0.918229 0.573034 0.000000
vt 0.927004 0.598078 0.000000
vt 0.935214 0.567645 0.000000
vt 0.602107 0.586433 0.000000
vt 0.589900 0.563882 0.000000
vt 0.331558 0.460200 0.000000
vt 0.342815 0.471954 0.000000
vt 0.351517 0.458652 0.000000
vt 0.318583 0.990409 0.000000
vt 0.301535 0.973506 0.000000
vt 0.289380 0.986760 0.000000
vt 0.868945 0.133362 0.000000
vt 0.604048 0.609620 0.000000
vt 0.602112 0.626578 0.000000
vt 0.247233 0.042936 0.000000
vt 0.254117 0.056224 0.000000
vt 0.272026 0.042936 0.000000
vt -0.305861 0.154570 0.000000
vt 0.207717 0.212761 0.000000
vt 0.732948 0.359440 0.000000
vt 0.754279 0.346335 0.000000
vt 0.735611 0.339728 0.000000
vt 0.691658 0.483764 0.000000
vt 0.696428 0.504164 0.000000
vt 0.705461 0.492902 0.000000
vt 0.677714 0.482352 0.000000
vt 0.698755 0.459205 0.000000
vt 0.834486 0.625267 0.000000
vt 0.853549 0.621254 0.000000
vt 0.851626 0.605314 0.000000
vt 0.815776 0.661777 0.000000
vt 0.226073 0.773736 0.000000
vt 0.254431 0.461265 0.000000
vt 0.235550 0.424294 0.000000
vt 0.885303 0.799772 0.000000
vt 0.886632 0.791858 0.000000
vt 0.867517 0.782961 0.000000
vt 0.717595 0.065166 0.000000
vt 0.718288 0.076342 0.000000
vt 0.729464 0.075649 0.000000
vt 0.717352 0.080809 0.000000
vt 0.576736 0.435431 0.000000
vt 0.297264 0.564092 0.000000
vt 0.309806 0.536568 0.000000
vt 0.294314 0.546646 0.000000
vt 0.243883 0.257349 0.000000
vt 0.232968 0.259586 0.000000
vt 0.239472 0.265964 0.000000
vt 0.798752 0.370135 0.000000
vt 0.807328 0.394229 0.000000
vt 0.784094 0.357051 0.000000
vt 0.766550 0.365186 0.000000
vt 0.789421 0.368736 0.000000
vt 0.360330 0.535808 0.000000
vt 0.355858 0.519541 0.000000
vt 0.393196 0.544210 0.000000
vt 0.375142 0.522065 0.000000
vt 0.326886 0.663054 0.000000
vt 0.314836 0.666203 0.000000
vt 0.327685 0.675661 0.000000
vt 0.337122 0.669032 0.000000
vt 0.602046 0.651598 0.000000
vt 0.610690 0.656570 0.000000
vt 0.950415 0.554522 0.000000
vt 0.943123 0.546365 0.000000
vt 0.969421 0.517193 0.000000
vt 0.319714 0.128545 0.000000
vt 0.682645 0.102493 0.000000
vt 0.716590 0.102493 0.000000
vt 0.900848 0.530617 0.000000
vt 0.919860 0.547580 0.000000
vt 0.920309 0.559044 0.000000
vt 0.810069 0.744511 0.000000
vt 0.824873 0.710305 0.000000
vt 0.813525 0.693685 0.000000
vt 0.759916 0.490655 0.000000
vt 0.762799 0.499000 0.000000
vt 0.766787 0.478611 0.000000
vt 0.534103 0.605028 0.000000
vt 0.510526 0.564795 0.000000
vt 0.507345 0.546814 0.000000
vt 0.125371 0.610362 0.000000
vt 0.116624 0.573002 0.000000
vt 0.114251 0.608926 0.000000
vt 0.131545 0.586037 0.000000
vt 0.346197 0.457233 0.000000
vt 0.349736 0.448255 0.000000
vt 0.807825 0.085909 0.000000
vt 0.351438 0.087684 0.000000
vt 0.353479 0.078822 0.000000
vt 0.988230 0.571996 0.000000
vt 0.704182 0.133066 0.000000
vt 0.696796 0.132419 0.000000
vt 0.684847 0.139945 0.000000
vt 0.694075 0.135559 0.000000
vt 0.316503 0.595022 0.000000
vt 0.366706 0.614641 0.000000
vt 0.224627 0.701246 0.000000
vt 0.223210 0.713056 0.000000
vt 0.230752 0.715031 0.000000
vt 0.451278 0.372709 0.000000
vt 0.420443 0.376424 0.000000
vt 0.403971 0.376980 0.000000
vt 0.305443 0.377410 0.000000
vt 0.295517 0.389017 0.000000
vt 0.314248 0.401684 0.000000
vt 0.316741 0.372008 0.000000
vt 0.336878 0.389712 0.000000
vt 0.224730 0.446683 0.000000
vt 0.245341 0.445985 0.000000
vt 0.228839 0.441482 0.000000
vt 0.220470 0.466901 0.000000
vt 0.101395 0.645645 0.000000
vt 0.095399 0.618078 0.000000
vt 0.079435 0.651108 0.000000
vt 0.071095 0.621602 0.000000
vt 0.061931 0.609053 0.000000
vt 0.338125 0.620269 0.000000
vt 0.335649 0.608974 0.000000
vt 0.327719 0.613129 0.000000
vt 0.344936 0.634740 0.000000
vt 0.338946 0.643158 0.000000
vt 0.690321 0.643551 0.000000
vt 0.718188 0.657423 0.000000
vt 0.703479 0.686664 0.000000
vt 0.721218 0.688855 0.000000
vt 0.686240 0.577429 0.000000
vt 0.674613 0.571490 0.000000
vt 0.801729 0.335759 0.000000
vt 0.824721 0.320517 0.000000
vt 0.817470 0.315415 0.000000
vt 0.614101 0.325117 0.000000
vt 0.595149 0.311327 0.000000
vt 0.591282 0.328602 0.000000
vt 0.626178 0.338147 0.000000
vt 0.655538 0.318456 0.000000
vt 0.634080 0.309838 0.000000
vt 0.131748 0.069796 0.000000
vt 0.148653 0.076059 0.000000
vt 0.145067 0.058097 0.000000
vt -0.457153 0.267009 0.000000
vt 0.213008 0.276745 0.000000
vt 0.348929 0.219983 0.000000
vt 0.377697 0.198724 0.000000
vt 0.297037 0.289188 0.000000
vt 0.305709 0.300471 0.000000
vt 0.310870 0.282219 0.000000
vt 0.289253 0.292684 0.000000
vt 0.295143 0.303786 0.000000
vt 0.536050 0.755572 0.000000
vt 0.536008 0.723527 0.000000
vt 0.529625 0.732707 0.000000
vt 0.559329 0.751578 0.000000
vt 0.754472 0.303567 0.000000
vt 0.737353 0.292770 0.000000
vt 0.756215 0.292216 0.000000
vt 0.171405 0.223011 0.000000
vt 0.178265 0.207801 0.000000
vt 0.256565 0.898763 0.000000
vt 0.277200 0.917053 0.000000
vt 0.278522 0.899979 0.000000
vt 0.044806 0.604845 0.000000
vt 0.768475 0.498326 0.000000
vt 0.770498 0.489581 0.000000
vt 0.229013 0.076059 0.000000
vt 0.209101 0.082981 0.000000
vt 0.173951 0.083904 0.000000
vt 0.172385 0.076059 0.000000
vt 0.153999 0.076059 0.000000
vt 0.256249 0.487511 0.000000
vt 0.276125 0.465237 0.000000
vt 0.259069 0.469566 0.000000
vt 0.253382 0.494900 0.000000
vt 0.262205 0.508663 0.000000
vt 0.269929 0.474982 0.000000
vt 0.357340 0.457932 0.000000
vt 0.307144 0.449907 0.000000
vt 0.314198 0.461763 0.000000
vt 0.312143 0.467185 0.000000
vt 0.325592 0.466095 0.000000
vt 0.486950 0.113338 0.000000
vt 0.472674 0.123945 0.000000
vt 0.476144 0.145193 0.000000
vt 0.942162 0.628484 0.000000
vt 0.945109 0.644765 0.000000
vt 0.718541 0.402660 0.000000
vt 0.722798 0.389978 0.000000
vt 0.714929 0.400097 0.000000
vt 0.705852 0.415763 0.000000
vt 0.273170 0.257029 0.000000
vt 0.790362 0.677167 0.000000
vt 0.770397 0.681478 0.000000
vt 0.164306 0.711885 0.000000
vt 0.157967 0.731983 0.000000
vt 0.179276 0.741867 0.000000
vt 0.050604 0.045370 0.000000
vt 0.026454 0.049292 0.000000
vt 0.044527 0.056400 0.000000
vt -0.256130 0.736185 0.000000
vt 0.396688 0.776880 0.000000
vt 0.355773 0.747573 0.000000
vt 0.779081 0.618450 0.000000
vt 0.765031 0.616164 0.000000
vt 0.761628 0.625316 0.000000
vt 0.774046 0.612529 0.000000
vt 0.761957 0.557462 0.000000
vt 0.132675 0.326530 0.000000
vt 0.124691 0.338112 0.000000
vt 0.393886 0.501201 0.000000
vt 0.168052 0.301075 0.000000
vt 0.182097 0.287704 0.000000
vt 0.177178 0.296064 0.000000
vt 0.433039 0.281847 0.000000
vt 0.427185 0.256820 0.000000
vt 0.417891 0.284277 0.000000
vt 0.105012 0.352644 0.000000
vt 0.118394 0.361287 0.000000
vt 0.118210 0.330301 0.000000
vt 0.749734 0.229306 0.000000
vt 0.737907 0.235267 0.000000
vt 0.755422 0.252546 0.000000
vt 0.127695 0.572464 0.000000
vt 0.142852 0.568440 0.000000
vt 0.133620 0.549759 0.000000
vt 0.150979 0.572658 0.000000
vt 0.168578 0.572774 0.000000
vt 0.159621 0.551487 0.000000
vt 0.407856 0.386254 0.000000
vt 0.403185 0.395436 0.000000
vt 0.220564 0.688348 0.000000
vt 0.238245 0.712850 0.000000
vt 0.233990 0.679628 0.000000
vt 0.819246 0.401482 0.000000
vt 0.829544 0.412230 0.000000
vt 0.828874 0.386283 0.000000
vt 0.841603 0.392199 0.000000
vt 0.004010 0.050744 0.000000
vt 0.000000 0.056400 0.000000
vt 0.942397 0.070582 0.000000
vt 0.600541 0.535500 0.000000
vt 0.592903 0.546734 0.000000
vt 0.628068 0.500662 0.000000
vt 0.623249 0.514947 0.000000
vt 0.631565 0.510146 0.000000
vt 0.555267 0.757494 0.000000
vt 0.529608 0.764262 0.000000
vt 0.544414 0.780566 0.000000
vt 0.378306 0.925368 0.000000
vt 0.542198 0.129865 0.000000
vt 0.658592 0.106350 0.000000
vt 0.651498 0.108302 0.000000
vt 0.669545 0.108302 0.000000
vt -0.075157 0.181870 0.000000
vt 0.147673 0.045788 0.000000
vt 0.139129 0.047923 0.000000
vt 0.770576 0.100856 0.000000
vt 0.767699 0.107465 0.000000
vt 0.781667 0.101654 0.000000
vt 0.336544 0.707155 0.000000
vt 0.763875 0.774366 0.000000
vt 0.779381 0.744011 0.000000
vt 0.768276 0.745519 0.000000
vt 0.458928 0.519224 0.000000
vt 0.450776 0.509689 0.000000
vt 0.610043 0.533419 0.000000
vt 0.610033 0.517135 0.000000
vt 0.602512 0.527160 0.000000
vt 0.469390 0.079376 0.000000
vt 0.469390 0.074166 0.000000
vt 0.461186 0.072508 0.000000
vt 0.181244 0.341095 0.000000
vt 0.173166 0.366187 0.000000
vt 0.191336 0.350489 0.000000
vt 0.947164 0.628769 0.000000
vt 0.960855 0.637339 0.000000
vt 0.336456 0.127733 0.000000
vt 0.418607 0.051626 0.000000
vt 0.424448 0.041873 0.000000
vt 0.769106 0.433922 0.000000
vt 0.779552 0.448909 0.000000
vt 0.782285 0.426122 0.000000
vt 0.357686 0.475333 0.000000
vt 0.501257 0.059442 0.000000
vt 0.507028 0.059442 0.000000
vt 0.507028 0.043492 0.000000
vt -0.016188 0.710363 0.000000
vt 0.573941 0.034797 0.000000
vt 0.564746 0.041909 0.000000
vt 0.573941 0.061035 0.000000
vt 0.350434 0.773407 0.000000
vt 0.716752 0.330523 0.000000
vt 0.485635 0.428250 0.000000
vt 0.266334 0.553869 0.000000
vt 0.259601 0.525365 0.000000
vt 0.522378 0.389714 0.000000
vt 0.258530 0.457122 0.000000
vt 0.767776 0.520558 0.000000
vt 0.770024 0.550383 0.000000
vt 0.786841 0.566715 0.000000
vt 0.690470 0.300712 0.000000
vt 0.693829 0.314069 0.000000
vt 0.317559 0.505840 0.000000
vt 0.319309 0.477891 0.000000
vt 0.342259 0.489477 0.000000
vt 0.337472 0.483939 0.000000
vt 0.336173 0.503250 0.000000
vt 0.857473 0.467573 0.000000
vt 0.848932 0.464924 0.000000
vt 0.341531 0.512679 0.000000
vt 0.327357 0.648354 0.000000
vt 0.345031 0.650797 0.000000
vt 0.344150 0.664509 0.000000
vt 0.388924 0.440491 0.000000
vt 0.373921 0.440392 0.000000
vt 0.865598 0.457244 0.000000
vt 0.850558 0.454533 0.000000
vt 0.507245 0.582390 0.000000
vt 0.496429 0.589913 0.000000
vt 0.469733 0.579370 0.000000
vt 0.839960 0.343524 0.000000
vt 0.132941 0.666548 0.000000
vt 0.133696 0.648970 0.000000
vt 0.816562 0.120673 0.000000
vt 0.821006 0.101515 0.000000
vt 0.807825 0.099718 0.000000
vt 0.418790 0.280529 0.000000
vt 0.350718 0.917894 0.000000
vt 0.341755 0.922050 0.000000
vt 0.047861 0.470897 0.000000
vt 0.047585 0.490172 0.000000
vt 0.317548 0.316732 0.000000
vt 0.323176 0.330680 0.000000
vt 0.618684 0.058535 0.000000
vt 0.632957 0.046936 0.000000
vt 0.613749 0.046936 0.000000
vt 0.559437 0.282215 0.000000
vt 0.523985 0.379485 0.000000
vt 0.431951 0.529310 0.000000
vt 0.728309 0.336573 0.000000
vt 0.233686 0.432377 0.000000
vt 0.250466 0.439807 0.000000
vt 0.481047 0.481202 0.000000
vt 0.661398 0.642488 0.000000
vt 0.877943 0.579703 0.000000
vt 0.501023 0.650589 0.000000
vt 0.501491 0.632645 0.000000
vt 0.283122 0.944922 0.000000
vt 0.271376 0.974370 0.000000
vt 0.144321 0.549687 0.000000
vt 0.132914 0.543270 0.000000
vt 0.148006 0.565579 0.000000
vt 0.130572 0.530945 0.000000
vt 0.124758 0.518848 0.000000
vt 0.124089 0.532362 0.000000
vt 0.342269 0.960296 0.000000
vt 0.333666 0.712812 0.000000
vt 0.346110 0.727671 0.000000
vt 0.340465 0.715333 0.000000
vt 0.315844 0.565621 0.000000
vt 0.315103 0.557169 0.000000
vt 0.326633 0.544495 0.000000
vt 0.674639 0.304732 0.000000
vt 0.655046 0.280206 0.000000
vt 0.270597 0.497698 0.000000
vt 0.288315 0.494942 0.000000
vt 0.276947 0.500571 0.000000
vt 0.634351 0.589837 0.000000
vt 0.620813 0.579004 0.000000
vt 0.638442 0.555800 0.000000
vt 0.640673 0.575894 0.000000
vt 0.836270 0.595725 0.000000
vt 0.528810 0.567386 0.000000
vt 0.222685 0.321136 0.000000
vt 0.162910 0.062831 0.000000
vt 0.170393 0.076059 0.000000
vt 0.180810 0.067559 0.000000
vt 0.433401 0.656975 0.000000
vt 0.461768 0.697559 0.000000
vt 0.387335 0.524066 0.000000
vt 0.394986 0.535135 0.000000
vt 0.399810 0.527186 0.000000
vt 0.713878 0.115986 0.000000
vt 0.706710 0.106362 0.000000
vt 0.705585 0.118925 0.000000
vt 0.709301 0.717577 0.000000
vt 0.741769 0.367417 0.000000
vt 0.741546 0.361058 0.000000
vt 0.732120 0.364518 0.000000
vt 0.731682 0.385564 0.000000
vt 0.729228 0.373186 0.000000
vt 0.130638 0.616329 0.000000
vt 0.136129 0.639437 0.000000
vt 0.138804 0.611881 0.000000
vt 0.247655 0.691466 0.000000
vt 0.293911 0.754138 0.000000
vt 0.284923 0.779172 0.000000
vt 0.271165 0.767052 0.000000
vt 0.233903 0.744807 0.000000
vt 0.181778 0.436533 0.000000
vt 0.630818 0.069080 0.000000
vt 0.620613 0.066110 0.000000
vt 0.625792 0.080901 0.000000
vt 0.572092 0.386979 0.000000
vt 0.569945 0.415226 0.000000
vt 0.643205 0.402684 0.000000
vt 0.463251 0.331059 0.000000
vt 0.475789 0.360798 0.000000
vt 0.446657 0.602134 0.000000
vt 0.462543 0.606039 0.000000
vt 0.403388 0.295654 0.000000
vt 0.390476 0.308178 0.000000
vt 0.401157 0.308586 0.000000
vt 0.396197 0.287823 0.000000
vt 0.385717 0.292461 0.000000
vt 0.553694 0.557813 0.000000
vt 0.542025 0.569589 0.000000
vt 0.411468 0.277298 0.000000
vt 0.411680 0.246123 0.000000
vt 0.402231 0.257390 0.000000
vt 0.401011 0.244176 0.000000
vt 0.436183 0.241922 0.000000
vt 0.420528 0.242891 0.000000
vt 0.399136 0.209393 0.000000
vt 0.399798 0.215833 0.000000
vt 0.405711 0.213589 0.000000
vt 0.372437 0.224918 0.000000
vt 0.370624 0.242125 0.000000
vt 0.355817 0.401380 0.000000
vt 0.363961 0.428739 0.000000
vt 0.297636 0.466236 0.000000
vt 0.307985 0.471061 0.000000
vt 0.303529 0.456858 0.000000
vt 0.366352 0.384957 0.000000
vt 0.357933 0.381983 0.000000
vt 0.166488 0.396052 0.000000
vt 0.182361 0.375663 0.000000
vt 0.870806 0.571712 0.000000
vt 0.869707 0.595481 0.000000
vt 0.846616 0.561997 0.000000
vt 0.850823 0.588044 0.000000
vt 0.861790 0.563030 0.000000
vt 0.202040 0.673547 0.000000
vt 0.212906 0.669073 0.000000
vt 0.173556 0.531678 0.000000
vt 0.167951 0.504166 0.000000
vt 0.144178 0.517939 0.000000
vt 0.842013 0.541969 0.000000
vt 0.850343 0.544997 0.000000
vt 0.861909 0.545342 0.000000
vt 0.850243 0.557160 0.000000
vt 0.178502 0.521310 0.000000
vt 0.170540 0.512298 0.000000
vt 0.173942 0.506864 0.000000
vt 0.838180 0.469510 0.000000
vt 0.844741 0.494662 0.000000
vt 0.845289 0.529837 0.000000
vt 0.499750 0.678588 0.000000
vt 0.423796 0.805381 0.000000
vt 0.272279 0.076059 0.000000
vt 0.246972 0.079359 0.000000
vt 0.246048 0.083241 0.000000
vt 0.281875 0.084839 0.000000
vt 0.293402 0.092664 0.000000
vt 0.279718 0.078944 0.000000
vt 0.468634 0.483044 0.000000
vt 0.412556 0.219749 0.000000
vt 0.403727 0.230669 0.000000
vt 0.411688 0.236267 0.000000
vt 0.508796 0.646177 0.000000
vt 0.521138 0.649799 0.000000
vt 0.030778 0.587808 0.000000
vt 0.036866 0.596164 0.000000
vt 0.054239 0.588573 0.000000
vt 0.538802 0.481983 0.000000
vt 0.541977 0.455308 0.000000
vt 0.297819 0.789452 0.000000
vt 0.400511 0.115218 0.000000
vt 0.729464 0.063873 0.000000
vt 0.739788 0.074770 0.000000
vt 0.837121 0.385354 0.000000
vt 0.845748 0.344724 0.000000
vt 0.416423 0.571023 0.000000
vt 0.393274 0.566384 0.000000
vt 0.433838 0.547121 0.000000
vt 0.407075 0.556087 0.000000
vt 0.648077 0.555030 0.000000
vt 0.650802 0.567533 0.000000
vt 0.638568 0.450691 0.000000
vt 0.650460 0.459597 0.000000
vt 0.664701 0.437584 0.000000
vt 0.764925 0.120609 0.000000
vt 0.759477 0.127423 0.000000
vt 0.760579 0.140071 0.000000
vt 0.689565 0.693295 0.000000
vt 0.657635 0.749278 0.000000
vt 0.697910 0.715196 0.000000
vt 0.161245 0.231571 0.000000
vt 0.134627 0.189620 0.000000
vt 0.136627 0.216632 0.000000
vt 0.411271 0.310696 0.000000
vt 0.413924 0.293868 0.000000
vt 0.409698 0.328387 0.000000
vt 0.535418 0.465091 0.000000
vt 0.551469 0.433899 0.000000
vt 0.248275 0.829483 0.000000
vt 0.503753 0.731484 0.000000
vt 0.520798 0.733727 0.000000
vt 0.516898 0.720998 0.000000
vt 0.532502 0.720415 0.000000
vt 0.268630 0.317093 0.000000
vt 0.286503 0.304918 0.000000
vt 0.273660 0.321515 0.000000
vt 0.292588 0.319318 0.000000
vt 0.151046 0.591542 0.000000
vt 0.440066 0.494163 0.000000
vt 0.434199 0.489997 0.000000
vt 0.759665 0.085909 0.000000
vt 0.135604 0.145193 0.000000
vt 0.423383 0.227574 0.000000
vt 0.693543 0.588156 0.000000
vt 0.808969 0.576872 0.000000
vt 0.803893 0.605392 0.000000
vt 0.812841 0.611167 0.000000
vt 0.256334 0.290668 0.000000
vt 0.248421 0.278944 0.000000
vt 0.248595 0.285905 0.000000
vt 0.258414 0.300131 0.000000
vt 0.262867 0.305259 0.000000
vt 0.277266 0.601874 0.000000
vt 0.288348 0.608613 0.000000
vt 0.151716 0.547349 0.000000
vt 0.289930 0.534283 0.000000
vt 0.270620 0.534140 0.000000
vt 0.295470 0.535234 0.000000
vt 0.482811 0.537866 0.000000
vt 0.492176 0.528020 0.000000
vt 0.188135 0.512206 0.000000
vt 0.204183 0.506160 0.000000
vt 0.105575 0.468785 0.000000
vt 0.281606 0.291199 0.000000
vt 0.289602 0.275386 0.000000
vt 0.273932 0.263737 0.000000
vt 0.317696 0.253603 0.000000
vt 0.295908 0.265809 0.000000
vt 0.170857 0.055737 0.000000
vt 0.515826 0.685439 0.000000
vt 0.719511 0.425359 0.000000
vt 0.721330 0.438594 0.000000
vt 0.725158 0.440386 0.000000
vt 0.721540 0.450684 0.000000
vt 0.804623 0.675767 0.000000
vt 0.936279 0.595670 0.000000
vt 0.245165 0.682625 0.000000
vt 0.669053 0.529712 0.000000
vt 0.405872 0.080493 0.000000
vt 0.124535 0.377658 0.000000
vt 0.110818 0.393147 0.000000
vt 0.170470 0.864309 0.000000
vt 0.182568 0.880977 0.000000
vt 0.193933 0.854504 0.000000
vt 0.395265 0.521178 0.000000
vt 0.403594 0.529494 0.000000
vt 0.228568 0.512953 0.000000
vt 0.218034 0.531116 0.000000
vt 0.207411 0.543561 0.000000
vt 0.221649 0.538047 0.000000
vt 0.931881 0.090409 0.000000
vt 0.932829 0.097836 0.000000
vt 0.940040 0.093505 0.000000
vt 0.837736 0.163685 0.000000
vt 0.271853 0.246779 0.000000
vt 0.276106 0.192156 0.000000
vt 0.512571 0.629606 0.000000
vt 0.516039 0.647931 0.000000
vt 0.524252 0.628603 0.000000
vt 0.283720 0.526847 0.000000
vt 0.288461 0.519351 0.000000
vt 0.275628 0.526075 0.000000
vt 0.715976 0.444296 0.000000
vt 0.709958 0.465034 0.000000
vt 0.595185 0.134443 0.000000
vt 0.291794 0.720602 0.000000
vt 0.302264 0.705496 0.000000
vt 0.290930 0.692681 0.000000
vt 0.309922 0.708213 0.000000
vt 0.302807 0.442747 0.000000
vt 0.334798 0.860319 0.000000
vt 0.407913 0.526154 0.000000
vt 0.645873 0.539175 0.000000
vt 0.636273 0.526416 0.000000
vt 0.643663 0.547477 0.000000
vt 0.647374 0.496690 0.000000
vt 0.646984 0.513174 0.000000
vt 0.657349 0.508718 0.000000
vt 0.907727 0.578734 0.000000
vt 0.897809 0.585684 0.000000
vt 0.750552 0.352774 0.000000
vt 0.793407 0.319601 0.000000
vt 0.336019 0.958021 0.000000
vt 0.572194 0.080557 0.000000
vt 0.651338 0.705239 0.000000
vt 0.640045 0.747218 0.000000
vt 0.754320 0.551388 0.000000
vt 0.740033 0.546735 0.000000
vt 0.751825 0.558752 0.000000
vt 0.303429 0.778046 0.000000
vt 0.314860 0.791544 0.000000
vt 0.300150 0.807031 0.000000
vt 0.760157 0.700528 0.000000
vt 0.773317 0.693378 0.000000
vt 0.750210 0.677046 0.000000
vt 0.452110 0.061144 0.000000
vt 0.461621 0.040850 0.000000
vt 0.820290 0.042004 0.000000
vt 0.820518 0.048288 0.000000
vt 0.832695 0.047002 0.000000
vt 0.758439 0.374305 0.000000
vt 0.357773 0.492557 0.000000
vt 0.361169 0.477561 0.000000
vt 0.102723 0.580659 0.000000
vt 0.131969 0.719267 0.000000
vt 0.152379 0.709881 0.000000
vt 0.634188 0.603114 0.000000
vt 0.364215 0.100309 0.000000
vt 0.810738 0.547051 0.000000
vt 0.803239 0.557657 0.000000
vt 0.803116 0.548248 0.000000
vt 0.343575 0.602821 0.000000
vt 0.229381 0.268564 0.000000
vt 0.725744 0.526788 0.000000
vt 0.746607 0.527630 0.000000
vt 0.218584 0.390880 0.000000
vt 0.218047 0.372823 0.000000
vt 0.209022 0.393609 0.000000
vt 0.749166 0.377190 0.000000
vt 0.736534 0.374300 0.000000
vt 0.108855 0.558050 0.000000
vt 0.094345 0.554836 0.000000
vt 0.392974 0.327124 0.000000
vt 0.662176 0.067854 0.000000
vt 0.661105 0.075429 0.000000
vt 0.669165 0.067987 0.000000
vt 0.457756 0.368206 0.000000
vt 0.603066 0.284930 0.000000
vt 0.591734 0.291260 0.000000
vt 0.586082 0.310950 0.000000
vt 0.588017 0.290138 0.000000
vt 0.270637 0.605843 0.000000
vt 0.273193 0.609287 0.000000
vt 0.273730 0.597795 0.000000
vt 0.263277 0.566636 0.000000
vt 0.260525 0.601459 0.000000
vt 0.616367 0.622715 0.000000
vt 0.626043 0.624282 0.000000
vt 0.928881 0.613772 0.000000
vt 0.720011 0.384051 0.000000
vt 0.130624 0.277325 0.000000
vt 0.119081 0.318092 0.000000
vt 0.505652 0.656280 0.000000
vt 0.515863 0.464495 0.000000
vt 0.500903 0.468055 0.000000
vt 0.385348 0.614899 0.000000
vt 0.390185 0.603680 0.000000
vt 0.411280 0.609382 0.000000
vt 0.406617 0.617741 0.000000
vt 0.409346 0.629799 0.000000
vt 0.278638 0.332820 0.000000
vt 0.614688 0.568383 0.000000
vt 0.609027 0.545243 0.000000
vt 0.838296 0.420653 0.000000
vt 0.826697 0.438042 0.000000
vt 0.019999 0.056400 0.000000
vt 0.000000 0.074823 0.000000
vt 0.055200 0.083569 0.000000
vt 0.452384 0.296965 0.000000
vt 0.603949 0.298419 0.000000
vt 0.272913 0.693920 0.000000
vt 0.281427 0.676000 0.000000
vt 0.787468 0.056469 0.000000
vt 0.798116 0.053418 0.000000
vt 0.777142 0.049212 0.000000
vt 0.190770 0.215046 0.000000
vt 0.712572 0.668148 0.000000
vt 0.699233 0.677762 0.000000
vt 0.783223 0.313121 0.000000
vt 0.707049 0.407596 0.000000
vt 0.805329 0.300266 0.000000
vt 0.809626 0.271962 0.000000
vt 0.337459 0.330456 0.000000
vt 0.321609 0.351272 0.000000
vt 0.896748 0.526166 0.000000
vt 0.417961 0.480033 0.000000
vt 0.329497 0.289753 0.000000
vt 0.439327 0.594014 0.000000
vt 0.424759 0.597070 0.000000
vt 0.406689 0.608220 0.000000
vt 0.239971 0.425677 0.000000
vt 0.239080 0.372448 0.000000
vt 0.631766 0.543548 0.000000
vt 0.633018 0.527410 0.000000
vt 0.295041 0.503301 0.000000
vt 0.717567 0.407323 0.000000
vt 0.270659 0.819802 0.000000
vt 0.898293 0.499709 0.000000
vt 0.900952 0.486628 0.000000
vt 0.918442 0.482875 0.000000
vt 0.136327 0.539546 0.000000
vt 0.151523 0.542791 0.000000
vt 0.704162 0.265666 0.000000
vt 0.460162 0.422926 0.000000
vt 0.455129 0.421350 0.000000
vt 0.337861 0.406247 0.000000
vt 0.368238 0.500609 0.000000
vt 0.332666 0.065331 0.000000
vt 0.252344 0.214484 0.000000
vt 0.245994 0.222820 0.000000
vt 0.842334 0.645580 0.000000
vt 0.824710 0.638854 0.000000
vt 0.426888 0.293322 0.000000
vt 0.997189 0.576081 0.000000
vt 0.999047 0.592491 0.000000
vt 0.822529 0.085909 0.000000
vt 0.810353 0.086832 0.000000
vt 0.831279 0.087510 0.000000
vt 0.840084 0.118086 0.000000
vt 0.840084 0.094874 0.000000
vt 0.577643 0.546350 0.000000
vt 0.587628 0.545100 0.000000
vt 0.565319 0.534421 0.000000
vt 0.131748 0.137955 0.000000
vt 0.023915 0.599163 0.000000
vt 0.792470 0.576693 0.000000
vt 0.802155 0.572332 0.000000
vt 0.785012 0.140687 0.000000
vt 0.804716 0.101537 0.000000
vt 0.274849 0.082913 0.000000
vt 0.661352 0.662667 0.000000
vt 0.662089 0.696763 0.000000
vt 0.676119 0.676418 0.000000
vt 0.261085 0.702366 0.000000
vt 0.276369 0.717332 0.000000
vt 0.507436 0.370741 0.000000
vt 0.481453 0.351402 0.000000
vt 0.512438 0.653059 0.000000
vt 0.519086 0.654632 0.000000
vt 0.993249 0.636002 0.000000
vt 0.064810 0.451116 0.000000
vt 0.632792 0.515314 0.000000
vt 0.640237 0.516877 0.000000
vt 0.642370 0.503526 0.000000
vt 0.209644 0.433747 0.000000
vt 0.208441 0.424928 0.000000
vt 0.362164 0.893822 0.000000
vt 0.372011 0.876614 0.000000
vt 0.379235 0.881652 0.000000
vt 0.627016 0.542014 0.000000
vt 0.621478 0.526194 0.000000
vt 0.352718 0.889625 0.000000
vt 0.321754 0.415581 0.000000
vt 0.319117 0.416468 0.000000
vt 0.269752 0.633281 0.000000
vt 0.285857 0.632733 0.000000
vt 0.270766 0.616493 0.000000
vt 0.286907 0.646300 0.000000
vt 0.707125 0.471294 0.000000
vt 0.697045 0.480739 0.000000
vt 0.703924 0.484393 0.000000
vt 0.265785 0.625929 0.000000
vt 0.263543 0.687742 0.000000
vt 0.552581 0.772106 0.000000
vt 0.554051 0.800204 0.000000
vt 0.560408 0.781620 0.000000
vt 0.545001 0.791980 0.000000
vt 0.850378 0.596204 0.000000
vt 0.860189 0.583094 0.000000
vt 0.857421 0.592475 0.000000
vt 0.330593 0.864357 0.000000
vt 0.350318 0.613520 0.000000
vt 0.441023 0.432714 0.000000
vt 0.760652 0.419569 0.000000
vt 0.178162 0.251300 0.000000
vt 0.193994 0.259082 0.000000
vt 0.560410 0.455878 0.000000
vt 0.551956 0.473541 0.000000
vt 0.696501 0.669292 0.000000
vt 0.685624 0.631522 0.000000
vt 0.457115 0.638094 0.000000
vt 0.696801 0.558095 0.000000
vt 0.714185 0.532962 0.000000
vt 0.699147 0.521017 0.000000
vt 0.710103 0.493183 0.000000
vt 0.702744 0.508299 0.000000
vt 0.705194 0.514230 0.000000
vt 0.487864 0.614524 0.000000
vt 0.500114 0.608011 0.000000
vt 0.485840 0.604773 0.000000
vt 0.219985 0.750825 0.000000
vt 0.197291 0.733047 0.000000
vt 0.579582 0.796180 0.000000
vt 0.571822 0.797215 0.000000
vt 0.258380 0.573873 0.000000
vt 0.518492 0.030966 0.000000
vt 0.517839 0.036151 0.000000
vt 0.766352 0.506907 0.000000
vt 0.774501 0.496424 0.000000
vt 0.776957 0.486547 0.000000
vt 0.784545 0.504655 0.000000
vt 0.814168 0.774326 0.000000
vt 0.797814 0.747578 0.000000
vt 0.304936 0.694448 0.000000
vt 0.928963 0.129084 0.000000
vt 0.942397 0.124815 0.000000
vt 0.934660 0.097836 0.000000
vt 0.165630 0.145914 0.000000
vt 0.938524 0.136025 0.000000
vt 0.723352 0.065166 0.000000
vt 0.709579 0.060130 0.000000
vt 0.729419 0.058722 0.000000
vt 0.056094 0.583038 0.000000
vt 0.255208 0.888117 0.000000
vt 0.236527 0.881815 0.000000
vt 0.097957 0.453245 0.000000
vt 0.442301 0.541445 0.000000
vt 0.942397 0.100757 0.000000
vt 0.917850 0.057386 0.000000
vt 0.909784 0.063299 0.000000
vt 0.935679 0.063299 0.000000
vt 0.866319 0.273111 0.000000
vt 0.367919 0.248954 0.000000
vt 0.354638 0.248544 0.000000
vt 0.387089 0.882195 0.000000
vt 0.407505 0.893974 0.000000
vt 0.393582 0.904303 0.000000
vt 0.416889 0.643145 0.000000
vt 0.434487 0.647353 0.000000
vt 0.160689 0.581047 0.000000
vt 0.682391 0.398319 0.000000
vt 0.793264 0.433021 0.000000
vt 0.427054 0.539475 0.000000
vt 0.814997 0.559050 0.000000
vt 0.815200 0.571781 0.000000
vt 0.819014 0.550428 0.000000
vt 0.812363 0.552000 0.000000
vt 0.223338 0.210690 0.000000
vt 0.227584 0.192132 0.000000
vt 0.217505 0.183499 0.000000
vt 0.652741 0.679279 0.000000
vt 0.642673 0.660861 0.000000
vt 0.401324 0.065331 0.000000
vt 0.396371 0.079376 0.000000
vt 0.411390 0.073905 0.000000
vt 0.560519 0.104983 0.000000
vt 0.559983 0.128141 0.000000
vt 0.577762 0.522009 0.000000
vt 0.581394 0.503809 0.000000
vt 0.308456 0.566877 0.000000
vt 0.520512 0.609537 0.000000
vt 0.510098 0.614134 0.000000
vt 0.635769 0.137985 0.000000
vt 0.162609 0.390621 0.000000
vt 0.191869 0.048588 0.000000
vt 0.195298 0.042936 0.000000
vt 0.180728 0.050039 0.000000
vt 0.148910 0.763215 0.000000
vt 0.219641 0.049002 0.000000
vt 0.197809 0.050968 0.000000
vt 0.207515 0.695841 0.000000
vt 0.207395 0.686443 0.000000
vt 0.202594 0.701927 0.000000
vt 0.221160 0.671721 0.000000
vt 0.220673 0.659705 0.000000
vt 0.545045 0.718822 0.000000
vt 0.766008 0.678688 0.000000
vt 0.749495 0.664460 0.000000
vt 0.758168 0.662808 0.000000
vt 0.756138 0.640782 0.000000
vt 0.648717 0.487351 0.000000
vt 0.633760 0.462602 0.000000
vt 0.638227 0.462853 0.000000
vt 0.351166 0.396792 0.000000
vt 0.350850 0.390034 0.000000
vt 0.357548 0.395390 0.000000
vt 0.577053 0.495707 0.000000
vt 0.316220 0.538937 0.000000
vt 0.623241 0.298567 0.000000
vt 0.030056 0.092994 0.000000
vt 0.956436 0.041257 0.000000
vt 0.942815 0.054878 0.000000
vt 0.956436 0.068499 0.000000
vt 0.711792 0.116890 0.000000
vt 0.814788 0.390903 0.000000
vt 0.327351 0.413059 0.000000
vt 0.333688 0.399967 0.000000
vt 0.298949 0.342763 0.000000
vt 0.300829 0.324876 0.000000
vt 0.309173 0.343750 0.000000
vt 0.526170 0.601093 0.000000
vt 0.518818 0.593849 0.000000
vt 0.209634 0.519210 0.000000
vt 0.520166 0.584084 0.000000
vt 0.532685 0.596391 0.000000
vt 0.537148 0.573759 0.000000
vt 0.894122 0.684062 0.000000
vt 0.880125 0.675043 0.000000
vt 0.878826 0.660305 0.000000
vt 0.856820 0.657528 0.000000
vt 0.271837 0.540623 0.000000
vt 0.660822 0.386390 0.000000
vt 0.665590 0.402303 0.000000
vt 0.415247 0.065331 0.000000
vt 0.877829 0.092377 0.000000
vt 0.871351 0.104614 0.000000
vt 0.117821 0.622297 0.000000
vt 0.099796 0.617834 0.000000
vt 0.124768 0.637936 0.000000
vt 0.292434 0.042936 0.000000
vt 0.276257 0.061563 0.000000
vt 0.298204 0.056514 0.000000
vt 0.270246 0.288901 0.000000
vt 0.058400 0.458878 0.000000
vt 0.685668 0.487834 0.000000
vt 0.687443 0.504812 0.000000
vt 0.196623 0.145589 0.000000
vt 0.172685 0.145193 0.000000
vt 0.689722 0.473728 0.000000
vt 0.423065 0.314730 0.000000
vt 0.330620 0.480239 0.000000
vt 0.417905 0.466873 0.000000
vt 0.426913 0.459347 0.000000
vt 0.427339 0.449289 0.000000
vt 0.449520 0.643215 0.000000
vt 0.888798 0.639810 0.000000
vt 0.865134 0.649459 0.000000
vt 0.876186 0.647474 0.000000
vt 0.455390 0.313194 0.000000
vt 0.907249 0.594320 0.000000
vt 0.915788 0.585194 0.000000
vt 0.658368 0.291847 0.000000
vt 0.346701 0.246357 0.000000
vt 0.353603 0.826373 0.000000
vt 0.293863 0.657930 0.000000
vt 0.221402 0.442317 0.000000
vt 0.217985 0.457793 0.000000
vt 0.076008 0.519384 0.000000
vt 0.765359 0.304766 0.000000
vt 0.782821 0.317818 0.000000
vt 0.825100 0.332960 0.000000
vt 0.832950 0.337583 0.000000
vt 0.214307 0.312500 0.000000
vt 0.193267 0.320093 0.000000
vt 0.185405 0.298230 0.000000
vt 0.221944 0.879353 0.000000
vt 0.209824 0.864479 0.000000
vt 0.216889 0.859636 0.000000
vt 0.708191 0.524230 0.000000
vt 0.833336 0.330584 0.000000
vt 0.211041 0.129618 0.000000
vt 0.210983 0.138713 0.000000
vt 0.422642 0.403350 0.000000
vt 0.440223 0.390082 0.000000
vt 0.500845 0.742046 0.000000
vt 0.474000 0.711043 0.000000
vt 0.464781 0.709986 0.000000
vt 0.760302 0.524651 0.000000
vt 0.394656 0.239053 0.000000
vt 0.400095 0.255150 0.000000
vt 0.389132 0.264312 0.000000
vt 0.696058 0.325555 0.000000
vt 0.706316 0.333178 0.000000
vt 0.698981 0.328724 0.000000
vt 0.526336 0.060223 0.000000
vt 0.518492 0.079050 0.000000
vt 0.529372 0.078940 0.000000
vt -0.236201 0.148481 0.000000
vt 0.349389 0.535328 0.000000
vt 0.353656 0.546233 0.000000
vt 0.528243 0.088831 0.000000
vt 0.718911 0.531096 0.000000
vt 0.178715 0.334891 0.000000
vt 0.172338 0.353712 0.000000
vt 0.690722 0.499814 0.000000
vt 0.690566 0.493167 0.000000
vt 0.791585 0.563582 0.000000
vt 0.572195 0.589674 0.000000
vt 0.586579 0.609372 0.000000
vt 0.585790 0.590241 0.000000
vt 0.587370 0.581474 0.000000
vt 0.191254 0.326680 0.000000
vt 0.616538 0.079789 0.000000
vt 0.622633 0.089673 0.000000
vt 0.328409 0.462449 0.000000
vt 0.331343 0.469208 0.000000
vt 0.940040 0.059288 0.000000
vt 0.924429 0.050891 0.000000
vt 0.146548 0.357523 0.000000
vt 0.165398 0.368614 0.000000
vt 0.215065 0.449471 0.000000
vt 0.216745 0.431723 0.000000
vt 0.692028 0.673396 0.000000
vt 0.680598 0.656577 0.000000
vt 0.688726 0.656205 0.000000
vt 0.832844 0.136632 0.000000
vt 0.410535 0.601189 0.000000
vt 0.196041 0.784570 0.000000
vt 0.203101 0.776181 0.000000
vt 0.699134 0.512062 0.000000
vt 0.691363 0.511630 0.000000
vt 0.789328 0.222277 0.000000
vt 0.772342 0.242032 0.000000
vt 0.131619 0.236664 0.000000
vt 0.860155 0.085909 0.000000
vt 0.857253 0.089482 0.000000
vt 0.276137 0.252358 0.000000
vt 0.684833 0.075094 0.000000
vt 0.705821 0.075094 0.000000
vt 0.705821 0.066254 0.000000
vt 0.610472 0.806183 0.000000
vt 0.282056 0.911390 0.000000
vt 0.205708 0.126767 0.000000
vt 0.205465 0.137753 0.000000
vt 0.194379 0.140748 0.000000
vt 0.383391 0.218770 0.000000
vt 0.385375 0.213011 0.000000
vt 0.285032 0.422301 0.000000
vt 0.287049 0.434604 0.000000
vt 0.292284 0.435673 0.000000
vt 0.297481 0.431371 0.000000
vt 0.807825 0.071565 0.000000
vt 0.750203 0.333504 0.000000
vt 0.775136 0.327040 0.000000
vt 0.416979 0.455833 0.000000
vt 0.359939 0.086801 0.000000
vt 0.351196 0.096051 0.000000
vt 0.374920 0.309194 0.000000
vt 0.380967 0.300750 0.000000
vt 0.458513 0.603121 0.000000
vt 0.455997 0.597078 0.000000
vt 0.465070 0.592250 0.000000
vt 0.601533 0.054527 0.000000
vt 0.310855 0.325041 0.000000
vt 0.185239 0.080207 0.000000
vt 0.264797 0.943260 0.000000
vt 0.226815 0.942933 0.000000
vt 0.492865 0.119821 0.000000
vt 0.495143 0.137915 0.000000
vt 0.472197 0.597408 0.000000
vt 0.478706 0.590275 0.000000
vt 0.469631 0.592669 0.000000
vt 0.362531 0.836359 0.000000
vt 0.329386 0.793318 0.000000
vt 0.056458 0.619902 0.000000
vt 0.049469 0.637359 0.000000
vt 0.875977 0.407694 0.000000
vt 0.865153 0.385868 0.000000
vt 0.830579 0.054858 0.000000
vt 0.501257 0.043492 0.000000
vt 0.320866 0.363915 0.000000
vt 0.311457 0.352744 0.000000
vt 0.536709 0.515388 0.000000
vt 0.206573 0.433485 0.000000
vt 0.590716 0.594762 0.000000
vt 0.288492 0.625064 0.000000
vt 0.371106 0.548574 0.000000
vt 0.529566 0.059666 0.000000
vt 0.536176 0.044741 0.000000
vt 0.408190 0.655255 0.000000
vt 0.400375 0.630783 0.000000
vt 0.226552 0.286799 0.000000
vt 0.228718 0.279026 0.000000
vt 0.242010 0.282194 0.000000
vt 0.232271 0.296183 0.000000
vt 0.442876 0.371838 0.000000
vt 0.779540 0.418909 0.000000
vt 0.176004 0.320858 0.000000
vt 0.185181 0.327539 0.000000
vt 0.753030 0.538615 0.000000
vt 0.807835 0.618057 0.000000
vt 0.825963 0.609437 0.000000
vt 0.413893 0.079376 0.000000
vt 0.274946 0.138396 0.000000
vt 0.263528 0.135397 0.000000
vt 0.271658 0.145193 0.000000
vt 0.774026 0.098685 0.000000
vt 0.821439 0.648222 0.000000
vt 0.423209 0.412822 0.000000
vt 0.434515 0.426534 0.000000
vt 0.791918 0.691712 0.000000
vt 0.727786 0.390079 0.000000
vt 0.725157 0.393057 0.000000
vt 0.272026 0.051607 0.000000
vt 0.708675 0.332795 0.000000
vt 0.707787 0.328968 0.000000
vt 0.793919 0.409155 0.000000
vt 0.782620 0.405998 0.000000
vt 0.282687 0.102430 0.000000
vt 0.597850 0.080435 0.000000
vt 0.643220 0.055143 0.000000
vt 0.648667 0.043136 0.000000
vt 0.632957 0.043136 0.000000
vt 0.344927 0.059892 0.000000
vt 0.588504 0.744404 0.000000
vt 0.578010 0.729830 0.000000
vt 0.584783 0.706918 0.000000
vt 0.311817 0.342476 0.000000
vt 0.317734 0.348770 0.000000
vt 0.163283 0.252898 0.000000
vt 0.153190 0.233622 0.000000
vt 0.167885 0.229729 0.000000
vt 0.199775 0.386405 0.000000
vt 0.187432 0.391860 0.000000
vt 0.472318 0.493199 0.000000
vt 0.685596 0.549691 0.000000
vt 0.679206 0.564474 0.000000
vt 0.693360 0.554770 0.000000
vt 0.701270 0.578448 0.000000
vt 0.577641 0.693278 0.000000
vt 0.607287 0.702965 0.000000
vt 0.802215 0.413133 0.000000
vt 0.804918 0.404101 0.000000
vt 0.790297 0.402078 0.000000
vt 0.897663 0.726024 0.000000
vt 0.801428 0.391199 0.000000
vt 0.542479 0.091875 0.000000
vt 0.539442 0.101368 0.000000
vt 0.353058 0.437394 0.000000
vt 0.929157 0.618461 0.000000
vt 0.922584 0.623576 0.000000
vt 0.945607 0.597125 0.000000
vt 0.936284 0.621294 0.000000
vt 0.652349 0.493062 0.000000
vt 0.683165 0.482782 0.000000
vt 0.533001 0.666123 0.000000
vt 0.547049 0.666484 0.000000
vt 0.523400 0.655346 0.000000
vt 0.533263 0.707351 0.000000
vt 0.545356 0.706196 0.000000
vt 0.773340 0.054903 0.000000
vt 0.968374 0.595127 0.000000
vt 0.000000 0.664956 0.000000
vt 0.034988 0.658820 0.000000
vt 0.022974 0.657570 0.000000
vt 0.034083 0.651900 0.000000
vt 0.046184 0.644232 0.000000
vt 0.979901 0.644534 0.000000
vt 0.856926 0.539517 0.000000
vt 0.807825 0.056469 0.000000
vt 0.864824 0.541313 0.000000
vt 0.193627 0.580266 0.000000
vt 0.399800 0.618778 0.000000
vt 0.386685 0.624793 0.000000
vt 0.848559 0.661280 0.000000
vt 0.258038 0.791917 0.000000
vt 0.805736 0.552596 0.000000
vt 0.810615 0.560440 0.000000
vt 0.234041 0.512092 0.000000
vt 0.223541 0.055737 0.000000
vt 0.203727 0.186715 0.000000
vt 0.213049 0.168571 0.000000
vt 0.350829 0.722845 0.000000
vt 0.884578 0.054002 0.000000
vt 0.873886 0.061039 0.000000
vt 0.894098 0.084355 0.000000
vt 0.291639 0.793362 0.000000
vt 0.255615 0.195565 0.000000
vt 0.248375 0.201243 0.000000
vt 0.440476 0.376690 0.000000
vt 0.757834 0.669649 0.000000
vt 0.755550 0.676156 0.000000
vt 0.756354 0.683200 0.000000
vt 0.325258 0.263399 0.000000
vt 0.322827 0.799564 0.000000
vt 0.306079 0.802906 0.000000
vt 0.073352 0.555362 0.000000
vt 0.067518 0.562844 0.000000
vt 0.073759 0.566110 0.000000
vt 0.057901 0.558513 0.000000
vt 0.166801 0.278824 0.000000
vt 0.865991 0.548622 0.000000
vt 0.164342 0.266825 0.000000
vt 0.845305 0.328766 0.000000
vt 0.831777 0.073943 0.000000
vt 0.842922 0.056469 0.000000
vt 0.831777 0.056469 0.000000
vt 0.161567 0.628948 0.000000
vt 0.357356 0.238940 0.000000
vt 0.474964 0.347527 0.000000
vt 0.118205 0.568160 0.000000
vt 0.270663 0.283094 0.000000
vt 0.890382 0.455639 0.000000
vt 0.889879 0.426759 0.000000
vt 0.896319 0.415411 0.000000
vt 0.255234 0.686335 0.000000
vt 0.253009 0.698497 0.000000
vt 0.868945 0.134908 0.000000
vt 0.874278 0.137965 0.000000
vt 0.872666 0.119151 0.000000
vt 0.986792 0.551751 0.000000
vt 0.982913 0.557052 0.000000
vt 0.981495 0.525704 0.000000
vt 0.361068 0.470418 0.000000
vt 0.371572 0.460844 0.000000
vt 0.988033 0.563904 0.000000
vt 0.817962 0.477253 0.000000
vt 0.822189 0.475930 0.000000
vt 0.149754 0.473212 0.000000
vt 0.136708 0.467484 0.000000
vt 0.170164 0.436637 0.000000
vt 0.148346 0.462991 0.000000
vt 0.265982 0.056224 0.000000
vt 0.709307 0.415174 0.000000
vt 0.715898 0.414445 0.000000
vt 0.716973 0.431036 0.000000
vt 0.324698 1.000000 0.000000
vt 0.744433 0.540190 0.000000
vt 0.736103 0.606300 0.000000
vt 0.132964 0.249538 0.000000
vt 0.707167 0.126594 0.000000
vt 0.712532 0.145193 0.000000
vt 0.750274 0.145193 0.000000
vt 0.291800 0.525880 0.000000
vt 0.639646 0.390123 0.000000
vt 0.595049 0.367420 0.000000
vt 0.354059 0.386394 0.000000
vt 0.336594 0.378522 0.000000
vt 0.345430 0.382616 0.000000
vt 0.091656 0.599896 0.000000
vt 0.361963 0.451913 0.000000
vt 0.353100 0.445212 0.000000
vt 0.756815 0.267375 0.000000
vt 0.241096 0.294518 0.000000
vt 0.779637 0.402857 0.000000
vt 0.785428 0.376646 0.000000
vt 0.719466 0.628831 0.000000
vt 0.729527 0.608851 0.000000
vt 0.777727 0.042074 0.000000
vt 0.786731 0.049195 0.000000
vt 0.800198 0.043979 0.000000
vt 0.672850 0.124499 0.000000
vt 0.044717 0.110139 0.000000
vt 0.319625 0.061563 0.000000
vt 0.316092 0.048607 0.000000
vt 0.302924 0.053150 0.000000
vt 0.205389 0.259269 0.000000
vt 0.811444 0.626186 0.000000
vt 0.822399 0.620935 0.000000
vt 0.814434 0.616818 0.000000
vt 0.292999 0.072350 0.000000
vt 0.287783 0.075162 0.000000
vt 0.247606 0.176881 0.000000
vt 0.810200 0.614602 0.000000
vt 0.794688 0.595054 0.000000
vt 0.780775 0.697350 0.000000
vt 0.192619 0.845449 0.000000
vt 0.077080 0.056400 0.000000
vt 0.066192 0.045370 0.000000
vt 0.050255 0.518789 0.000000
vt 0.299951 0.048607 0.000000
vt 0.248642 0.908632 0.000000
vt 0.236611 0.901698 0.000000
vt 0.218212 0.926495 0.000000
vt 0.087726 0.608156 0.000000
vt 0.456501 0.703226 0.000000
vt 0.445045 0.695982 0.000000
vt 0.394567 0.507971 0.000000
vt 0.695894 0.698895 0.000000
vt 0.135890 0.687128 0.000000
vt 0.727696 0.720339 0.000000
vt 0.545165 0.035475 0.000000
vt 0.538776 0.043839 0.000000
vt 0.550095 0.040107 0.000000
vt 0.435413 0.544488 0.000000
vt 0.420867 0.543841 0.000000
vt 0.414250 0.546597 0.000000
vt 0.339730 0.708351 0.000000
vt 0.330700 0.704734 0.000000
vt 0.174516 0.440453 0.000000
vt 0.915241 0.612186 0.000000
vt 0.776366 0.346449 0.000000
vt 0.792803 0.344027 0.000000
vt 0.784489 0.340688 0.000000
vt 0.784153 0.332322 0.000000
vt 0.823787 0.616067 0.000000
vt 0.610116 0.500219 0.000000
vt 0.938529 0.568481 0.000000
vt 0.606345 0.132493 0.000000
vt 0.613589 0.137840 0.000000
vt 0.281908 0.099245 0.000000
vt 0.940997 0.415492 0.000000
vt 0.977227 0.425772 0.000000
vt 0.963455 0.419715 0.000000
vt 0.197266 0.488266 0.000000
vt 0.564978 0.630427 0.000000
vt 0.587072 0.625174 0.000000
vt 0.911559 0.511340 0.000000
vt 0.913108 0.506128 0.000000
vt 0.901316 0.498514 0.000000
vt 0.910911 0.524967 0.000000
vt 0.388498 0.501375 0.000000
vt 0.337551 0.540138 0.000000
vt 0.513167 0.091875 0.000000
vt 0.512822 0.084337 0.000000
vt 0.471333 0.070927 0.000000
vt 0.001884 0.778715 0.000000
vt 0.679090 0.073658 0.000000
vt 0.677799 0.067919 0.000000
vt 0.684833 0.069532 0.000000
vt 0.518492 0.088018 0.000000
vt 0.327318 0.698277 0.000000
vt 0.124968 0.361115 0.000000
vt 0.131131 0.370358 0.000000
vt 0.115226 0.371501 0.000000
vt 0.211881 0.405218 0.000000
vt 0.037577 0.642277 0.000000
vt 0.208959 0.477288 0.000000
vt 0.205288 0.488231 0.000000
vt 0.324774 0.355073 0.000000
vt 0.289568 0.558445 0.000000
vt 0.290997 0.545112 0.000000
vt 0.346572 0.638039 0.000000
vt 0.424854 0.521320 0.000000
vt 0.260188 0.402473 0.000000
vt 0.262751 0.406125 0.000000
vt 0.217238 0.474005 0.000000
vt 0.471333 0.080493 0.000000
vt 0.589643 0.055227 0.000000
vt 0.601533 0.061035 0.000000
vt 0.591371 0.050350 0.000000
vt 0.031156 0.783633 0.000000
vt 0.885642 0.423965 0.000000
vt 0.050660 0.111110 0.000000
vt 0.206582 0.145193 0.000000
vt 0.536176 0.091875 0.000000
vt 0.263878 0.637780 0.000000
vt 0.267105 0.613088 0.000000
vt 0.285624 0.097206 0.000000
vt 0.764743 0.098297 0.000000
vt 0.807825 0.098297 0.000000
vt 0.771903 0.097489 0.000000
vt 0.254571 0.280365 0.000000
vt 0.621310 0.662428 0.000000
vt 0.652651 0.662379 0.000000
vt 0.719172 0.591697 0.000000
vt 0.727509 0.591219 0.000000
vt 0.223541 0.066996 0.000000
vt 0.234810 0.072364 0.000000
vt 0.237745 0.065890 0.000000
vt -0.068792 0.637829 0.000000
vt 0.792441 0.236791 0.000000
vt 0.349169 0.594965 0.000000
vt 0.915337 0.079688 0.000000
vt 0.937589 0.085306 0.000000
vt 0.928350 0.081603 0.000000
vt 0.327738 0.681926 0.000000
vt 0.242053 0.059151 0.000000
vt 0.609680 0.117125 0.000000
vt 0.937872 0.603852 0.000000
vt 0.109646 0.511840 0.000000
vt 0.100124 0.517505 0.000000
vt 0.078201 0.494503 0.000000
vt 0.085598 0.498308 0.000000
vt 0.086235 0.494372 0.000000
vt 0.127871 0.307123 0.000000
vt 0.144146 0.308260 0.000000
vt 0.127159 0.295187 0.000000
vt 0.333686 0.055120 0.000000
vt 0.045158 0.464832 0.000000
vt 0.961940 0.103719 0.000000
vt 0.956436 0.121244 0.000000
vt 0.961940 0.134222 0.000000
vt 0.954782 0.499878 0.000000
vt 0.163356 0.156802 0.000000
vt 0.803884 0.452996 0.000000
vt 0.153718 0.595112 0.000000
vt 0.161360 0.618510 0.000000
vt 0.157439 0.593359 0.000000
vt 0.156264 0.615231 0.000000
vt 0.887159 0.533337 0.000000
vt 0.092466 0.456210 0.000000
vt 0.153946 0.608299 0.000000
vt 0.433051 0.261279 0.000000
vt 0.684959 0.640005 0.000000
vt 0.997805 0.625305 0.000000
vt 1.000000 0.608361 0.000000
vt 0.994690 0.594313 0.000000
vt 0.959188 0.088331 0.000000
vt 0.274102 0.286200 0.000000
vt 0.266933 0.336168 0.000000
vt 0.519471 0.700197 0.000000
vt 0.525269 0.720631 0.000000
vt 0.887845 0.782793 0.000000
vt 0.895400 0.092377 0.000000
vt 0.810295 0.466204 0.000000
vt 0.784812 0.556963 0.000000
vt 0.668903 0.643355 0.000000
vt 0.518492 0.053917 0.000000
vt 0.568142 0.349092 0.000000
vt 0.581104 0.337778 0.000000
vt 0.574397 0.313799 0.000000
vt 0.565946 0.664384 0.000000
vt 0.506809 0.458720 0.000000
vt 0.778651 0.092399 0.000000
vt 0.759605 0.085909 0.000000
vt 0.776421 0.097489 0.000000
vt 0.758208 0.798632 0.000000
vt 0.784464 0.097489 0.000000
vt 0.658259 0.534297 0.000000
vt 0.650134 0.048750 0.000000
vt 0.584178 0.316896 0.000000
vt 0.207679 0.145278 0.000000
vt 0.778231 0.466305 0.000000
vt 0.773158 0.460303 0.000000
vt 0.838825 0.410841 0.000000
vt 0.863823 0.050073 0.000000
vt 0.873886 0.054002 0.000000
vt 0.872143 0.047091 0.000000
vt 0.318064 0.172808 0.000000
vt 0.761794 0.674973 0.000000
vt 0.280173 0.821674 0.000000
vt 0.301497 0.831021 0.000000
vt 0.836435 0.526129 0.000000
vt 0.840611 0.531468 0.000000
vt 0.834486 0.506197 0.000000
vt 0.799280 0.491411 0.000000
vt 0.638870 0.500524 0.000000
vt 0.606710 0.064427 0.000000
vt 0.291307 0.503712 0.000000
vt 0.384474 0.589400 0.000000
vt 0.560354 0.773206 0.000000
vt 0.369876 0.084609 0.000000
vt 0.763268 0.464308 0.000000
vt 0.613114 0.483035 0.000000
vt 0.628247 0.478751 0.000000
vt 0.826013 0.430024 0.000000
vt 0.205011 0.591128 0.000000
vt 0.224547 0.589676 0.000000
vt 0.729104 0.279531 0.000000
vt 0.871306 0.118736 0.000000
vt 0.085207 0.594797 0.000000
vt 0.589280 0.780586 0.000000
vt 0.588791 0.145193 0.000000
vt 0.113902 0.471717 0.000000
vt 0.832085 0.524205 0.000000
vt 0.829104 0.539334 0.000000
vt 0.834785 0.531384 0.000000
vt 0.409104 0.536238 0.000000
vt 0.648245 0.758079 0.000000
vt 0.634015 0.752338 0.000000
vt 0.377472 0.333367 0.000000
vt 0.582593 0.638306 0.000000
vt 0.272559 0.280849 0.000000
vt 0.310915 0.509187 0.000000
vt 0.557707 0.062130 0.000000
vt 0.558640 0.051610 0.000000
vt 0.550095 0.056903 0.000000
vt 0.050687 0.199484 0.000000
vt 0.842922 0.073943 0.000000
vt 0.276251 0.338038 0.000000
vt 0.356291 0.874009 0.000000
vt 0.196498 0.271011 0.000000
vt 0.291033 0.396064 0.000000
vt 0.263531 0.402727 0.000000
vt 0.119353 0.521977 0.000000
vt 0.114920 0.530790 0.000000
vt 0.118867 0.530808 0.000000
vt 0.773900 0.479836 0.000000
vt 0.504764 0.524476 0.000000
vt 0.500832 0.524869 0.000000
vt 0.291207 0.466490 0.000000
vt 0.109593 0.308876 0.000000
vt 0.102496 0.321522 0.000000
vt 0.831777 0.085909 0.000000
vt 0.116509 0.520133 0.000000
vt 0.112978 0.514340 0.000000
vt 0.480185 0.051012 0.000000
vt 0.473561 0.056295 0.000000
vt 0.563736 0.423164 0.000000
vt 0.199049 0.356213 0.000000
vt 0.191539 0.362831 0.000000
vt 0.632904 0.069401 0.000000
vt 0.649676 0.068833 0.000000
vt 0.648335 0.061990 0.000000
vt 0.207481 0.919685 0.000000
vt 0.670800 0.037890 0.000000
vt 0.660994 0.042268 0.000000
vt 0.665372 0.052073 0.000000
vt 0.658991 0.165720 0.000000
vt 0.645002 0.058535 0.000000
vt 0.345588 0.679663 0.000000
vt 0.608241 0.083935 0.000000
vt 0.193084 0.345757 0.000000
vt 0.230007 0.722226 0.000000
vt 0.224254 0.721452 0.000000
vt 0.349462 0.846692 0.000000
vt 0.604731 0.145193 0.000000
vt 0.613589 0.145193 0.000000
vt 0.725590 0.385479 0.000000
vt 0.921253 0.063299 0.000000
vt 0.924709 0.076558 0.000000
vt 0.940040 0.065863 0.000000
vt 0.156104 0.056035 0.000000
vt 0.115204 0.324813 0.000000
vt 0.093845 0.333332 0.000000
vt 0.165724 0.178119 0.000000
vt 0.910879 0.645252 0.000000
vt 0.898582 0.625562 0.000000
vt 0.660822 0.536777 0.000000
vt 0.660316 0.552483 0.000000
vt 0.125950 0.722632 0.000000
vt 0.127551 0.711684 0.000000
vt 0.247002 0.429343 0.000000
vt 0.122568 0.055737 0.000000
vt 0.115437 0.050568 0.000000
vt 0.159066 0.392675 0.000000
vt 0.344365 0.858928 0.000000
vt 0.408102 0.291208 0.000000
vt 0.367450 0.701470 0.000000
vt 0.088479 0.501789 0.000000
vt 0.181616 0.577951 0.000000
vt 0.175770 0.582023 0.000000
vt 0.666122 0.561134 0.000000
vt 0.312474 0.388699 0.000000
vt 0.755540 0.452989 0.000000
vt 0.798593 0.349106 0.000000
vt 0.940210 0.463779 0.000000
vt 0.931792 0.469963 0.000000
vt 0.937427 0.445448 0.000000
vt 0.920601 0.431311 0.000000
vt 0.572659 0.370568 0.000000
vt 0.715211 0.526902 0.000000
vt 0.207615 0.199690 0.000000
vt 0.209776 0.205011 0.000000
vt 0.209203 0.189803 0.000000
vt 0.703578 0.102493 0.000000
vt 0.698660 0.102850 0.000000
vt 0.699018 0.107768 0.000000
vt 0.694409 0.116771 0.000000
vt 0.888893 0.432828 0.000000
vt 0.463440 0.478893 0.000000
vt 0.586689 0.550838 0.000000
vt 0.619186 0.432895 0.000000
vt 0.571149 0.613322 0.000000
vt 0.100296 0.402984 0.000000
vt 0.489374 0.104752 0.000000
vt 0.497048 0.109443 0.000000
vt 0.972208 0.658664 0.000000
vt 0.956834 0.647806 0.000000
vt 0.651764 0.037994 0.000000
vt 0.650134 0.045102 0.000000
vt 0.660492 0.058535 0.000000
vt 0.648340 0.918400 0.000000
vt 0.632904 0.061035 0.000000
vt 0.586341 0.801779 0.000000
vt 0.840084 0.143606 0.000000
vt 0.196901 0.904458 0.000000
vt 0.823756 0.765151 0.000000
vt 0.834582 0.776685 0.000000
vt 0.834349 0.772671 0.000000
vt 0.348307 0.618882 0.000000
vt 0.354916 0.612265 0.000000
vt 0.507825 0.635527 0.000000
vt 0.837770 0.762476 0.000000
vt 0.653559 0.077462 0.000000
vt 0.821932 0.458999 0.000000
vt 0.828747 0.467843 0.000000
vt 0.841635 0.773996 0.000000
vt 0.841285 0.765201 0.000000
vt 0.452110 0.070228 0.000000
vt 0.312581 0.318346 0.000000
vt 0.422112 0.371280 0.000000
vt 0.836647 0.464645 0.000000
vt 0.846412 0.470609 0.000000
vt 0.893795 0.448922 0.000000
vt 0.634402 0.480449 0.000000
vt 0.638280 0.470899 0.000000
vt 0.310494 0.252593 0.000000
vt 0.277372 0.259658 0.000000
vt 0.292281 0.266086 0.000000
vt 0.721693 0.250401 0.000000
vt 0.309771 0.412820 0.000000
vt 0.069846 0.574327 0.000000
vt 0.548709 0.092476 0.000000
vt 0.700234 0.425700 0.000000
vt 0.715531 0.267076 0.000000
vt 0.183008 0.055737 0.000000
vt 0.547261 0.484347 0.000000
vt 0.827494 0.478281 0.000000
vt 0.740824 0.378306 0.000000
vt 0.471333 0.136820 0.000000
vt 0.259572 0.064779 0.000000
vt 0.268945 0.073263 0.000000
vt 0.352845 0.554353 0.000000
vt 0.676888 0.138906 0.000000
vt 0.395900 0.264665 0.000000
vt 0.643095 0.145193 0.000000
vt 0.551174 0.066781 0.000000
vt 0.554825 0.069425 0.000000
vt 0.396371 0.109523 0.000000
vt 0.015471 0.045370 0.000000
vt 0.015917 0.038443 0.000000
vt 0.000000 0.041755 0.000000
vt -0.711514 0.207714 0.000000
vt 0.541736 0.790214 0.000000
vt 0.583106 0.499660 0.000000
vt 0.266010 0.110931 0.000000
vt 0.851577 0.779140 0.000000
vt 0.791016 0.095647 0.000000
vt 0.807825 0.097489 0.000000
vt 0.789848 0.085909 0.000000
vt 0.395414 0.271823 0.000000
vt 0.646636 0.469339 0.000000
vt 0.643040 0.471942 0.000000
vt 0.235135 0.193373 0.000000
vt 0.918068 0.531857 0.000000
vt 0.704182 0.144921 0.000000
vt 0.760710 0.100868 0.000000
vt 0.758476 0.119441 0.000000
vt 0.243540 0.486560 0.000000
vt 0.768002 0.354858 0.000000
vt 0.758184 0.353830 0.000000
vt 0.908019 0.673154 0.000000
vt 0.210810 0.460270 0.000000
vt 0.418786 0.475641 0.000000
vt 0.790204 0.102513 0.000000
vt 0.771774 0.112835 0.000000
vt 0.560326 0.442145 0.000000
vt 0.550773 0.447561 0.000000
vt 0.552968 0.466335 0.000000
vt 0.950645 0.641966 0.000000
vt 0.369622 0.338982 0.000000
vt 0.351127 0.348404 0.000000
vt 0.349207 0.631513 0.000000
vt 0.226400 0.596565 0.000000
vt 0.202051 0.715673 0.000000
vt 0.249308 0.448051 0.000000
vt 0.979514 0.492321 0.000000
vt 0.977884 0.490183 0.000000
vt 0.961398 0.495064 0.000000
vt 0.632904 0.126651 0.000000
vt 0.172837 0.402636 0.000000
vt 0.219221 0.580869 0.000000
vt 0.290676 0.193643 0.000000
vt 0.728142 0.082570 0.000000
vt 0.717701 0.081963 0.000000
vt 0.336034 0.227103 0.000000
vt 0.327223 0.234358 0.000000
vt 0.341656 0.246705 0.000000
vt 0.147949 0.229674 0.000000
vt 0.150850 0.225169 0.000000
vt 0.620707 0.489172 0.000000
vt 0.114741 0.363239 0.000000
vt 0.608475 0.430413 0.000000
vt 0.965547 0.579142 0.000000
vt 0.235009 0.756436 0.000000
vt 0.956436 0.144455 0.000000
vt 0.550095 0.030280 0.000000
vt 0.162329 0.240193 0.000000
vt 0.283169 0.119208 0.000000
vt 0.204820 0.277240 0.000000
vt 0.211974 0.270780 0.000000
vt 0.308137 0.700692 0.000000
vt 0.931419 0.417070 0.000000
vt 0.935050 0.419814 0.000000
vt 0.861800 0.794048 0.000000
vt 0.710349 0.065166 0.000000
vt 0.149022 0.038425 0.000000
vt 0.131897 0.041681 0.000000
vt 0.619791 0.335198 0.000000
vt 0.842922 0.085909 0.000000
vt 0.487583 0.056073 0.000000
vt 0.488380 0.061889 0.000000
vt 0.488380 0.037123 0.000000
vt 0.103511 0.195499 0.000000
vt 0.106807 0.122975 0.000000
vt 0.112132 0.120446 0.000000
vt 0.255641 0.805518 0.000000
vt 0.655161 0.072239 0.000000
vt 0.669545 0.061035 0.000000
vt 0.915337 0.128796 0.000000
vt 0.325264 0.358187 0.000000
vt 0.190231 0.740487 0.000000
vt 0.905018 0.616260 0.000000
vt 0.914355 0.625445 0.000000
vt 0.438500 0.443657 0.000000
vt 0.168254 0.856408 0.000000
vt 0.176616 0.822296 0.000000
vt 0.885082 0.804858 0.000000
vt 0.717595 0.066835 0.000000
vt 0.714497 0.065166 0.000000
vt 0.715366 0.072213 0.000000
vt 0.579587 0.134885 0.000000
vt 0.186416 0.634174 0.000000
vt 0.670800 0.068932 0.000000
vt 0.630920 0.052901 0.000000
vt 0.573941 0.055227 0.000000
vt 0.330779 0.509220 0.000000
vt 0.326021 0.484982 0.000000
vt 0.682617 0.108624 0.000000
vt 0.621332 0.437164 0.000000
vt 0.671079 0.108624 0.000000
vt 0.818757 0.412828 0.000000
vt 0.125096 0.472291 0.000000
vt 0.131131 0.466641 0.000000
vt 0.568214 0.519127 0.000000
vt 0.571670 0.543235 0.000000
vt 0.576969 0.527313 0.000000
vt 0.226901 0.076059 0.000000
vt 0.832695 0.048693 0.000000
vt 0.845025 0.051929 0.000000
vt 0.836082 0.042004 0.000000
vt 0.744534 0.193730 0.000000
vt 0.299739 0.316154 0.000000
vt 0.556638 0.103152 0.000000
vt 0.921310 0.143444 0.000000
vt 0.942397 0.144455 0.000000
vt 0.977394 0.511313 0.000000
vt 0.304536 0.765254 0.000000
vt 0.829076 0.458537 0.000000
vt 0.268968 0.123605 0.000000
vt 0.712747 0.435434 0.000000
vt 0.352222 0.494926 0.000000
vt 0.469390 0.043762 0.000000
vt 0.710349 0.076921 0.000000
vt 0.292777 0.278995 0.000000
vt 0.412656 0.451914 0.000000
vt 0.408005 0.457900 0.000000
vt 0.501257 0.030690 0.000000
vt 0.564483 0.053622 0.000000
vt 0.758476 0.143533 0.000000
vt 0.409820 0.550423 0.000000
vt 0.395687 0.552105 0.000000
vt 0.789561 0.415842 0.000000
vt 0.306218 0.830529 0.000000
vt 0.889156 0.539727 0.000000
vt 0.391517 0.412048 0.000000
vt 0.697404 0.729729 0.000000
vt 0.768279 0.145193 0.000000
vt 0.745885 0.052073 0.000000
vt 0.577190 0.305919 0.000000
vt 0.763794 0.648242 0.000000
vt 0.250817 0.505316 0.000000
vt 0.278508 0.481985 0.000000
vt 0.250107 0.443675 0.000000
vt 0.615435 0.660573 0.000000
vt 0.607229 0.660213 0.000000
vt 0.600086 0.660098 0.000000
vt 0.653500 0.289374 0.000000
vt 0.793700 0.353904 0.000000
vt 0.385082 0.238625 0.000000
vt 0.807825 0.140687 0.000000
vt 0.231717 0.719300 0.000000
vt 0.235996 0.717103 0.000000
vt 0.052486 0.548227 0.000000
vt 0.876743 0.086123 0.000000
vt 0.895322 0.085909 0.000000
vt 0.463365 0.325960 0.000000
vt 0.164405 0.056063 0.000000
vt 0.186682 0.798481 0.000000
vt 0.407325 0.237814 0.000000
vt 0.506688 0.110784 0.000000
vt 0.501207 0.111686 0.000000
vt 0.564376 0.520364 0.000000
vt 0.134518 0.484187 0.000000
vt 0.232591 0.305191 0.000000
vt 0.354207 0.392816 0.000000
vt 0.563689 0.788999 0.000000
vt 0.182743 0.331529 0.000000
vt 0.669624 0.546308 0.000000
vt 0.536176 0.036960 0.000000
vt 0.325843 0.453254 0.000000
vt 0.977456 0.456988 0.000000
vt 0.982379 0.473867 0.000000
vt 0.348863 0.600616 0.000000
vt 0.704705 0.052073 0.000000
vt 0.669273 0.552913 0.000000
vt 0.277826 0.131231 0.000000
vt 0.353600 0.602665 0.000000
vt 0.473122 0.040850 0.000000
vt 0.568829 0.452002 0.000000
vt 0.181055 0.638934 0.000000
vt 0.198884 0.350408 0.000000
vt 0.363140 0.868851 0.000000
vt 0.117408 0.035481 0.000000
vt 0.126511 0.028509 0.000000
vt 0.019746 0.593935 0.000000
vt 0.980660 0.654986 0.000000
vt 0.420186 0.226698 0.000000
vt 0.512143 0.053917 0.000000
vt 0.507317 0.060854 0.000000
vt 0.518492 0.061681 0.000000
vt 0.258054 0.239679 0.000000
vt 0.955207 0.134987 0.000000
vt 0.808472 0.422936 0.000000
vt 0.806319 0.416853 0.000000
vt 0.765598 0.756366 0.000000
vt 0.059476 0.661936 0.000000
vt 0.789783 0.421785 0.000000
vt 0.471696 0.457696 0.000000
vt 0.294680 0.526721 0.000000
vt 0.162435 0.028478 0.000000
vt 0.452110 0.057445 0.000000
vt 0.159037 0.276881 0.000000
vt 0.163074 0.497271 0.000000
vt 0.636778 0.746612 0.000000
vt 0.173421 0.049281 0.000000
vt 0.715303 0.678009 0.000000
vt 0.726312 0.432218 0.000000
vt 0.731540 0.444703 0.000000
vt 0.210673 0.444314 0.000000
vt 0.275919 0.486632 0.000000
vt 0.640407 0.442638 0.000000
vt 0.084018 0.048498 0.000000
vt 0.090719 0.042579 0.000000
vt 0.087567 0.036558 0.000000
vt -0.402824 0.137144 0.000000
vt 0.113081 0.056400 0.000000
vt 0.098553 0.043482 0.000000
vt 0.097025 0.036558 0.000000
vt 0.694074 0.577199 0.000000
vt 0.606072 0.058535 0.000000
vt 0.314637 0.322710 0.000000
vt 0.446709 0.073602 0.000000
vt 0.452110 0.079376 0.000000
vt 0.579285 0.679558 0.000000
vt 0.187316 0.069687 0.000000
vt 0.325939 0.243566 0.000000
vt 0.205640 0.192986 0.000000
vt 0.199490 0.195321 0.000000
vt 0.187672 0.201664 0.000000
vt 0.688194 0.102493 0.000000
vt 0.683410 0.107542 0.000000
vt 0.698660 0.107542 0.000000
vt 0.681954 0.108998 0.000000
vt 0.565197 0.460127 0.000000
vt 0.843191 0.445711 0.000000
vt 0.314857 0.335489 0.000000
vt 0.634605 0.102493 0.000000
vt 0.633955 0.106419 0.000000
vt 0.641086 0.106102 0.000000
vt -0.103254 0.946461 0.000000
vt 0.636369 0.055143 0.000000
vt 0.764957 0.442278 0.000000
vt 0.266054 0.119254 0.000000
vt 0.695303 0.625889 0.000000
vt 0.670800 0.065166 0.000000
vt 0.686877 0.058186 0.000000
vt 0.658257 0.525170 0.000000
vt 0.188283 0.785298 0.000000
vt 0.358404 0.879941 0.000000
vt 0.155542 0.055737 0.000000
vt 0.915654 0.520672 0.000000
vt 0.802319 0.049212 0.000000
vt 0.601533 0.100182 0.000000
vt 0.815873 0.418132 0.000000
vt 0.627549 0.345962 0.000000
vt 0.821790 0.422023 0.000000
vt 0.849321 0.786137 0.000000
vt 0.059747 0.079387 0.000000
vt 0.352066 0.608929 0.000000
vt 0.559741 0.054222 0.000000
vt 0.564483 0.051769 0.000000
vt 0.559920 0.046266 0.000000
vt 0.159644 0.260717 0.000000
vt 0.825286 0.139790 0.000000
vt 0.605109 0.104638 0.000000
vt 0.857593 0.049868 0.000000
vt 0.856697 0.042004 0.000000
vt 0.499266 0.061889 0.000000
vt 0.807825 0.049212 0.000000
vt 0.805914 0.042004 0.000000
vt 0.417399 0.145193 0.000000
vt 0.798116 0.049270 0.000000
vt 0.644757 0.102493 0.000000
vt 0.641086 0.108066 0.000000
vt 0.797157 0.383276 0.000000
vt 0.894655 0.066020 0.000000
vt 0.909784 0.066020 0.000000
vt 0.909784 0.050891 0.000000
vt 0.759189 0.069100 0.000000
vt 0.151519 0.033268 0.000000
vt 0.296392 0.815452 0.000000
vt 0.564483 0.061035 0.000000
vt 0.287013 0.108231 0.000000
vt 0.255749 0.209075 0.000000
vt 0.066909 0.571729 0.000000
vt 0.392630 0.614606 0.000000
vt 0.598349 0.069395 0.000000
vt 0.598498 0.067681 0.000000
vt 0.637009 0.345717 0.000000
vt 0.910162 0.136876 0.000000
vt 0.915337 0.144455 0.000000
vt 0.750598 0.114854 0.000000
vt 0.244696 0.042936 0.000000
vt 0.515770 0.074475 0.000000
vt 0.518492 0.062126 0.000000
vt 0.674778 0.691429 0.000000
vt 0.081888 0.340123 0.000000
vt 0.601533 0.138256 0.000000
vt 0.531156 0.030690 0.000000
vt 0.547064 0.077207 0.000000
vt 0.467377 0.588907 0.000000
vt 0.467476 0.597676 0.000000
vt 0.533515 0.064775 0.000000
vt 0.017508 0.046718 0.000000
vt 0.011068 0.045370 0.000000
vt 0.257016 0.096303 0.000000
vt 0.558640 0.091875 0.000000
vt 0.223541 0.076059 0.000000
vt 0.064413 0.639647 0.000000
vt 0.723563 0.364124 0.000000
vt 0.729464 0.055549 0.000000
vt 0.230607 0.177592 0.000000
vt 0.174550 0.521387 0.000000
vt 0.322371 0.358424 0.000000
vt 0.579342 0.046936 0.000000
vt 0.247233 0.052426 0.000000
vt 0.341143 0.050543 0.000000
vt 0.338429 0.044559 0.000000
vt 0.333699 0.044210 0.000000
vt -0.816062 0.273127 0.000000
vt 0.298204 0.039049 0.000000
vt 0.821408 0.430118 0.000000
vt 0.412439 0.462013 0.000000
vt 0.905527 0.124391 0.000000
vt 0.669545 0.107075 0.000000
vt 0.683410 0.108463 0.000000
vt 0.678841 0.102493 0.000000
vt 0.177147 0.793241 0.000000
vt 0.807825 0.053177 0.000000
vt 0.048392 0.538111 0.000000
vt 0.720987 0.102601 0.000000
vt 0.714962 0.733150 0.000000
vt 0.866850 0.036720 0.000000
vt 0.862181 0.044491 0.000000
vt 0.873886 0.044491 0.000000
vt 0.190490 0.192211 0.000000
vt 0.762470 0.769150 0.000000
vt 0.895400 0.098570 0.000000
vt 0.180810 0.076059 0.000000
vt 0.840084 0.129474 0.000000
vt 0.807825 0.042004 0.000000
vt 0.828814 0.145193 0.000000
vt 0.417926 0.053872 0.000000
vt 0.396371 0.045392 0.000000
vt 0.418607 0.065331 0.000000
vt -0.409069 0.189297 0.000000
# 3055 texture coordinates

o 3
usemtl Default_1
f 1/3/3 2/2/2 3/1/1
f 4/7/6 5/6/5 6/5/4
f 7/9/8 8/8/7 6/5/4
f 4/7/6 6/5/4 8/8/7
f 9/12/11 10/11/10 11/10/9
f 12/15/14 13/14/13 14/13/12
f 13/14/13 12/15/14 15/16/15
f 13/14/13 15/16/15 14/13/12
f 16/19/18 17/18/17 18/17/16
f 19/22/21 20/21/20 21/20/19
f 22/25/24 23/24/23 24/23/22
f 18/17/16 17/18/17 14/13/12
f 14/28/12 17/27/17 25/26/25
f 18/17/16 14/13/12 26/30/26
f 27/33/29 28/32/28 29/31/27
f 30/36/32 31/35/31 32/34/30
f 33/39/35 34/38/34 35/37/33
f 36/43/38 37/42/37 38/41/36
f 36/43/38 38/41/36 39/44/39
f 40/45/40 37/42/37 36/43/38
f 40/45/40 36/43/38 39/44/39
f 41/48/43 42/47/42 43/46/41
f 44/51/46 45/50/45 46/49/44
f 47/54/49 48/53/48 49/52/47
f 50/57/52 51/56/51 52/55/50
f 53/60/55 54/59/54 55/58/53
f 56/63/58 57/62/57 58/61/56
f 58/61/56 59/64/59 56/63/58
f 60/67/62 61/66/61 62/65/60
f 60/67/62 63/68/63 61/66/61
f 64/70/65 65/69/64 61/66/61
f 61/66/61 65/69/64 62/65/60
f 65/69/64 64/70/65 63/68/63
f 66/73/68 67/72/67 68/71/66
f 69/76/71 70/75/70 71/74/69
f 72/79/74 73/78/73 74/77/72
f 75/82/77 76/81/76 77/80/75
f 78/85/80 79/84/79 80/83/78
f 51/56/51 81/87/82 82/86/81
f 83/90/85 84/89/84 85/88/83
f 86/93/88 87/92/87 88/91/86
f 89/96/91 90/95/90 91/94/89
f 89/96/91 91/94/89 92/98/92
f 92/98/92 93/99/93 89/96/91
f 94/102/95 95/101/94 92/100/92
f 94/104/95 92/98/92 91/94/89
f 91/107/89 95/106/94 93/105/93
f 89/111/91 93/110/93 95/109/94
f 90/95/90 89/96/91 95/113/94
f 96/115/97 97/114/96 72/79/74
f 98/118/99 99/117/98 94/116/95
f 100/120/101 101/119/100 94/116/95
f 102/123/104 103/122/103 104/121/102
f 105/126/107 106/125/106 107/124/105
f 108/130/110 109/129/109 110/128/108
f 111/133/113 112/132/112 113/131/111
f 114/136/116 115/135/115 116/134/114
f 109/129/109 108/130/110 117/137/117
f 108/130/110 118/138/118 117/137/117
f 109/129/109 117/137/117 118/138/118
f 119/141/121 120/140/120 121/139/119
f 122/144/124 123/143/123 124/142/122
f 125/146/126 126/145/125 120/140/120
f 127/149/129 128/148/128 129/147/127
f 130/152/131 33/151/35 131/150/130
f 132/156/134 133/155/133 134/154/132
f 130/152/131 131/150/130 135/158/135
f 136/160/137 130/152/131 137/159/136
f 138/163/140 139/162/139 140/161/138
f 141/165/142 142/164/141 125/146/126
f 143/168/145 144/167/144 145/166/143
f 146/171/148 147/170/147 148/169/146
f 149/174/151 150/173/150 151/172/149
f 150/173/150 152/176/153 153/175/152
f 149/174/151 152/176/153 150/173/150
f 154/177/154 152/176/153 149/174/151
f 153/175/152 152/176/153 155/178/155
f 155/178/155 152/176/153 154/177/154
f 155/178/155 154/177/154 156/179/156
f 157/182/159 158/181/158 159/180/157
f 160/185/162 161/184/161 162/183/160
f 163/188/165 164/187/164 165/186/163
f 166/191/168 167/190/167 168/189/166
f 169/194/171 170/193/170 171/192/169
f 172/197/174 173/196/173 174/195/172
f 175/200/177 176/199/176 177/198/175
f 178/203/180 179/202/179 180/201/178
f 181/206/183 182/205/182 183/204/181
f 184/209/186 185/208/185 186/207/184
f 187/211/188 182/205/182 188/210/187
f 189/214/191 190/213/190 191/212/189
f 192/218/194 193/217/193 194/216/192
f 195/222/197 196/221/196 197/220/195
f 34/38/34 136/225/137 137/224/136
f 194/228/192 198/227/199 199/226/198
f 194/228/192 193/229/193 198/227/199
f 200/230/200 194/228/192 199/226/198
f 192/218/194 194/232/192 200/231/200
f 201/235/203 202/234/202 203/233/201
f 204/239/206 205/238/205 206/237/204
f 207/242/208 208/241/207 196/240/196
f 209/246/211 210/245/210 211/244/209
f 212/249/214 213/248/213 214/247/212
f 215/253/217 216/252/216 217/251/215
f 218/256/218 213/255/213 212/254/214
f 218/256/218 212/254/214 219/258/219
f 220/261/220 211/260/209 210/259/210
f 221/264/223 222/263/222 223/262/221
f 224/266/224 212/249/214 214/247/212
f 225/269/227 226/268/226 227/267/225
f 211/260/209 220/261/220 228/271/228
f 229/274/230 230/273/229 219/272/219
f 222/277/222 231/276/231 223/275/221
f 223/275/221 231/276/231 232/279/232
f 233/282/235 234/281/234 235/280/233
f 236/285/238 237/284/237 238/283/236
f 214/289/212 231/288/231 222/287/222
f 230/273/229 229/274/230 239/291/239
f 232/294/232 231/293/231 214/292/212
f 229/274/230 224/266/224 239/291/239
f 219/272/219 212/249/214 224/266/224
f 224/266/224 229/274/230 219/272/219
f 240/296/240 224/266/224 214/247/212
f 241/299/243 242/298/242 243/297/241
f 240/301/240 214/289/212 222/287/222
f 239/291/239 220/261/220 230/273/229
f 239/291/239 228/271/228 220/261/220
f 240/296/240 239/291/239 224/266/224
f 244/304/246 245/303/245 246/302/244
f 239/291/239 240/296/240 247/306/247
f 244/309/246 246/308/244 248/307/248
f 249/312/251 250/311/250 251/310/249
f 252/315/253 253/314/252 248/307/248
f 254/318/256 255/317/255 256/316/254
f 257/319/257 254/318/256 256/316/254
f 257/319/257 255/317/255 254/318/256
f 258/322/260 259/321/259 260/320/258
f 261/325/263 262/324/262 263/323/261
f 264/328/266 265/327/265 266/326/264
f 267/331/269 268/330/268 269/329/267
f 270/334/272 271/333/271 272/332/270
f 273/337/275 274/336/274 275/335/273
f 276/340/278 277/339/277 278/338/276
f 279/343/281 280/342/280 281/341/279
f 282/347/284 283/346/283 284/345/282
f 285/350/287 286/349/286 287/348/285
f 288/353/290 289/352/289 290/351/288
f 291/356/293 292/355/292 293/354/291
f 294/359/296 295/358/295 296/357/294
f 297/361/298 268/330/268 298/360/297
f 299/364/301 300/363/300 301/362/299
f 302/366/303 164/187/164 303/365/302
f 297/361/298 304/367/304 268/330/268
f 301/362/299 305/369/306 306/368/305
f 307/372/309 308/371/308 309/370/307
f 310/375/312 311/374/311 312/373/310
f 313/378/315 314/377/314 315/376/313
f 136/225/137 34/38/34 33/39/35
f 33/151/35 130/152/131 136/160/137
f 316/381/318 317/380/317 318/379/316
f 319/384/321 320/383/320 321/382/319
f 322/387/324 323/386/323 324/385/322
f 325/390/327 326/389/326 327/388/325
f 328/393/330 329/392/329 330/391/328
f 331/396/333 332/395/332 333/394/331
f 137/224/136 35/37/33 34/38/34
f 334/399/336 335/398/335 336/397/334
f 337/402/339 338/401/338 339/400/337
f 340/405/342 341/404/341 342/403/340
f 343/408/345 344/407/344 345/406/343
f 346/411/348 347/410/347 348/409/346
f 349/413/350 350/412/349 75/82/77
f 351/416/353 352/415/352 353/414/351
f 354/419/356 355/418/355 356/417/354
f 357/422/359 358/421/358 359/420/357
f 360/425/362 361/424/361 362/423/360
f 363/429/365 364/428/364 365/427/363
f 366/431/367 290/351/288 367/430/366
f 368/434/370 369/433/369 370/432/368
f 371/437/373 372/436/372 373/435/371
f 374/440/376 375/439/375 376/438/374
f 377/443/379 378/442/378 379/441/377
f 380/446/382 381/445/381 382/444/380
f 383/449/385 384/448/384 385/447/383
f 386/452/388 387/451/387 388/450/386
f 389/455/391 390/454/390 391/453/389
f 392/458/394 393/457/393 394/456/392
f 395/461/397 396/460/396 397/459/395
f 249/312/251 398/463/399 399/462/398
f 400/466/402 401/465/401 402/464/400
f 403/469/405 404/468/404 405/467/403
f 406/472/408 407/471/407 408/470/406
f 409/475/411 410/474/410 411/473/409
f 412/477/413 413/476/412 338/401/338
f 414/480/415 415/479/414 134/478/132
f 416/483/418 417/482/417 418/481/416
f 419/486/420 420/485/419 363/484/365
f 421/489/423 422/488/422 423/487/421
f 424/492/426 425/491/425 426/490/424
f 427/495/429 428/494/428 429/493/427
f 324/385/322 430/497/431 431/496/430
f 432/500/434 433/499/433 434/498/432
f 435/502/436 330/391/328 436/501/435
f 437/505/439 438/504/438 439/503/437
f 440/508/442 441/507/441 442/506/440
f 443/511/445 444/510/444 445/509/443
f 446/515/448 447/514/447 448/513/446
f 449/518/451 450/517/450 451/516/449
f 452/520/453 453/519/452 287/348/285
f 454/523/456 455/522/455 456/521/454
f 457/526/459 458/525/458 459/524/457
f 460/529/462 461/528/461 462/527/460
f 153/175/152 463/531/464 464/530/463
f 465/534/467 466/533/466 467/532/465
f 466/533/466 465/534/467 156/179/156
f 466/533/466 156/179/156 468/535/468
f 469/538/471 470/537/470 471/536/469
f 113/131/111 472/540/473 473/539/472
f 474/541/474 287/348/285 453/519/452
f 287/348/285 474/541/474 475/542/475
f 476/545/477 398/544/399 477/543/476
f 478/549/480 479/548/479 480/547/478
f 481/552/483 482/551/482 483/550/481
f 484/555/486 485/554/485 486/553/484
f 389/455/391 487/556/487 390/454/390
f 488/559/490 489/558/489 490/557/488
f 2/2/2 491/560/491 3/1/1
f 492/563/494 493/562/493 494/561/492
f 495/565/496 263/323/261 496/564/495
f 497/568/499 498/567/498 499/566/497
f 500/571/502 501/570/501 502/569/500
f 503/575/505 504/574/504 505/573/503
f 506/579/508 507/578/507 508/577/506
f 173/196/173 172/197/174 509/580/509
f 510/583/512 511/582/511 512/581/510
f 513/585/514 514/584/513 124/142/122
f 65/69/64 515/587/516 516/586/515
f 517/588/517 515/587/516 65/69/64
f 518/591/520 519/590/519 520/589/518
f 521/593/522 522/592/521 520/589/518
f 523/596/525 524/595/524 525/594/523
f 523/596/525 525/594/523 526/597/526
f 527/599/528 191/212/189 528/598/527
f 529/602/531 530/601/530 531/600/529
f 247/604/247 227/603/225 251/310/249
f 227/603/225 226/605/226 251/310/249
f 532/608/534 533/607/533 534/606/532
f 535/611/537 536/610/536 537/609/535
f 538/614/540 539/613/539 540/612/538
f 541/616/542 542/615/541 145/166/143
f 543/618/544 199/226/198 544/617/543
f 545/621/547 546/620/546 547/619/545
f 548/624/550 549/623/549 550/622/548
f 551/627/552 283/626/283 552/625/551
f 553/629/554 554/628/553 338/401/338
f 555/632/557 556/631/556 557/630/555
f 52/55/50 558/634/559 559/633/558
f 560/637/562 561/636/561 562/635/560
f 292/355/292 355/418/355 293/354/291
f 563/639/563 195/222/197 203/638/201
f 203/233/201 190/640/190 201/235/203
f 564/642/565 565/641/564 200/231/200
f 566/645/568 567/644/567 568/643/566
f 569/647/570 456/521/454 570/646/569
f 571/650/573 572/649/572 573/648/571
f 81/87/82 88/91/86 82/86/81
f 574/653/576 575/652/575 576/651/574
f 575/652/575 577/655/578 578/654/577
f 579/656/579 558/634/559 52/55/50
f 580/659/582 581/658/581 582/657/580
f 583/662/585 584/661/584 585/660/583
f 586/664/587 585/660/583 587/663/586
f 588/667/590 589/666/589 590/665/588
f 540/612/538 539/613/539 591/668/591
f 592/671/594 593/670/593 594/669/592
f 595/674/597 596/673/596 597/672/595
f 557/677/555 598/676/598 555/675/557
f 599/680/599 243/679/241 207/678/208
f 600/684/601 601/683/600 599/682/599
f 602/687/602 500/686/502 502/685/500
f 603/691/604 35/690/33 604/689/603
f 46/49/44 45/50/45 605/692/605
f 606/695/608 607/694/607 608/693/606
f 609/699/611 610/698/610 611/697/609
f 186/207/184 185/208/185 612/700/612
f 613/702/614 167/190/167 614/701/613
f 167/190/167 615/704/616 616/703/615
f 504/574/504 617/705/617 505/573/503
f 364/428/364 618/706/618 365/427/363
f 619/709/621 620/708/620 621/707/619
f 620/708/620 340/405/342 621/707/619
f 9/12/11 11/10/9 622/710/622
f 623/712/624 622/710/622 624/711/623
f 625/714/625 281/713/279 45/50/45
f 626/717/628 627/716/627 628/715/626
f 629/720/631 630/719/630 631/718/629
f 632/722/633 633/721/632 561/636/561
f 634/725/636 635/724/635 636/723/634
f 637/728/639 638/727/638 639/726/637
f 345/406/343 640/730/641 641/729/640
f 642/732/643 643/731/642 526/597/526
f 644/735/646 645/734/645 646/733/644
f 647/736/647 19/22/21 21/20/19
f 648/738/649 16/19/18 649/737/648
f 108/130/110 110/128/108 650/739/650
f 40/45/40 651/741/652 652/740/651
f 73/78/73 653/742/653 74/77/72
f 60/67/62 653/742/653 73/78/73
f 338/401/338 413/476/412 654/743/654
f 612/700/612 328/393/330 655/744/655
f 656/747/658 657/746/657 658/745/656
f 659/749/660 86/93/88 660/748/659
f 661/752/663 662/751/662 663/750/661
f 664/755/666 665/754/665 666/753/664
f 667/758/669 668/757/668 669/756/667
f 406/472/408 408/470/406 670/759/670
f 671/761/672 672/760/671 315/376/313
f 673/763/674 674/762/673 433/499/433
f 675/765/676 497/568/499 676/764/675
f 677/768/679 678/767/678 679/766/677
f 680/771/682 681/770/681 682/769/680
f 683/774/685 684/773/684 685/772/683
f 115/135/115 686/776/687 687/775/686
f 604/779/603 688/778/688 603/777/604
f 689/782/691 690/781/690 691/780/689
f 692/784/693 521/593/522 693/783/692
f 694/787/696 695/786/695 696/785/694
f 697/789/698 461/528/461 698/788/697
f 699/792/701 700/791/700 701/790/699
f 400/466/402 702/794/703 703/793/702
f 704/796/705 30/36/32 705/795/704
f 706/797/706 705/795/704 30/36/32
f 707/800/709 708/799/708 709/798/707
f 710/802/711 1/3/3 711/801/710
f 712/805/714 713/804/713 714/803/712
f 677/806/679 608/693/606 607/694/607
f 715/808/716 716/807/715 83/90/85
f 717/811/719 718/810/718 719/809/717
f 720/814/722 721/813/721 722/812/720
f 723/817/725 724/816/724 725/815/723
f 726/819/727 138/163/140 727/818/726
f 728/822/730 729/821/729 730/820/728
f 731/825/733 732/824/732 733/823/731
f 734/828/736 735/827/735 736/826/734
f 737/831/739 738/830/738 739/829/737
f 8/8/7 23/24/23 22/25/24
f 740/834/742 741/833/741 742/832/740
f 483/550/481 743/836/744 744/835/743
f 561/636/561 633/721/632 745/837/745
f 746/840/748 747/839/747 748/838/746
f 749/843/751 750/842/750 751/841/749
f 752/846/754 753/845/753 754/844/752
f 755/849/757 756/848/756 757/847/755
f 758/852/760 759/851/759 760/850/758
f 564/642/565 761/853/761 565/641/564
f 762/856/764 763/855/763 764/854/762
f 765/860/767 766/859/766 767/858/765
f 768/862/769 769/861/768 500/686/502
f 770/863/770 659/749/660 660/748/659
f 771/866/773 772/865/772 773/864/771
f 190/213/190 197/868/195 774/867/774
f 775/871/777 776/870/776 777/869/775
f 770/863/770 660/748/659 778/873/778
f 779/876/781 780/875/780 781/874/779
f 148/169/146 782/877/782 146/171/148
f 423/880/421 422/879/422 783/878/783
f 473/539/472 784/883/785 785/882/784
f 681/770/681 786/885/787 787/884/786
f 788/888/790 789/887/789 790/886/788
f 788/888/790 790/886/788 791/889/791
f 565/890/564 762/856/764 764/854/762
f 792/892/793 508/577/506 793/891/792
f 753/845/753 794/894/795 795/893/794
f 796/897/798 797/896/797 798/895/796
f 799/898/799 797/896/797 796/897/798
f 800/901/802 801/900/801 802/899/800
f 803/904/804 804/903/803 415/902/414
f 805/908/807 806/907/806 807/906/805
f 486/553/484 808/910/809 809/909/808
f 322/387/324 810/911/810 323/386/323
f 798/895/796 797/896/797 811/912/811
f 812/915/814 813/914/813 814/913/812
f 815/918/817 816/917/816 817/916/815
f 502/921/500 818/920/819 819/919/818
f 420/485/419 820/923/821 821/922/820
f 822/926/824 823/925/823 824/924/822
f 825/929/827 826/928/826 827/927/825
f 828/932/830 829/931/829 830/930/828
f 831/935/833 832/934/832 833/933/831
f 834/938/834 777/937/775 776/936/776
f 835/940/835 616/703/615 615/704/616
f 836/943/838 837/942/837 838/941/836
f 839/946/841 840/945/840 841/944/839
f 842/949/844 843/948/843 844/947/842
f 711/801/710 845/950/845 843/948/843
f 55/58/53 846/952/847 847/951/846
f 581/658/581 580/659/582 848/953/848
f 70/75/70 849/955/850 850/954/849
f 399/462/398 250/311/250 249/312/251
f 851/958/853 852/957/852 853/956/851
f 854/961/856 855/960/855 856/959/854
f 857/964/859 858/963/858 859/962/857
f 860/966/861 861/965/860 709/798/707
f 862/969/864 863/968/863 864/967/862
f 865/971/866 866/970/865 580/659/582
f 867/974/869 868/973/868 869/972/867
f 870/976/871 871/975/870 683/774/685
f 872/979/874 873/978/873 874/977/872
f 875/980/875 427/495/429 429/493/427
f 876/981/876 450/517/450 449/518/451
f 877/984/879 878/983/878 879/982/877
f 403/469/405 746/840/748 748/838/746
f 880/987/882 881/986/881 882/985/880
f 717/811/719 882/985/880 718/810/718
f 883/990/885 884/989/884 885/988/883
f 886/992/887 887/991/886 659/749/660
f 888/995/890 889/994/889 890/993/888
f 891/998/893 892/997/892 893/996/891
f 308/371/308 894/999/894 892/997/892
f 482/551/482 895/1001/896 896/1000/895
f 98/118/99 116/134/114 897/1002/897
f 687/775/686 97/114/96 96/115/97
f 898/1004/899 435/502/436 899/1003/898
f 900/1007/902 901/1006/901 902/1005/900
f 98/118/99 903/1008/903 116/134/114
f 904/1011/906 905/1010/905 906/1009/904
f 907/1014/909 908/1013/908 909/1012/907
f 910/1015/910 839/946/841 883/990/885
f 299/364/301 597/672/595 596/673/596
f 374/440/376 911/1016/911 375/439/375
f 912/1018/913 913/1017/912 398/544/399
f 851/958/853 853/956/851 914/1019/914
f 915/1021/916 299/364/301 916/1020/915
f 917/1024/919 918/1023/918 919/1022/917
f 196/1027/196 385/1026/383 197/1025/195
f 920/1029/920 385/1026/383 196/1027/196
f 921/1032/923 922/1031/922 923/1030/921
f 547/619/545 924/1033/924 545/621/547
f 459/524/457 458/525/458 431/496/430
f 925/1036/927 926/1035/926 927/1034/925
f 221/1037/223 796/897/798 798/895/796
f 928/1040/930 929/1039/929 930/1038/928
f 931/1044/933 932/1043/932 933/1042/931
f 934/1047/936 935/1046/935 936/1045/934
f 937/1050/939 938/1049/938 939/1048/937
f 940/1053/942 941/1052/941 942/1051/940
f 35/870/33 360/1055/362 33/1054/35
f 420/485/419 821/922/820 943/1057/943
f 944/1059/945 945/1058/944 545/621/547
f 946/1062/948 947/1061/947 948/1060/946
f 949/1064/950 950/1063/949 856/959/854
f 951/1067/953 952/1066/952 953/1065/951
f 748/838/746 954/1069/955 955/1068/954
f 956/1072/958 957/1071/957 958/1070/956
f 958/1070/956 957/1071/957 959/1073/959
f 960/1076/962 961/1075/961 962/1074/960
f 963/1079/965 964/1078/964 965/1077/963
f 966/1081/967 582/657/580 967/1080/966
f 966/1081/967 968/1083/969 969/1082/968
f 970/1085/971 971/1084/970 545/621/547
f 972/1088/974 973/1087/973 974/1086/972
f 975/1091/977 976/1090/976 977/1089/975
f 526/597/526 978/1092/978 523/596/525
f 524/595/524 523/596/525 514/584/513
f 979/1095/981 980/1094/980 981/1093/979
f 982/1098/984 983/1097/983 984/1096/982
f 985/1101/987 986/1100/986 987/1099/985
f 238/283/236 237/284/237 986/1102/986
f 988/1105/990 989/1104/989 990/1103/988
f 991/1107/992 992/1106/991 952/1066/952
f 993/1110/995 994/1109/994 995/1108/993
f 996/1113/998 997/1112/997 998/1111/996
f 989/1104/989 999/1114/999 990/1103/988
f 990/1103/988 999/1114/999 1000/1115/1000
f 1001/1118/1003 1002/1117/1002 1003/1116/1001
f 1004/1121/1006 1005/1120/1005 1006/1119/1004
f 1007/1122/1007 764/854/762 763/855/763
f 1008/1124/1009 266/326/264 1009/1123/1008
f 1010/1127/1011 606/1126/608 1011/1125/1010
f 1012/1129/1012 781/874/779 780/875/780
f 1013/1132/1015 1014/1131/1014 1015/1130/1013
f 1016/1135/1018 1017/1134/1017 1018/1133/1016
f 1019/1137/1020 1020/1136/1019 723/817/725
f 1021/1140/1023 1022/1139/1022 1023/1138/1021
f 340/405/342 342/403/340 1024/1141/1024
f 556/631/556 555/632/557 1025/1142/1025
f 1026/1143/1026 402/464/400 401/465/401
f 801/900/801 800/901/802 1027/1144/1027
f 1028/1147/1030 1029/1146/1029 1030/1145/1028
f 1029/1150/1029 852/1149/852 1031/1148/1031
f 1032/1152/1032 79/84/79 78/85/80
f 1033/1155/1035 1034/1154/1034 1035/1153/1033
f 825/929/827 827/927/825 278/338/276
f 1036/1158/1038 1037/1157/1037 1038/1156/1036
f 498/567/498 1039/1160/1040 1040/1159/1039
f 1041/1163/1043 1042/1162/1042 1043/1161/1041
f 1044/1165/1045 1045/1164/1044 808/910/809
f 1046/1167/1046 445/1166/443 1045/1164/1044
f 1047/1169/1048 926/1035/926 1048/1168/1047
f 1049/1171/1050 807/906/805 1050/1170/1049
f 1051/1173/1052 1052/1172/1051 265/327/265
f 1053/1174/1053 386/452/388 388/450/386
f 1054/1176/1055 386/452/388 1055/1175/1054
f 284/345/282 1056/1177/1056 940/1053/942
f 929/1039/929 940/1179/942 942/1178/940
f 1057/1181/1058 567/644/567 1058/1180/1057
f 998/1111/996 567/644/567 1059/1182/1059
f 543/618/544 200/230/200 199/226/198
f 1060/1184/1061 252/315/253 1061/1183/1060
f 342/403/340 341/404/341 1062/1185/1062
f 473/539/472 472/540/473 784/883/785
f 1063/1188/1065 1064/1187/1064 1065/1186/1063
f 129/147/127 128/148/128 1066/1189/1066
f 81/87/82 1067/1191/1068 1068/1190/1067
f 1069/1194/1071 1070/1193/1070 1071/1192/1069
f 1070/1193/1070 1072/1195/1072 1071/1192/1069
f 1073/1196/1073 1003/1116/1001 521/593/522
f 520/589/518 1074/1197/1074 521/593/522
f 679/1198/677 608/693/606 677/806/679
f 1011/1200/1010 1075/1199/1075 548/624/550
f 388/450/386 1076/1201/1076 438/504/438
f 441/507/441 688/778/688 604/779/603
f 818/920/819 502/921/500 501/1202/501
f 1077/1205/1079 1078/1204/1078 1079/1203/1077
f 391/453/389 323/386/323 1080/1206/1080
f 1081/1207/1081 674/762/673 673/763/674
f 1082/1210/1084 1083/1209/1083 1084/1208/1082
f 1085/1211/1085 593/670/593 592/671/594
f 1086/1213/1087 3/1/1 1087/1212/1086
f 1088/1216/1090 1089/1215/1089 1090/1214/1088
f 1091/1218/1092 1088/1216/1090 1092/1217/1091
f 1093/1221/1095 1094/1220/1094 1095/1219/1093
f 702/794/703 1096/1222/1096 1095/1219/1093
f 218/1225/218 1097/1224/1098 1098/1223/1097
f 1099/1227/1100 188/210/187 1100/1226/1099
f 1101/1230/1103 1102/1229/1102 1103/1228/1101
f 1104/1232/1105 927/1034/925 1105/1231/1104
f 816/917/816 1106/1234/1107 1107/1233/1106
f 1108/1236/1109 987/1099/985 1109/1235/1108
f 1110/1238/1111 1111/1237/1110 856/959/854
f 1112/1241/1114 1113/1240/1113 1114/1239/1112
f 1115/1244/1117 1116/1243/1116 1117/1242/1115
f 1118/1247/1120 1119/1246/1119 1120/1245/1118
f 1121/1250/1122 644/1249/646 1122/1248/1121
f 1122/1252/1121 644/735/646 646/733/644
f 928/1254/930 627/716/627 929/1253/929
f 631/718/629 630/719/630 100/120/101
f 80/83/78 100/120/101 94/116/95
f 1123/1257/1125 1124/1256/1124 1125/1255/1123
f 1126/1259/1127 1127/1258/1126 1125/1255/1123
f 1125/1255/1123 1124/1256/1124 1126/1259/1127
f 1128/1260/1128 976/1090/976 975/1091/977
f 1129/1263/1131 1130/1262/1130 1131/1261/1129
f 1132/1265/1133 1133/1264/1132 370/432/368
f 1134/1266/1134 1132/1265/1133 933/1042/931
f 1135/1268/1136 1136/1267/1135 837/942/837
f 1137/1271/1139 1138/1270/1138 1139/1269/1137
f 1140/1272/1140 233/282/235 235/280/233
f 1063/1188/1065 1141/1274/1142 1142/1273/1141
f 309/370/307 1143/1276/1144 1144/1275/1143
f 1145/1279/1147 1146/1278/1146 1147/1277/1145
f 1148/1282/1150 1149/1281/1149 1150/1280/1148
f 1151/1285/1153 1152/1284/1152 1153/1283/1151
f 1154/1286/1154 1001/1118/1003 1074/1197/1074
f 521/593/522 1074/1197/1074 1073/1196/1073
f 576/651/574 1155/1287/1155 574/653/576
f 1156/1290/1158 1157/1289/1157 1158/1288/1156
f 385/1293/383 1159/1292/1160 1160/1291/1159
f 1161/1295/1162 385/447/383 1162/1294/1161
f 1163/1298/1165 1164/1297/1164 1165/1296/1163
f 682/769/680 681/770/681 1166/1299/1166
f 1037/1157/1037 779/876/781 1038/1156/1036
f 1167/1300/1167 749/843/751 751/841/749
f 554/628/553 1168/1301/1168 338/401/338
f 412/477/413 1168/1301/1168 1169/1302/1169
f 1170/1305/1172 1171/1304/1171 1172/1303/1170
f 1172/1303/1170 812/915/814 734/828/736
f 1173/1308/1174 1174/1307/1173 803/1306/804
f 1175/1311/1175 1173/1310/1174 695/786/695
f 1176/1314/1178 1177/1313/1177 1178/1312/1176
f 1179/1316/1180 1180/1315/1179 1177/1313/1177
f 532/608/534 1181/1317/1181 533/607/533
f 532/608/534 1182/1318/1182 1181/1317/1181
f 18/17/16 26/30/26 848/953/848
f 1183/1319/1183 648/738/649 649/737/648
f 1184/1320/1184 537/609/535 427/495/429
f 1185/1322/1186 1184/1320/1184 1186/1321/1185
f 1187/1325/1189 1188/1324/1188 1189/1323/1187
f 286/349/286 452/520/453 287/348/285
f 147/170/147 146/171/148 690/781/690
f 1190/1328/1192 1191/1327/1191 1192/1326/1190
f 941/1331/941 930/1330/928 942/1329/940
f 929/1039/929 942/1178/940 930/1038/928
f 1193/1334/1195 1194/1333/1194 1195/1332/1193
f 1196/1337/1198 1197/1336/1197 1198/1335/1196
f 1/3/3 845/950/845 711/801/710
f 1199/1339/1200 1086/1213/1087 1200/1338/1199
f 1201/1342/1203 1202/1341/1202 1203/1340/1201
f 1201/1342/1203 643/731/642 642/732/643
f 1204/1345/1206 1205/1344/1205 1206/1343/1204
f 840/945/840 839/946/841 1207/1346/1207
f 1175/1348/1175 1208/1347/1208 1173/1308/1174
f 1209/1349/1209 415/902/414 804/903/803
f 990/1103/988 1210/1351/1211 1211/1350/1210
f 1212/1354/1214 1213/1353/1213 1214/1352/1212
f 1215/1357/1216 406/1356/408 1216/1355/1215
f 407/471/407 406/472/408 1217/1358/1217
f 189/214/191 1218/1359/1218 190/213/190
f 1146/1362/1146 1145/1361/1147 1219/1360/1219
f 1220/1365/1221 1221/1364/1220 226/268/226
f 1222/1368/1224 1223/1367/1223 1224/1366/1222
f 1225/1372/1227 1226/1371/1226 1227/1370/1225
f 1228/1374/1229 51/56/51 1229/1373/1228
f 1228/1374/1229 1229/1373/1228 966/1081/967
f 404/468/404 403/469/405 748/838/746
f 1230/1377/1232 1231/1376/1231 1232/1375/1230
f 902/1380/900 1233/1379/1233 900/1378/902
f 1234/1383/1236 1235/1382/1235 1236/1381/1234
f 1161/1295/1162 1162/1294/1161 1237/1384/1237
f 175/200/177 177/198/175 1238/1385/1238
f 1056/1177/1056 1239/1386/1239 940/1053/942
f 940/1053/942 1239/1386/1239 941/1052/941
f 600/1388/601 196/221/196 601/1387/600
f 1240/1391/1242 1241/1390/1241 1242/1389/1240
f 648/738/649 1183/1319/1183 846/952/847
f 1243/1392/1243 1001/1118/1003 1154/1286/1154
f 1244/1395/1244 900/1394/902 1233/1393/1233
f 107/1399/105 1245/1398/1245 105/1397/107
f 1246/1401/1246 368/434/370 370/432/368
f 292/355/292 356/417/354 355/418/355
f 1247/1402/1247 31/35/31 41/48/43
f 1248/1403/1248 104/121/102 103/122/103
f 1249/1404/1249 1248/1403/1248 511/582/511
f 43/46/41 42/47/42 1250/1405/1250
f 584/661/584 583/662/585 1251/1406/1251
f 583/662/585 1149/1281/1149 1251/1406/1251
f 937/1050/939 939/1048/937 1252/1407/1252
f 1253/1409/1254 1180/1315/1179 1254/1408/1253
f 288/353/290 290/351/288 1255/1410/1255
f 1246/1401/1246 1256/1411/1256 368/434/370
f 880/987/882 1257/1413/1258 1258/1412/1257
f 1259/1416/1261 1260/1415/1260 1261/1414/1259
f 1262/1418/1263 1263/1417/1262 754/844/752
f 1046/1167/1046 1264/1419/1264 53/60/55
f 1046/1167/1046 53/60/55 55/58/53
f 926/1035/926 1265/1420/1265 1048/1168/1047
f 1266/1422/1267 1267/1421/1266 434/498/432
f 22/25/24 21/20/19 20/21/20
f 22/25/24 1268/1424/1269 1269/1423/1268
f 885/988/883 884/989/884 1270/1425/1270
f 885/988/883 1263/1417/1262 1271/1426/1271
f 1272/1428/1273 81/87/82 1273/1427/1272
f 81/87/82 1272/1428/1273 1274/1429/1274
f 713/804/713 712/805/714 1275/1430/1275
f 1276/1432/1277 1277/1431/1276 799/898/799
f 813/1435/813 1278/1434/1278 814/1433/812
f 667/758/669 669/756/667 1279/1437/1279
f 1280/1438/1280 1279/1437/1279 407/471/407
f 176/199/176 175/200/177 437/505/439
f 776/1440/776 1281/1439/1281 530/601/530
f 474/541/474 1282/1442/1283 1283/1441/1282
f 1282/1445/1283 1284/1444/1285 1285/1443/1284
f 42/47/42 1286/1447/1286 1250/1405/1250
f 657/746/657 656/747/658 867/974/869
f 969/1082/968 968/1083/969 1287/1448/1287
f 1015/1130/1013 1288/1449/1288 1013/1132/1015
f 1027/1144/1027 1289/1450/1289 801/900/801
f 1290/1451/1290 584/661/584 1251/1406/1251
f 1058/1180/1057 567/644/567 566/645/568
f 522/592/521 518/591/520 520/589/518
f 653/742/653 1291/1452/1291 59/64/59
f 949/1064/950 1292/1453/1292 950/1063/949
f 566/645/568 1293/1454/1293 506/579/508
f 760/850/758 1294/1456/1295 1295/1455/1294
f 758/852/760 760/850/758 672/760/671
f 1144/1458/1143 1296/1457/1296 1005/1120/1005
f 1297/1461/1299 1298/1460/1298 1299/1459/1297
f 1300/1464/1302 1301/1463/1301 1302/1462/1300
f 409/475/411 407/471/407 204/239/206
f 1007/1465/1007 204/239/206 206/237/204
f 696/785/694 1303/1466/1303 694/787/696
f 1303/1466/1303 1304/1468/1305 1305/1467/1304
f 391/453/389 1306/1469/1306 389/455/391
f 1307/1471/1308 1306/1469/1306 1308/1470/1307
f 288/353/290 1255/1410/1255 1309/1472/1309
f 905/1010/905 1310/1473/1310 906/1009/904
f 1151/1285/1153 1311/1474/1311 1152/1284/1152
f 1312/1476/1313 718/810/718 1313/1475/1312
f 1064/1187/1064 936/1045/934 1065/1186/1063
f 1254/1408/1253 1180/1315/1179 1179/1316/1180
f 951/1067/953 1314/1478/1315 1315/1477/1314
f 1316/1480/1317 1314/1478/1315 1317/1479/1316
f 1021/1140/1023 1023/1138/1021 1318/1481/1318
f 1068/1190/1067 1067/1191/1068 1319/1482/1319
f 1320/1483/1320 278/338/276 277/339/277
f 278/1486/276 1320/1485/1320 1321/1484/1321
f 729/821/729 1322/1488/1323 1323/1487/1322
f 1324/1491/1326 1325/1490/1325 1326/1489/1324
f 9/12/11 830/930/828 10/11/10
f 1327/1494/1329 1328/1493/1328 1329/1492/1327
f 987/1099/985 1330/1495/1330 1109/1235/1108
f 1331/1498/1333 1332/1497/1332 1333/1496/1331
f 1334/1500/1335 494/561/492 1335/1499/1334
f 1148/1282/1150 1251/1406/1251 1149/1281/1149
f 1336/1502/1337 1337/1501/1336 169/194/171
f 1072/1195/1072 1338/1503/1338 1071/1192/1069
f 1202/1341/1202 1201/1342/1203 1339/1504/1339
f 1340/1506/1341 791/889/791 1341/1505/1340
f 1342/1508/1343 740/834/742 1343/1507/1342
f 1344/1509/1344 347/410/347 346/411/348
f 1344/1512/1344 365/1511/363 347/1510/347
f 1345/1515/1345 67/1514/67 66/1513/68
f 1346/1517/1347 593/670/593 1347/1516/1346
f 593/670/593 1346/1517/1347 594/669/592
f 1348/1518/1348 772/865/772 771/866/773
f 759/851/759 1349/1519/1349 760/850/758
f 1350/1522/1352 1351/1521/1351 1352/1520/1350
f 1353/1524/1354 286/349/286 1354/1523/1353
f 1355/1526/1356 1356/1525/1355 114/136/116
f 115/135/115 1319/1482/1319 686/776/687
f 1357/1529/1359 1358/1528/1358 1359/1527/1357
f 1360/1530/1360 1358/1528/1358 1357/1529/1359
f 1188/1324/1188 1361/1532/1362 1362/1531/1361
f 1359/1527/1357 1358/1528/1358 1188/1324/1188
f 1363/1535/1365 1364/1534/1364 1365/1533/1363
f 1366/1537/1367 1367/1536/1366 285/350/287
f 842/949/844 711/801/710 843/948/843
f 1368/1539/1369 1369/1538/1368 842/949/844
f 40/45/40 1370/1540/1370 651/741/652
f 1371/1542/1372 1158/1288/1156 1372/1541/1371
f 842/949/844 1373/1543/1373 711/801/710
f 707/800/709 1373/1543/1373 1374/1544/1374
f 995/1108/993 1053/1174/1053 993/1110/995
f 1375/1546/1376 1376/1545/1375 1235/1382/1235
f 1375/1546/1376 1235/1382/1235 1234/1383/1236
f 1293/1454/1293 1377/1548/1378 1378/1547/1377
f 1379/1551/1381 1380/1550/1380 1381/1549/1379
f 736/826/734 731/825/733 733/823/731
f 733/823/731 1382/1553/1383 1383/1552/1382
f 1384/1556/1386 1385/1555/1385 1386/1554/1384
f 1387/1558/1388 1388/1557/1387 795/893/794
f 1379/1551/1381 1389/1560/1390 1390/1559/1389
f 1391/1561/1391 965/1077/963 964/1078/964
f 1385/1555/1385 1392/1563/1393 1393/1562/1392
f 1394/1564/1394 754/844/752 921/1032/923
f 795/893/794 1395/1566/1396 1396/1565/1395
f 1397/1567/1397 378/442/378 671/761/672
f 1398/1568/1398 165/186/163 1173/1310/1174
f 1180/1315/1179 1178/1312/1176 1177/1313/1177
f 339/400/337 1178/1312/1176 1180/1315/1179
f 1399/1571/1399 1004/1570/1006 1006/1569/1004
f 763/1574/763 762/1573/764 1400/1572/1400
f 1291/1452/1291 559/633/558 1401/1575/1401
f 1402/1578/1404 1403/1577/1403 1404/1576/1402
f 1363/1535/1365 1403/1577/1403 1364/1534/1364
f 1294/1456/1295 1405/1579/1405 1295/1455/1294
f 1406/1580/1406 539/613/539 538/614/540
f 1407/1583/1409 1408/1582/1408 1409/1581/1407
f 1409/1581/1407 1408/1582/1408 235/280/233
f 1410/1585/1411 1411/1584/1410 663/750/661
f 74/77/72 96/115/97 72/79/74
f 1340/1506/1341 1341/1505/1340 1412/1586/1412
f 1413/1587/1413 500/686/502 769/861/768
f 501/1589/501 500/1588/502 137/224/136
f 713/804/713 840/945/840 1414/1590/1414
f 1415/1591/1415 840/945/840 713/804/713
f 394/456/392 1416/1593/1417 1417/1592/1416
f 1418/1595/1419 1419/1594/1418 1417/1592/1416
f 1420/1596/1420 1316/1480/1317 1317/1479/1316
f 1421/1597/1421 950/1063/949 1316/1480/1317
f 560/637/562 1422/1599/1423 1423/1598/1422
f 1424/1600/1424 319/384/321 321/382/319
f 1328/1603/1328 1327/1602/1329 1425/1601/1425
f 1426/1606/1427 217/1605/215 1427/1604/1426
f 1136/1267/1135 1428/1607/1428 837/942/837
f 838/941/836 1429/1609/1430 1430/1608/1429
f 1431/1611/1432 1432/1610/1431 1350/1522/1352
f 958/1070/956 959/1073/959 1433/1612/1433
f 665/754/665 1434/1614/1435 1435/1613/1434
f 1435/1613/1434 666/753/664 665/754/665
f 596/673/596 911/1016/911 1436/1615/1436
f 557/677/555 596/673/596 598/676/598
f 1437/1618/1439 1438/1617/1438 1439/1616/1437
f 1131/1261/1129 1130/1262/1130 1440/1619/1440
f 1441/1620/1441 823/925/823 826/928/826
f 1442/1623/1444 1443/1622/1443 1444/1621/1442
f 1194/1333/1194 1298/1460/1298 1297/1461/1299
f 1338/1503/1338 1072/1195/1072 1445/1624/1445
f 582/657/580 1446/1626/1447 1447/1625/1446
f 52/55/50 582/657/580 1447/1625/1446
f 576/651/574 1158/1288/1156 1155/1287/1155
f 1371/1542/1372 1155/1287/1155 1158/1288/1156
f 1448/1627/1448 211/260/209 228/271/228
f 1449/1628/1449 250/311/250 399/462/398
f 1361/1532/1362 1450/1629/1450 1362/1531/1361
f 1148/1282/1150 402/464/400 1026/1143/1026
f 1148/1282/1150 1150/1280/1148 402/464/400
f 817/916/815 949/1064/950 1451/1630/1451
f 337/402/339 553/629/554 338/401/338
f 1452/1633/1454 1453/1632/1453 1454/1631/1452
f 1455/1636/1457 1456/1635/1456 1457/1634/1455
f 1457/1634/1455 1458/1638/1459 1459/1637/1458
f 1460/1640/1461 1461/1639/1460 322/387/324
f 1462/1641/1462 1198/1335/1196 1299/1459/1297
f 1463/1643/1464 1464/1642/1463 104/121/102
f 1465/1644/1465 849/955/850 1033/1155/1035
f 1466/1646/1467 1467/1645/1466 51/56/51
f 50/57/52 516/586/515 51/56/51
f 964/1078/964 1468/1648/1469 1469/1647/1468
f 1301/1463/1301 726/819/727 727/818/726
f 767/858/765 766/859/766 1470/1649/1470
f 1471/1652/1473 1472/1651/1472 1473/1650/1471
f 1123/1257/1125 1474/1654/1475 1475/1653/1474
f 243/679/241 599/680/599 241/1655/243
f 1476/1656/1476 377/443/379 379/441/377
f 159/180/157 158/181/158 379/441/377
f 1477/1659/1479 1478/1658/1478 1479/1657/1477
f 1478/1658/1478 1477/1659/1479 1480/1660/1480
f 1481/1661/1481 1168/1301/1168 554/628/553
f 256/316/254 478/549/480 480/547/478
f 11/10/9 10/11/10 706/797/706
f 385/447/383 384/448/384 1162/1294/1161
f 997/1112/997 995/1108/993 1482/1662/1482
f 1201/1342/1203 642/732/643 1483/1663/1483
f 1201/1342/1203 1483/1663/1483 1339/1504/1339
f 909/1012/907 1484/1664/1484 907/1014/909
f 603/691/604 361/1665/361 35/690/33
f 1485/1667/1485 691/780/689 362/1666/360
f 1486/1670/1488 1487/1669/1487 1488/1668/1486
f 1324/1491/1326 1326/1489/1324 1489/1671/1489
f 1324/1491/1326 1490/1672/1490 1325/1490/1325
f 109/129/109 1491/1674/1492 1492/1673/1491
f 1493/1676/1494 1494/1675/1493 119/141/121
f 1170/1305/1172 1172/1303/1170 343/408/345
f 1495/1679/1497 1496/1678/1496 1497/1677/1495
f 779/876/781 1498/1681/1498 751/841/749
f 1498/1681/1498 550/1682/548 283/626/283
f 1499/1685/1501 1500/1684/1500 1501/1683/1499
f 591/668/591 539/613/539 1066/1189/1066
f 1502/1687/1503 1503/1686/1502 83/90/85
f 1504/1688/1504 84/89/84 83/90/85
f 1478/1658/1478 1480/1660/1480 1505/1689/1505
f 1505/1689/1505 1480/1660/1480 1506/1690/1506
f 565/641/564 1507/1691/1507 200/231/200
f 1508/1694/1510 1509/1693/1509 1510/1692/1508
f 788/888/790 1511/1695/1511 789/887/789
f 574/653/576 577/655/578 575/652/575
f 1512/1696/1512 577/655/578 574/653/576
f 915/1021/916 300/363/300 299/364/301
f 1513/1697/1513 639/726/637 638/727/638
f 1514/1698/1514 865/971/866 869/972/867
f 1490/1672/1490 1324/1491/1326 865/971/866
f 1515/1701/1517 1516/1700/1516 1517/1699/1515
f 1518/1704/1520 1519/1703/1519 1520/1702/1518
f 927/1034/925 1101/1230/1103 1103/1228/1101
f 926/1035/926 430/497/431 927/1034/925
f 1521/1706/1522 1522/1705/1521 296/357/294
f 1523/1707/1523 1015/1130/1013 1014/1131/1014
f 1112/1241/1114 1114/1239/1112 1524/1708/1524
f 298/360/297 753/845/753 752/846/754
f 792/892/793 795/893/794 794/894/795
f 1006/1119/1004 1005/1120/1005 1525/1709/1525
f 409/475/411 204/239/206 1007/1465/1007
f 1526/1710/1526 761/853/761 564/642/565
f 217/1605/215 1527/1712/1528 1528/1711/1527
f 330/391/328 1529/1714/1530 1530/1713/1529
f 1179/1316/1180 328/393/330 1531/1715/1531
f 790/886/788 1532/1717/1533 1533/1716/1532
f 1534/1718/1534 919/1022/917 918/1023/918
f 1169/1302/1169 1535/1720/1536 1536/1719/1535
f 986/1100/986 985/1101/987 1537/1721/1537
f 100/1723/101 107/124/105 101/1722/100
f 630/1726/630 107/1725/105 100/1724/101
f 1538/1729/1539 648/738/649 1539/1728/1538
f 1243/1392/1243 1539/1728/1538 1261/1414/1259
f 181/206/183 183/204/181 1540/1730/1540
f 924/1033/924 547/619/545 262/324/262
f 263/323/261 495/565/496 261/325/263
f 1171/1304/1171 1541/1731/1541 811/912/811
f 1171/1304/1171 1542/1732/1542 1172/1303/1170
f 991/1107/992 1009/1123/1008 992/1106/991
f 1543/1733/1543 951/1067/953 1315/1477/1314
f 589/666/589 540/612/538 590/665/588
f 590/665/588 540/612/538 591/668/591
f 281/341/279 280/342/280 549/623/549
f 1544/1734/1544 679/766/677 678/767/678
f 822/926/824 276/340/278 823/925/823
f 450/517/450 955/1068/954 954/1069/955
f 27/33/29 29/31/27 1089/1215/1089
f 546/620/546 1545/1735/1545 938/1049/938
f 972/1088/974 1546/1737/1547 1547/1736/1546
f 1548/1738/1548 390/454/390 393/457/393
f 880/987/882 1258/1412/1257 881/986/881
f 485/554/485 1264/1419/1264 486/553/484
f 1549/1739/1549 1037/1157/1037 1036/1158/1038
f 981/1093/979 5/6/5 4/7/6
f 1268/1424/1269 4/7/6 1269/1423/1268
f 934/1047/936 1529/1714/1530 1550/1740/1550
f 1551/1741/1551 934/1047/936 936/1045/934
f 1552/1744/1554 1553/1743/1553 1554/1742/1552
f 1554/1742/1552 1027/1144/1027 800/901/802
f 492/563/494 494/561/492 1555/1745/1555
f 1334/1500/1335 1556/1746/1556 494/561/492
f 183/204/181 1557/1747/1557 1540/1730/1540
f 614/701/613 1558/1748/1558 613/702/614
f 1433/1612/1433 1350/1522/1352 1432/1610/1431
f 1559/1749/1559 1351/1521/1351 1350/1522/1352
f 226/1752/226 1221/1751/1220 1560/1750/1560
f 1561/1753/1561 1347/1516/1346 593/670/593
f 959/1073/959 957/1071/957 1347/1516/1346
f 1056/1177/1056 280/342/280 279/343/281
f 1116/1243/1116 1562/1755/1563 1563/1754/1562
f 1347/1757/1346 1116/1243/1116 1564/1756/1564
f 1565/1760/1567 1566/1759/1566 1567/1758/1565
f 1568/1762/1569 1569/1761/1568 1565/1760/1567
f 1543/1733/1543 1570/1763/1570 951/1067/953
f 1571/1764/1571 1543/1733/1543 1292/1453/1292
f 997/1112/997 1482/1662/1482 1572/1765/1572
f 1573/1766/1573 1164/1297/1164 1163/1298/1165
f 429/493/427 428/494/428 1574/1767/1574
f 1181/1317/1181 1190/1328/1192 1575/1768/1575
f 172/197/174 946/1062/948 948/1060/946
f 159/180/157 379/441/377 314/377/314
f 1576/1769/1576 1295/1455/1294 1405/1579/1405
f 653/742/653 1577/1771/1578 1578/1770/1577
f 662/751/662 1578/1770/1577 1435/1613/1434
f 1081/1207/1081 1579/1773/1580 1580/1772/1579
f 1581/1776/1583 1582/1775/1582 1583/1774/1581
f 1442/1623/1444 1584/1777/1584 1443/1622/1443
f 859/962/857 1585/1778/1585 990/1103/988
f 1586/1779/1586 990/1103/988 1211/1350/1210
f 1587/1781/1588 1588/1780/1587 910/1015/910
f 1589/1784/1589 1227/1783/1225 1226/1782/1226
f 257/319/257 1061/1183/1060 255/317/255
f 779/876/781 1037/1157/1037 780/875/780
f 1037/1157/1037 1549/1739/1549 780/875/780
f 904/1785/906 957/1071/957 956/1072/958
f 1116/1243/1116 1590/1786/1590 1117/1242/1115
f 1591/1788/1592 1592/1787/1591 144/167/144
f 1109/1791/1108 1426/1790/1427 1593/1789/1593
f 1109/1235/1108 1594/1794/1595 1595/1793/1594
f 46/49/44 605/692/605 1596/1795/1596
f 354/419/356 1597/1796/1597 355/418/355
f 354/419/356 471/536/469 470/537/470
f 605/692/605 1544/1798/1544 678/1797/678
f 939/1048/937 1253/1409/1254 1254/1408/1253
f 452/520/453 1598/1799/1598 453/519/452
f 1598/1799/1598 1284/1800/1285 1282/1442/1283
f 298/360/297 268/330/268 1599/1801/1599
f 14/13/12 15/16/15 26/30/26
f 581/658/581 848/953/848 1600/1802/1600
f 1282/1442/1283 453/519/452 1598/1799/1598
f 453/519/452 1282/1442/1283 1601/1803/1601
f 664/755/666 666/753/664 57/62/57
f 1247/1402/1247 41/48/43 43/46/41
f 1602/1805/1603 1603/1804/1602 771/866/773
f 1604/1806/1604 1580/1772/1579 1579/1773/1580
f 1027/1144/1027 1605/1807/1605 1289/1450/1289
f 405/467/403 1027/1144/1027 1606/1808/1606
f 1516/1700/1516 1515/1701/1517 1607/1809/1607
f 1608/1810/1608 1516/1700/1516 1607/1809/1607
f 921/1032/923 1396/1565/1395 924/1033/924
f 921/1032/923 924/1033/924 922/1031/922
f 182/205/182 613/702/614 1558/1748/1558
f 1313/1475/1312 716/807/715 715/808/716
f 71/74/69 1609/1811/1609 881/986/881
f 1163/1298/1165 1597/1796/1597 354/419/356
f 1163/1298/1165 1610/1812/1610 1597/1796/1597
f 596/673/596 1436/1615/1436 299/364/301
f 1436/1615/1436 374/440/376 1611/1813/1611
f 268/330/268 1612/1814/1612 1599/1801/1599
f 268/330/268 1613/1816/1614 1614/1815/1613
f 1298/1460/1298 1615/1817/1615 1299/1459/1297
f 1615/1817/1615 1616/1818/1616 1299/1459/1297
f 628/715/626 627/716/627 928/1254/930
f 628/1819/626 290/351/288 289/352/289
f 832/934/832 594/669/592 833/933/831
f 1617/1821/1618 1618/1820/1617 31/35/31
f 1368/1539/1369 1619/1822/1619 1369/1538/1368
f 1620/1823/1620 53/60/55 1264/1419/1264
f 1620/1823/1620 54/59/54 53/60/55
f 548/624/550 1010/1824/1011 1011/1200/1010
f 779/876/781 1621/1826/1622 1622/1825/1621
f 1623/1828/1624 1624/1827/1623 340/405/342
f 1431/1611/1432 1187/1325/1189 1625/1829/1625
f 1353/1524/1354 1354/1523/1353 1352/1520/1350
f 613/702/614 615/704/616 167/190/167
f 147/170/147 690/781/690 689/782/691
f 441/1831/441 1076/1201/1076 689/1830/691
f 1277/1833/1276 1276/1832/1277 1278/1434/1278
f 169/1836/171 1626/1835/1626 1336/1834/1337
f 1627/1838/1628 1628/1837/1627 901/1006/901
f 114/136/116 116/134/114 1629/1839/1629
f 235/1840/233 853/956/851 852/957/852
f 235/280/233 852/1841/852 1409/1581/1407
f 1630/1843/1631 1454/1631/1452 1631/1842/1630
f 1328/1603/1328 1425/1601/1425 1632/1844/1632
f 1425/1601/1425 215/1845/217 1632/1844/1632
f 1633/1846/1633 1399/1571/1399 1006/1569/1004
f 1634/1849/1636 1635/1848/1635 1636/1847/1634
f 491/560/491 2/2/2 707/800/709
f 710/802/711 2/2/2 1/3/3
f 1637/1851/1638 1638/1850/1637 1510/1692/1508
f 1510/1692/1508 1509/1693/1509 788/888/790
f 594/669/592 1346/1517/1347 42/47/42
f 1639/1853/1640 1640/1852/1639 42/47/42
f 1641/1855/1642 1642/1854/1641 1500/1684/1500
f 539/613/539 1406/1580/1406 1500/1684/1500
f 1643/1856/1643 176/199/176 439/503/437
f 442/506/440 1644/1857/1644 440/508/442
f 267/331/269 1613/1816/1614 268/330/268
f 580/659/582 869/972/867 865/971/866
f 1213/1353/1213 1212/1354/1214 1645/1858/1645
f 1646/1860/1647 1647/1859/1646 1645/1858/1645
f 350/412/349 349/413/350 618/706/618
f 1648/1862/1649 1649/1861/1648 618/706/618
f 669/756/667 1650/1863/1650 408/470/406
f 303/365/302 1651/1865/1652 1652/1864/1651
f 859/962/857 1653/1866/1653 857/964/859
f 1608/1810/1608 1654/1867/1654 1645/1858/1645
f 668/757/668 1655/1868/1655 669/756/667
f 669/756/667 1655/1868/1655 1650/1863/1650
f 1656/1870/1657 1657/1869/1656 519/590/519
f 1657/1869/1656 1088/1216/1090 1091/1218/1092
f 1280/1438/1280 667/758/669 1279/1437/1279
f 306/368/305 305/369/306 667/758/669
f 1658/1873/1660 1659/1872/1659 1660/1871/1658
f 1661/1874/1661 1660/1871/1658 1659/1872/1659
f 331/396/333 333/394/331 1662/1875/1662
f 1662/1875/1662 1663/1877/1664 1664/1876/1663
f 143/168/145 145/166/143 1660/1871/1658
f 1660/1871/1658 1665/1878/1665 1658/1873/1660
f 1666/1879/1666 144/167/144 1592/1787/1591
f 1483/1663/1483 642/732/643 541/616/542
f 283/346/283 280/342/280 1056/1177/1056
f 1056/1177/1056 284/345/282 283/346/283
f 1216/1355/1215 1667/1880/1667 1215/1357/1216
f 1217/1883/1217 1668/1882/1669 1669/1881/1668
f 1318/1481/1318 1670/1884/1670 1021/1140/1023
f 1378/1547/1377 1671/1886/1672 1672/1885/1671
f 668/757/668 667/758/669 305/369/306
f 1673/1887/1673 300/363/300 915/1021/916
f 1548/1738/1548 1674/1888/1674 1102/1229/1102
f 1548/1738/1548 391/453/389 390/454/390
f 704/796/705 833/933/831 1617/1821/1618
f 704/796/705 1675/1889/1675 833/933/831
f 1232/1375/1230 1653/1866/1653 1586/1779/1586
f 1586/1779/1586 1230/1377/1232 1232/1375/1230
f 1242/1389/1240 111/133/113 1676/1890/1676
f 111/133/113 873/978/873 493/562/493
f 1136/1267/1135 1677/1892/1678 1678/1891/1677
f 780/875/780 1677/1892/1678 1136/1267/1135
f 1679/1894/1679 90/1893/90 99/117/98
f 1595/1793/1594 1680/1895/1680 1107/1233/1106
f 949/1064/950 1107/1233/1106 1681/1896/1681
f 543/618/544 544/617/543 178/203/180
f 346/411/348 416/483/418 418/481/416
f 1228/1374/1229 52/55/50 51/56/51
f 52/55/50 967/1080/966 582/657/580
f 772/865/772 1682/1897/1682 773/864/771
f 1682/1897/1682 772/865/772 1349/1519/1349
f 1683/1900/1685 1684/1899/1684 1685/1898/1683
f 1686/1903/1688 1687/1902/1687 1688/1901/1686
f 1689/1906/1691 1690/1905/1690 1691/1904/1689
f 961/1075/961 1342/1508/1343 1692/1907/1692
f 961/1075/961 1692/1907/1692 1496/1908/1496
f 206/1910/204 380/446/382 1693/1909/1693
f 1568/1762/1569 524/595/524 1694/1911/1694
f 133/155/133 132/156/134 1266/1912/1267
f 133/155/133 1695/1913/1695 134/154/132
f 1696/1915/1697 937/1050/939 1697/1914/1696
f 496/564/495 1698/1917/1699 1699/1916/1698
f 478/549/480 1226/1371/1226 1225/1372/1227
f 1700/1919/1701 1701/1918/1700 1226/1371/1226
f 461/528/461 1702/1920/1702 462/527/460
f 697/789/698 789/887/789 1511/1695/1511
f 378/442/378 1322/1488/1323 671/761/672
f 1322/1488/1323 729/821/729 728/822/730
f 221/1923/223 223/1922/221 1703/1921/1703
f 1703/1921/1703 223/1922/221 1704/1925/1704
f 23/1927/23 25/26/25 24/1926/22
f 25/26/25 1705/1928/1705 24/1926/22
f 1508/1694/1510 1702/1920/1702 1509/1693/1509
f 1706/1929/1706 187/211/188 1407/1583/1409
f 1139/1269/1137 1707/1930/1707 1137/1271/1139
f 1707/1930/1707 1708/1931/1708 597/672/595
f 1470/1649/1470 766/859/766 769/1932/768
f 442/506/440 334/399/336 1644/1857/1644
f 1709/1933/1709 888/995/890 890/993/888
f 1287/1448/1287 968/1083/969 888/995/890
f 1331/1498/1333 1556/1746/1556 1334/1500/1335
f 470/537/470 1331/1498/1333 1334/1500/1335
f 692/784/693 522/592/521 521/593/522
f 522/592/521 692/784/693 575/652/575
f 1710/1934/1710 804/903/803 803/904/804
f 1209/1937/1209 804/1936/803 1208/1935/1208
f 287/348/285 1711/1940/1712 1712/1939/1711
f 1366/1537/1367 627/716/627 626/717/628
f 927/1034/925 1103/1228/1101 1105/1231/1104
f 163/188/165 1713/1941/1713 164/187/164
f 976/1943/976 1713/1941/1713 977/1942/975
f 434/498/432 433/499/433 414/480/415
f 1714/1945/1715 1715/1944/1714 771/866/773
f 1198/1335/1196 1445/1624/1445 1072/1195/1072
f 1197/1336/1197 1716/1946/1716 1198/1335/1196
f 355/418/355 351/416/353 1717/1947/1717
f 355/418/355 1717/1947/1717 293/354/291
f 755/849/757 757/847/755 1718/1948/1718
f 658/745/656 657/746/657 1719/1949/1719
f 1709/1933/1709 1287/1448/1287 888/995/890
f 946/1062/948 1720/1951/1721 1721/1950/1720
f 1721/1950/1720 1722/1953/1723 1723/1952/1722
f 1724/1956/1726 1725/1955/1725 1726/1954/1724
f 1636/1847/1634 1635/1848/1635 1727/1957/1727
f 1292/1453/1292 1728/1958/1728 1571/1764/1571
f 1729/1961/1730 1409/1960/1407 1730/1959/1729
f 1409/1963/1407 189/214/191 1407/1962/1409
f 1731/1965/1732 1732/1964/1731 98/118/99
f 101/1722/100 107/124/105 106/125/106
f 322/387/324 1733/1966/1733 810/911/810
f 1035/1153/1033 322/387/324 102/123/104
f 1501/1683/1499 1734/1967/1734 1499/1685/1501
f 1734/1967/1734 1735/1968/1735 1690/1905/1690
f 420/485/419 943/1057/943 1376/1969/1375
f 1235/1382/1235 1376/1545/1375 1736/1970/1736
f 44/51/46 625/714/625 45/50/45
f 1737/1973/1739 1738/1972/1738 1739/1971/1737
f 1619/1976/1619 1738/1972/1738 1740/1975/1740
f 641/729/640 1741/1978/1742 1742/1977/1741
f 1083/1209/1083 1743/1979/1743 1084/1208/1082
f 1715/1944/1714 1714/1945/1715 1323/1487/1322
f 1714/1945/1715 771/866/773 773/864/771
f 1382/1553/1383 1741/1978/1742 1383/1552/1382
f 1382/1553/1383 1744/1981/1745 1745/1980/1744
f 382/444/380 381/445/381 1129/1263/1131
f 382/444/380 1129/1263/1131 1746/1982/1746
f 413/476/412 412/477/413 1747/1983/1747
f 1748/1986/1750 1749/1985/1749 1750/1984/1748
f 320/383/320 1751/1987/1751 321/382/319
f 629/720/631 1752/1988/1752 630/719/630
f 1753/1989/1753 1752/1988/1752 629/720/631
f 684/773/684 1479/1657/1477 685/772/683
f 1091/1218/1092 1754/1991/1754 1740/1990/1740
f 842/949/844 1369/1538/1368 1755/1992/1755
f 1106/1234/1107 1750/1984/1748 985/1101/987
f 1107/1233/1106 1106/1234/1107 1595/1793/1594
f 1731/1965/1732 98/118/99 1756/1993/1756
f 1757/1994/1757 484/555/486 1307/1471/1308
f 70/75/70 485/554/485 484/555/486
f 597/672/595 299/364/301 1137/1271/1139
f 597/672/595 1137/1271/1139 1707/1930/1707
f 904/1011/906 1758/1995/1758 1590/1786/1590
f 906/1009/904 1758/1995/1758 904/1011/906
f 1589/1784/1589 1759/1996/1759 1227/1783/1225
f 1759/1999/1759 891/1998/893 1227/1997/1225
f 300/363/300 305/369/306 301/362/299
f 1673/1887/1673 305/369/306 300/363/300
f 1742/1977/1741 1741/1978/1742 1203/1340/1201
f 1382/1553/1383 1203/1340/1201 1741/1978/1742
f 276/340/278 278/338/276 823/925/823
f 878/983/878 877/984/879 823/925/823
f 714/803/712 1204/1345/1206 1760/2001/1760
f 713/804/713 1204/1345/1206 714/803/712
f 1342/1508/1343 1343/1507/1342 896/1000/895
f 1091/1218/1092 1738/2003/1738 1737/2002/1739
f 1091/1218/1092 1740/1990/1740 1738/2003/1738
f 1761/2005/1762 1762/2004/1761 1584/1777/1584
f 1762/2004/1761 1761/2005/1762 1763/2006/1763
f 823/925/823 1441/1620/1441 878/983/878
f 1066/1189/1066 1499/1685/1501 1764/2007/1764
f 1734/1967/1734 1690/1905/1690 1765/2008/1765
f 119/141/121 121/139/119 1766/2009/1766
f 1468/1648/1469 121/139/119 1469/1647/1468
f 1767/2011/1768 1765/2008/1765 1768/2010/1767
f 1769/2012/1769 1767/2011/1768 1068/1190/1067
f 482/551/482 743/836/744 483/550/481
f 621/707/619 241/2013/243 619/709/621
f 1770/2016/1772 1771/2015/1771 1772/2014/1770
f 1058/1180/1057 566/645/568 508/577/506
f 508/577/506 566/645/568 506/579/508
f 127/149/129 129/147/127 114/136/116
f 1249/1404/1249 1773/2017/1773 1248/1403/1248
f 425/491/425 1774/2018/1774 426/490/424
f 426/490/424 1775/2019/1775 562/635/560
f 1730/1959/1729 1776/2020/1776 1729/1961/1730
f 246/302/244 1776/2022/1776 1730/2021/1729
f 1777/2025/1779 1778/2024/1778 1779/2023/1777
f 515/587/516 1466/1646/1467 516/586/515
f 516/586/515 1466/1646/1467 51/56/51
f 1280/1438/1280 411/473/409 667/758/669
f 1280/1438/1280 409/475/411 411/473/409
f 1655/2028/1655 668/2027/668 1780/2026/1780
f 1655/1868/1655 634/725/636 1650/1863/1650
f 530/601/530 1281/1439/1281 1643/2030/1643
f 336/397/334 1644/1857/1644 334/399/336
f 1020/1136/1019 319/384/321 1424/1600/1424
f 1781/2032/1782 908/1013/908 1782/2031/1781
f 271/333/271 840/2034/840 1415/2033/1415
f 1018/1133/1016 1783/2035/1783 1662/1875/1662
f 1784/2036/1784 1431/1611/1432 1625/1829/1625
f 1784/2036/1784 1432/1610/1431 1431/1611/1432
f 332/395/332 331/396/333 785/882/784
f 331/396/333 1506/1690/1506 1480/1660/1480
f 1257/1413/1258 1156/1290/1158 1785/2037/1785
f 1157/1289/1157 1156/1290/1158 1257/1413/1258
f 1786/2040/1788 1787/2039/1787 1788/2038/1786
f 9/12/11 581/658/581 1788/2038/1786
f 138/163/140 1384/1556/1386 727/818/726
f 416/483/418 965/1077/963 1385/1555/1385
f 1323/1487/1322 1789/2041/1789 729/821/729
f 296/357/294 1790/2042/1790 294/359/296
f 294/359/296 1791/2044/1792 1792/2043/1791
f 1563/2045/1562 1347/1516/1346 957/1071/957
f 1563/2045/1562 957/1071/957 904/1785/906
f 1522/1705/1521 1793/2047/1794 1794/2046/1793
f 997/1112/997 1793/2047/1794 998/1111/996
f 85/88/83 84/89/84 650/739/650
f 291/356/293 1119/1246/1119 1795/2048/1795
f 293/354/291 425/491/425 291/356/293
f 929/1253/929 627/716/627 1796/2049/1796
f 1711/1940/1712 287/348/285 475/542/475
f 637/728/639 1797/2050/1797 638/727/638
f 1089/1215/1089 1088/1216/1090 27/33/29
f 403/469/405 405/467/403 1606/1808/1606
f 879/982/877 824/924/822 877/984/879
f 143/168/145 1660/1871/1658 1661/1874/1661
f 460/529/462 462/527/460 1798/2051/1798
f 1785/2037/1785 1002/1117/1002 1260/1415/1260
f 459/524/457 460/529/462 1798/2051/1798
f 1799/2053/1800 1800/2052/1799 1095/1219/1093
f 427/495/429 537/609/535 428/494/428
f 531/600/529 168/189/166 167/190/167
f 1801/2054/1801 616/703/615 531/600/529
f 725/815/723 724/816/724 720/814/722
f 317/380/317 724/816/724 318/379/316
f 720/814/722 724/816/724 317/380/317
f 353/414/351 352/415/352 317/380/317
f 895/1001/896 376/438/374 375/439/375
f 375/439/375 1025/1142/1025 1692/1907/1692
f 1596/1795/1596 1802/2056/1803 1803/2055/1802
f 497/568/499 675/765/676 1804/2057/1804
f 712/805/714 1805/2058/1805 1275/1430/1275
f 1806/2060/1807 645/734/645 1807/2059/1806
f 535/611/537 537/609/535 1184/1320/1184
f 1806/2060/1807 1185/1322/1186 1808/2061/1808
f 1486/1670/1488 1809/2063/1810 1810/2062/1809
f 598/676/598 596/673/596 1811/2064/1811
f 1812/2065/1812 1684/1899/1684 1683/1900/1685
f 1688/1901/1686 1550/1740/1550 1686/1903/1688
f 1203/1340/1201 1382/1553/1383 1745/1980/1744
f 1201/1342/1203 1203/1340/1201 1745/1980/1744
f 1113/1240/1113 1813/2066/1813 1804/2057/1804
f 1113/1240/1113 1804/2057/1804 1114/1239/1112
f 892/997/892 1814/2068/1815 1815/2067/1814
f 1815/2067/1814 308/371/308 892/997/892
f 1199/1339/1200 1200/1338/1199 1816/2069/1816
f 1200/1338/1199 1086/1213/1087 1087/1212/1086
f 1200/1338/1199 1817/2070/1817 1816/2069/1816
f 831/935/833 1816/2069/1816 1817/2070/1817
f 165/2073/163 1818/2072/1818 163/2071/165
f 939/1048/937 1254/1408/1253 1252/1407/1252
f 1254/1408/1253 1819/2074/1819 1252/1407/1252
f 760/850/758 1295/1455/1294 672/760/671
f 672/760/671 313/378/315 315/376/313
f 1820/2076/1821 286/349/286 1821/2075/1820
f 1354/1523/1353 286/349/286 1822/2077/1822
f 1823/2078/1823 292/355/292 291/356/293
f 1824/2080/1825 1825/2079/1824 292/355/292
f 1826/2083/1827 1045/2082/1044 1827/2081/1826
f 1828/2086/1829 1829/2085/1828 1045/1164/1044
f 1828/2087/1829 1045/2082/1044 1826/2083/1827
f 74/77/72 1411/1584/1410 96/115/97
f 1830/2088/1830 898/1004/899 1684/1899/1684
f 1684/1899/1684 898/1004/899 1685/1898/1683
f 1236/1381/1234 1831/2090/1832 1832/2089/1831
f 1586/1779/1586 1211/1350/1210 1230/1377/1232
f 1230/1377/1232 1211/1350/1210 1210/1351/1211
f 1833/2092/1834 1017/1134/1017 1834/2091/1833
f 1781/2032/1782 909/1012/907 908/1013/908
f 1253/1409/1254 1835/2093/1835 1631/1842/1630
f 339/400/337 1180/1315/1179 1253/1409/1254
f 837/942/837 270/334/272 1135/1268/1136
f 1836/2096/1838 1837/2095/1837 1838/2094/1836
f 1838/2094/1836 127/149/129 1839/2097/1839
f 1840/2098/1840 1806/2060/1807 1807/2059/1806
f 346/411/348 418/481/416 1344/1509/1344
f 1841/2100/1842 505/573/503 1842/2099/1841
f 1320/1483/1320 277/339/277 1807/2059/1806
f 576/651/574 1156/1290/1158 1158/1288/1156
f 1843/2102/1844 1156/1290/1158 1844/2101/1843
f 694/787/696 1175/1311/1175 695/786/695
f 1208/1935/1208 1175/2104/1175 1305/2103/1304
f 1845/2105/1845 536/610/536 421/489/423
f 1846/2106/1846 1235/1382/1235 422/488/422
f 290/351/288 369/433/369 368/434/370
f 1800/2052/1799 1847/2107/1847 1649/1861/1648
f 1848/2108/1848 1649/1861/1648 1648/1862/1649
f 1849/2110/1850 1850/2109/1849 1636/1847/1634
f 1850/2109/1849 1849/2110/1850 1851/2111/1851
f 1626/1835/1626 468/2112/468 814/1433/812
f 1579/1773/1580 1852/2113/1852 1604/1806/1604
f 371/437/373 1853/2114/1853 372/436/372
f 555/675/557 1853/2114/1853 1854/2115/1854
f 1686/1903/1688 1683/1900/1685 1855/2116/1855
f 1781/2032/1782 1856/2117/1856 909/1012/907
f 1857/2119/1857 941/1331/941 1239/2118/1239
f 941/1331/941 625/714/625 44/51/46
f 1270/1425/1270 884/989/884 304/367/304
f 1858/2120/1858 1430/1608/1429 1429/1609/1430
f 1859/2122/1860 1860/2121/1859 762/856/764
f 142/164/141 1196/1337/1198 126/145/125
f 1263/1417/1262 752/846/754 754/844/752
f 304/367/304 297/361/298 1270/1425/1270
f 551/627/552 552/625/551 1861/2123/1861
f 1862/2126/1862 1472/2125/1472 1471/2124/1473
f 1863/2128/1863 1137/1271/1139 301/362/299
f 301/362/299 1137/1271/1139 299/364/301
f 1235/1382/1235 1846/2106/1846 536/610/536
f 1235/1382/1235 1831/2090/1832 1236/1381/1234
f 249/312/251 251/310/249 1864/2129/1864
f 1865/2131/1866 1864/2129/1864 1866/2130/1865
f 1821/2075/1820 1867/2132/1867 1364/1534/1364
f 1365/1533/1363 1364/1534/1364 1868/2133/1868
f 1336/1502/1337 1777/2025/1779 1337/1501/1336
f 1869/2136/1871 1870/2135/1870 1871/2134/1869
f 1872/2137/1872 28/32/28 27/33/29
f 240/296/240 1873/1198/1873 247/306/247
f 240/296/240 222/2138/222 1873/1198/1873
f 1133/1264/1132 1874/2140/1875 1875/2139/1874
f 1788/2038/1786 1876/2141/1876 1786/2040/1788
f 1877/2143/1878 1878/2142/1877 1544/1734/1544
f 1879/2145/1880 1352/1520/1350 1880/2144/1879
f 1881/2147/1882 1882/2146/1881 770/863/770
f 1883/2148/1883 778/873/778 660/748/659
f 1285/1443/1284 1283/2149/1282 1282/1445/1283
f 1884/2150/1884 1763/2006/1763 1761/2005/1762
f 1144/1275/1143 1143/1276/1144 1885/2151/1885
f 1144/1458/1143 1885/2153/1885 1886/2152/1886
f 774/867/774 1887/2155/1888 1888/2154/1887
f 1889/2158/1891 1890/2157/1890 1891/2156/1889
f 1883/2148/1883 1882/2146/1881 1881/2147/1882
f 1892/2160/1893 695/786/695 1893/2159/1892
f 302/366/303 1893/2159/1892 164/187/164
f 211/244/209 1448/2162/1448 1894/2161/1894
f 1140/1272/1140 1099/1227/1100 1894/2161/1894
f 883/990/885 838/2163/836 884/989/884
f 841/944/839 1895/2164/1895 838/2163/836
f 630/1726/630 1896/2165/1896 107/1725/105
f 1233/1393/1233 1245/2166/1245 1244/1395/1244
f 484/555/486 1757/1994/1757 70/75/70
f 849/955/850 70/75/70 1034/1154/1034
f 1897/2168/1898 1898/2167/1897 1092/1217/1091
f 1411/1584/1410 1899/2169/1899 96/115/97
f 1899/2169/1899 687/775/686 96/115/97
f 1900/2170/1900 618/706/618 1649/1861/1648
f 999/1114/999 992/1106/991 1901/2171/1901
f 1836/2096/1838 1838/2094/1836 1839/2097/1839
f 458/525/458 324/385/322 431/496/430
f 1658/1873/1660 1460/1640/1461 1902/2172/1902
f 1903/2173/1903 325/390/327 327/388/325
f 325/2175/327 1904/2174/1904 1827/2081/1826
f 1767/2011/1768 1769/2012/1769 129/147/127
f 433/499/433 1905/2176/1905 414/480/415
f 1906/2177/1906 1905/2176/1905 433/499/433
f 1907/2179/1907 1121/2178/1122 1122/1252/1121
f 1908/2181/1909 1549/1739/1549 1909/2180/1908
f 1910/2182/1910 1085/1211/1085 592/671/594
f 1085/1211/1085 1910/2182/1910 1347/1516/1346
f 1911/156/1911 1244/1395/1244 1245/2166/1245
f 1912/2183/1912 1240/1391/1242 1242/1389/1240
f 1912/2183/1912 1242/1389/1240 1676/1890/1676
f 1620/1823/1620 1539/1728/1538 54/59/54
f 648/738/649 54/59/54 1539/1728/1538
f 1185/1322/1186 1806/2060/1807 1913/2184/1913
f 1806/2060/1807 1914/2185/1914 1913/2184/1913
f 1530/1713/1529 1819/2074/1819 1254/1408/1253
f 1915/2186/1915 1819/2074/1819 1530/1713/1529
f 337/402/339 1916/2187/1916 553/629/554
f 1318/1481/1318 1917/2188/1917 1452/1633/1454
f 190/640/190 1218/2189/1218 201/235/203
f 201/235/203 1218/2189/1218 1776/2020/1776
f 1227/2192/1225 1918/2191/1918 1222/2190/1224
f 1224/1366/1222 1227/2193/1225 1222/1368/1224
f 1919/2194/1919 553/629/554 1623/1828/1624
f 1919/2194/1919 1623/1828/1624 340/405/342
f 831/935/833 1920/2195/1920 1816/2069/1816
f 1921/2196/1921 1920/2195/1920 831/935/833
f 256/316/254 1922/2197/1922 1168/1301/1168
f 683/774/685 1923/2198/1923 1335/1499/1334
f 1924/2199/1924 683/774/685 685/772/683
f 430/497/431 1101/1230/1103 927/1034/925
f 1925/2200/1925 1780/2026/1780 668/2027/668
f 1513/1697/1513 638/727/638 635/724/635
f 1926/2202/1927 471/536/469 1927/2201/1926
f 471/536/469 354/419/356 356/417/354
f 1928/2204/1929 1929/2203/1928 1912/2183/1912
f 396/460/396 761/2205/761 397/459/395
f 1930/2206/1930 761/853/761 1526/1710/1526
f 305/369/306 1673/1887/1673 668/757/668
f 668/2209/668 1673/2208/1673 1931/2207/1931
f 382/444/380 1932/2212/1933 1933/2211/1932
f 1934/2213/1934 199/226/198 1932/2212/1933
f 1763/2006/1763 1884/2150/1884 1935/2214/1935
f 1897/2168/1898 1936/2215/1936 1898/2167/1897
f 1937/2217/1938 1938/2216/1937 427/495/429
f 1939/2218/1939 1428/1607/1428 1136/1267/1135
f 1940/2220/1941 76/81/76 1941/2219/1940
f 559/633/558 1291/1452/1291 1942/2221/1942
f 52/55/50 559/633/558 50/57/52
f 1943/2224/1945 1944/2223/1944 1945/2222/1943
f 817/916/815 1451/1630/1451 1946/2225/1946
f 179/202/179 1934/2213/1934 1947/2226/1947
f 179/202/179 178/203/180 1948/2227/1948
f 934/1047/936 1550/1740/1550 1688/1901/1686
f 333/394/331 1663/1877/1664 1662/1875/1662
f 1940/2220/1941 1375/1546/1376 76/81/76
f 1929/2203/1928 1949/2229/1950 1950/2228/1949
f 1949/2229/1950 1929/2203/1928 1951/2230/1951
f 619/709/621 253/314/252 620/708/620
f 599/2231/599 619/709/621 241/2013/243
f 1949/2229/1950 1951/2230/1951 1952/2232/1952
f 498/567/498 1760/2001/1760 1039/1160/1040
f 32/34/30 57/62/57 56/63/58
f 527/599/528 1953/2234/1954 1954/2233/1953
f 1368/1539/1369 520/589/518 1619/1822/1619
f 1955/2235/1955 1368/1539/1369 981/1093/979
f 1035/1153/1033 1034/1154/1034 1733/1966/1733
f 1733/1966/1733 322/387/324 1035/1153/1033
f 1956/2237/1957 1957/2236/1956 384/448/384
f 1958/2239/1959 1957/2236/1956 1959/2238/1958
f 497/568/499 499/566/497 676/764/675
f 908/1013/908 1960/2240/1960 319/384/321
f 1961/2241/1961 908/1013/908 319/384/321
f 1551/1741/1551 936/1045/934 1819/2074/1819
f 1819/2074/1819 936/1045/934 1697/1914/1696
f 1335/1499/1334 874/977/872 683/774/685
f 870/976/871 683/774/685 874/977/872
f 1863/2128/1863 301/362/299 358/421/358
f 1296/1457/1296 1863/2128/1863 358/421/358
f 1962/2244/1964 1963/2243/1963 1964/2242/1962
f 1965/2246/1966 1966/2245/1965 1963/2243/1963
f 1680/1895/1680 1850/2109/1849 1851/2111/1851
f 1593/1789/1593 1594/2247/1595 1109/1791/1108
f 1447/1625/1446 1446/1626/1447 623/712/624
f 579/656/579 623/712/624 558/634/559
f 1277/1833/1276 1278/1434/1278 813/1435/813
f 1306/1469/1306 391/453/389 810/911/810
f 1306/1469/1306 810/911/810 1733/1966/1733
f 1688/1901/1686 1687/1902/1687 1016/1135/1018
f 1664/1876/1663 1663/1877/1664 1016/1135/1018
f 446/515/448 448/513/446 993/1110/995
f 1967/2248/1967 438/504/438 437/505/439
f 913/2251/912 399/2250/398 398/2249/399
f 1449/2253/1449 399/2250/398 914/2252/914
f 1274/1429/1274 86/93/88 88/91/86
f 177/198/175 176/199/176 775/2254/777
f 775/2254/777 176/199/176 1643/1856/1643
f 508/577/506 507/578/507 793/891/792
f 1390/1559/1389 1387/1558/1388 1968/2255/1968
f 577/655/578 1512/1696/1512 1872/2137/1872
f 1872/2137/1872 27/33/29 577/655/578
f 608/693/606 1011/2256/1010 606/695/608
f 1371/1542/1372 1372/1541/1371 1370/1540/1370
f 717/811/719 1372/1541/1371 882/985/880
f 1663/1877/1664 1688/1901/1686 1016/1135/1018
f 934/1047/936 1688/1901/1686 1663/1877/1664
f 1906/2177/1906 1582/1775/1582 1581/1776/1583
f 888/995/890 968/1083/969 889/994/889
f 82/86/81 1229/1373/1228 51/56/51
f 795/893/794 792/892/793 1969/2257/1969
f 1969/2257/1969 1390/1559/1389 1968/2255/1968
f 464/530/463 1970/2258/1970 141/165/142
f 1582/1775/1582 1906/2177/1906 1971/2259/1971
f 674/762/673 1972/2260/1972 433/499/433
f 1624/1827/1623 1770/2016/1772 1973/2261/1973
f 294/359/296 1770/2016/1772 1624/1827/1623
f 1079/1203/1077 501/1202/501 1077/1205/1079
f 501/1202/501 135/158/135 1077/1205/1079
f 1581/1776/1583 1583/1774/1581 771/866/773
f 1583/1774/1581 1602/1805/1603 771/866/773
f 481/552/483 1974/2262/1974 482/551/482
f 376/438/374 895/1001/896 1974/2262/1974
f 1975/2264/1976 1547/1736/1546 1976/2263/1975
f 1977/2265/1977 702/794/703 400/466/402
f 1369/2266/1368 1619/1976/1619 1740/1975/1740
f 700/791/700 346/411/348 348/409/346
f 1494/1675/1493 1493/1676/1494 258/322/260
f 141/165/142 125/146/126 1494/1675/1493
f 1978/2268/1979 1979/2267/1978 272/332/270
f 1304/1468/1305 1980/2269/1980 1305/1467/1304
f 1980/2272/1980 132/2271/134 134/2270/132
f 779/876/781 548/2274/550 550/1682/548
f 548/2274/550 1622/1825/1621 1010/2275/1011
f 1910/2182/1910 592/671/594 1981/2276/1981
f 592/671/594 594/669/592 832/934/832
f 350/412/349 1940/2220/1941 1941/2219/1940
f 350/412/349 618/706/618 364/428/364
f 1982/2278/1983 1537/1721/1537 1983/2277/1982
f 1537/1721/1537 1984/2279/1984 986/1100/986
f 294/359/296 1792/2043/1791 1770/2016/1772
f 475/542/475 1123/1257/1125 1985/2280/1985
f 637/728/639 1986/2281/1986 1797/2050/1797
f 1532/1717/1533 637/728/639 1987/2282/1987
f 1988/2285/1989 1954/2284/1953 1989/2283/1988
f 1989/2283/1988 1954/2284/1953 1953/2286/1954
f 586/664/587 583/662/585 585/660/583
f 1871/2134/1869 583/662/585 586/664/587
f 1990/2287/1990 1184/1320/1184 427/495/429
f 506/579/508 1293/1454/1293 1378/1547/1377
f 1991/2288/1991 506/579/508 1379/1551/1381
f 1992/2289/1992 1938/2216/1937 275/335/273
f 274/336/274 1992/2289/1992 275/335/273
f 202/234/202 201/235/203 1776/2020/1776
f 1977/2265/1977 109/129/109 1492/1673/1491
f 1805/2058/1805 1993/2290/1993 1275/1430/1275
f 1978/2293/1979 272/2292/270 1994/2291/1994
f 1/3/3 3/1/1 1086/1213/1087
f 845/950/845 1/3/3 1086/1213/1087
f 968/1083/969 1229/1373/1228 889/994/889
f 968/1083/969 966/1081/967 1229/1373/1228
f 425/491/425 293/354/291 1774/2018/1774
f 466/533/466 468/535/468 1626/2294/1626
f 1626/2294/1626 169/194/171 171/192/169
f 977/1942/975 1713/1941/1713 163/188/165
f 1438/1617/1438 977/1089/975 1439/1616/1437
f 627/716/627 1366/1537/1367 1995/2295/1995
f 1995/2295/1995 1796/2049/1796 627/716/627
f 1996/2296/1996 1346/1517/1347 1347/1516/1346
f 1346/1517/1347 1639/1853/1640 42/47/42
f 614/701/613 167/190/167 166/191/168
f 162/183/160 161/184/161 1997/2297/1997
f 933/1042/931 1132/1265/1133 931/1044/933
f 749/843/751 1998/2298/1998 750/842/750
f 1998/2298/1998 1458/1638/1459 1457/1634/1455
f 1999/2299/1999 269/329/267 268/330/268
f 1430/2301/1429 269/329/267 2000/2300/2000
f 2001/2303/2002 2002/2302/2001 1638/1850/1637
f 1637/1851/1638 2001/2303/2002 1638/1850/1637
f 202/2306/202 563/2305/563 203/2304/201
f 729/821/729 758/852/760 730/820/728
f 729/821/729 1789/2041/1789 758/852/760
f 1804/2057/1804 1805/2058/1805 497/568/499
f 1813/2066/1813 1805/2058/1805 1804/2057/1804
f 2003/2308/2003 386/452/388 147/2307/147
f 386/452/388 1054/1176/1055 148/2309/146
f 648/738/649 1538/1729/1539 2004/2310/2004
f 2005/2311/2005 647/736/647 648/738/649
f 2006/2312/2006 689/1830/691 1076/1201/1076
f 308/371/308 1143/1276/1144 309/370/307
f 1143/1276/1144 1147/1277/1145 1885/2151/1885
f 251/310/249 1143/1276/1144 308/371/308
f 251/310/249 308/371/308 1864/2129/1864
f 1963/2243/1963 538/614/540 540/612/538
f 538/614/540 1963/2243/1963 1962/2244/1964
f 1325/1490/1325 1490/1672/1490 445/1166/443
f 445/1166/443 1046/1167/1046 1325/1490/1325
f 919/1022/917 1534/1718/1534 1987/2282/1987
f 2007/2314/2008 2008/2313/2007 261/325/263
f 139/162/139 2009/2316/2010 2010/2315/2009
f 503/2318/505 505/2317/503 2010/2315/2009
f 1568/1762/1569 525/594/523 524/595/524
f 1621/1826/1622 1010/2275/1011 1622/1825/1621
f 2011/2319/2011 606/1126/608 1010/1127/1011
f 2012/2321/2013 682/769/680 2013/2320/2012
f 2012/2321/2013 2014/2322/2014 682/769/680
f 763/1574/763 1633/1846/1633 1006/1569/1004
f 1525/1709/1525 763/2323/763 1006/1119/1004
f 2015/2324/2015 1530/1713/1529 1529/1714/1530
f 2016/2325/2016 328/393/330 612/700/612
f 329/392/329 436/501/435 330/391/328
f 1574/1767/1574 2017/2326/2017 429/493/427
f 1329/1492/1327 237/284/237 2018/2327/2018
f 237/284/237 480/2329/478 1225/2328/1227
f 1464/1642/1463 1503/1686/1502 2019/2330/2019
f 49/52/47 424/492/426 2020/2331/2020
f 2021/2332/2021 2020/2331/2020 66/1513/68
f 935/1046/935 934/1047/936 332/395/332
f 784/883/785 332/395/332 785/882/784
f 1162/1294/1161 384/448/384 1958/2239/1959
f 447/514/447 1162/1294/1161 448/513/446
f 2022/2333/2022 1374/1544/1374 1373/1543/1373
f 708/799/708 2023/2335/2024 2024/2334/2023
f 182/205/182 181/206/183 188/210/187
f 2025/2336/2025 181/206/183 1540/1730/1540
f 731/825/733 154/177/154 732/824/732
f 735/827/735 731/825/733 736/826/734
f 2026/2338/2027 1955/2235/1955 2027/2337/2026
f 2026/2338/2027 2027/2337/2026 1154/1286/1154
f 652/740/651 1149/1281/1149 583/662/585
f 1456/1635/1456 1036/1158/1038 1038/1156/1036
f 2028/2339/2028 941/1331/941 44/51/46
f 1908/2181/1909 2029/2340/2029 825/929/827
f 2029/2340/2029 826/928/826 825/929/827
f 1951/2230/1951 1929/2203/1928 1928/2204/1929
f 2030/2342/2031 1951/2230/1951 2031/2341/2030
f 815/918/817 2032/2344/2033 2033/2343/2032
f 2034/2347/2034 892/2346/892 1759/2345/1759
f 1589/1784/1589 2034/2349/2034 1759/1996/1759
f 1447/1625/1446 579/656/579 52/55/50
f 1447/1625/1446 623/712/624 579/656/579
f 191/212/189 190/213/190 774/867/774
f 2035/2352/2036 2036/2351/2035 191/2350/189
f 551/627/552 1861/2123/1861 1498/1681/1498
f 551/627/552 1498/1681/1498 283/626/283
f 2037/2355/2038 1623/1828/1624 2038/2354/2037
f 2039/2356/2039 2037/2355/2038 2038/2354/2037
f 715/808/716 83/90/85 85/88/83
f 1152/1284/1152 85/88/83 650/739/650
f 1305/2358/1304 1980/301/1980 1209/2357/1209
f 1209/1937/1209 1208/1935/1208 1305/2103/1304
f 1489/1671/1489 865/971/866 1324/1491/1326
f 1489/1671/1489 866/970/865 865/971/866
f 1453/1632/1453 2040/2360/2040 337/402/339
f 2041/2361/2041 337/402/339 339/400/337
f 236/285/238 480/2329/478 237/284/237
f 1535/1720/1536 1922/2197/1922 236/2362/238
f 373/435/371 1809/2063/1810 1486/1670/1488
f 2042/2363/2042 371/437/373 373/435/371
f 1647/1859/1646 1516/1700/1516 1645/1858/1645
f 1516/1700/1516 1608/1810/1608 1645/1858/1645
f 1416/1593/1417 1418/1595/1419 1417/1592/1416
f 327/388/325 326/389/326 1416/1593/1417
f 1173/1308/1174 2043/2365/2043 1398/2364/1398
f 2036/2366/2035 776/1440/776 530/601/530
f 2044/2367/2044 2036/2351/2035 2035/2352/2036
f 1872/2137/1872 1512/1696/1512 38/41/36
f 1871/2134/1869 1872/2137/1872 1869/2136/1871
f 1147/1277/1145 1146/1278/1146 1885/2151/1885
f 1146/2370/1146 2045/2369/2046 2046/2368/2045
f 1891/2156/1889 760/850/758 1349/1519/1349
f 573/648/571 572/649/572 1691/1904/1689
f 188/210/187 2047/2371/2047 1100/1226/1099
f 1778/2024/1778 1097/1224/1098 2025/2336/2025
f 165/2073/163 1398/2372/1398 1322/1488/1323
f 1398/2372/1398 2043/2373/2043 1322/1488/1323
f 1981/2276/1981 592/671/594 1817/2070/1817
f 1200/1338/1199 1087/1212/1086 1817/2070/1817
f 1074/1197/1074 520/589/518 1955/2235/1955
f 866/970/865 18/17/16 848/953/848
f 866/970/865 1489/1671/1489 2048/2374/2048
f 2040/2360/2040 1916/2187/1916 337/402/339
f 2039/2356/2039 2038/2354/2037 1916/2187/1916
f 1593/2375/1593 1850/2109/1849 1594/1794/1595
f 1166/1299/1166 2013/2320/2012 682/769/680
f 2049/2376/2049 1172/1303/1170 1542/1732/1542
f 811/912/811 1542/1732/1542 1171/1304/1171
f 987/1099/985 2050/2377/2050 1330/1495/1330
f 987/1099/985 986/1100/986 2050/2377/2050
f 2051/2380/2052 2052/2379/2051 658/2378/656
f 2051/2383/2052 2053/2382/2054 2054/2381/2053
f 66/1513/68 2020/2331/2020 1345/1515/1345
f 697/789/698 698/788/697 789/887/789
f 1303/1466/1303 2055/2385/2056 2056/2384/2055
f 1155/1287/1155 39/44/39 1512/1696/1512
f 39/44/39 38/41/36 1512/1696/1512
f 1532/1717/1533 790/886/788 696/785/694
f 2010/2315/2009 505/2317/503 418/481/416
f 1841/2386/1842 418/481/416 505/2317/503
f 1735/1968/1735 571/650/573 1690/1905/1690
f 1294/1456/1295 760/850/758 571/650/573
f 1793/2047/1794 2057/2387/2057 1794/2046/1793
f 2058/2389/2059 1043/1161/1041 2059/2388/2058
f 1874/2140/1875 2060/2391/2061 2061/2390/2060
f 2040/2360/2040 2039/2356/2039 1916/2187/1916
f 1452/1633/1454 2062/2392/2062 2039/2356/2039
f 1230/1377/1232 901/1006/901 900/1007/902
f 1244/2393/1244 1230/1377/1232 900/1007/902
f 996/1113/998 995/1108/993 997/1112/997
f 2063/2394/2063 1055/1175/1054 1053/1174/1053
f 1053/1174/1053 1055/1175/1054 386/452/388
f 2009/2396/2010 819/2395/818 503/575/505
f 503/2318/505 2010/2315/2009 2009/2316/2010
f 1633/1846/1633 1860/2397/1859 396/460/396
f 1633/1846/1633 763/1574/763 1400/1572/1400
f 1574/2400/1574 2064/2399/2064 2017/2398/2017
f 2065/2401/2065 699/792/701 701/790/699
f 2066/2403/2067 2067/2402/2066 1837/2095/1837
f 998/1111/996 1793/2047/1794 1522/1705/1521
f 575/652/575 1656/1870/1657 522/592/521
f 971/1084/970 1545/1735/1545 545/621/547
f 545/621/547 1545/1735/1545 546/620/546
f 811/912/811 797/896/797 2049/2376/2049
f 811/912/811 2049/2376/2049 1542/1732/1542
f 2068/2406/2070 2069/2405/2069 2070/2404/2068
f 1613/1816/1614 2069/2405/2069 2068/2406/2070
f 2070/2404/2068 2071/2407/2071 1058/1180/1057
f 2070/2404/2068 1599/1801/1599 1612/1814/1612
f 1599/1801/1599 2070/2404/2068 1058/1180/1057
f 846/952/847 2072/2408/2072 847/951/846
f 1735/1968/1735 1294/1456/1295 571/650/573
f 1734/1967/1734 1501/1683/1499 1735/1968/1735
f 487/556/487 389/455/391 2073/2409/2073
f 809/909/808 2073/2409/2073 1307/1471/1308
f 1226/2412/1226 1701/2411/1700 1589/2410/1589
f 1861/2415/1861 1471/2124/1473 1167/2414/1167
f 1862/2126/1862 1471/2124/1473 2074/2416/2074
f 75/82/77 350/412/349 1941/2219/1940
f 1941/2219/1940 76/81/76 75/82/77
f 248/307/248 1029/1146/1029 1028/1147/1030
f 1701/2411/1700 2075/2417/2075 1589/2410/1589
f 1252/1407/1252 1819/2074/1819 1697/1914/1696
f 1697/1914/1696 937/1050/939 1252/1407/1252
f 806/907/806 2076/2418/2076 807/906/805
f 423/487/421 2077/2420/2078 2078/2419/2077
f 1886/2152/1886 1296/1457/1296 1144/1458/1143
f 1296/1457/1296 1886/2152/1886 1863/2128/1863
f 362/1666/360 691/780/689 2079/2421/2079
f 2079/2421/2079 1191/1327/1191 2078/2419/2077
f 1648/1862/1649 618/706/618 349/413/350
f 802/899/800 349/413/350 2080/2422/2080
f 1894/2161/1894 1448/2162/1448 234/281/234
f 914/2252/914 853/2423/851 1449/2253/1449
f 569/647/570 454/523/456 456/521/454
f 1192/1326/1190 782/877/782 1190/1328/1192
f 724/816/724 723/817/725 318/379/316
f 1424/1600/1424 723/817/725 1020/1136/1019
f 2081/2425/2082 701/790/699 2082/2424/2081
f 1492/1673/1491 702/794/703 1977/2265/1977
f 1406/1580/1406 538/614/540 1962/2244/1964
f 1598/1799/1598 862/969/864 864/967/862
f 1598/1799/1598 2083/2426/2083 1284/1800/1285
f 2084/2427/2084 1033/1155/1035 1035/1153/1033
f 1464/1642/1463 2085/2428/2085 104/121/102
f 432/500/434 2086/2429/2086 433/499/433
f 966/1081/967 969/1082/968 2087/2430/2087
f 2087/2430/2087 582/657/580 966/1081/967
f 723/817/725 1424/1600/1424 318/379/316
f 316/381/318 318/379/316 1424/1600/1424
f 1609/1811/1609 882/985/880 881/986/881
f 1313/1475/1312 718/810/718 882/985/880
f 2088/2431/2088 585/660/583 405/467/403
f 587/663/586 585/660/583 2089/2432/2089
f 2090/2433/2090 1096/1222/1096 702/794/703
f 35/690/33 361/1665/361 360/2434/362
f 391/453/389 1101/1230/1103 323/386/323
f 430/497/431 323/386/323 1101/1230/1103
f 1310/2437/1310 905/2436/905 1362/2435/1361
f 2091/2439/2091 1430/2301/1429 2000/2300/2000
f 838/2163/836 1430/2301/1429 2091/2439/2091
f 398/544/399 2092/2440/2092 477/543/476
f 2092/2441/2092 398/463/399 1865/2131/1866
f 1829/2085/1828 1828/2086/1829 487/556/487
f 2093/2442/2093 1828/2087/1829 1826/2083/1827
f 172/197/174 1720/1951/1721 946/1062/948
f 174/195/172 1454/1631/1452 172/197/174
f 278/338/276 827/927/825 823/925/823
f 826/928/826 823/925/823 827/927/825
f 1150/1280/1148 1149/1281/1149 1151/1285/1153
f 2094/2443/2094 1665/1878/1665 1660/1871/1658
f 525/594/523 2095/2444/2095 1665/1878/1665
f 1860/2397/1859 1859/2445/1860 761/2205/761
f 1859/2448/1860 565/2447/564 761/2446/761
f 1100/1226/1099 209/246/211 211/244/209
f 209/246/211 1100/1226/1099 1097/1224/1098
f 2096/2450/2096 610/698/610 180/201/178
f 1728/1958/1728 1292/1453/1292 2097/2451/2097
f 1848/2108/1848 802/899/800 801/900/801
f 1093/1221/1095 1095/1219/1093 1800/2052/1799
f 1728/1958/1728 610/698/610 609/699/611
f 2098/2453/2099 2099/2452/2098 435/502/436
f 823/925/823 877/984/879 824/924/822
f 1363/2456/1365 1365/2455/1363 289/2454/289
f 625/714/625 1239/2118/1239 279/2458/281
f 1056/1177/1056 279/343/281 1239/1386/1239
f 1548/1738/1548 393/457/393 2100/2459/2100
f 1692/2460/1692 1497/1677/1495 1496/1678/1496
f 1854/2462/1854 1853/2461/1853 1497/1677/1495
f 1662/1875/1662 1783/2035/1783 1019/1137/1020
f 1506/1690/1506 722/812/720 721/813/721
f 1050/1170/1049 1047/1169/1048 1048/1168/1047
f 1050/1170/1049 2101/2463/2101 461/528/461
f 510/583/512 259/321/259 108/130/110
f 510/583/512 108/130/110 511/582/511
f 461/528/461 460/529/462 1047/1169/1048
f 1047/1169/1048 1050/1170/1049 461/528/461
f 1404/2464/1402 1363/2456/1365 289/2454/289
f 1403/1577/1403 1363/1535/1365 1404/1576/1402
f 174/195/172 1318/1481/1318 1452/1633/1454
f 174/195/172 1452/1633/1454 1454/1631/1452
f 732/824/732 978/1092/978 526/597/526
f 419/486/420 820/923/821 420/485/419
f 503/575/505 819/2395/818 2102/2465/2102
f 1572/1765/1572 1957/2236/1956 2057/2387/2057
f 1957/2236/1956 1572/1765/1572 2103/2466/2103
f 1468/1648/1469 2081/2425/2082 702/794/703
f 1303/1466/1303 2056/2384/2055 1304/1468/1305
f 1304/1468/1305 2056/2384/2055 1980/2269/1980
f 1865/2131/1866 398/463/399 249/312/251
f 249/312/251 1864/2129/1864 1865/2131/1866
f 1692/2460/1692 1854/2462/1854 1497/1677/1495
f 2104/2468/2105 168/189/166 2105/2467/2104
f 2106/2471/2108 2107/2470/2107 2108/2469/2106
f 1063/1188/1065 1142/1273/1141 1064/1187/1064
f 1567/1758/1565 1568/1762/1569 1565/1760/1567
f 525/594/523 1568/1762/1569 2095/2444/2095
f 2064/2474/2064 2109/2473/2110 2110/2472/2109
f 775/871/777 1281/2475/1281 776/870/776
f 775/2476/777 1643/2030/1643 1281/1439/1281
f 1177/1313/1177 655/744/655 328/393/330
f 1179/1316/1180 1177/1313/1177 328/393/330
f 2053/2479/2054 1719/2478/1719 2054/2477/2053
f 1719/1949/1719 1287/1448/1287 1709/1933/1709
f 1895/2481/1895 836/943/838 838/941/836
f 840/2034/840 271/333/271 1895/2481/1895
f 1698/1917/1699 937/1050/939 1696/1915/1697
f 938/1049/938 937/1050/939 546/620/546
f 192/218/194 200/231/200 1507/1691/1507
f 1019/1137/1020 723/817/725 725/815/723
f 722/812/720 725/815/723 720/814/722
f 757/847/755 2111/2482/2111 1718/1948/1718
f 1715/1944/1714 1323/1487/1322 1905/2176/1905
f 414/480/415 1323/1487/1322 2043/2373/2043
f 2112/2483/2112 170/193/170 1338/1503/1338
f 2113/2486/2115 2114/2485/2114 2115/2484/2113
f 1599/1801/1599 2116/2487/2116 298/360/297
f 2116/2487/2116 508/577/506 792/892/793
f 1905/2176/1905 1323/1487/1322 414/480/415
f 766/859/766 2117/2488/2117 769/1932/768
f 766/859/766 335/398/335 2117/2488/2117
f 2118/2489/2118 2112/2483/2112 2114/2485/2114
f 1716/1946/1716 1445/1624/1445 1198/1335/1196
f 790/886/788 789/887/789 1303/1466/1303
f 789/887/789 2055/2385/2056 1303/1466/1303
f 1189/1323/1187 905/2490/905 904/1785/906
f 904/1785/906 956/1072/958 1189/1323/1187
f 685/772/683 1165/1296/1163 1924/2199/1924
f 685/772/683 1479/1657/1477 1610/1812/1610
f 335/398/335 766/859/766 765/860/767
f 765/860/767 2106/2471/2108 2108/2469/2106
f 1107/1233/1106 1849/2110/1850 2119/2491/2119
f 698/788/697 2055/2385/2056 789/887/789
f 2076/2418/2076 806/907/806 2055/2385/2056
f 1270/1425/1270 297/361/298 1263/1417/1262
f 1270/1425/1270 1263/1417/1262 885/988/883
f 1578/1770/1577 666/753/664 1435/1613/1434
f 58/61/56 57/62/57 666/753/664
f 440/2493/442 1644/2492/1644 439/503/437
f 2120/2494/2120 440/2493/442 439/503/437
f 779/876/781 751/841/749 1038/1156/1036
f 1038/1156/1036 751/841/749 1456/1635/1456
f 887/991/886 1419/1594/1418 1709/1933/1709
f 1709/2495/1709 2054/2477/2053 1719/2478/1719
f 1044/1165/1045 1046/1167/1046 1045/1164/1044
f 1046/1167/1046 1044/1165/1045 1264/1419/1264
f 298/360/297 752/846/754 297/361/298
f 1530/1713/1529 1254/1408/1253 1179/1316/1180
f 1530/1713/1529 1179/1316/1180 1531/1715/1531
f 1786/2040/1788 830/930/828 9/12/11
f 1164/1297/1164 1924/2199/1924 1165/1296/1163
f 1923/2198/1923 683/774/685 1924/2199/1924
f 1707/1930/1707 2046/2368/2045 2045/2369/2046
f 1436/1615/1436 911/1016/911 374/440/376
f 867/974/869 656/747/658 868/973/868
f 1514/1698/1514 869/972/867 868/973/868
f 1784/2036/1784 956/1072/958 958/1070/956
f 956/1072/958 1784/2036/1784 1625/1829/1625
f 1443/1622/1443 1458/1638/1459 2121/2496/2121
f 1443/1622/1443 2122/2497/2122 1441/1620/1441
f 2123/2499/2124 2124/2498/2123 1966/2245/1965
f 1966/2245/1965 1746/1982/1746 1440/1619/1440
f 246/308/244 2125/2500/2125 248/307/248
f 2125/2501/2125 246/302/244 1730/2021/1729
f 757/847/755 756/848/756 2111/2482/2111
f 2126/2502/2126 495/565/496 2111/2482/2111
f 124/142/122 514/584/513 122/144/124
f 1081/1207/1081 1580/1772/1579 674/762/673
f 674/762/673 1580/1772/1579 1972/2260/1972
f 642/732/643 542/615/541 541/616/542
f 642/732/643 526/597/526 525/594/523
f 1850/2109/1849 1634/1849/1636 1636/1847/1634
f 1427/1604/1426 1634/1849/1636 1850/2109/1849
f 2127/2503/2127 1253/1409/1254 939/1048/937
f 974/1086/972 939/1048/937 938/1049/938
f 1849/2110/1850 1636/1847/1634 2128/2504/2128
f 434/2505/432 134/154/132 1695/1913/1695
f 134/478/132 434/498/432 414/480/415
f 1639/2508/1640 2129/2507/2129 1640/2506/1639
f 588/667/590 2130/2509/2130 589/666/589
f 1963/2243/1963 540/612/538 589/666/589
f 1577/1771/1578 2131/2510/2131 1578/1770/1577
f 1578/1770/1577 2131/2510/2131 666/753/664
f 227/2513/225 247/2512/247 1873/2511/1873
f 227/2513/225 1873/2511/1873 225/2515/227
f 1468/1648/1469 2065/2401/2065 2081/2425/2082
f 701/790/699 2081/2425/2082 2065/2401/2065
f 1374/1544/1374 708/799/708 707/800/709
f 2023/2335/2024 708/799/708 1374/1544/1374
f 1646/1860/1647 1519/1703/1519 1647/1859/1646
f 1517/1699/1515 2132/2516/2132 854/961/856
f 1673/1887/1673 639/726/637 1513/1697/1513
f 1673/2208/1673 1513/2517/1513 1931/2207/1931
f 114/136/116 1356/1525/1355 115/135/115
f 956/1072/958 1625/1829/1625 1189/1323/1187
f 1189/1323/1187 1625/1829/1625 1187/1325/1189
f 438/504/438 1076/1201/1076 441/1831/441
f 58/61/56 2131/2510/2131 1577/1771/1578
f 666/753/664 2131/2510/2131 58/61/56
f 1996/2296/1996 1639/1853/1640 1346/1517/1347
f 2133/2518/2133 2129/2507/2129 1639/2508/1640
f 2108/2469/2106 530/601/530 335/398/335
f 335/398/335 765/860/767 2108/2469/2106
f 271/333/271 1415/2033/1415 272/332/270
f 1415/2033/1415 1993/2519/1993 272/332/270
f 2134/2521/2135 1241/1390/1241 2135/2520/2134
f 1242/1389/1240 1241/1390/1241 2134/2521/2135
f 839/946/841 910/1015/910 1588/1780/1587
f 2136/2522/2136 1204/1345/1206 839/946/841
f 1705/2525/1705 21/2524/19 24/2523/22
f 21/20/19 22/25/24 24/23/22
f 74/77/72 662/751/662 661/752/663
f 839/946/841 1588/1780/1587 2136/2522/2136
f 1204/1345/1206 2136/2522/2136 1205/1344/1205
f 1682/1897/1682 759/851/759 758/852/760
f 1682/1897/1682 1349/1519/1349 759/851/759
f 1983/2277/1982 2137/2527/2137 1982/2278/1983
f 788/888/790 1637/1851/1638 1510/1692/1508
f 741/833/741 788/888/790 742/832/740
f 916/1020/915 299/364/301 2138/2528/2138
f 916/1020/915 2139/2529/2139 915/1021/916
f 2140/2532/2142 2141/2531/2141 2142/2530/2140
f 947/1061/947 1388/1557/1387 948/1060/946
f 784/883/785 935/1046/935 332/395/332
f 483/550/481 916/1020/915 2138/2528/2138
f 2138/2528/2138 481/552/483 483/550/481
f 262/324/262 547/619/545 2143/2533/2143
f 263/323/261 547/619/545 1698/1917/1699
f 1520/1702/1518 1519/1703/1519 1646/1860/1647
f 1645/1858/1645 2144/2534/2144 1646/1860/1647
f 1842/2099/1841 365/1511/363 1344/1512/1344
f 1842/2099/1841 363/2535/365 365/1511/363
f 614/701/613 1557/1747/1557 1558/1748/1558
f 1557/1747/1557 614/701/613 162/183/160
f 346/411/348 963/1079/965 416/483/418
f 1313/1475/1312 2145/2536/2145 716/807/715
f 716/807/715 1502/1687/1503 83/90/85
f 1777/2025/1779 1098/1223/1097 1778/2024/1778
f 796/897/798 1098/1223/1097 799/898/799
f 1579/1773/1580 394/456/392 1852/2113/1852
f 1081/1207/1081 2146/2537/2146 1579/1773/1580
f 1116/1243/1116 1115/1244/1117 2133/2518/2133
f 2133/2518/2133 488/559/490 2129/2507/2129
f 799/898/799 1277/1431/1276 797/896/797
f 1277/1431/1276 2049/2376/2049 797/896/797
f 1154/1286/1154 1074/1197/1074 2026/2338/2027
f 1955/2235/1955 2026/2338/2027 1074/1197/1074
f 1863/2128/1863 1138/1270/1138 1137/1271/1139
f 1138/1270/1138 1863/2128/1863 1886/2152/1886
f 1531/1715/1531 330/391/328 1530/1713/1529
f 330/391/328 1531/1715/1531 328/393/330
f 1668/1882/1669 1215/1357/1216 2147/2538/2147
f 1075/1199/1075 1011/1200/1010 1878/2142/1877
f 1011/1200/1010 608/2539/606 1878/2142/1877
f 2148/2540/2148 1063/1188/1065 1065/1186/1063
f 2134/2521/2135 1063/1188/1065 2148/2540/2148
f 1752/1988/1752 2149/2542/2149 1911/2541/1911
f 850/954/849 716/807/715 2145/2536/2145
f 850/954/849 71/74/69 70/75/70
f 202/2306/202 599/682/599 601/683/600
f 1588/1780/1587 1587/1781/1588 2150/2543/2150
f 1588/1780/1587 1205/1344/1205 2136/2522/2136
f 264/328/266 1051/1173/1052 265/327/265
f 2151/2545/2152 151/172/149 2152/2544/2151
f 308/371/308 307/372/309 894/999/894
f 1378/1547/1377 1672/1885/1671 1379/1551/1381
f 506/579/508 1378/1547/1377 1379/1551/1381
f 2141/2531/2141 2140/2532/2142 1395/1566/1396
f 1395/1566/1396 2140/2532/2142 1396/1565/1395
f 425/491/425 424/492/426 1120/1245/1118
f 369/433/369 2153/2546/2153 1132/1265/1133
f 369/433/369 1132/1265/1133 370/432/368
f 1063/1188/1065 1699/1916/1698 1141/1274/1142
f 1141/1274/1142 1696/1915/1697 1142/1273/1141
f 1768/2010/1767 1068/1190/1067 1767/2011/1768
f 245/303/245 202/2547/202 1776/2022/1776
f 2047/2371/2047 188/210/187 2154/2548/2154
f 188/210/187 181/206/183 2154/2548/2154
f 2155/2549/2155 198/227/199 193/229/193
f 2155/2550/2155 193/217/193 192/218/194
f 768/862/769 500/686/502 602/687/602
f 726/819/727 2105/2467/2104 768/2551/769
f 353/414/351 316/381/318 1717/1947/1717
f 16/19/18 18/17/16 649/737/648
f 649/737/648 18/17/16 1183/1319/1183
f 562/635/560 1345/1515/1345 426/490/424
f 424/492/426 426/490/424 2020/2331/2020
f 1351/1521/1351 1559/1749/1559 862/969/864
f 2140/2532/2142 2142/2530/2140 2156/2552/2156
f 2157/2554/2158 1388/1557/1387 2158/2553/2157
f 478/549/480 1225/1372/1227 479/548/479
f 778/873/778 1883/2148/1883 1881/2147/1882
f 1881/2147/1882 770/863/770 778/873/778
f 1514/1698/1514 868/973/868 656/747/658
f 445/1166/443 1490/1672/1490 2052/2555/2051
f 1553/1743/1553 822/926/824 1554/1742/1552
f 1606/1808/1606 1027/1144/1027 1554/1742/1552
f 2114/2485/2114 466/533/466 2115/2484/2113
f 466/533/466 1626/2294/1626 2115/2484/2113
f 118/138/118 259/321/259 109/129/109
f 259/321/259 118/138/118 108/130/110
f 217/1605/215 564/2556/565 1527/1712/1528
f 2159/2557/2159 564/2556/565 200/230/200
f 767/858/765 1470/1649/1470 2105/2467/2104
f 2105/2467/2104 168/189/166 767/858/765
f 1559/1749/1559 491/560/491 2160/2558/2160
f 1350/1522/1352 1433/1612/1433 1559/1749/1559
f 1748/1986/1750 1750/1984/1748 186/207/184
f 1898/2167/1897 1936/2215/1936 1284/1800/1285
f 1052/1172/1051 2130/2509/2130 2161/2559/2161
f 1874/2140/1875 1802/2056/1803 2060/2391/2061
f 1471/1652/1473 1473/1650/1471 2162/2560/2162
f 749/843/751 1167/1300/1167 1471/1652/1473
f 1068/1190/1067 1768/2010/1767 1273/1427/1272
f 485/554/485 2163/2561/2163 1258/1412/1257
f 70/75/70 69/76/71 485/554/485
f 1698/1917/1699 1696/1915/1697 1699/1916/1698
f 1696/1915/1697 1141/1274/1142 1699/1916/1698
f 2164/2564/2164 1813/2563/1813 1113/2562/1113
f 1994/2291/1994 272/2292/270 1993/2566/1993
f 1678/1891/1677 1677/1892/1678 273/337/275
f 403/469/405 2165/2567/2165 746/840/748
f 747/839/747 746/840/748 2165/2567/2165
f 2017/2326/2017 1858/2120/1858 875/980/875
f 2166/2568/2166 635/724/635 634/725/636
f 491/560/491 1559/1749/1559 1433/1612/1433
f 3/1/1 491/560/491 1433/1612/1433
f 2121/2496/2121 1444/1621/1442 1443/1622/1443
f 2162/2560/2162 1473/1650/1471 2121/2496/2121
f 1499/1685/1501 1734/1967/1734 1764/2007/1764
f 1677/1892/1678 2167/2569/2167 273/337/275
f 1808/2061/1808 1186/1321/1185 646/733/644
f 29/31/27 955/1068/954 2168/2570/2168
f 29/31/27 28/32/28 2169/2571/2169
f 160/185/162 2104/2468/2105 2105/2467/2104
f 2170/2574/2172 2171/2573/2171 2172/2572/2170
f 1893/2159/1892 695/786/695 164/187/164
f 164/187/164 695/786/695 165/186/163
f 1202/1341/1202 1339/1504/1339 740/834/742
f 2001/2303/2002 1637/1851/1638 740/834/742
f 1659/1872/1659 458/525/458 1661/1874/1661
f 2173/2575/2173 1699/1916/1698 1063/1188/1065
f 687/775/686 686/776/687 97/114/96
f 2174/2577/2175 72/79/74 2175/2576/2174
f 2176/2578/2176 651/741/652 1370/1540/1370
f 2176/2578/2176 717/811/719 719/809/717
f 1575/1768/1575 2177/2580/2178 2178/2579/2177
f 545/621/547 945/1058/944 970/1085/971
f 2158/2553/2157 2156/2552/2156 2157/2554/2158
f 525/594/523 542/615/541 642/732/643
f 2094/2443/2094 542/615/541 525/594/523
f 677/806/679 607/694/607 2164/2581/2164
f 1994/2291/1994 607/694/607 1978/2293/1979
f 450/517/450 1090/1214/1088 1089/1215/1089
f 160/185/162 2179/2583/2180 2180/2582/2179
f 2179/2583/2180 726/819/727 2180/2582/2179
f 1576/1769/1576 314/377/314 313/378/315
f 1642/1854/1641 1641/1855/1642 314/377/314
f 90/95/90 2181/2585/2182 2182/2584/2181
f 1032/2586/1032 1434/1614/1435 67/72/67
f 1300/1464/1302 1193/1334/1195 1195/1332/1193
f 1302/1462/1300 1298/1460/1298 1300/1464/1302
f 2183/2588/2184 1234/1383/1236 2184/2587/2183
f 1301/1463/1301 2180/2582/2179 726/819/727
f 1301/1463/1301 1300/1464/1302 2172/2572/2170
f 1464/1642/1463 1033/1155/1035 2085/2428/2085
f 1464/1642/1463 1465/1644/1465 1033/1155/1035
f 1487/2591/1487 2185/2590/2185 1488/2589/1486
f 1146/2370/1146 1219/2592/1219 1810/2062/1809
f 1805/2058/1805 712/805/714 497/568/499
f 497/568/499 712/805/714 714/803/712
f 1919/2194/1919 554/628/553 553/629/554
f 1024/1141/1024 1481/1661/1481 554/628/553
f 370/432/368 471/536/469 1246/1401/1246
f 1246/1401/1246 471/536/469 1926/2202/1927
f 295/358/295 1521/1706/1522 296/357/294
f 568/643/566 1522/1705/1521 1521/1706/1522
f 2110/2472/2109 1575/1768/1575 2178/2579/2177
f 1575/1768/1575 2110/2472/2109 1181/1317/1181
f 1925/2595/1925 2186/2594/2186 2166/2593/2166
f 1513/2517/1513 2186/2597/2186 1931/2207/1931
f 339/400/337 1253/1409/1254 1631/1842/1630
f 132/2598/134 806/907/806 805/908/807
f 806/907/806 132/2598/134 1980/2269/1980
f 617/705/617 1842/2099/1841 505/573/503
f 617/2599/617 363/2535/365 1842/2099/1841
f 909/1012/907 1856/2117/1856 1484/1664/1484
f 1806/2060/1807 1840/2098/1840 1914/2185/1914
f 2187/2600/2187 1914/2185/1914 1840/2098/1840
f 1687/1902/1687 1686/1903/1688 1855/2116/1855
f 1016/1135/1018 1687/1902/1687 1017/1134/1017
f 2084/2427/2084 2085/2428/2085 1033/1155/1035
f 104/121/102 2085/2428/2085 102/123/104
f 1856/2117/1856 1683/1900/1685 1943/2224/1945
f 1905/2176/1905 1906/2177/1906 1581/1776/1583
f 1581/1776/1583 771/866/773 1715/1944/1714
f 656/747/658 1490/1672/1490 1514/1698/1514
f 1514/1698/1514 1490/1672/1490 865/971/866
f 961/1075/961 2188/2602/2189 2189/2601/2188
f 1083/1209/1083 1082/1210/1084 2189/2601/2188
f 1552/1744/1554 1554/1742/1552 2080/2422/2080
f 349/413/350 1552/1744/1554 2080/2422/2080
f 635/724/635 638/727/638 2190/2603/2190
f 2190/2603/2190 638/727/638 1797/2050/1797
f 604/689/603 1413/1587/1413 769/861/768
f 604/779/603 442/506/440 441/507/441
f 1603/1804/1602 1602/1805/1603 1417/1592/1416
f 502/2604/500 819/2395/818 2009/2396/2010
f 502/2604/500 2009/2396/2010 2191/2605/2191
f 1370/1540/1370 1372/1541/1371 717/811/719
f 1370/1540/1370 717/811/719 2176/2578/2176
f 470/537/470 1334/1500/1335 2192/2606/2192
f 1090/1214/1088 450/517/450 876/981/876
f 2132/2516/2132 1517/1699/1515 907/1014/909
f 2193/2608/2193 1692/2460/1692 1025/2607/1025
f 1025/2607/1025 555/2609/557 2193/2608/2193
f 2188/2602/2189 1083/1209/1083 2189/2601/2188
f 1083/1209/1083 2188/2602/2189 960/1076/962
f 644/1249/646 1121/1250/1122 1908/2610/1909
f 1121/2178/1122 1907/2179/1907 1908/2181/1909
f 2194/2612/2195 2177/2580/2178 2195/2611/2194
f 2196/2613/2196 837/942/837 836/943/838
f 270/334/272 837/942/837 2196/2613/2196
f 31/35/31 1247/1402/1247 32/34/30
f 2197/2614/2197 241/2013/243 1790/2042/1790
f 1790/2042/1790 2198/2615/2198 2197/2614/2197
f 1719/1949/1719 657/746/657 1287/1448/1287
f 2199/2617/2200 2132/2516/2132 2200/2616/2199
f 221/1037/223 2201/2619/2201 1488/2618/1486
f 1603/1804/1602 1417/1592/1416 886/992/887
f 2202/2620/2202 1094/1220/1094 1289/1450/1289
f 1093/1221/1095 1289/1450/1289 1094/1220/1094
f 230/273/229 220/261/220 210/259/210
f 209/2622/211 219/258/219 210/2621/210
f 360/2623/362 1736/1970/1736 1376/1545/1375
f 2186/2624/2186 635/724/635 2166/2568/2166
f 380/446/382 2155/2549/2155 1693/1909/1693
f 198/227/199 2155/2549/2155 380/446/382
f 1525/1709/1525 1005/1120/1005 410/474/410
f 1005/1120/1005 1296/1457/1296 359/420/357
f 111/133/113 113/131/111 873/978/873
f 874/977/872 873/978/873 870/976/871
f 513/585/514 124/142/122 512/581/510
f 1808/2061/1808 646/733/644 645/734/645
f 1808/2061/1808 645/734/645 1806/2060/1807
f 1368/1539/1369 983/1097/983 982/1098/984
f 844/947/842 984/1096/982 983/1097/983
f 21/20/19 16/19/18 647/736/647
f 648/738/649 647/736/647 16/19/18
f 1424/1600/1424 1422/1599/1423 560/637/562
f 1195/1332/1193 161/184/161 1300/1464/1302
f 2170/2574/2172 2172/2572/2170 1300/1464/1302
f 1018/1133/1016 1961/2241/1961 1783/2035/1783
f 1352/1520/1350 1354/1523/1353 2203/2625/2203
f 1209/1349/1209 1980/1999/1980 415/902/414
f 415/479/414 1980/2626/1980 134/478/132
f 48/53/48 47/54/49 489/558/489
f 1708/1931/1708 595/674/597 597/672/595
f 767/858/765 168/189/166 2204/2627/2204
f 767/858/765 2106/2471/2108 765/860/767
f 465/534/467 2205/2629/2206 2206/2628/2205
f 1970/2258/1970 2206/2628/2205 141/165/142
f 2199/2617/2200 854/961/856 2132/2516/2132
f 855/960/855 854/961/856 2207/2630/2207
f 1340/1506/1341 1343/1507/1342 791/889/791
f 744/835/743 743/836/744 1343/1507/1342
f 1959/2238/1958 1957/2236/1956 2103/2466/2103
f 448/513/446 994/1109/994 993/1110/995
f 844/947/842 983/1097/983 1368/1539/1369
f 844/947/842 1368/1539/1369 842/949/844
f 1231/1376/1231 1654/1867/1654 1232/1375/1230
f 1654/1867/1654 1653/1866/1653 1232/1375/1230
f 1088/1216/1090 2208/2631/2208 1092/1217/1091
f 113/131/111 2209/2632/2209 472/540/473
f 675/765/676 676/764/675 2210/2633/2210
f 2058/2389/2059 1524/1708/1524 1114/1239/1112
f 689/782/691 691/780/689 688/778/688
f 1529/1714/1530 898/1004/899 1550/1740/1550
f 1550/1740/1550 898/1004/899 1830/2088/1830
f 2062/2392/2062 1623/1828/1624 2037/2355/2038
f 2062/2392/2062 2037/2355/2038 2039/2356/2039
f 2211/2635/2212 267/331/269 2212/2634/2211
f 2213/2637/2214 2214/2636/2213 267/331/269
f 1286/1447/1286 42/47/42 1640/1852/1639
f 1640/2506/1639 490/557/488 1286/2638/1286
f 310/375/312 312/373/310 2174/2577/2175
f 310/375/312 2174/2577/2175 2175/2576/2174
f 1654/1867/1654 1608/1810/1608 1653/1866/1653
f 1607/1809/1607 1653/1866/1653 1608/1810/1608
f 2215/2639/2215 1686/1903/1688 1550/1740/1550
f 1683/1900/1685 1686/1903/1688 1812/2065/1812
f 555/2609/557 1854/2462/1854 2193/2608/2193
f 1692/2460/1692 2193/2608/2193 1854/2462/1854
f 2216/2642/2218 2217/2641/2217 2218/2640/2216
f 322/387/324 324/385/322 1460/1640/1461
f 879/982/877 403/469/405 824/924/822
f 2122/2497/2122 403/469/405 879/982/877
f 1199/1339/1200 1816/2069/1816 7/9/8
f 1437/1618/1439 377/443/379 1476/1656/1476
f 722/812/720 1019/1137/1020 725/815/723
f 1506/1690/1506 1019/1137/1020 722/812/720
f 630/719/630 1752/1988/1752 1911/2541/1911
f 1911/2645/1911 1896/2644/1896 630/2643/630
f 2215/2639/2215 1550/1740/1550 1830/2088/1830
f 2215/2639/2215 1830/2088/1830 1684/1899/1684
f 377/443/379 163/2071/165 378/442/378
f 377/443/379 1437/1618/1439 1439/1616/1437
f 1047/1169/1048 459/524/457 926/1035/926
f 459/524/457 1047/1169/1048 460/529/462
f 542/615/541 2094/2443/2094 145/166/143
f 2094/2443/2094 1660/1871/1658 145/166/143
f 884/989/884 2219/2647/2219 304/367/304
f 1062/1185/1062 256/316/254 342/403/340
f 1481/1661/1481 256/316/254 1168/1301/1168
f 1291/1452/1291 1401/1575/1401 59/64/59
f 56/63/58 59/64/59 2220/2648/2220
f 1000/1115/1000 1839/2097/1839 127/149/129
f 2221/2649/2221 1000/1115/1000 127/149/129
f 595/674/597 1708/1931/1708 1810/2062/1809
f 633/721/632 2222/2650/2222 745/837/745
f 629/720/631 631/718/629 633/721/632
f 1617/1821/1618 833/933/831 41/48/43
f 1773/2017/1773 1463/1643/1464 104/121/102
f 172/197/174 948/1060/946 509/580/509
f 1837/2095/1837 591/668/591 1838/2094/1836
f 1838/2094/1836 128/148/128 127/149/129
f 1723/1952/1722 947/1061/947 946/1062/948
f 1721/1950/1720 1723/1952/1722 946/1062/948
f 1190/1328/1192 1181/1317/1181 1182/1318/1182
f 644/735/646 1807/2059/1806 645/734/645
f 1320/1485/1320 644/1249/646 1321/1484/1321
f 2223/2651/2223 2067/2402/2066 590/665/588
f 590/665/588 591/668/591 2223/2651/2223
f 691/780/689 2224/2652/2224 688/778/688
f 1190/1328/1192 2195/2611/2194 1575/1768/1575
f 2177/2580/2178 1575/1768/1575 2195/2611/2194
f 303/365/302 1652/1864/1651 302/366/303
f 834/2654/834 1888/2154/1887 777/2653/775
f 1159/2656/1160 177/198/175 1160/2655/1159
f 1925/2659/1925 2166/2658/2166 1780/2657/1780
f 347/410/347 618/706/618 1900/2170/1900
f 618/2661/618 347/1510/347 365/1511/363
f 1499/1685/1501 1066/1189/1066 539/613/539
f 539/613/539 1500/1684/1500 1499/1685/1501
f 1106/1234/1107 985/1101/987 1595/1793/1594
f 1442/1623/1444 1761/2005/1762 1584/1777/1584
f 1899/2169/1899 1411/1584/1410 897/1002/897
f 1406/1580/1406 1641/1855/1642 1500/1684/1500
f 1964/2242/1962 159/180/157 1962/2244/1964
f 1693/1909/1693 2155/2549/2155 2225/2662/2225
f 764/854/762 1007/1122/1007 206/2663/204
f 494/561/492 872/979/874 1335/1499/1334
f 1871/2134/1869 586/664/587 28/32/28
f 1872/2137/1872 1871/2134/1869 28/32/28
f 256/316/254 255/317/255 478/549/480
f 1079/1203/1077 818/920/819 501/1202/501
f 820/923/821 818/920/819 821/922/820
f 1810/2062/1809 2226/2664/2226 1487/1669/1487
f 1486/1670/1488 1810/2062/1809 1487/1669/1487
f 1317/1479/1316 1314/1478/1315 858/963/858
f 858/963/858 1585/1778/1585 859/962/857
f 1314/1478/1315 988/1105/990 858/963/858
f 2227/2667/2227 477/2666/476 2075/2665/2075
f 1674/1888/1674 2228/2669/2229 2229/2668/2228
f 1103/1228/1101 1102/1229/1102 1674/1888/1674
f 1893/2159/1892 1797/2050/1797 1892/2160/1893
f 2190/2603/2190 1797/2050/1797 1893/2159/1892
f 720/814/722 317/380/317 352/415/352
f 681/770/681 787/884/786 720/814/722
f 1571/1764/1571 1570/1763/1570 1543/1733/1543
f 901/1006/901 1731/1965/1732 902/1005/900
f 105/126/107 902/1380/900 106/125/106
f 465/534/467 2206/2628/2205 463/531/464
f 153/175/152 465/534/467 463/531/464
f 1380/1550/1380 173/196/173 1381/1549/1379
f 1380/1550/1380 1318/1481/1318 173/196/173
f 2230/2670/2230 1294/1456/1295 1501/1683/1499
f 1501/1683/1499 1294/1456/1295 1735/1968/1735
f 950/1063/949 1315/1477/1314 1316/1480/1317
f 1316/1480/1317 1315/1477/1314 1314/1478/1315
f 115/135/115 1356/1525/1355 1355/1526/1356
f 854/961/856 856/959/854 1420/1596/1420
f 1420/1596/1420 1421/1597/1421 1316/1480/1317
f 1831/2090/1832 536/610/536 535/611/537
f 2202/2620/2202 1289/1450/1289 1605/1807/1605
f 584/661/584 405/467/403 585/660/583
f 2231/2671/2231 2227/2667/2227 2075/2665/2075
f 1380/1550/1380 1670/1884/1670 1318/1481/1318
f 1671/1886/1672 1670/1884/1670 1380/1550/1380
f 1152/1284/1152 715/808/716 85/88/83
f 221/264/223 2185/2590/2185 2232/2672/2232
f 221/264/223 2232/2672/2232 222/263/222
f 511/582/511 108/130/110 650/739/650
f 2233/2674/2234 2007/2314/2008 2234/2673/2233
f 1744/1981/1745 526/597/526 643/731/642
f 1744/1981/1745 1382/1553/1383 733/823/731
f 1061/1183/1060 2231/2671/2231 2075/2665/2075
f 2235/2676/2236 2236/2675/2235 2231/2671/2231
f 902/1380/900 2237/2677/2237 106/125/106
f 101/1722/100 106/125/106 2237/2677/2237
f 1744/1981/1745 733/823/731 526/597/526
f 526/597/526 733/823/731 732/824/732
f 498/567/498 497/568/499 714/803/712
f 1760/2001/1760 498/567/498 714/803/712
f 925/1036/927 927/1034/925 1104/1232/1105
f 1283/1441/1282 2238/2678/2238 1123/1257/1125
f 828/932/830 1920/2195/1920 1921/2196/1921
f 1920/2195/1920 828/932/830 7/9/8
f 2239/2679/2239 1347/1516/1346 1910/2182/1910
f 1981/2276/1981 2239/2679/2239 1910/2182/1910
f 451/516/449 450/517/450 954/1069/955
f 2240/2680/2240 1262/1418/1263 1394/1564/1394
f 2241/2681/2241 1262/1418/1263 754/844/752
f 304/367/304 2219/2647/2219 2242/2682/2242
f 2242/2682/2242 269/329/267 1999/2299/1999
f 2149/2542/2149 2243/2683/2243 1214/1352/1212
f 2244/2684/2244 2243/2683/2243 1753/1989/1753
f 65/69/64 63/68/63 517/588/517
f 1474/1654/1475 282/2685/284 1475/1653/1474
f 552/625/551 1862/2687/1862 2074/2686/2074
f 930/1330/928 941/1331/941 933/1042/931
f 933/1042/931 928/2688/930 930/1330/928
f 1824/2080/1825 1926/2202/1927 1825/2079/1824
f 291/356/293 1256/1411/1256 1823/2078/1823
f 1274/1429/1274 1272/1428/1273 1890/2157/1890
f 1638/1850/1637 2002/2302/2001 1666/1879/1666
f 1666/1879/1666 2002/2302/2001 541/616/542
f 1256/1411/1256 1246/1401/1246 1823/2078/1823
f 2245/2689/2245 1657/1869/1656 1656/1870/1657
f 3/1/1 1433/1612/1433 959/1073/959
f 1296/1457/1296 358/421/358 357/422/359
f 1988/2285/1989 2246/2690/2246 1954/2284/1953
f 527/599/528 1954/2233/1953 2247/2691/2247
f 81/87/82 51/56/51 1467/1645/1466
f 620/708/620 341/404/341 340/405/342
f 352/415/352 2248/2692/2248 720/814/722
f 351/416/353 2248/2692/2248 352/415/352
f 1458/1638/1459 826/928/826 1459/1637/1458
f 1459/1637/1458 826/928/826 2029/2340/2029
f 1962/2244/1964 159/180/157 1641/1855/1642
f 1641/1855/1642 159/180/157 314/377/314
f 1493/1676/1494 1491/1674/1492 109/129/109
f 259/321/259 1493/1676/1494 109/129/109
f 143/168/145 1591/1788/1592 144/167/144
f 1798/2051/1798 143/168/145 1661/1874/1661
f 628/1819/626 928/2688/930 2249/2693/2249
f 1457/1634/1455 1459/1637/1458 2029/2340/2029
f 1888/2154/1887 1160/1291/1159 777/2653/775
f 385/1293/383 1160/1291/1159 1888/2154/1887
f 596/673/596 557/677/555 911/1016/911
f 622/710/622 623/712/624 1446/1626/1447
f 9/12/11 622/710/622 581/658/581
f 490/557/488 489/558/489 47/54/49
f 840/945/840 1207/1346/1207 1414/1590/1414
f 713/804/713 1414/1590/1414 1204/1345/1206
f 1276/1432/1277 1777/2025/1779 1336/1502/1337
f 1278/1434/1278 1276/1832/1277 1336/1834/1337
f 1204/1345/1206 1207/1346/1207 839/946/841
f 1414/1590/1414 1207/1346/1207 1204/1345/1206
f 1739/1971/1737 519/2694/519 1737/1973/1739
f 519/590/519 1619/1822/1619 520/589/518
f 2188/2602/2189 961/1075/961 960/1076/962
f 1317/1479/1316 858/963/858 857/964/859
f 1317/1479/1316 1607/1809/1607 1515/1701/1517
f 306/368/305 667/758/669 411/473/409
f 1302/1462/1300 1301/1463/1301 727/818/726
f 1616/1818/1616 1615/1817/1615 1384/1556/1386
f 1462/1641/1462 1196/1337/1198 1198/1335/1196
f 2250/2695/2250 1411/1584/1410 1679/1894/1679
f 72/79/74 517/588/517 73/78/73
f 2174/2577/2175 517/588/517 72/79/74
f 1087/1212/1086 1981/2276/1981 1817/2070/1817
f 1087/1212/1086 2239/2679/2239 1981/2276/1981
f 2007/2314/2008 2233/2674/2234 2251/2696/2251
f 923/1030/921 2251/2696/2251 921/1032/923
f 5/6/5 981/1093/979 984/1096/982
f 367/430/366 2249/2693/2249 932/1043/932
f 932/1043/932 366/431/367 367/430/366
f 980/1094/980 2027/2337/2026 1955/2235/1955
f 1556/1746/1556 2252/2697/2252 494/561/492
f 1555/1745/1555 1042/1162/1042 492/563/494
f 1238/1385/1238 177/198/175 1159/2656/1160
f 385/1293/383 1161/2698/1162 1159/1292/1160
f 1616/1818/1616 1384/1556/1386 1386/1554/1384
f 2011/2319/2011 1726/2700/1724 1725/2699/1725
f 121/139/119 126/145/125 1469/1647/1468
f 121/139/119 120/140/120 126/145/125
f 2093/2701/2093 390/454/390 487/556/487
f 2093/2701/2093 487/556/487 1828/2086/1829
f 2/2/2 710/802/711 707/800/709
f 710/802/711 1373/1543/1373 707/800/709
f 1933/2211/1932 198/227/199 382/444/380
f 198/227/199 380/446/382 382/444/380
f 1403/1577/1403 1821/2075/1820 1364/1534/1364
f 1820/2076/1821 1821/2075/1820 1360/1530/1360
f 1007/1465/1007 1525/1709/1525 409/475/411
f 1525/1709/1525 1007/1465/1007 763/2323/763
f 1078/1204/1078 2253/2702/2253 821/922/820
f 33/151/35 1078/1204/1078 131/150/130
f 2254/2703/2254 1357/1529/1359 1359/1527/1357
f 1877/2143/1878 1075/1199/1075 1878/2142/1877
f 1795/2048/1795 1119/1246/1119 1118/1247/1120
f 33/151/35 2253/2702/2253 1078/1204/1078
f 33/151/35 360/2704/362 943/1057/943
f 1332/1497/1332 1042/1162/1042 1333/1496/1331
f 1333/1496/1331 1042/1162/1042 1555/1745/1555
f 769/1932/768 442/506/440 604/779/603
f 442/506/440 769/1932/768 2117/2488/2117
f 582/657/580 581/658/581 1446/1626/1447
f 581/658/581 622/710/622 1446/1626/1447
f 1062/1185/1062 257/319/257 256/316/254
f 1062/1185/1062 341/404/341 257/319/257
f 2030/2342/2031 2031/2341/2030 492/563/494
f 1042/1162/1042 1041/1163/1043 492/563/494
f 1968/2255/1968 795/893/794 1969/2257/1969
f 795/893/794 1968/2255/1968 1387/1558/1388
f 1112/2706/1114 677/2705/679 2164/2564/2164
f 1524/2707/1524 678/767/678 677/768/679
f 1479/1657/1477 1478/1658/1478 2014/2322/2014
f 1478/1658/1478 721/813/721 2014/2322/2014
f 1196/1337/1198 1386/1554/1384 126/145/125
f 1668/2710/1669 1217/2709/1217 1215/2708/1216
f 1217/2712/1217 406/1356/408 1215/1357/1216
f 204/239/206 407/471/407 1217/1358/1217
f 2237/2713/2237 1731/1965/1732 1756/1993/1756
f 1756/1993/1756 94/116/95 101/119/100
f 894/999/894 307/372/309 2255/2714/2255
f 1345/1515/1345 562/635/560 561/636/561
f 2256/2715/2256 2236/2675/2235 2235/2676/2236
f 1973/2261/1973 621/707/619 340/405/342
f 1366/1537/1367 626/717/628 1367/1536/1366
f 1868/2133/1868 1364/1534/1364 1867/2132/1867
f 222/2718/222 2232/2717/2232 2257/2716/2257
f 1873/2511/1873 222/2718/222 2257/2716/2257
f 1359/1527/1357 2203/2625/2203 1354/1523/1353
f 1354/1523/1353 2258/2719/2258 1359/1527/1357
f 1623/1828/1624 553/629/554 2038/2354/2037
f 1916/2187/1916 2038/2354/2037 553/629/554
f 781/874/779 1012/1129/1012 1726/1954/1724
f 69/76/71 71/74/69 2163/2561/2163
f 69/76/71 2163/2561/2163 485/554/485
f 637/728/639 1532/1717/1533 1986/2281/1986
f 1892/2160/1893 1986/2281/1986 1532/1717/1533
f 1250/1405/1250 1286/1447/1286 66/73/68
f 1250/1405/1250 68/71/66 43/46/41
f 1424/1600/1424 321/382/319 2259/2720/2259
f 321/382/319 2260/2721/2260 2259/2720/2259
f 1726/1954/1724 2011/2722/2011 781/874/779
f 1544/1734/1544 281/341/279 1877/2143/1878
f 605/692/605 45/50/45 1544/1798/1544
f 1823/2078/1823 1824/2080/1825 292/355/292
f 1988/2285/1989 182/205/182 2246/2690/2246
f 182/205/182 1988/2285/1989 613/702/614
f 2261/2723/2261 1058/1180/1057 2071/2407/2071
f 147/2307/147 2006/2312/2006 387/451/387
f 689/1830/691 2006/2312/2006 147/2307/147
f 237/284/237 2262/2724/2262 2018/2327/2018
f 2018/2726/2018 2262/2725/2262 1223/1367/1223
f 282/2685/284 552/625/551 283/626/283
f 1887/2155/1888 197/868/195 385/1293/383
f 197/868/195 1887/2155/1888 774/867/774
f 2263/2727/2263 400/466/402 402/464/400
f 934/1047/936 1551/1741/1551 1529/1714/1530
f 1551/1741/1551 1819/2074/1819 1915/2186/1915
f 651/741/652 719/809/717 1149/1281/1149
f 652/740/651 651/741/652 1149/1281/1149
f 2264/2729/2265 2059/2388/2058 2265/2728/2264
f 1874/2140/1875 2059/2388/2058 2264/2729/2265
f 2197/2614/2197 383/449/385 920/2730/920
f 2266/2731/2266 348/409/346 1847/2107/1847
f 1847/2107/1847 1800/2052/1799 1799/2053/1800
f 2059/2388/2058 1042/1162/1042 2265/2728/2264
f 446/515/448 993/1110/995 1967/2248/1967
f 438/504/438 1967/2248/1967 388/450/386
f 1967/2248/1967 993/1110/995 388/450/386
f 1600/1802/1600 2267/2732/2267 581/658/581
f 2267/2732/2267 1788/2038/1786 581/658/581
f 1223/1367/1223 1425/1601/1425 2018/2726/2018
f 2268/2734/2269 1223/1367/1223 2269/2733/2268
f 488/559/490 490/557/488 2129/2507/2129
f 1640/2506/1639 2129/2507/2129 490/557/488
f 1590/1786/1590 1563/1754/1562 904/1011/906
f 1563/1754/1562 1590/1786/1590 1116/1243/1116
f 1464/1642/1463 1504/1688/1504 1503/1686/1502
f 83/90/85 1503/1686/1502 1504/1688/1504
f 1048/1168/1047 1267/1421/1266 1266/1422/1267
f 1266/1422/1267 132/2598/134 1049/1171/1050
f 90/1893/90 2270/2736/2270 2181/2735/2182
f 90/1893/90 2271/2737/2271 2270/2736/2270
f 2272/2738/2272 447/514/447 1238/1385/1238
f 2272/2738/2272 1238/1385/1238 1159/2656/1160
f 338/401/338 1178/1312/1176 339/400/337
f 1024/1141/1024 342/403/340 1481/1661/1481
f 342/403/340 256/316/254 1481/1661/1481
f 1963/2243/1963 157/182/159 1964/2242/1962
f 1964/2242/1962 157/182/159 159/180/157
f 659/749/660 887/991/886 86/93/88
f 1965/2246/1966 1746/1982/1746 1966/2245/1965
f 185/208/185 816/917/816 2033/2343/2032
f 2273/2739/2273 707/800/709 709/798/707
f 2274/2740/2274 2273/2739/2273 709/798/707
f 1847/2107/1847 1799/2053/1800 2266/2731/2266
f 701/790/699 700/791/700 2082/2424/2081
f 1562/1755/1563 1116/1243/1116 1347/1757/1346
f 183/204/181 1558/1748/1558 1557/1747/1557
f 182/205/182 1558/1748/1558 183/204/181
f 1800/2052/1799 801/900/801 1093/1221/1095
f 1289/1450/1289 1093/1221/1095 801/900/801
f 433/499/433 2275/2741/2275 2229/2668/2228
f 523/596/525 2276/2742/2276 514/584/513
f 2151/2545/2152 514/584/513 2276/2742/2276
f 1869/2136/1871 1872/2137/1872 38/41/36
f 1869/2136/1871 38/41/36 37/42/37
f 916/1020/915 483/550/481 918/1023/918
f 961/1075/961 1496/1908/1496 962/1074/960
f 1496/1908/1496 2277/2743/2277 962/1074/960
f 704/796/705 31/35/31 30/36/32
f 704/796/705 1617/1821/1618 31/35/31
f 82/86/81 889/994/889 1229/1373/1228
f 82/86/81 86/93/88 889/994/889
f 86/93/88 82/86/81 87/92/87
f 88/91/86 87/92/87 82/86/81
f 741/833/741 740/834/742 1637/1851/1638
f 1637/1851/1638 788/888/790 741/833/741
f 63/68/63 64/70/65 61/66/61
f 245/303/245 244/304/246 202/2306/202
f 897/1002/897 687/775/686 1899/2169/1899
f 116/134/114 115/135/115 687/775/686
f 1026/1143/1026 2278/2744/2278 1251/1406/1251
f 1094/1220/1094 2202/2620/2202 1290/1451/1290
f 671/761/672 728/822/730 672/760/671
f 530/601/530 336/397/334 335/398/335
f 2279/2747/2280 2280/2746/2279 2194/2745/2195
f 2279/2747/2280 2194/2745/2195 454/523/456
f 2281/2748/2281 363/484/365 420/485/419
f 1376/1545/1375 364/428/364 2281/2749/2281
f 15/16/15 1600/1802/1600 848/953/848
f 1532/1717/1533 1987/2282/1987 1533/1716/1532
f 744/835/743 1412/1586/1412 1987/2282/1987
f 1370/1540/1370 40/45/40 1371/1542/1372
f 1774/2018/1774 293/354/291 1775/2019/1775
f 426/490/424 1774/2018/1774 1775/2019/1775
f 1383/1552/1382 736/826/734 733/823/731
f 2025/2336/2025 1540/1730/1540 1069/1194/1071
f 2151/2545/2152 2152/2544/2151 2282/2750/2282
f 2151/2545/2152 2282/2750/2282 514/584/513
f 1491/1674/1492 119/141/121 1766/2009/1766
f 1493/1676/1494 119/141/121 1491/1674/1492
f 1526/1710/1526 564/642/565 217/251/215
f 217/251/215 216/252/216 1526/1710/1526
f 1653/1866/1653 859/962/857 1586/1779/1586
f 1586/1779/1586 859/962/857 990/1103/988
f 549/623/549 280/342/280 550/622/548
f 550/1682/548 280/2751/280 283/626/283
f 2283/2753/2283 284/2752/282 940/1179/942
f 2284/2756/2284 284/2755/282 2283/2754/2283
f 379/441/377 378/442/378 1397/1567/1397
f 314/377/314 379/441/377 315/376/313
f 1548/1738/1548 1102/1229/1102 391/453/389
f 436/501/435 2016/2325/2016 2032/2344/2033
f 2032/2344/2033 815/918/817 2098/2453/2099
f 875/980/875 1858/2120/1858 2285/2757/2285
f 2285/2757/2285 2286/2758/2286 1937/2217/1938
f 1858/2120/1858 1429/1609/1430 2285/2757/2285
f 1429/1609/1430 2286/2758/2286 2285/2757/2285
f 2040/2360/2040 1452/1633/1454 2039/2356/2039
f 1453/1632/1453 1452/1633/1454 2040/2360/2040
f 2287/2759/2287 1213/1353/1213 1244/2393/1244
f 531/600/529 2108/2469/2106 2107/2470/2107
f 531/600/529 530/601/530 2108/2469/2106
f 1745/1980/1744 1744/1981/1745 643/731/642
f 1201/1342/1203 1745/1980/1744 643/731/642
f 1944/2223/1944 1111/1237/1110 1110/1238/1111
f 1111/1237/1110 1944/2223/1944 1943/2224/1945
f 1191/1327/1191 2288/2760/2288 1192/1326/1190
f 265/327/265 2161/2559/2161 2066/2403/2067
f 80/83/78 79/84/79 2289/2761/2289
f 782/877/782 1192/1326/1190 146/171/148
f 2290/2762/2290 1053/1174/1053 388/450/386
f 993/1110/995 1053/1174/1053 2290/2762/2290
f 890/993/888 887/991/886 1709/1933/1709
f 1190/1328/1192 1182/1318/1182 1191/1327/1191
f 887/991/886 890/993/888 86/93/88
f 890/993/888 889/994/889 86/93/88
f 1084/1208/1082 1742/1977/1741 1203/1340/1201
f 1203/1340/1201 1202/1341/1202 1084/1208/1082
f 896/1000/895 895/1001/896 2291/2763/2291
f 1506/1690/1506 331/396/333 1662/1875/1662
f 1506/1690/1506 1662/1875/1662 1019/1137/1020
f 1702/1920/1702 1508/1694/1510 462/527/460
f 1591/1788/1592 462/527/460 1508/1694/1510
f 1646/1860/1647 2144/2534/2144 1520/1702/1518
f 277/339/277 276/340/278 1553/1743/1553
f 1553/1743/1553 1552/1744/1554 77/80/75
f 616/703/615 529/602/531 531/600/529
f 32/34/30 1247/1402/1247 57/62/57
f 1751/1987/1751 2243/2683/2243 2260/2721/2260
f 2260/2721/2260 2243/2683/2243 2244/2684/2244
f 658/2764/656 1719/2478/1719 2053/2479/2054
f 658/2378/656 2053/2765/2054 2051/2380/2052
f 252/315/253 248/307/248 1061/1183/1060
f 248/307/248 2231/2671/2231 1061/1183/1060
f 532/608/534 423/487/421 2078/2419/2077
f 1045/1164/1044 1829/2085/1828 808/910/809
f 160/185/162 162/183/160 166/191/168
f 574/653/576 1155/1287/1155 1512/1696/1512
f 1984/2279/1984 1537/1721/1537 1982/2278/1983
f 1982/2278/1983 2137/2527/2137 1984/2279/1984
f 486/553/484 1044/1165/1045 808/910/809
f 1044/1165/1045 486/553/484 1264/1419/1264
f 423/487/421 1845/2105/1845 421/489/423
f 822/926/824 1553/1743/1553 276/340/278
f 63/68/63 73/78/73 517/588/517
f 841/944/839 883/990/885 839/946/841
f 883/990/885 841/944/839 838/2163/836
f 219/258/219 209/2622/211 218/256/218
f 218/1225/218 209/246/211 1097/1224/1098
f 432/500/434 1105/1231/1104 2086/2429/2086
f 2275/2741/2275 2086/2429/2086 1105/1231/1104
f 1428/1607/1428 1937/2217/1938 2286/2758/2286
f 2292/2766/2292 1938/2216/1937 1937/2217/1938
f 1694/1911/1694 513/585/514 512/581/510
f 1440/1619/1440 1746/1982/1746 1131/1261/1129
f 1129/1263/1131 1131/1261/1129 1746/1982/1746
f 395/461/397 397/459/395 215/2767/217
f 215/1845/217 2268/2734/2269 2269/2733/2268
f 2293/2768/2293 2167/2569/2167 1677/1892/1678
f 2294/2769/2294 2293/2768/2293 1677/1892/1678
f 697/789/698 1511/1695/1511 2295/2770/2295
f 1702/1920/1702 461/528/461 697/789/698
f 420/485/419 1376/1969/1375 2281/2748/2281
f 2296/2772/2296 2213/2637/2214 1858/2771/1858
f 2283/2754/2283 929/1253/929 2284/2756/2284
f 1672/1885/1671 1380/1550/1380 1379/1551/1381
f 1672/1885/1671 1671/1886/1672 1380/1550/1380
f 2181/2735/2182 2270/2736/2270 1434/1614/1435
f 1030/1145/1028 912/2773/913 1028/1147/1030
f 912/1018/913 851/958/853 913/1017/912
f 1061/1183/1060 1700/1919/1701 255/317/255
f 1226/1371/1226 255/317/255 1700/1919/1701
f 1983/2277/1982 1537/1721/1537 1750/1984/1748
f 985/1101/987 1750/1984/1748 1537/1721/1537
f 2295/2770/2295 1702/1920/1702 697/789/698
f 2295/2770/2295 1509/1693/1509 1702/1920/1702
f 1474/2774/1475 1472/2125/1472 1862/2126/1862
f 1220/1365/1221 2257/2776/2257 2232/2775/2232
f 225/2515/227 1873/2511/1873 2257/2716/2257
f 703/793/702 702/794/703 1095/1219/1093
f 400/466/402 703/793/702 401/465/401
f 1094/1220/1094 401/465/401 1095/1219/1093
f 703/793/702 1095/1219/1093 401/465/401
f 1758/1995/1758 1117/1242/1115 1590/1786/1590
f 1758/1995/1758 2297/2777/2297 1117/1242/1115
f 1993/2290/1993 1805/2058/1805 1813/2066/1813
f 2164/2581/2164 1993/2566/1993 1813/2778/1813
f 125/146/126 120/140/120 1494/1675/1493
f 119/141/121 1494/1675/1493 120/140/120
f 2047/2371/2047 2154/2548/2154 2025/2336/2025
f 1100/1226/1099 2047/2371/2047 1097/1224/1098
f 852/2781/852 2298/2780/2298 1031/2779/1031
f 1031/2784/1031 2298/2783/2298 912/1018/913
f 481/552/483 374/440/376 2299/2785/2299
f 1611/1813/1611 374/440/376 481/552/483
f 1221/1751/1220 2300/2786/2300 1560/1750/1560
f 2185/2590/2185 1487/2591/1487 2226/2787/2226
f 984/1096/982 844/947/842 843/948/843
f 1307/1471/1308 484/555/486 809/909/808
f 486/553/484 809/909/808 484/555/486
f 221/1923/223 1703/1921/1703 796/2788/798
f 1703/1921/1703 1704/1925/1704 796/2788/798
f 1786/2040/1788 8/8/7 830/930/828
f 8/8/7 828/932/830 830/930/828
f 1898/2167/1897 2301/2789/2301 861/965/860
f 2277/2743/2277 1496/1908/1496 343/408/345
f 343/408/345 1495/2790/1497 1170/1305/1172
f 124/142/122 259/321/259 510/583/512
f 124/142/122 510/583/512 512/581/510
f 1880/2144/1879 1352/1520/1350 1351/1521/1351
f 862/969/864 1880/2144/1879 1351/1521/1351
f 1018/1133/1016 1017/1134/1017 1833/2092/1834
f 1018/1133/1016 1833/2092/1834 1782/2031/1781
f 1541/1731/1541 1488/2618/1486 2201/2619/2201
f 2042/2363/2042 1486/1670/1488 1488/1668/1486
f 2253/2702/2253 943/1057/943 821/922/820
f 33/151/35 943/1057/943 2253/2702/2253
f 1680/1895/1680 1594/1794/1595 1850/2109/1849
f 1595/1793/1594 1594/1794/1595 1680/1895/1680
f 1794/2046/1793 2057/2387/2057 2302/2791/2302
f 384/448/384 2303/2792/2303 1956/2237/1957
f 1570/1763/1570 264/328/266 1008/1124/1009
f 1675/1889/1675 2304/2793/2304 1921/2196/1921
f 829/931/829 2304/2793/2304 830/930/828
f 2042/2363/2042 1488/1668/1486 1541/2794/1541
f 1541/2794/1541 1171/2795/1171 2042/2363/2042
f 299/364/301 1436/1615/1436 1611/1813/1611
f 1498/1681/1498 1167/1300/1167 751/841/749
f 1030/1145/1028 1031/2796/1031 912/2773/913
f 1029/2799/1029 1031/2798/1031 1030/2797/1028
f 1002/1117/1002 1243/1392/1243 1261/1414/1259
f 1002/1117/1002 1001/1118/1003 1243/1392/1243
f 154/177/154 731/825/733 735/827/735
f 2305/2801/2305 156/179/156 154/177/154
f 806/907/806 1980/2269/1980 2056/2384/2055
f 436/501/435 329/392/329 2016/2325/2016
f 2016/2325/2016 329/392/329 328/393/330
f 1415/1591/1415 713/804/713 1275/1430/1275
f 1275/1430/1275 1993/2290/1993 1415/1591/1415
f 1070/1193/1070 1540/1730/1540 1557/1747/1557
f 1069/1194/1071 1540/1730/1540 1070/1193/1070
f 1961/2241/1961 1782/2031/1781 908/1013/908
f 1498/2802/1498 1861/2415/1861 1167/2414/1167
f 1860/2397/1859 1400/1572/1400 762/1573/764
f 1633/1846/1633 1400/1572/1400 1860/2397/1859
f 2007/2314/2008 261/325/263 2234/2673/2233
f 756/848/756 2126/2502/2126 2111/2482/2111
f 1284/1444/1285 1936/2803/1936 1285/1443/1284
f 1310/2437/1310 1362/2435/1361 1450/2804/1450
f 1795/2048/1795 288/353/290 1309/1472/1309
f 485/554/485 1258/1412/1257 2306/2805/2306
f 1258/1412/1257 2307/2806/2307 2306/2805/2306
f 2277/2743/2277 343/408/345 345/406/343
f 2277/2743/2277 1743/1979/1743 962/1074/960
f 2240/2680/2240 1394/1564/1394 2233/2674/2234
f 1879/2145/1880 452/520/453 286/349/286
f 669/756/667 408/470/406 1279/1437/1279
f 419/486/420 2102/2807/2102 819/919/818
f 1879/2145/1880 286/349/286 1353/1524/1354
f 1353/1524/1354 1352/1520/1350 1879/2145/1880
f 1711/1940/1712 475/542/475 1796/2049/1796
f 2284/2756/2284 475/542/475 1985/2280/1985
f 829/931/829 1921/2196/1921 2304/2793/2304
f 2167/2569/2167 2293/2768/2293 646/733/644
f 646/733/644 2293/2768/2293 1122/1252/1121
f 785/882/784 331/396/333 1480/1660/1480
f 1451/1630/1451 949/1064/950 1111/1237/1110
f 2222/2650/2222 633/721/632 2308/2808/2308
f 2308/2808/2308 631/718/629 2289/2761/2289
f 1034/1154/1034 1308/1470/1307 1733/1966/1733
f 504/2809/504 419/486/420 363/484/365
f 1206/1343/1204 2309/2810/2309 1949/2229/1950
f 1206/1343/1204 1949/2229/1950 1039/1160/1040
f 1803/2055/1802 46/49/44 1596/1795/1596
f 4/7/6 1268/1424/1269 981/1093/979
f 979/1095/981 981/1093/979 20/21/20
f 1760/2001/1760 1206/1343/1204 1039/1160/1040
f 1760/2001/1760 1204/1345/1206 1206/1343/1204
f 123/143/123 464/530/463 258/322/260
f 124/142/122 260/320/258 259/321/259
f 1803/2055/1802 1134/1266/1134 46/49/44
f 1134/1266/1134 2028/2339/2028 46/49/44
f 1569/1761/1568 1694/1911/1694 512/581/510
f 1694/1911/1694 1569/1761/1568 1568/1762/1569
f 768/2551/769 602/2811/602 726/819/727
f 139/162/139 2191/2812/2191 2009/2316/2010
f 2285/2757/2285 1937/2217/1938 875/980/875
f 1937/2217/1938 427/495/429 875/980/875
f 258/322/260 1493/1676/1494 259/321/259
f 1790/2042/1790 1791/2044/1792 294/359/296
f 1791/2044/1792 1790/2042/1790 1771/2015/1771
f 1843/2102/1844 1003/1116/1001 1002/1117/1002
f 675/765/676 1114/1239/1112 1804/2057/1804
f 1114/1239/1112 675/765/676 2210/2633/2210
f 1844/2101/1843 1003/1116/1001 1843/2102/1844
f 1557/1747/1557 1997/2297/1997 1070/1193/1070
f 1557/1747/1557 162/183/160 1997/2297/1997
f 1009/1123/1008 266/326/264 992/1106/991
f 2141/2531/2141 1388/1557/1387 2157/2554/2158
f 795/893/794 1388/1557/1387 1395/1566/1396
f 886/992/887 1419/1594/1418 887/991/886
f 2310/2813/2310 98/118/99 1732/1964/1731
f 2311/2815/2312 2312/2814/2311 1629/1839/1629
f 1868/2133/1868 628/715/626 1365/1533/1363
f 628/2816/626 289/2454/289 1365/2455/1363
f 1506/1690/1506 721/813/721 1505/1689/1505
f 721/813/721 1478/1658/1478 1505/1689/1505
f 2312/2814/2311 114/136/116 1629/1839/1629
f 682/769/680 2014/2322/2014 680/771/682
f 527/599/528 189/214/191 191/212/189
f 189/214/191 527/599/528 2247/2691/2247
f 95/2819/94 99/2818/98 90/2817/90
f 99/117/98 98/118/99 2250/2695/2250
f 1126/1259/1127 1442/1623/1444 1444/1621/1442
f 2313/2821/2313 1442/1623/1444 1126/1259/1127
f 1195/1332/1193 1997/2297/1997 161/184/161
f 1407/1962/1409 189/214/191 1706/2822/1706
f 1628/1837/1627 2312/2814/2311 901/1006/901
f 500/1588/502 35/37/33 137/224/136
f 1704/1925/1704 218/2824/218 1098/2823/1097
f 1704/1925/1704 1098/2823/1097 796/2788/798
f 454/523/456 2194/2745/2195 2314/2825/2314
f 199/226/198 198/227/199 1933/2211/1932
f 199/226/198 1933/2211/1932 1932/2212/1933
f 1341/1505/1340 2315/2826/2315 1412/1586/1412
f 791/889/791 790/886/788 1341/1505/1340
f 995/1108/993 2063/2394/2063 1053/1174/1053
f 996/1113/998 2063/2394/2063 995/1108/993
f 2313/2821/2313 1126/1259/1127 1124/1256/1124
f 2238/2678/2238 1124/1256/1124 1123/1257/1125
f 2316/2827/2316 1271/1426/1271 2240/2680/2240
f 2173/2575/2173 1063/1188/1065 2134/2521/2135
f 2211/2635/2212 1613/1816/1614 267/331/269
f 2312/2814/2311 2311/2815/2312 901/1006/901
f 1732/1964/1731 2311/2815/2312 2310/2813/2310
f 1785/2037/1785 2307/2806/2307 1257/1413/1258
f 1258/1412/1257 1257/1413/1258 2307/2806/2307
f 901/1006/901 1732/1964/1731 1731/1965/1732
f 2311/2815/2312 1732/1964/1731 901/1006/901
f 395/461/397 2317/2828/2317 396/460/396
f 1396/1565/1395 753/845/753 795/893/794
f 786/885/787 2318/2829/2318 721/813/721
f 1259/1416/1261 1261/1414/1259 2319/2830/2319
f 790/886/788 2315/2826/2315 1341/1505/1340
f 790/886/788 1533/1716/1532 2315/2826/2315
f 902/1005/900 1731/1965/1732 2237/2713/2237
f 1032/2831/1032 2182/2584/2181 2181/2585/2182
f 1032/2586/1032 2181/2735/2182 1434/1614/1435
f 523/596/525 978/1092/978 2276/2742/2276
f 151/172/149 2151/2545/2152 2276/2742/2276
f 1605/1807/1605 1027/1144/1027 405/467/403
f 405/467/403 2202/2620/2202 1605/1807/1605
f 869/972/867 580/659/582 2087/2430/2087
f 869/972/867 2087/2430/2087 867/974/869
f 20/21/20 981/1093/979 1268/1424/1269
f 22/25/24 20/21/20 1268/1424/1269
f 2320/2832/2320 1472/2125/1472 1474/2774/1475
f 1473/1650/1471 1472/1651/1472 2320/2833/2320
f 738/2835/738 8/8/7 739/2834/737
f 786/885/787 681/770/681 680/771/682
f 680/771/682 2318/2829/2318 786/885/787
f 1743/1979/1743 1742/1977/1741 1084/1208/1082
f 1911/156/1911 1245/2166/1245 1896/2836/1896
f 107/1399/105 1896/2837/1896 1245/1398/1245
f 1922/2838/1922 480/2329/478 236/285/238
f 1278/1434/1278 1336/1834/1337 1626/1835/1626
f 1278/1434/1278 1626/1835/1626 814/1433/812
f 1650/1863/1650 634/725/636 1651/1865/1652
f 976/1943/976 1651/1865/1652 1713/1941/1713
f 1633/1846/1633 396/460/396 2255/2714/2255
f 1618/1820/1617 41/48/43 31/35/31
f 1618/1820/1617 1617/1821/1618 41/48/43
f 444/2840/444 443/2839/445 1418/1595/1419
f 1419/1594/1418 1418/1595/1419 443/2839/445
f 594/669/592 42/47/42 41/48/43
f 1929/2203/1928 2321/2841/2321 1912/2183/1912
f 1929/2203/1928 1950/2228/1949 2321/2841/2321
f 1248/1403/1248 1773/2017/1773 104/121/102
f 1650/1863/1650 1651/1865/1652 670/759/670
f 1650/1863/1650 670/759/670 408/470/406
f 990/1103/988 1000/1115/1000 1210/1351/1211
f 2217/2641/2217 2216/2642/2218 1724/1956/1726
f 1724/1956/1726 2216/2642/2218 1978/2268/1979
f 772/865/772 1882/2146/1881 1349/1519/1349
f 1041/1163/1043 2030/2342/2031 492/563/494
f 172/197/174 1454/1631/1452 1720/1951/1721
f 1724/1956/1726 1726/1954/1724 2217/2641/2217
f 2239/2679/2239 959/1073/959 1347/1516/1346
f 2048/2374/2048 1489/1671/1489 55/58/53
f 1489/1671/1489 1326/1489/1324 55/58/53
f 1024/1141/1024 1919/2194/1919 340/405/342
f 1024/1141/1024 554/628/553 1919/2194/1919
f 2156/2552/2156 2158/2553/2157 970/1085/971
f 1388/1557/1387 947/1061/947 2158/2553/2157
f 799/898/799 1098/1223/1097 1777/2025/1779
f 1276/1432/1277 799/898/799 1777/2025/1779
f 571/650/573 760/850/758 572/649/572
f 366/431/367 932/1043/932 931/1044/933
f 290/351/288 366/431/367 369/433/369
f 873/978/873 113/131/111 870/976/871
f 637/728/639 639/726/637 917/1024/919
f 1556/1746/1556 1331/1498/1333 1333/1496/1331
f 1333/1496/1331 2252/2697/2252 1556/1746/1556
f 1766/2009/1766 121/139/119 1468/1648/1469
f 936/1045/934 935/1046/935 1065/1186/1063
f 1065/1186/1063 935/1046/935 784/883/785
f 407/471/407 1279/1437/1279 408/470/406
f 490/557/488 47/54/49 2021/2332/2021
f 862/969/864 2160/2558/2160 863/968/863
f 47/54/49 49/52/47 2021/2332/2021
f 1857/2119/1857 625/714/625 941/1331/941
f 2027/2337/2026 2004/2310/2004 1154/1286/1154
f 2139/2529/2139 2322/2842/2322 915/1021/916
f 1058/1180/1057 508/577/506 2323/2843/2323
f 833/933/831 594/669/592 41/48/43
f 1998/2298/1998 749/843/751 2162/2560/2162
f 749/843/751 1471/1652/1473 2162/2560/2162
f 2324/2844/2324 1199/1339/1200 6/5/4
f 6/5/4 1199/1339/1200 7/9/8
f 1426/1606/1427 2325/2845/2325 217/1605/215
f 1328/1603/1328 1632/1844/1632 2325/2846/2325
f 533/607/533 537/609/535 534/606/532
f 428/494/428 537/609/535 2109/2473/2110
f 728/822/730 730/820/728 672/760/671
f 2275/2741/2275 1105/1231/1104 2229/2668/2228
f 604/689/603 35/690/33 1413/1587/1413
f 500/1588/502 1413/2847/1413 35/37/33
f 251/310/249 1147/1277/1145 1143/1276/1144
f 251/310/249 1145/1279/1147 1147/1277/1145
f 1639/2508/1640 1996/2848/1996 2133/2518/2133
f 1614/1815/1613 1612/1814/1612 268/330/268
f 2068/2406/2070 1614/1815/1613 1613/1816/1614
f 1743/1979/1743 641/729/640 1742/1977/1741
f 2068/2406/2070 2070/2404/2068 1612/1814/1612
f 2068/2406/2070 1612/1814/1612 1614/1815/1613
f 2190/2603/2190 1893/2159/1892 636/723/634
f 635/724/635 2190/2603/2190 636/723/634
f 186/207/184 2326/2849/2326 1748/1986/1750
f 2263/2727/2263 1153/1283/1151 2327/2850/2327
f 402/464/400 1150/1280/1148 2263/2727/2263
f 1107/1233/1106 2119/2491/2119 1681/1896/1681
f 1149/1281/1149 719/809/717 2328/2851/2328
f 1251/1406/1251 2278/2744/2278 2329/2852/2329
f 1094/1220/1094 2329/2852/2329 2278/2744/2278
f 1934/2213/1934 1932/2212/1933 1947/2226/1947
f 1947/2226/1947 1932/2212/1933 1963/2243/1963
f 179/202/179 2330/2854/2331 2331/2853/2330
f 2332/2855/2332 179/202/179 1947/2226/1947
f 2322/2842/2322 917/1024/919 639/726/637
f 917/1024/919 2322/2842/2322 918/1023/918
f 2307/2806/2307 1260/1415/1260 1259/1416/1261
f 2307/2806/2307 1785/2037/1785 1260/1415/1260
f 1396/1565/1395 2140/2532/2142 924/1033/924
f 2140/2532/2142 2156/2552/2156 924/1033/924
f 2333/2856/2333 1118/1247/1120 906/1009/904
f 2333/2856/2333 906/1009/904 1310/1473/1310
f 2130/2509/2130 1963/2243/1963 589/666/589
f 2130/2509/2130 1947/2226/1947 1963/2243/1963
f 1172/1303/1170 734/828/736 344/407/344
f 676/764/675 2334/2857/2334 2210/2633/2210
f 2334/2857/2334 676/764/675 499/566/497
f 221/1037/223 798/895/796 2201/2619/2201
f 798/895/796 811/912/811 2201/2619/2201
f 248/307/248 2235/2676/2236 2231/2671/2231
f 1835/2093/1835 1253/1409/1254 2127/2503/2127
f 974/1086/972 973/1087/973 1835/2093/1835
f 1036/1158/1038 1456/1635/1456 1909/2180/1908
f 1909/2180/1908 1549/1739/1549 1036/1158/1038
f 1547/1736/1546 1975/2264/1976 1720/1951/1721
f 1454/1631/1452 1630/1843/1631 1547/1736/1546
f 845/950/845 1086/1213/1087 1199/1339/1200
f 1870/2135/1870 583/662/585 1871/2134/1869
f 1870/2135/1870 1869/2136/1871 37/42/37
f 1455/1636/1457 1909/2180/1908 1456/1635/1456
f 2073/2409/2073 809/909/808 808/910/809
f 652/740/651 1870/2135/1870 37/42/37
f 2335/2858/2335 285/350/287 1367/1536/1366
f 285/350/287 1821/2075/1820 286/349/286
f 661/752/663 663/750/661 1411/1584/1410
f 74/77/72 661/752/663 1411/1584/1410
f 819/919/818 818/920/819 820/923/821
f 546/620/546 937/1050/939 1698/1917/1699
f 1698/1917/1699 547/619/545 546/620/546
f 215/1845/217 217/2859/215 1632/1844/1632
f 2336/2861/2337 2337/2860/2336 1082/1210/1084
f 1202/1341/1202 1082/1210/1084 1084/1208/1082
f 2152/2544/2151 464/530/463 2282/2750/2282
f 153/175/152 464/530/463 2152/2544/2151
f 1953/2286/1954 528/2862/527 1989/2283/1988
f 1953/2234/1954 527/599/528 528/598/527
f 55/58/53 2072/2408/2072 2048/2374/2048
f 1545/1735/1545 971/1084/970 1722/1953/1723
f 1722/1953/1723 1975/2264/1976 1976/2263/1975
f 66/73/68 68/71/66 1250/1405/1250
f 139/162/139 2010/2315/2009 140/161/138
f 140/161/138 2010/2315/2009 418/481/416
f 1306/1469/1306 1307/1471/1308 389/455/391
f 2073/2409/2073 389/455/391 1307/1471/1308
f 1576/1769/1576 1405/1579/1405 1642/1854/1641
f 1576/1769/1576 1642/1854/1641 314/377/314
f 1073/1196/1073 1074/1197/1074 1001/1118/1003
f 1073/1196/1073 1001/1118/1003 1003/1116/1001
f 2125/2500/2125 1029/1146/1029 248/307/248
f 1029/2864/1029 2125/2501/2125 852/2863/852
f 1643/1856/1643 439/503/437 1644/2492/1644
f 530/601/530 1643/2030/1643 336/397/334
f 1545/1735/1545 1546/1737/1547 938/1049/938
f 174/195/172 173/196/173 1318/1481/1318
f 1347/1516/1346 1563/2045/1562 1562/2865/1563
f 770/863/770 886/992/887 659/749/660
f 1999/2299/1999 304/367/304 2242/2682/2242
f 304/367/304 1999/2299/1999 268/330/268
f 364/428/364 363/429/365 2281/2749/2281
f 2027/2337/2026 19/22/21 2004/2310/2004
f 979/1095/981 20/21/20 19/22/21
f 1309/1472/1309 291/356/293 1795/2048/1795
f 1309/1472/1309 1256/1411/1256 291/356/293
f 1591/1788/1592 143/168/145 1798/2051/1798
f 1591/1788/1592 1798/2051/1798 462/527/460
f 2072/2408/2072 1183/1319/1183 2048/2374/2048
f 1051/1173/1052 2331/2853/2330 2330/2854/2331
f 2331/2853/2330 1051/1173/1052 264/328/266
f 1077/1205/1079 135/158/135 131/150/130
f 1078/1204/1078 1077/1205/1079 131/150/130
f 1049/1171/1050 1048/1168/1047 1266/1422/1267
f 1048/1168/1047 1049/1171/1050 1050/1170/1049
f 1321/1484/1321 644/1249/646 1908/2610/1909
f 1908/2610/1909 2338/2866/2338 1321/1484/1321
f 371/437/373 1170/2867/1172 1853/2114/1853
f 110/128/108 109/129/109 1977/2265/1977
f 400/466/402 110/128/108 1977/2265/1977
f 1358/1528/1358 1360/1530/1360 2339/2868/2339
f 1403/1577/1403 1360/1530/1360 1821/2075/1820
f 979/1095/981 19/22/21 2027/2337/2026
f 2027/2337/2026 980/1094/980 979/1095/981
f 191/212/189 774/867/774 2035/2869/2036
f 774/867/774 2044/2870/2044 2035/2869/2036
f 774/867/774 1888/2154/1887 2044/2870/2044
f 466/533/466 2114/2485/2114 467/532/465
f 467/532/465 1716/1946/1716 1197/1336/1197
f 1042/1162/1042 1332/1497/1332 2264/2729/2265
f 1381/1549/1379 1389/1560/1390 1379/1551/1381
f 433/499/433 1972/2260/1972 1906/2177/1906
f 1972/2260/1972 1971/2259/1971 1906/2177/1906
f 1725/1955/1725 1724/1956/1726 1978/2268/1979
f 1725/2699/1725 606/1126/608 2011/2319/2011
f 2311/2815/2312 2340/2871/2340 2310/2813/2310
f 2340/2871/2340 98/118/99 2310/2813/2310
f 138/163/140 2341/2872/2341 139/162/139
f 139/162/139 2341/2872/2341 602/2811/602
f 1426/1606/1427 1427/1604/1426 1593/2375/1593
f 1593/2375/1593 1427/1604/1426 1850/2109/1849
f 535/611/537 1832/2089/1831 1831/2090/1832
f 825/929/827 278/338/276 2338/2873/2338
f 1908/2181/1909 825/929/827 2338/2873/2338
f 1740/1990/1740 1754/1991/1754 2342/2874/2342
f 1091/1218/1092 2023/2335/2024 1754/1991/1754
f 2017/2398/2017 2064/2399/2064 2214/2636/2213
f 2296/2772/2296 2214/2636/2213 2213/2637/2214
f 1832/2089/1831 535/611/537 1913/2184/1913
f 535/611/537 1184/1320/1184 1913/2184/1913
f 84/89/84 1249/1404/1249 650/739/650
f 1463/1643/1464 1249/1404/1249 84/89/84
f 2343/2875/2343 1669/1881/1668 1668/1882/1669
f 1668/1882/1669 2147/2538/2147 2343/2875/2343
f 1755/1992/1755 2022/2333/2022 1373/1543/1373
f 1754/1991/1754 2022/2333/2022 2342/2874/2342
f 1164/1297/1164 1573/1766/1573 2192/2606/2192
f 470/537/470 2192/2606/2192 1573/1766/1573
f 1995/2295/1995 1711/1940/1712 1796/2049/1796
f 1711/1940/1712 1995/2295/1995 1712/1939/1711
f 353/414/351 317/380/317 316/381/318
f 2344/2876/2344 1914/2185/1914 2187/2600/2187
f 2012/2321/2013 1610/1812/1610 1479/1657/1477
f 2012/2321/2013 1479/1657/1477 2014/2322/2014
f 2205/2629/2206 1197/1336/1197 2206/2628/2205
f 2206/2628/2205 142/164/141 141/165/142
f 787/884/786 786/885/787 721/813/721
f 721/813/721 720/814/722 787/884/786
f 1410/1585/1411 1435/1613/1434 1434/1614/1435
f 1434/1614/1435 2270/2736/2270 1410/1585/1411
f 465/534/467 467/532/465 2205/2629/2206
f 467/532/465 1197/1336/1197 2205/2629/2206
f 1338/1503/1338 170/193/170 169/194/171
f 1164/1297/1164 1923/2198/1923 1924/2199/1924
f 2192/2606/2192 1923/2198/1923 1164/1297/1164
f 1631/1842/1630 1454/1631/1452 2041/2361/2041
f 1631/1842/1630 2041/2361/2041 339/400/337
f 1956/2237/1957 2302/2791/2302 2057/2387/2057
f 1956/2237/1957 2057/2387/2057 1957/2236/1956
f 1517/1699/1515 1516/1700/1516 1647/1859/1646
f 907/1014/909 1517/1699/1515 1519/1703/1519
f 65/69/64 516/586/515 62/65/60
f 516/586/515 60/67/62 62/65/60
f 2342/2874/2342 1755/1992/1755 1369/1538/1368
f 2342/2874/2342 2022/2333/2022 1755/1992/1755
f 1727/1957/1727 1728/1958/1728 2097/2451/2097
f 1445/1624/1445 1716/1946/1716 2114/2485/2114
f 1716/1946/1716 467/532/465 2114/2485/2114
f 1867/2132/1867 1367/1536/1366 626/717/628
f 2335/2858/2335 1367/1536/1366 1867/2132/1867
f 1012/1129/1012 2218/2640/2216 2217/2641/2217
f 1726/1954/1724 1012/1129/1012 2217/2641/2217
f 403/469/405 2122/2497/2122 2165/2567/2165
f 1443/1622/1443 1584/1777/1584 2122/2497/2122
f 1856/2117/1856 1943/2224/1945 1945/2222/1943
f 1856/2117/1856 1945/2222/1943 2345/2877/2345
f 449/518/451 1897/2168/1898 1092/1217/1091
f 1763/2006/1763 449/518/451 451/516/449
f 1408/1582/1408 1140/1272/1140 235/280/233
f 1407/1583/1409 1140/1272/1140 1408/1582/1408
f 288/353/290 1795/2048/1795 1310/1473/1310
f 2333/2856/2333 1310/1473/1310 1795/2048/1795
f 656/2878/658 658/2378/656 2052/2379/2051
f 656/747/658 2052/2555/2051 1490/1672/1490
f 1366/1537/1367 1712/1939/1711 1995/2295/1995
f 693/783/692 2346/2879/2346 692/784/693
f 1844/2101/1843 1156/1290/1158 576/651/574
f 711/801/710 1373/1543/1373 710/802/711
f 78/85/80 80/83/78 94/116/95
f 1014/1131/1014 1874/2140/1875 2264/2729/2265
f 1683/1900/1685 1685/1898/1683 1943/2224/1945
f 1139/1269/1137 2046/2368/2045 1707/1930/1707
f 1856/2117/1856 2345/2877/2345 1484/1664/1484
f 2214/2636/2213 2064/2399/2064 2178/2880/2177
f 2178/2579/2177 2064/2474/2064 2110/2472/2109
f 958/1070/956 1432/1610/1431 1784/2036/1784
f 958/1070/956 1433/1612/1433 1432/1610/1431
f 1166/1299/1166 681/770/681 2248/2692/2248
f 2194/2745/2195 2280/2746/2279 2177/2881/2178
f 2178/2880/2177 2177/2881/2178 2212/2634/2211
f 2100/2459/2100 2347/2882/2347 1548/1738/1548
f 1142/1273/1141 1697/1914/1696 1064/1187/1064
f 1697/1914/1696 936/1045/934 1064/1187/1064
f 2124/2498/2123 1437/1618/1439 1476/1656/1476
f 2124/2498/2123 158/181/158 1966/2245/1965
f 1259/1416/1261 2319/2830/2319 1264/1419/1264
f 23/1927/23 12/2883/14 14/28/12
f 2348/2884/2348 1110/1238/1111 2207/2630/2207
f 1713/1941/1713 303/365/302 164/187/164
f 1128/1260/1128 975/1091/977 1129/1263/1131
f 1216/1355/1215 406/1356/408 1128/1260/1128
f 2001/2303/2002 740/834/742 1339/1504/1339
f 2001/2303/2002 1339/1504/1339 2002/2302/2001
f 2141/2531/2141 2157/2554/2158 2142/2530/2140
f 2142/2530/2140 2157/2554/2158 2156/2552/2156
f 1851/2111/1851 1849/2110/1850 1107/1233/1106
f 1107/1233/1106 1680/1895/1680 1851/2111/1851
f 511/582/511 650/739/650 1249/1404/1249
f 1222/2190/1224 395/461/397 2269/2885/2268
f 1222/1368/1224 2269/2733/2268 1223/1367/1223
f 1582/1775/1582 1604/1806/1604 1583/1774/1581
f 2100/2459/2100 2349/2886/2349 2347/2882/2347
f 392/458/394 394/456/392 2146/2537/2146
f 2182/2584/2181 1032/2831/1032 78/2887/80
f 94/116/95 2182/2888/2181 78/85/80
f 1216/1355/1215 1128/1260/1128 1129/1263/1131
f 1129/1263/1131 381/445/381 1216/1355/1215
f 735/827/735 2305/2801/2305 154/177/154
f 1162/1294/1161 1958/2239/1959 448/513/446
f 1166/1299/1166 2248/2692/2248 351/416/353
f 2349/2886/2349 392/458/394 1081/1207/1081
f 1267/1421/1266 432/500/434 434/498/432
f 2350/2889/2350 2305/2801/2305 735/827/735
f 552/625/551 2074/2686/2074 1861/2123/1861
f 1471/2124/1473 1861/2415/1861 2074/2416/2074
f 2228/2669/2229 1081/1207/1081 2229/2668/2228
f 2349/2886/2349 1081/1207/1081 2228/2669/2229
f 580/659/582 866/970/865 848/953/848
f 155/178/155 156/179/156 153/175/152
f 448/513/446 1959/2238/1958 994/1109/994
f 448/513/446 1958/2239/1959 1959/2238/1958
f 481/552/483 2138/2528/2138 1611/1813/1611
f 299/364/301 1611/1813/1611 2138/2528/2138
f 2021/2332/2021 49/52/47 2020/2331/2020
f 43/46/41 664/755/666 57/62/57
f 277/339/277 1553/1743/1553 2351/2890/2351
f 634/725/636 636/723/634 2352/2891/2352
f 653/742/653 662/751/662 74/77/72
f 662/751/662 653/742/653 1578/1770/1577
f 1034/1154/1034 1757/1994/1757 1308/1470/1307
f 1308/1470/1307 1757/1994/1757 1307/1471/1308
f 2112/2483/2112 1338/1503/1338 1445/1624/1445
f 2112/2483/2112 1445/1624/1445 2114/2485/2114
f 443/511/445 2052/2379/2051 2051/2380/2052
f 1419/1594/1418 443/2839/445 2051/2383/2052
f 142/164/141 126/145/125 125/146/126
f 2113/2486/2115 2118/2489/2118 2114/2485/2114
f 171/192/169 170/193/170 2113/2486/2115
f 1570/1763/1570 991/1107/992 951/1067/953
f 951/1067/953 991/1107/992 952/1066/952
f 266/326/264 265/327/265 2066/2403/2067
f 266/326/264 2066/2403/2067 1837/2095/1837
f 273/337/275 2167/2569/2167 1186/1321/1185
f 1186/1321/1185 2167/2569/2167 646/733/644
f 644/735/646 1320/1483/1320 1807/2059/1806
f 277/339/277 2351/2890/2351 2187/2600/2187
f 277/339/277 2187/2600/2187 1840/2098/1840
f 218/256/218 1704/2892/1704 213/255/213
f 1704/2892/1704 223/2893/221 213/255/213
f 1157/1289/1157 1257/1413/1258 880/987/882
f 949/1064/950 1681/1896/1681 1292/1453/1292
f 2348/2884/2348 1944/2223/1944 1110/1238/1111
f 2345/2877/2345 1945/2222/1943 1944/2223/1944
f 1875/2139/1874 1014/1131/1014 1013/1132/1015
f 1875/2139/1874 1874/2140/1875 1014/1131/1014
f 2125/2501/2125 1730/2021/1729 852/2863/852
f 1409/1581/1407 852/1841/852 1730/2894/1729
f 567/644/567 1522/1705/1521 568/643/566
f 998/1111/996 1522/1705/1521 567/644/567
f 170/193/170 2112/2483/2112 2118/2489/2118
f 2118/2489/2118 2113/2486/2115 170/193/170
f 1609/1811/1609 1313/1475/1312 882/985/880
f 1609/1811/1609 2145/2536/2145 1313/1475/1312
f 518/591/520 1656/1870/1657 519/590/519
f 522/592/521 1656/1870/1657 518/591/520
f 50/57/52 1942/2221/1942 516/586/515
f 50/57/52 559/633/558 1942/2221/1942
f 177/198/175 777/2895/775 1160/2655/1159
f 177/198/175 775/2254/777 777/2895/775
f 1358/1528/1358 1361/1532/1362 1188/1324/1188
f 1361/1532/1362 1402/1578/1404 1450/2896/1450
f 1358/1528/1358 2339/2868/2339 1402/1578/1404
f 1402/1578/1404 1361/1532/1362 1358/1528/1358
f 261/325/263 2008/2313/2007 262/324/262
f 922/1031/922 924/1033/924 262/324/262
f 1402/2899/1404 1404/2898/1402 1450/2897/1450
f 1991/2288/1991 793/891/792 507/578/507
f 507/578/507 506/579/508 1991/2288/1991
f 1811/2064/1811 596/673/596 595/674/597
f 817/916/815 816/917/816 949/1064/950
f 1736/1970/1736 422/488/422 1235/1382/1235
f 1736/1970/1736 360/2623/362 422/488/422
f 588/667/590 590/665/588 2067/2402/2066
f 2066/2403/2067 588/667/590 2067/2402/2066
f 1322/1488/1323 2043/2373/2043 1323/1487/1322
f 415/479/414 414/480/415 2043/2373/2043
f 803/904/804 415/902/414 2353/2901/2353
f 129/147/127 1355/1526/1356 114/136/116
f 2007/2314/2008 2251/2696/2251 923/1030/921
f 923/1030/921 262/324/262 2007/2314/2008
f 1055/1175/1054 455/522/455 1054/1176/1055
f 77/80/75 2351/2890/2351 1553/1743/1553
f 2143/2533/2143 263/323/261 262/324/262
f 569/647/570 570/646/569 2211/2635/2212
f 2023/2335/2024 2022/2333/2022 1754/1991/1754
f 2022/2333/2022 2023/2335/2024 1374/1544/1374
f 1547/1736/1546 1630/1843/1631 973/1087/973
f 972/1088/974 1547/1736/1546 973/1087/973
f 2123/2499/2124 1440/1619/1440 1130/1262/1130
f 1440/1619/1440 2123/2499/2124 1966/2245/1965
f 2321/2841/2321 2354/2903/2355 2355/2902/2354
f 1812/2065/1812 1686/1903/1688 2215/2639/2215
f 2215/2639/2215 1684/1899/1684 1812/2065/1812
f 914/2252/914 399/2250/398 913/2251/912
f 913/1017/912 851/958/853 914/1019/914
f 1225/1372/1227 1227/1370/1225 2262/2904/2262
f 1225/2328/1227 2262/2724/2262 237/284/237
f 919/1022/917 637/728/639 917/1024/919
f 919/1022/917 1987/2282/1987 637/728/639
f 1846/2106/1846 422/488/422 421/489/423
f 421/489/423 536/610/536 1846/2106/1846
f 700/791/700 699/792/701 346/411/348
f 156/179/156 465/534/467 153/175/152
f 184/209/186 1106/1234/1107 185/208/185
f 185/208/185 1106/1234/1107 816/917/816
f 1950/2228/1949 2354/2903/2355 2321/2841/2321
f 1838/2094/1836 591/668/591 128/148/128
f 128/148/128 591/668/591 1066/1189/1066
f 12/15/14 1788/2038/1786 15/16/15
f 1675/1889/1675 704/796/705 705/795/704
f 1675/1889/1675 705/795/704 2304/2793/2304
f 1870/2135/1870 652/740/651 583/662/585
f 1046/1167/1046 1326/1489/1324 1325/1490/1325
f 1046/1167/1046 55/58/53 1326/1489/1324
f 1221/1751/1220 2232/2672/2232 2300/2786/2300
f 1220/1365/1221 2232/2775/2232 1221/1364/1220
f 1066/1189/1066 1767/2011/1768 129/147/127
f 1066/1189/1066 1764/2007/1764 1767/2011/1768
f 102/123/104 2084/2427/2084 1035/1153/1033
f 102/123/104 2085/2428/2085 2084/2427/2084
f 228/271/228 239/291/239 247/306/247
f 1448/2162/1448 247/2905/247 1449/2253/1449
f 773/864/771 1323/1487/1322 1714/1945/1715
f 2184/2587/2183 2187/2600/2187 2351/2890/2351
f 2184/2587/2183 2351/2890/2351 77/80/75
f 1939/2218/1939 275/335/273 1428/1607/1428
f 1939/2218/1939 1136/1267/1135 1678/1891/1677
f 1552/1744/1554 75/82/77 77/80/75
f 1435/1613/1434 1410/1585/1411 663/750/661
f 663/750/661 662/751/662 1435/1613/1434
f 2311/2815/2312 1629/1839/1629 2340/2871/2340
f 1629/1839/1629 116/134/114 903/1008/903
f 1926/2202/1927 1824/2080/1825 1823/2078/1823
f 1246/1401/1246 1926/2202/1927 1823/2078/1823
f 742/832/740 788/888/790 791/889/791
f 1343/1507/1342 742/832/740 791/889/791
f 2020/2331/2020 426/490/424 1345/1515/1345
f 494/561/492 2252/2697/2252 1555/1745/1555
f 1333/1496/1331 1555/1745/1555 2252/2697/2252
f 1091/1218/1092 1898/2167/1897 860/966/861
f 860/966/861 709/798/707 708/799/708
f 2058/2389/2059 2334/2857/2334 1043/1161/1041
f 1043/1161/1041 2334/2857/2334 1041/1163/1043
f 1912/2183/1912 2356/2906/2356 1240/1391/1242
f 1939/2218/1939 1678/1891/1677 275/335/273
f 275/335/273 1678/1891/1677 273/337/275
f 1417/1592/1416 1419/1594/1418 886/992/887
f 633/721/632 631/718/629 2308/2808/2308
f 15/16/15 2267/2732/2267 1600/1802/1600
f 15/16/15 1788/2038/1786 2267/2732/2267
f 298/360/297 2116/2487/2116 792/892/793
f 298/360/297 792/892/793 753/845/753
f 2220/2648/2220 30/36/32 2357/2907/2357
f 2287/2759/2287 1244/2393/1244 1911/2541/1911
f 163/2071/165 1439/1616/1437 977/1089/975
f 377/443/379 1439/1616/1437 163/2071/165
f 1503/1686/1502 1502/1687/1503 2019/2330/2019
f 1603/1804/1602 886/992/887 770/863/770
f 2230/2670/2230 1405/1579/1405 1294/1456/1295
f 1501/1683/1499 1500/1684/1500 2230/2670/2230
f 256/316/254 480/547/478 1922/2197/1922
f 1465/1644/1465 2358/2908/2358 849/955/850
f 2358/2908/2358 2019/2330/2019 1502/1687/1503
f 2103/2466/2103 994/1109/994 1959/2238/1958
f 1165/1296/1163 685/772/683 1610/1812/1610
f 1163/1298/1165 1165/1296/1163 1610/1812/1610
f 2230/2670/2230 1500/1684/1500 1405/1579/1405
f 1500/1684/1500 1642/1854/1641 1405/1579/1405
f 578/654/577 577/655/578 27/33/29
f 1628/1837/1627 127/149/129 2312/2814/2311
f 2312/2814/2311 127/149/129 114/136/116
f 1322/1488/1323 728/822/730 671/761/672
f 1779/2023/1777 1778/2024/1778 1069/1194/1071
f 1779/2023/1777 1069/1194/1071 1071/1192/1069
f 600/2909/601 599/680/599 207/678/208
f 600/2910/601 207/242/208 196/240/196
f 126/145/125 1391/1561/1391 1469/1647/1468
f 1391/1561/1391 964/1078/964 1469/1647/1468
f 695/786/695 1173/1310/1174 165/186/163
f 613/702/614 1988/2285/1989 1989/2283/1988
f 613/702/614 835/940/835 615/704/616
f 926/1035/926 459/524/457 431/496/430
f 926/1035/926 431/496/430 430/497/431
f 1214/1352/1212 1213/1353/1213 2287/2759/2287
f 1960/2240/1960 908/1013/908 1518/1704/1520
f 908/1013/908 907/1014/909 1518/1704/1520
f 355/418/355 1597/1796/1597 351/416/353
f 1930/2206/1930 1526/1710/1526 216/252/216
f 822/926/824 1606/1808/1606 1554/1742/1552
f 1509/1693/1509 1511/1695/1511 788/888/790
f 1511/1695/1511 1509/1693/1509 2295/2770/2295
f 1976/2263/1975 1547/1736/1546 1546/1737/1547
f 1545/1735/1545 1976/2263/1975 1546/1737/1547
f 1993/2566/1993 2164/2581/2164 1994/2291/1994
f 1994/2291/1994 2164/2581/2164 607/694/607
f 2203/2625/2203 1431/1611/1432 1352/1520/1350
f 1350/1522/1352 1352/1520/1350 1431/1611/1432
f 1010/2275/1011 1621/1826/1622 781/874/779
f 1882/2146/1881 1348/1518/1348 770/863/770
f 1348/1518/1348 1882/2146/1881 772/865/772
f 1621/1826/1622 779/876/781 781/874/779
f 1391/1561/1391 1392/1563/1393 965/1077/963
f 1990/2287/1990 427/495/429 2359/2911/2359
f 1938/2216/1937 1992/2289/1992 427/495/429
f 1843/2102/1844 1785/2037/1785 1156/1290/1158
f 148/2309/146 147/2307/147 386/452/388
f 1632/1844/1632 217/2859/215 2325/2846/2325
f 1125/1255/1123 1127/1258/1126 2320/2833/2320
f 1054/1176/1055 455/522/455 454/523/456
f 1196/1337/1198 1462/1641/1462 1616/1818/1616
f 1299/1459/1297 1616/1818/1616 1462/1641/1462
f 1428/1607/1428 2286/2758/2286 837/942/837
f 1448/2162/1448 1449/2253/1449 234/281/234
f 686/776/687 310/375/312 97/114/96
f 2245/2689/2245 1088/1216/1090 1657/1869/1656
f 27/33/29 1088/1216/1090 2245/2689/2245
f 1171/2795/1171 371/437/373 2042/2363/2042
f 1170/2867/1172 371/437/373 1171/2795/1171
f 880/987/882 1372/1541/1371 1157/1289/1157
f 1372/1541/1371 880/987/882 882/985/880
f 1416/1593/1417 326/389/326 1418/1595/1419
f 326/389/326 444/2840/444 1418/1595/1419
f 1907/2179/1907 780/875/780 1549/1739/1549
f 1908/2181/1909 1907/2179/1907 1549/1739/1549
f 2060/2391/2061 1524/1708/1524 2058/2389/2059
f 373/435/371 598/676/598 1811/2064/1811
f 372/436/372 598/676/598 373/435/371
f 1749/1985/1749 1983/2277/1982 1750/1984/1748
f 2137/2527/2137 1983/2277/1982 1749/1985/1749
f 974/1086/972 1835/2093/1835 2127/2503/2127
f 2127/2503/2127 939/1048/937 974/1086/972
f 2060/2391/2061 1802/2056/1803 1524/1708/1524
f 1596/1795/1596 678/1797/678 1524/1708/1524
f 267/331/269 269/329/267 2213/2637/2214
f 1130/1262/1130 1438/1617/1438 2123/2499/2124
f 1129/1263/1131 975/1091/977 1130/1262/1130
f 2282/2750/2282 122/144/124 514/584/513
f 2062/2392/2062 1023/1138/1021 1623/1828/1624
f 1624/1827/1623 1623/1828/1624 1023/1138/1021
f 2259/2720/2259 1422/1599/1423 1424/1600/1424
f 1877/2143/1878 281/341/279 549/623/549
f 123/143/123 260/320/258 124/142/122
f 1128/1260/1128 406/1356/408 976/1090/976
f 226/605/226 1145/1279/1147 251/310/249
f 515/587/516 517/588/517 2174/2577/2175
f 1196/1337/1198 1616/1818/1616 1386/1554/1384
f 1098/1223/1097 1097/1224/1098 1778/2024/1778
f 2143/2533/2143 547/619/545 263/323/261
f 1844/2101/1843 576/651/574 693/783/692
f 2360/2912/2360 138/163/140 417/482/417
f 140/161/138 417/482/417 138/163/140
f 564/2556/565 2159/2557/2159 1527/1712/1528
f 2361/2913/2361 1527/1712/1528 2159/2557/2159
f 1657/1869/1656 1091/1218/1092 1737/2002/1739
f 519/2694/519 1657/2914/1656 1737/1973/1739
f 2300/2786/2300 2232/2672/2232 2185/2590/2185
f 2079/2421/2079 690/781/690 2288/2760/2288
f 2079/2421/2079 691/780/689 690/781/690
f 1987/2282/1987 1534/1718/1534 744/835/743
f 1299/1459/1297 1198/1335/1196 1297/1461/1299
f 406/472/408 670/759/670 976/1943/976
f 976/1943/976 670/759/670 1651/1865/1652
f 1666/1879/1666 1592/1787/1591 1638/1850/1637
f 1638/1850/1637 1592/1787/1591 1510/1692/1508
f 2105/2467/2104 1470/1649/1470 768/2551/769
f 1470/1649/1470 769/1932/768 768/2551/769
f 985/1101/987 2362/2915/2362 1595/1793/1594
f 970/1085/971 2158/2553/2157 947/1061/947
f 970/1085/971 947/1061/947 971/1084/970
f 2363/2917/2364 1477/1659/1479 2364/2916/2363
f 1477/1659/1479 1479/1657/1477 2364/2916/2363
f 810/911/810 391/453/389 1080/1206/1080
f 810/911/810 1080/1206/1080 323/386/323
f 297/361/298 752/846/754 1263/1417/1262
f 1847/2107/1847 2365/2918/2365 1649/1861/1648
f 1900/2170/1900 1649/1861/1648 2365/2918/2365
f 2328/2851/2328 2366/2919/2366 1151/1285/1153
f 1187/1325/1189 2203/2625/2203 1359/1527/1357
f 648/738/649 2004/2310/2004 2005/2311/2005
f 75/82/77 1552/1744/1554 349/413/350
f 1595/1793/1594 2362/2915/2362 1109/1235/1108
f 568/643/566 295/358/295 1293/1454/1293
f 566/645/568 568/643/566 1293/1454/1293
f 561/636/561 560/637/562 2367/2920/2367
f 2367/2920/2367 632/722/633 561/636/561
f 258/322/260 464/530/463 141/165/142
f 141/165/142 1494/1675/1493 258/322/260
f 991/1107/992 1570/1763/1570 1009/1123/1008
f 1722/1953/1723 971/1084/970 1723/1952/1722
f 971/1084/970 947/1061/947 1723/1952/1722
f 629/720/631 633/721/632 632/722/633
f 2343/2923/2343 2368/2922/2368 1669/2921/1668
f 205/2926/205 204/2925/206 2368/2922/2368
f 2343/2923/2343 205/2926/205 2368/2922/2368
f 206/2927/204 205/2926/205 2343/2923/2343
f 1905/2176/1905 1581/1776/1583 1715/1944/1714
f 192/218/194 1507/1691/1507 2155/2550/2155
f 641/729/640 1383/1552/1382 1741/1978/1742
f 1383/1552/1382 641/729/640 640/730/641
f 2259/2720/2259 2260/2721/2260 1422/1599/1423
f 2260/2721/2260 1423/1598/1422 1422/1599/1423
f 2296/2772/2296 2017/2398/2017 2214/2636/2213
f 2244/2684/2244 1423/1598/1422 2260/2721/2260
f 1423/1598/1422 1753/1989/1753 629/720/631
f 747/839/747 954/1069/955 748/838/746
f 451/516/449 954/1069/955 747/839/747
f 1290/1451/1290 2329/2852/2329 1094/1220/1094
f 1251/1406/1251 2329/2852/2329 1290/1451/1290
f 2272/2738/2272 1237/1384/1237 447/514/447
f 175/200/177 447/514/447 446/515/448
f 2369/2928/2369 1111/1237/1110 1943/2224/1945
f 374/440/376 376/438/374 2299/2785/2299
f 2220/2648/2220 2357/2907/2357 56/63/58
f 32/34/30 56/63/58 30/36/32
f 437/505/439 439/503/437 176/199/176
f 439/503/437 438/504/438 2120/2494/2120
f 2120/2494/2120 438/504/438 441/1831/441
f 895/1001/896 482/551/482 1974/2262/1974
f 1004/1121/1006 1144/1458/1143 1005/1120/1005
f 309/370/307 1144/1275/1143 1004/1570/1006
f 891/998/893 893/996/891 1918/2191/1918
f 1283/2149/1282 1285/1443/1284 2370/2929/2370
f 2238/2678/2238 1283/1441/1282 2370/2930/2370
f 2180/2582/2179 1301/1463/1301 2172/2572/2170
f 2180/2582/2179 2172/2572/2170 2171/2573/2171
f 960/1076/962 962/1074/960 1743/1979/1743
f 1743/1979/1743 1083/1209/1083 960/1076/962
f 1565/1760/1567 103/122/103 1461/1639/1460
f 103/122/103 1565/1760/1567 1569/1761/1568
f 1402/1578/1404 2339/2868/2339 1403/1577/1403
f 1360/1530/1360 1403/1577/1403 2339/2868/2339
f 2240/2680/2240 1271/1426/1271 1262/1418/1263
f 1271/1426/1271 1263/1417/1262 1262/1418/1263
f 1342/1508/1343 961/1075/961 740/834/742
f 2291/2763/2291 1342/1508/1343 896/1000/895
f 1585/1778/1585 988/1105/990 990/1103/988
f 1585/1778/1585 858/963/858 988/1105/990
f 195/2931/197 190/640/190 203/233/201
f 195/2931/197 197/2932/195 190/640/190
f 2283/2753/2283 940/1179/942 929/1039/929
f 726/819/727 602/2811/602 2341/2872/2341
f 138/163/140 726/819/727 2341/2872/2341
f 2368/2922/2368 204/2925/206 1669/2921/1668
f 204/2925/206 1217/2364/1217 1669/2921/1668
f 1915/2186/1915 1530/1713/1529 2015/2324/2015
f 861/965/860 2274/2740/2274 709/798/707
f 2321/2841/2321 2356/2906/2356 1912/2183/1912
f 2355/2902/2354 1718/1948/1718 2321/2841/2321
f 2301/2789/2301 2274/2740/2274 861/965/860
f 2083/2426/2083 2274/2740/2274 2301/2789/2301
f 628/1819/626 2249/2693/2249 367/430/366
f 367/430/366 290/351/288 628/1819/626
f 1218/2189/1218 1409/1960/1407 1729/1961/1730
f 2273/2739/2273 2274/2740/2274 864/967/862
f 2130/2509/2130 2371/2933/2371 1947/2226/1947
f 1619/1976/1619 1739/1971/1737 1738/1972/1738
f 1619/1976/1619 519/2694/519 1739/1971/1737
f 423/880/421 783/878/783 2077/2934/2078
f 587/663/586 28/32/28 586/664/587
f 587/663/586 2169/2571/2169 28/32/28
f 493/562/493 1676/1890/1676 111/133/113
f 1776/2020/1776 1218/2189/1218 1729/1961/1730
f 1998/2298/1998 2121/2496/2121 1458/1638/1459
f 2121/2496/2121 1998/2298/1998 2162/2560/2162
f 282/2685/284 284/2755/282 2372/2935/2372
f 30/36/32 56/63/58 2357/2907/2357
f 587/663/586 2089/2432/2089 2169/2571/2169
f 2088/2431/2088 2089/2432/2089 585/660/583
f 1985/2280/1985 1475/1653/1474 2372/2935/2372
f 2088/2431/2088 748/838/746 2169/2571/2169
f 2089/2432/2089 2088/2431/2088 2169/2571/2169
f 883/990/885 885/988/883 910/1015/910
f 598/676/598 372/436/372 555/675/557
f 372/436/372 1853/2114/1853 555/675/557
f 925/1036/927 1265/1420/1265 926/1035/926
f 1104/1232/1105 1265/1420/1265 925/1036/927
f 60/67/62 73/78/73 63/68/63
f 1979/2267/1978 1978/2268/1979 2216/2642/2218
f 2373/2936/2373 1979/2267/1978 2216/2642/2218
f 854/961/856 1420/1596/1420 1517/1699/1515
f 1420/1596/1420 1317/1479/1316 1515/1701/1517
f 1979/2267/1978 2373/2936/2373 2374/2937/2374
f 2374/2937/2374 2375/2938/2375 270/334/272
f 1245/2941/1245 1233/2940/1233 105/2939/107
f 105/126/107 1233/1379/1233 902/1380/900
f 296/357/294 2302/2791/2302 2198/2615/2198
f 2198/2615/2198 1790/2042/1790 296/357/294
f 1360/1530/1360 1357/1529/1359 1820/2076/1821
f 94/116/95 99/117/98 95/2943/94
f 885/988/883 2376/2944/2376 910/1015/910
f 1853/2461/1853 1495/1679/1497 1497/1677/1495
f 99/117/98 2250/2695/2250 1679/1894/1679
f 395/461/397 215/2767/217 2269/2885/2268
f 306/368/305 359/420/357 358/421/358
f 358/421/358 301/362/299 306/368/305
f 967/1080/966 1228/1374/1229 966/1081/967
f 563/2305/563 202/2306/202 601/683/600
f 601/1387/600 196/221/196 563/639/563
f 272/332/270 1979/2267/1978 270/334/272
f 2374/2937/2374 270/334/272 1979/2267/1978
f 1285/2945/1284 1936/2215/1936 1935/2214/1935
f 1067/1191/1068 311/374/311 310/375/312
f 311/374/311 1467/1645/1466 1466/1646/1467
f 3/1/1 2239/2679/2239 1087/1212/1086
f 3/1/1 959/1073/959 2239/2679/2239
f 751/841/749 750/842/750 1456/1635/1456
f 812/915/814 814/913/812 734/828/736
f 2350/2889/2350 735/827/735 734/828/736
f 2303/2792/2303 2302/2791/2302 1956/2237/1957
f 972/1088/974 974/1086/972 938/1049/938
f 1546/1737/1547 972/1088/974 938/1049/938
f 2123/2499/2124 1438/1617/1438 1437/1618/1439
f 2123/2499/2124 1437/1618/1439 2124/2498/2123
f 950/1063/949 1543/1733/1543 1315/1477/1314
f 1292/1453/1292 1543/1733/1543 950/1063/949
f 2057/2387/2057 1793/2047/1794 1572/1765/1572
f 1793/2047/1794 997/1112/997 1572/1765/1572
f 1925/2948/1925 1931/2947/1931 2186/2946/2186
f 1925/2950/1925 668/2209/668 1931/2207/1931
f 520/589/518 1368/1539/1369 1955/2235/1955
f 1467/1645/1466 311/374/311 81/87/82
f 847/951/846 2072/2408/2072 55/58/53
f 846/952/847 55/58/53 54/59/54
f 54/59/54 648/738/649 846/952/847
f 1841/2100/1842 1842/2099/1841 1344/1512/1344
f 418/481/416 1841/2386/1842 1344/1509/1344
f 385/447/383 920/2730/920 383/449/385
f 1088/1216/1090 1090/1214/1088 2208/2631/2208
f 2208/2631/2208 1090/1214/1088 1092/1217/1091
f 1718/1948/1718 1241/1390/1241 1240/1391/1242
f 2356/2906/2356 1718/1948/1718 1240/1391/1242
f 2326/2849/2326 2137/2527/2137 1749/1985/1749
f 1748/1986/1750 2326/2849/2326 1749/1985/1749
f 1010/2275/1011 781/874/779 2011/2722/2011
f 166/191/168 2104/2468/2105 160/185/162
f 166/191/168 168/189/166 2104/2468/2105
f 2377/2951/2377 111/133/113 1242/1389/1240
f 2148/2540/2148 111/133/113 2377/2951/2377
f 953/1065/951 989/1104/989 988/1105/990
f 953/1065/951 988/1105/990 1314/1478/1315
f 373/435/371 1486/1670/1488 2042/2363/2042
f 699/792/701 2065/2401/2065 964/1078/964
f 1468/1648/1469 964/1078/964 2065/2401/2065
f 1609/1811/1609 71/74/69 850/954/849
f 2163/2561/2163 71/74/69 881/986/881
f 881/986/881 1258/1412/1257 2163/2561/2163
f 1843/2102/1844 1002/1117/1002 1785/2037/1785
f 1052/1172/1051 2161/2559/2161 265/327/265
f 754/844/752 753/845/753 1396/1565/1395
f 248/307/248 2256/2715/2256 2235/2676/2236
f 1658/1873/1660 1902/2172/1902 1659/1872/1659
f 1728/1958/1728 609/699/611 1571/1764/1571
f 1094/1220/1094 1026/1143/1026 401/465/401
f 2278/2744/2278 1026/1143/1026 1094/1220/1094
f 8/8/7 7/9/8 828/932/830
f 1535/1720/1536 1169/1302/1169 1168/1301/1168
f 1535/1720/1536 1168/1301/1168 1922/2197/1922
f 2362/2915/2362 1108/1236/1109 1109/1235/1108
f 531/600/529 167/190/167 1801/2054/1801
f 616/703/615 1801/2054/1801 167/190/167
f 1855/2116/1855 1683/1900/1685 1017/1134/1017
f 1687/1902/1687 1855/2116/1855 1017/1134/1017
f 2378/2952/2378 2317/2828/2317 893/996/891
f 2317/2828/2317 2378/2952/2378 396/460/396
f 985/1101/987 987/1099/985 1108/1236/1109
f 1108/1236/1109 2362/2915/2362 985/1101/987
f 2379/2953/2379 1107/1233/1106 949/1064/950
f 1876/2955/1876 739/829/737 1786/2954/1788
f 739/2834/737 8/8/7 1786/2040/1788
f 1377/1548/1378 1021/1140/1023 1671/1886/1672
f 1671/1886/1672 1021/1140/1023 1670/1884/1670
f 1799/2053/1800 1095/1219/1093 1096/1222/1096
f 302/366/303 634/725/636 2352/2891/2352
f 1699/1916/1698 2173/2575/2173 496/564/495
f 496/564/495 2173/2575/2173 2135/2520/2134
f 2380/2956/2380 2132/2516/2132 907/1014/909
f 2134/2521/2135 2377/2951/2377 1242/1389/1240
f 2377/2951/2377 2134/2521/2135 2148/2540/2148
f 1533/1716/1532 1987/2282/1987 1412/1586/1412
f 1533/1716/1532 1412/1586/1412 2315/2826/2315
f 1523/1707/1523 1332/1497/1332 1015/1130/1013
f 1523/1707/1523 2264/2729/2265 1332/1497/1332
f 1814/2068/1815 1864/2129/1864 1815/2067/1814
f 1864/2129/1864 308/371/308 1815/2067/1814
f 1005/1120/1005 359/420/357 410/474/410
f 1235/1382/1235 536/610/536 1831/2090/1832
f 1940/2220/1941 364/428/364 1375/1546/1376
f 1376/1545/1375 1375/1546/1376 364/428/364
f 1122/1252/1121 2293/2768/2293 2294/2769/2294
f 1096/1222/1096 2266/2731/2266 1799/2053/1800
f 1195/1332/1193 1194/1333/1194 1072/1195/1072
f 1194/1333/1194 1198/1335/1196 1072/1195/1072
f 1298/1460/1298 1194/1333/1194 1193/1334/1195
f 1298/1460/1298 1193/1334/1195 1300/1464/1302
f 1645/1858/1645 1212/1354/1214 2144/2534/2144
f 807/906/805 698/788/697 2101/2463/2101
f 1050/1170/1049 807/906/805 2101/2463/2101
f 1495/2957/1497 1853/2114/1853 1170/2867/1172
f 474/541/474 1123/1257/1125 475/542/475
f 474/541/474 1283/1441/1282 1123/1257/1125
f 2076/2418/2076 2055/2385/2056 698/788/697
f 807/906/805 2076/2418/2076 698/788/697
f 1513/1697/1513 635/724/635 2186/2624/2186
f 634/725/636 1655/1868/1655 1780/2958/1780
f 2166/2568/2166 634/725/636 1780/2958/1780
f 1946/2225/1946 2099/2452/2098 817/916/815
f 2200/2616/2199 2345/2877/2345 2199/2617/2200
f 2345/2877/2345 2200/2616/2199 1484/1664/1484
f 1057/1181/1058 1058/1180/1057 2261/2723/2261
f 456/521/454 1057/1181/1058 2261/2723/2261
f 207/678/208 243/679/241 920/2959/920
f 1335/1499/1334 872/979/874 874/977/872
f 1992/2289/1992 274/336/274 2359/2911/2359
f 1992/2289/1992 2359/2911/2359 427/495/429
f 2381/2960/2381 2071/2407/2071 2070/2404/2068
f 2034/2347/2034 1814/2961/1815 892/2346/892
f 2069/2405/2069 2381/2960/2381 2070/2404/2068
f 570/646/569 2381/2960/2381 2069/2405/2069
f 1572/1765/1572 1482/1662/1482 2103/2466/2103
f 1866/2130/1865 2092/2441/2092 1865/2131/1866
f 1431/1611/1432 2203/2625/2203 1187/1325/1189
f 9/12/11 1787/2039/1787 1786/2040/1788
f 9/12/11 1788/2038/1786 1787/2039/1787
f 315/376/313 1397/1567/1397 671/761/672
f 995/1108/993 994/1109/994 1482/1662/1482
f 1482/1662/1482 994/1109/994 2103/2466/2103
f 2374/2937/2374 2218/2640/2216 2375/2938/2375
f 1135/1268/1136 2218/2640/2216 1012/1129/1012
f 840/945/840 1895/2164/1895 841/944/839
f 562/635/560 316/381/318 560/637/562
f 472/540/473 112/132/112 2148/2540/2148
f 111/133/113 2148/2540/2148 112/132/112
f 792/892/793 794/894/795 753/845/753
f 2272/2738/2272 1161/1295/1162 1237/1384/1237
f 1159/2656/1160 1161/1295/1162 2272/2738/2272
f 963/1079/965 346/411/348 964/1078/964
f 964/1078/964 346/411/348 699/792/701
f 1573/1766/1573 1163/1298/1165 470/537/470
f 354/419/356 470/537/470 1163/1298/1165
f 395/461/397 1222/2190/1224 1918/2191/1918
f 2374/2937/2374 2373/2936/2373 2218/2640/2216
f 2218/2640/2216 2373/2936/2373 2216/2642/2218
f 718/810/718 2328/2851/2328 719/809/717
f 1152/1284/1152 650/739/650 1153/1283/1151
f 110/128/108 2327/2850/2327 650/739/650
f 1153/1283/1151 650/739/650 2327/2850/2327
f 1694/1911/1694 524/595/524 513/585/514
f 514/584/513 513/585/514 524/595/524
f 2124/2498/2123 1476/1656/1476 158/181/158
f 158/181/158 1476/1656/1476 379/441/377
f 821/922/820 1079/1203/1077 1078/1204/1078
f 1606/1808/1606 824/924/822 403/469/405
f 274/336/274 273/337/275 1990/2287/1990
f 274/336/274 1990/2287/1990 2359/2911/2359
f 931/1044/933 1132/1265/1133 2153/2546/2153
f 931/1044/933 2153/2546/2153 366/431/367
f 978/1092/978 151/172/149 2276/2742/2276
f 149/174/151 151/172/149 978/1092/978
f 1409/1963/1407 1218/1359/1218 189/214/191
f 472/540/473 1065/1186/1063 784/883/785
f 472/540/473 2148/2540/2148 1065/1186/1063
f 504/2962/504 363/2535/365 617/2599/617
f 1295/1455/1294 313/378/315 672/760/671
f 463/531/464 1970/2258/1970 464/530/463
f 2008/2313/2007 2007/2314/2008 262/324/262
f 2354/2903/2355 2382/2963/2382 2355/2902/2354
f 495/565/496 2126/2502/2126 261/325/263
f 1127/1258/1126 1473/1650/1471 2320/2833/2320
f 2036/2366/2035 616/703/615 835/940/835
f 1576/1769/1576 313/378/315 1295/1455/1294
f 463/531/464 2206/2628/2205 1970/2258/1970
f 1758/1995/1758 1118/1247/1120 1120/1245/1118
f 906/1009/904 1118/1247/1120 1758/1995/1758
f 98/118/99 897/1002/897 2250/2695/2250
f 1758/1995/1758 1120/1245/1118 2297/2777/2297
f 2297/2777/2297 1120/1245/1118 2383/2964/2383
f 43/46/41 57/62/57 1247/1402/1247
f 1272/1428/1273 1690/1905/1690 1689/1906/1691
f 1891/2156/1889 1890/2157/1890 1689/1906/1691
f 2135/2520/2134 495/565/496 496/564/495
f 2135/2520/2134 1241/1390/1241 495/565/496
f 864/967/862 2274/2740/2274 2083/2426/2083
f 2083/2426/2083 1598/1799/1598 864/967/862
f 1689/1906/1691 1691/1904/1689 1891/2156/1889
f 1339/1504/1339 1483/1663/1483 2002/2302/2001
f 2002/2302/2001 1483/1663/1483 541/616/542
f 2028/2339/2028 933/1042/931 941/1331/941
f 933/1042/931 2028/2339/2028 1134/1266/1134
f 2309/2810/2309 1205/1344/1205 2384/2965/2384
f 1205/1344/1205 2309/2810/2309 1206/1343/1204
f 1574/1767/1574 428/494/428 2064/2474/2064
f 1298/1460/1298 1302/1462/1300 1615/1817/1615
f 1615/1817/1615 1302/1462/1300 1384/1556/1386
f 1598/1799/1598 452/520/453 862/969/864
f 1384/1556/1386 1302/1462/1300 727/818/726
f 1216/1355/1215 381/445/381 1667/1880/1667
f 1667/1880/1667 2147/2538/2147 1215/1357/1216
f 1214/1352/1212 2243/2683/2243 1751/1987/1751
f 1214/1352/1212 2144/2534/2144 1212/1354/1214
f 381/445/381 2147/2538/2147 1667/1880/1667
f 1969/2257/1969 792/892/793 793/891/792
f 599/2231/599 253/314/252 619/709/621
f 1969/2257/1969 1991/2288/1991 1390/1559/1389
f 1390/1559/1389 1991/2288/1991 1379/1551/1381
f 999/1114/999 952/1066/952 992/1106/991
f 953/1065/951 952/1066/952 989/1104/989
f 905/2490/905 1188/1324/1188 1362/1531/1361
f 1188/1324/1188 905/2490/905 1189/1323/1187
f 2256/2715/2256 476/2966/477 477/2666/476
f 2231/2671/2231 2236/2675/2235 2227/2667/2227
f 1940/2220/1941 350/412/349 364/428/364
f 202/2306/202 244/304/246 599/682/599
f 525/594/523 1665/1878/1665 2094/2443/2094
f 495/565/496 1241/1390/1241 1718/1948/1718
f 2111/2482/2111 495/565/496 1718/1948/1718
f 2075/2967/2075 477/543/476 1589/1784/1589
f 477/543/476 2034/2349/2034 1589/1784/1589
f 1880/2144/1879 452/520/453 1879/2145/1880
f 144/167/144 541/616/542 145/166/143
f 1666/1879/1666 541/616/542 144/167/144
f 2049/2376/2049 812/915/814 1172/1303/1170
f 2154/2548/2154 181/206/183 2025/2336/2025
f 1778/2024/1778 2025/2336/2025 1069/1194/1071
f 244/309/246 248/307/248 253/314/252
f 1529/1714/1530 330/391/328 435/502/436
f 435/502/436 898/1004/899 1529/1714/1530
f 94/116/95 1756/1993/1756 98/118/99
f 812/915/814 2049/2376/2049 1277/1431/1276
f 79/84/79 1032/1152/1032 67/1514/67
f 2289/2761/2289 79/84/79 745/837/745
f 1609/1811/1609 850/954/849 2145/2536/2145
f 573/648/571 1691/1904/1689 1690/1905/1690
f 571/650/573 573/648/571 1690/1905/1690
f 340/405/342 1624/1827/1623 1973/2261/1973
f 2227/2667/2227 2236/2675/2235 477/2666/476
f 2228/2669/2229 1674/1888/1674 2385/2968/2385
f 1771/2015/1771 1790/2042/1790 241/2013/243
f 359/420/357 1296/1457/1296 357/422/359
f 1635/1848/1635 1528/1711/1527 180/201/178
f 452/520/453 1880/2144/1879 862/969/864
f 375/2971/375 911/2970/911 556/2969/556
f 556/631/556 1025/1142/1025 375/439/375
f 417/482/417 140/161/138 418/481/416
f 1777/2025/1779 1779/2023/1777 1337/1501/1336
f 1323/1487/1322 773/864/771 1789/2041/1789
f 773/864/771 1682/1897/1682 1789/2041/1789
f 1075/1199/1075 1877/2143/1878 549/623/549
f 549/623/549 548/624/550 1075/1199/1075
f 1631/1842/1630 1835/2093/1835 1630/1843/1631
f 1835/2093/1835 973/1087/973 1630/1843/1631
f 2031/2341/2030 1951/2230/1951 1928/2204/1929
f 1186/1321/1185 1184/1320/1184 1990/2287/1990
f 273/337/275 1186/1321/1185 1990/2287/1990
f 2256/2715/2256 912/2773/913 476/2966/477
f 970/1085/971 945/1058/944 2156/2552/2156
f 924/1033/924 2156/2552/2156 945/1058/944
f 944/1059/945 545/621/547 924/1033/924
f 944/1059/945 924/1033/924 945/1058/944
f 398/544/399 476/545/477 912/1018/913
f 2350/2889/2350 734/828/736 814/913/812
f 2350/2973/2350 814/1433/812 468/2112/468
f 436/501/435 2032/2344/2033 2098/2453/2099
f 436/501/435 2098/2453/2099 435/502/436
f 833/933/831 1675/1889/1675 1921/2196/1921
f 1921/2196/1921 831/935/833 833/933/831
f 334/399/336 442/506/440 2117/2488/2117
f 335/398/335 334/399/336 2117/2488/2117
f 1387/1558/1388 1390/1559/1389 1389/1560/1390
f 504/574/504 2102/2465/2102 419/2974/420
f 2102/2465/2102 504/574/504 503/575/505
f 223/275/221 232/279/232 213/2975/213
f 214/2976/212 213/2975/213 232/279/232
f 851/2977/853 2298/2780/2298 852/2781/852
f 2298/2783/2298 851/958/853 912/1018/913
f 2032/2344/2033 612/700/612 2033/2343/2032
f 612/700/612 2032/2344/2033 2016/2325/2016
f 2099/2452/2098 2098/2453/2099 815/918/817
f 2099/2452/2098 815/918/817 817/916/815
f 1387/1558/1388 1389/1560/1390 509/580/509
f 1169/1302/1169 1536/1719/1535 1984/2279/1984
f 2137/2527/2137 1747/1983/1747 1984/2279/1984
f 2365/2918/2365 1847/2107/1847 348/409/346
f 1772/2014/1770 621/707/619 1973/2261/1973
f 1772/2014/1770 241/2013/243 621/707/619
f 2092/2979/2092 1866/2978/1865 2034/2347/2034
f 477/543/476 2092/2440/2092 2034/2349/2034
f 1317/1479/1316 857/964/859 1607/1809/1607
f 1653/1866/1653 1607/1809/1607 857/964/859
f 1381/1549/1379 173/196/173 509/580/509
f 509/580/509 1389/1560/1390 1381/1549/1379
f 1385/1555/1385 417/482/417 416/483/418
f 148/2309/146 1054/1176/1055 2314/2825/2314
f 171/192/169 2115/2484/2113 1626/2294/1626
f 171/192/169 2113/2486/2115 2115/2484/2113
f 1186/1321/1185 1808/2061/1808 1185/1322/1186
f 613/702/614 1989/2283/1988 835/940/835
f 835/940/835 1989/2283/1988 528/2862/527
f 602/687/602 502/685/500 2191/2980/2191
f 139/162/139 602/2811/602 2191/2812/2191
f 1463/1643/1464 1504/1688/1504 1464/1642/1463
f 1504/1688/1504 1463/1643/1464 84/89/84
f 1902/2172/1902 1460/1640/1461 324/385/322
f 543/618/544 2159/2557/2159 200/230/200
f 226/268/226 225/269/227 1220/1365/1221
f 2361/2913/2361 2159/2557/2159 543/618/544
f 915/1021/916 639/726/637 1673/1887/1673
f 639/726/637 915/1021/916 2322/2842/2322
f 1272/1428/1273 1689/1906/1691 1890/2157/1890
f 1810/2062/1809 2045/2369/2046 1146/2370/1146
f 934/1047/936 333/394/331 332/395/332
f 934/1047/936 1663/1877/1664 333/394/331
f 2161/2559/2161 2130/2509/2130 588/667/590
f 2066/2403/2067 2161/2559/2161 588/667/590
f 943/1057/943 360/2704/362 1376/1969/1375
f 1426/1790/1427 1109/1791/1108 1330/2981/1330
f 2254/2703/2254 1820/2076/1821 1357/1529/1359
f 1145/1361/1147 226/2983/226 2226/2982/2226
f 1822/2077/1822 286/349/286 1820/2076/1821
f 2254/2703/2254 1822/2077/1822 1820/2076/1821
f 856/959/854 855/960/855 1110/1238/1111
f 2207/2630/2207 1110/1238/1111 855/960/855
f 1023/1138/1021 1022/1139/1022 1624/1827/1623
f 1624/1827/1623 1022/1139/1022 294/359/296
f 640/730/641 734/828/736 736/826/734
f 640/730/641 736/826/734 1383/1552/1382
f 1205/1344/1205 2150/2543/2150 2384/2965/2384
f 1205/1344/1205 1588/1780/1587 2150/2543/2150
f 221/264/223 1488/2589/1486 2185/2590/2185
f 1962/2244/1964 1641/1855/1642 1406/1580/1406
f 2226/2664/2226 1810/2062/1809 1219/2592/1219
f 1145/1361/1147 2226/2982/2226 1219/1360/1219
f 278/1486/276 1321/1484/1321 2338/2866/2338
f 1454/1631/1452 1453/1632/1453 2041/2361/2041
f 1587/1781/1588 2234/2673/2233 756/848/756
f 2234/2673/2233 2126/2502/2126 756/848/756
f 754/844/752 1396/1565/1395 921/1032/923
f 337/402/339 2041/2361/2041 1453/1632/1453
f 1104/1232/1105 1105/1231/1104 432/500/434
f 2014/2322/2014 721/813/721 2318/2829/2318
f 2318/2829/2318 680/771/682 2014/2322/2014
f 362/1666/360 2078/2419/2077 2077/2420/2078
f 362/1666/360 2079/2421/2079 2078/2419/2077
f 512/581/510 1248/1403/1248 1569/1761/1568
f 1248/1403/1248 103/122/103 1569/1761/1568
f 2324/2844/2324 845/950/845 1199/1339/1200
f 2324/2844/2324 843/948/843 845/950/845
f 831/935/833 1817/2070/1817 832/934/832
f 592/671/594 832/934/832 1817/2070/1817
f 378/442/378 163/2071/165 1818/2072/1818
f 1111/1237/1110 949/1064/950 856/959/854
f 871/975/870 2364/2916/2363 684/773/684
f 2364/2916/2363 1479/1657/1477 684/773/684
f 2297/2777/2297 2383/2964/2383 48/53/48
f 2383/2964/2383 49/52/47 48/53/48
f 188/210/187 1099/1227/1100 187/211/188
f 2000/2300/2000 2219/2647/2219 2091/2439/2091
f 2177/2881/2178 2280/2746/2279 2212/2634/2211
f 2279/2747/2280 2212/2634/2211 2280/2746/2279
f 695/786/695 1892/2160/1893 696/785/694
f 1532/1717/1533 696/785/694 1892/2160/1893
f 612/700/612 185/208/185 2033/2343/2032
f 1743/1979/1743 345/406/343 641/729/640
f 345/406/343 1743/1979/1743 2277/2743/2277
f 569/647/570 2279/2747/2280 454/523/456
f 2212/2634/2211 2279/2747/2280 569/647/570
f 2386/2984/2386 1952/2232/1952 1951/2230/1951
f 1952/2232/1952 2386/2984/2386 1040/1159/1039
f 2363/2917/2364 871/975/870 473/539/472
f 871/975/870 2363/2917/2364 2364/2916/2363
f 2211/2635/2212 2212/2634/2211 569/647/570
f 72/79/74 97/114/96 2175/2576/2174
f 2242/2682/2242 2219/2647/2219 2000/2300/2000
f 269/329/267 2242/2682/2242 2000/2300/2000
f 478/549/480 255/317/255 1226/1371/1226
f 1885/2153/1885 2046/2368/2045 1886/2152/1886
f 1917/2188/1917 1023/1138/1021 2062/2392/2062
f 67/1514/67 561/636/561 745/837/745
f 745/837/745 79/84/79 67/1514/67
f 1140/1272/1140 187/211/188 1099/1227/1100
f 187/211/188 1140/1272/1140 1407/1583/1409
f 196/2987/196 208/2986/207 920/2985/920
f 208/2989/207 207/678/208 920/2959/920
f 15/16/15 848/953/848 26/30/26
f 1946/2225/1946 2369/2928/2369 1685/1898/1683
f 1685/1898/1683 2369/2928/2369 1943/2224/1945
f 160/185/162 2171/2573/2171 161/184/161
f 455/522/455 1055/1175/1054 456/521/454
f 1492/1673/1491 1468/1648/1469 702/794/703
f 2369/2928/2369 1451/1630/1451 1111/1237/1110
f 1040/1159/1039 2386/2984/2386 2030/2342/2031
f 1946/2225/1946 1451/1630/1451 2369/2928/2369
f 2363/2917/2364 473/539/472 785/882/784
f 2307/2806/2307 1259/1416/1261 2306/2805/2306
f 2375/2938/2375 1135/1268/1136 270/334/272
f 1852/2113/1852 394/456/392 1417/1592/1416
f 2249/2693/2249 928/2688/930 932/1043/932
f 499/566/497 1040/1159/1039 1041/1163/1043
f 1041/1163/1043 2334/2857/2334 499/566/497
f 1852/2113/1852 1602/1805/1603 1583/1774/1581
f 1852/2113/1852 1417/1592/1416 1602/1805/1603
f 2246/2690/2246 182/205/182 187/211/188
f 1885/2153/1885 1146/2370/1146 2046/2368/2045
f 1848/2108/1848 801/900/801 1800/2052/1799
f 1800/2052/1799 1649/1861/1648 1848/2108/1848
f 1475/1653/1474 282/2685/284 2372/2935/2372
f 1384/1556/1386 138/163/140 2360/2912/2360
f 803/1306/804 2043/2365/2043 1173/1308/1174
f 1008/1124/1009 1009/1123/1008 1570/1763/1570
f 918/1023/918 483/550/481 2387/2990/2387
f 556/2969/556 911/2970/911 557/2991/555
f 2308/2808/2308 2289/2761/2289 2222/2650/2222
f 745/837/745 2222/2650/2222 2289/2761/2289
f 1528/1711/1527 543/618/544 178/203/180
f 1528/1711/1527 178/203/180 180/201/178
f 397/459/395 761/2205/761 1930/2992/1930
f 543/618/544 1527/1712/1528 2361/2913/2361
f 1528/1711/1527 1527/1712/1528 543/618/544
f 1394/1564/1394 921/1032/923 2251/2696/2251
f 1394/1564/1394 2251/2696/2251 2233/2674/2234
f 1775/2019/1775 293/354/291 1717/1947/1717
f 488/559/490 1115/1244/1117 489/558/489
f 1115/1244/1117 1117/1242/1115 489/558/489
f 1775/2019/1775 316/381/318 562/635/560
f 1717/1947/1717 316/381/318 1775/2019/1775
f 1936/2215/1936 1897/2168/1898 1935/2214/1935
f 1897/2168/1898 449/518/451 1763/2006/1763
f 1138/1270/1138 1886/2152/1886 1139/1269/1137
f 1886/2152/1886 2046/2368/2045 1139/1269/1137
f 548/2274/550 779/876/781 2388/2993/2388
f 404/468/404 2088/2431/2088 405/467/403
f 2088/2431/2088 404/468/404 748/838/746
f 2247/2994/2247 2246/2690/2246 187/211/188
f 1763/2006/1763 1935/2214/1935 1897/2168/1898
f 2333/2856/2333 1795/2048/1795 1118/1247/1120
f 2194/2612/2195 1190/1328/1192 782/877/782
f 1580/1772/1579 2389/2995/2389 1972/2260/1972
f 1972/2260/1972 2389/2995/2389 1971/2259/1971
f 819/919/818 820/923/821 419/486/420
f 2330/2854/2331 1052/1172/1051 1051/1173/1052
f 1891/2156/1889 1691/1904/1689 572/649/572
f 572/649/572 760/850/758 1891/2156/1889
f 477/2666/476 2236/2675/2235 2256/2715/2256
f 1234/1383/1236 2344/2876/2344 2187/2600/2187
f 1091/1218/1092 860/966/861 2024/2334/2023
f 2023/2335/2024 1091/1218/1092 2024/2334/2023
f 1839/2097/1839 999/1114/999 1901/2171/1901
f 1000/1115/1000 999/1114/999 1839/2097/1839
f 2266/2731/2266 700/791/700 348/409/346
f 2082/2424/2081 700/791/700 2266/2731/2266
f 216/252/216 397/2996/395 1930/2206/1930
f 215/253/217 397/2997/395 216/252/216
f 1120/1245/1118 2390/2998/2390 2383/2964/2383
f 1120/1245/1118 424/492/426 2390/2998/2390
f 603/777/604 688/778/688 2224/2652/2224
f 603/3000/604 2224/2999/2224 361/424/361
f 612/700/612 655/744/655 186/207/184
f 1176/1314/1178 2326/2849/2326 186/207/184
f 2330/2854/2331 179/202/179 2332/2855/2332
f 2330/2854/2331 2332/2855/2332 1052/1172/1051
f 2093/2701/2093 393/457/393 390/454/390
f 779/876/781 1622/1825/1621 2388/2993/2388
f 2388/2993/2388 1622/1825/1621 548/2274/550
f 2372/2935/2372 284/2755/282 1985/2280/1985
f 1420/1596/1420 856/959/854 1421/1597/1421
f 856/959/854 950/1063/949 1421/1597/1421
f 1536/1719/1535 986/1100/986 1984/2279/1984
f 236/285/238 238/283/236 1536/3001/1535
f 1764/2007/1764 1734/1967/1734 1765/2008/1765
f 1764/2007/1764 1765/2008/1765 1767/2011/1768
f 450/517/450 2168/2570/2168 955/1068/954
f 1153/1283/1151 1150/1280/1148 1151/1285/1153
f 451/516/449 1762/2004/1761 1763/2006/1763
f 1762/2004/1761 451/516/449 747/839/747
f 1013/1132/1015 1288/1449/1288 1875/2139/1874
f 1961/2241/1961 319/384/321 1020/1136/1019
f 1020/1136/1019 1783/2035/1783 1961/2241/1961
f 1150/1280/1148 1153/1283/1151 2263/2727/2263
f 370/432/368 1133/1264/1132 1288/1449/1288
f 1133/1264/1132 1875/2139/1874 1288/1449/1288
f 2133/2518/2133 1115/1244/1117 488/559/490
f 1002/1117/1002 1261/1414/1259 1260/1415/1260
f 76/81/76 2183/2588/2184 2184/2587/2183
f 76/81/76 2184/2587/2183 77/80/75
f 1368/1539/1369 982/1098/984 981/1093/979
f 1039/1160/1040 1949/2229/1950 1952/2232/1952
f 1949/2229/1950 2309/2810/2309 1950/2228/1949
f 1404/2464/1402 289/2454/289 288/3002/290
f 1753/1989/1753 2149/2542/2149 1752/1988/1752
f 1753/1989/1753 2243/2683/2243 2149/2542/2149
f 1133/1264/1132 1802/2056/1803 1874/2140/1875
f 1803/2055/1802 1802/2056/1803 1133/1264/1132
f 496/564/495 263/323/261 1698/1917/1699
f 1700/3004/1701 2391/3003/2391 1701/2411/1700
f 1652/1864/1651 1651/1865/1652 634/725/636
f 1652/1864/1651 634/725/636 302/366/303
f 67/72/67 664/755/666 68/71/66
f 664/755/666 43/46/41 68/71/66
f 1297/1461/1299 1198/1335/1196 1194/1333/1194
f 112/132/112 2209/2632/2209 113/131/111
f 112/132/112 472/540/473 2209/2632/2209
f 219/272/219 230/273/229 210/259/210
f 2385/2968/2385 2347/2882/2347 2349/2886/2349
f 2228/2669/2229 2385/2968/2385 2349/2886/2349
f 575/652/575 2346/2879/2346 576/651/574
f 1343/1507/1342 740/834/742 742/832/740
f 396/460/396 1860/2397/1859 761/2205/761
f 160/185/162 2180/2582/2179 2171/2573/2171
f 1577/1771/1578 653/742/653 59/64/59
f 59/64/59 58/61/56 1577/1771/1578
f 928/2688/930 933/1042/931 932/1043/932
f 40/45/40 652/740/651 37/42/37
f 1627/1838/1628 2221/2649/2221 1628/1837/1627
f 829/931/829 828/932/830 1921/2196/1921
f 1210/1351/1211 2221/2649/2221 1627/1838/1628
f 1210/1351/1211 1000/1115/1000 2221/2649/2221
f 1028/1147/1030 912/2773/913 2256/2715/2256
f 248/307/248 1028/1147/1030 2256/2715/2256
f 2003/2308/2003 387/451/387 386/452/388
f 1510/1692/1508 1592/1787/1591 1508/1694/1510
f 1592/1787/1591 1591/1788/1592 1508/1694/1510
f 1427/1604/1426 2392/3005/2392 1634/1849/1636
f 1423/1598/1422 2244/2684/2244 1753/1989/1753
f 705/795/704 706/797/706 10/11/10
f 899/1003/898 2099/2452/2098 1946/2225/1946
f 1707/1930/1707 2045/2369/2046 1708/1931/1708
f 1810/2062/1809 1708/1931/1708 2045/2369/2046
f 1191/1327/1191 1182/1318/1182 2078/2419/2077
f 532/608/534 2078/2419/2077 1182/1318/1182
f 480/547/478 479/548/479 1225/1372/1227
f 1003/1116/1001 693/783/692 521/593/522
f 693/783/692 1003/1116/1001 1844/2101/1843
f 148/169/146 2314/3006/2314 782/877/782
f 2314/3006/2314 2194/2612/2195 782/877/782
f 1127/1258/1126 1444/1621/1442 1473/1650/1471
f 1444/1621/1442 2121/2496/2121 1473/1650/1471
f 1444/1621/1442 1127/1258/1126 1126/1259/1127
f 1152/1284/1152 1312/1476/1313 715/808/716
f 2029/2340/2029 1908/2181/1909 1909/2180/1908
f 1237/1384/1237 1162/1294/1161 447/514/447
f 1210/1351/1211 1627/1838/1628 1230/1377/1232
f 1230/1377/1232 1627/1838/1628 901/1006/901
f 897/1002/897 1411/1584/1410 2250/2695/2250
f 1220/1365/1221 225/269/227 2257/2776/2257
f 351/416/353 353/414/351 1717/1947/1717
f 2294/2769/2294 1677/1892/1678 780/875/780
f 706/797/706 2220/2648/2220 558/634/559
f 30/36/32 2220/2648/2220 706/797/706
f 2219/2647/2219 884/989/884 2091/2439/2091
f 884/989/884 838/2163/836 2091/2439/2091
f 1097/1224/1098 2047/2371/2047 2025/2336/2025
f 1300/1464/1302 161/184/161 2170/2574/2172
f 1059/1182/1059 567/644/567 1057/1181/1058
f 838/941/836 837/942/837 2286/2758/2286
f 2286/2758/2286 1429/1609/1430 838/941/836
f 2238/2678/2238 2370/2930/2370 1884/2150/1884
f 1761/2005/1762 2238/2678/2238 1884/2150/1884
f 1960/2240/1960 320/383/320 319/384/321
f 1130/1262/1130 975/1091/977 1438/1617/1438
f 1019/1137/1020 1783/2035/1783 1020/1136/1019
f 1751/1987/1751 1960/2240/1960 1520/1702/1518
f 2031/2341/2030 1676/1890/1676 493/562/493
f 2031/2341/2030 493/562/493 492/563/494
f 405/467/403 584/661/584 2202/2620/2202
f 2202/2620/2202 584/661/584 1290/1451/1290
f 1539/1728/1538 2319/2830/2319 1261/1414/1259
f 11/10/9 624/711/623 622/710/622
f 1243/1392/1243 1154/1286/1154 2004/2310/2004
f 11/10/9 706/797/706 558/634/559
f 11/10/9 558/634/559 624/711/623
f 822/926/824 824/924/822 1606/1808/1606
f 1932/2212/1933 382/444/380 1746/1982/1746
f 626/717/628 628/715/626 1868/2133/1868
f 626/717/628 1868/2133/1868 1867/2132/1867
f 1322/1488/1323 1818/2072/1818 165/2073/163
f 533/607/533 2109/2473/2110 537/609/535
f 1181/1317/1181 2109/2473/2110 533/607/533
f 560/637/562 316/381/318 1424/1600/1424
f 1658/1873/1660 1665/1878/1665 2095/2444/2095
f 2302/2791/2302 2303/2792/2303 2198/2615/2198
f 2198/2615/2198 2303/2792/2303 2197/2614/2197
f 103/122/103 102/123/104 1461/1639/1460
f 102/123/104 322/387/324 1461/1639/1460
f 616/703/615 2036/2366/2035 529/602/531
f 110/128/108 400/466/402 2327/2850/2327
f 1420/1596/1420 1515/1701/1517 1517/1699/1515
f 499/566/497 498/567/498 1040/1159/1039
f 899/1003/898 1946/2225/1946 1685/1898/1683
f 1888/2154/1887 1887/2155/1888 385/1293/383
f 1544/1798/1544 45/50/45 281/713/279
f 2030/2342/2031 2386/2984/2386 1951/2230/1951
f 1195/1332/1193 1070/1193/1070 1997/2297/1997
f 1070/1193/1070 1195/1332/1193 1072/1195/1072
f 1932/2212/1933 1965/2246/1966 1963/2243/1963
f 1932/2212/1933 1746/1982/1746 1965/2246/1966
f 898/1004/899 899/1003/898 1685/1898/1683
f 2015/2324/2015 1529/1714/1530 1551/1741/1551
f 2225/3007/2225 2155/2550/2155 1507/1691/1507
f 1507/1691/1507 565/641/564 2225/3007/2225
f 2058/2389/2059 2061/2390/2060 2060/2391/2061
f 2061/2390/2060 2058/2389/2059 2059/2388/2058
f 2073/2409/2073 1829/2085/1828 487/556/487
f 2073/2409/2073 808/910/809 1829/2085/1828
f 445/3008/443 1827/2081/1826 1045/2082/1044
f 325/3009/327 1827/2442/1826 445/509/443
f 965/1077/963 416/483/418 963/1079/965
f 961/1075/961 2189/2601/2188 2336/2861/2337
f 2336/2861/2337 740/834/742 961/1075/961
f 2075/2417/2075 1701/2411/1700 2391/3003/2391
f 531/600/529 2204/2627/2204 168/189/166
f 1791/2044/1792 1771/2015/1771 1792/2043/1791
f 1770/2016/1772 1792/2043/1791 1771/2015/1771
f 296/357/294 1794/2046/1793 2302/2791/2302
f 1794/2046/1793 296/357/294 1522/1705/1521
f 1123/1257/1125 1475/1653/1474 1985/2280/1985
f 381/445/381 380/446/382 2147/2538/2147
f 2343/2875/2343 2147/2538/2147 380/446/382
f 2393/3011/2394 1883/2148/1883 2394/3010/2393
f 1904/2174/1904 325/2175/327 1903/3012/1903
f 1826/2083/1827 1827/2081/1826 1904/2174/1904
f 694/787/696 1305/1467/1304 1175/1311/1175
f 561/636/561 67/1514/67 1345/1515/1345
f 1520/1702/1518 1960/2240/1960 1518/1704/1520
f 241/2013/243 2197/2614/2197 920/2730/920
f 1149/1281/1149 2328/2851/2328 1151/1285/1153
f 1700/3004/1701 2075/2417/2075 2391/3003/2391
f 1061/1183/1060 2075/2665/2075 1700/1919/1701
f 2105/2467/2104 2179/2583/2180 160/185/162
f 2179/2583/2180 2105/2467/2104 726/819/727
f 1197/1336/1197 1196/1337/1198 142/164/141
f 969/1082/968 867/974/869 2087/2430/2087
f 867/974/869 969/1082/968 1287/1448/1287
f 1674/1888/1674 2229/2668/2228 1103/1228/1101
f 1105/1231/1104 1103/1228/1101 2229/2668/2228
f 2093/2442/2093 1826/2083/1827 1903/3012/1903
f 1826/2083/1827 1904/2174/1904 1903/3012/1903
f 1377/1548/1378 295/358/295 294/359/296
f 327/388/325 2093/2701/2093 1903/2173/1903
f 393/457/393 2093/2701/2093 327/388/325
f 2258/2719/2258 2254/2703/2254 1359/1527/1357
f 1825/2079/1824 356/417/354 292/355/292
f 1974/2262/1974 2299/2785/2299 376/438/374
f 481/552/483 2299/2785/2299 1974/2262/1974
f 1208/1347/1208 804/3014/803 1710/3013/1710
f 1710/3013/1710 803/1306/804 1174/1307/1173
f 1174/1307/1173 1173/1308/1174 1208/1347/1208
f 620/708/620 253/314/252 252/315/253
f 356/417/354 1825/2079/1824 1927/2201/1926
f 1825/2079/1824 1926/2202/1927 1927/2201/1926
f 1455/1636/1457 1457/1634/1455 2029/2340/2029
f 2029/2340/2029 1909/2180/1908 1455/1636/1457
f 1720/1951/1721 1975/2264/1976 1721/1950/1720
f 307/372/309 2395/3015/2395 2255/2714/2255
f 307/372/309 309/370/307 2395/3015/2395
f 2395/3015/2395 309/370/307 1399/1571/1399
f 309/370/307 1004/1570/1006 1399/1571/1399
f 719/809/717 651/741/652 2176/2578/2176
f 1524/3016/1524 677/2705/679 1112/2706/1114
f 893/996/891 894/999/894 2378/2952/2378
f 892/997/892 894/999/894 893/996/891
f 344/407/344 343/408/345 1172/1303/1170
f 360/3017/362 783/878/783 422/879/422
f 413/476/412 1747/1983/1747 2137/2527/2137
f 413/476/412 2137/2527/2137 2326/2849/2326
f 443/511/445 445/509/443 2052/2379/2051
f 907/1014/909 1484/1664/1484 2380/2956/2380
f 2337/2860/2336 2189/2601/2188 1082/1210/1084
f 2337/2860/2336 2336/2861/2337 2189/2601/2188
f 812/915/814 1277/1431/1276 813/914/813
f 2346/2879/2346 693/783/692 576/651/574
f 1174/1307/1173 1208/1347/1208 1710/3013/1710
f 1022/1139/1022 1021/1140/1023 1377/1548/1378
f 2133/2518/2133 1564/1756/1564 1116/1243/1116
f 341/404/341 620/708/620 257/319/257
f 257/319/257 252/315/253 1060/1184/1061
f 1727/1957/1727 180/201/178 1728/1958/1728
f 610/698/610 1728/1958/1728 180/201/178
f 1797/2050/1797 1986/2281/1986 1892/2160/1893
f 989/1104/989 952/1066/952 999/1114/999
f 738/830/738 12/2883/14 23/1927/23
f 738/2835/738 23/24/23 8/8/7
f 975/1091/977 977/1089/975 1438/1617/1438
f 179/202/179 2331/2853/2330 2096/2450/2096
f 180/201/178 179/202/179 2096/2450/2096
f 2313/2821/2313 1124/1256/1124 2238/2678/2238
f 1761/2005/1762 2313/2821/2313 2238/2678/2238
f 325/390/327 444/2840/444 326/389/326
f 1567/1758/1565 2095/2444/2095 1568/1762/1569
f 2095/2444/2095 1567/1758/1565 1658/1873/1660
f 981/1093/979 982/1098/984 984/1096/982
f 620/708/620 252/315/253 257/319/257
f 2122/2497/2122 878/983/878 1441/1620/1441
f 536/610/536 1845/2105/1845 534/606/532
f 534/606/532 537/609/535 536/610/536
f 1584/1777/1584 1762/2004/1761 747/839/747
f 2261/2723/2261 2071/2407/2071 2381/2960/2381
f 2128/2504/2128 1636/1847/1634 1292/1453/1292
f 1636/1847/1634 2097/2451/2097 1292/1453/1292
f 2390/2998/2390 49/52/47 2383/2964/2383
f 532/608/534 534/606/532 423/487/421
f 1448/2162/1448 228/3018/228 247/2905/247
f 1248/1403/1248 512/581/510 511/582/511
f 534/606/532 1845/2105/1845 423/487/421
f 1181/1317/1181 2110/2472/2109 2109/2473/2110
f 1518/1704/1520 907/1014/909 1519/1703/1519
f 391/453/389 1102/1229/1102 1101/1230/1103
f 1636/1847/1634 1727/1957/1727 2097/2451/2097
f 698/788/697 461/528/461 2101/2463/2101
f 744/835/743 1343/1507/1342 1340/1506/1341
f 1412/1586/1412 744/835/743 1340/1506/1341
f 126/145/125 1386/1554/1384 1391/1561/1391
f 262/324/262 923/1030/921 922/1031/922
f 482/551/482 896/1000/895 743/836/744
f 2393/3011/2394 1891/2156/1889 1349/1519/1349
f 1889/2158/1891 1891/2156/1889 2393/3011/2394
f 456/521/454 2261/2723/2261 570/646/569
f 2261/2723/2261 2381/2960/2381 570/646/569
f 2393/3011/2394 2394/3010/2393 1889/2158/1891
f 1890/2157/1890 1889/2158/1891 2394/3010/2393
f 2051/2383/2052 2054/2381/2053 1419/1594/1418
f 1419/1594/1418 2054/2381/2053 1709/1933/1709
f 271/333/271 836/943/838 1895/2481/1895
f 836/943/838 271/333/271 2196/2613/2196
f 1832/2089/1831 2344/2876/2344 1236/1381/1234
f 1236/1381/1234 2344/2876/2344 1234/1383/1236
f 1517/1699/1515 1647/1859/1646 1519/1703/1519
f 2212/2634/2211 267/331/269 2214/2636/2213
f 2212/2634/2211 2214/2636/2213 2178/2880/2177
f 98/118/99 2340/2871/2340 903/1008/903
f 2340/2871/2340 1629/1839/1629 903/1008/903
f 560/637/562 1423/1598/1422 2367/2920/2367
f 2367/2920/2367 1423/1598/1422 629/720/631
f 632/722/633 2367/2920/2367 629/720/631
f 1119/1246/1119 291/356/293 425/491/425
f 1122/1252/1121 780/875/780 1907/2179/1907
f 1122/1252/1121 2294/2769/2294 780/875/780
f 2396/3019/2396 1331/1498/1333 470/537/470
f 469/538/471 2396/3019/2396 470/537/470
f 2169/2571/2169 748/838/746 955/1068/954
f 2169/2571/2169 955/1068/954 29/31/27
f 1802/2056/1803 1596/1795/1596 1524/1708/1524
f 2160/2558/2160 862/969/864 1559/1749/1559
f 1705/1928/1705 25/26/25 16/3020/18
f 17/27/17 16/3020/18 25/26/25
f 2323/2843/2323 1599/1801/1599 1058/1180/1057
f 2323/2843/2323 2116/2487/2116 1599/1801/1599
f 1288/1449/1288 469/538/471 370/432/368
f 469/538/471 471/536/469 370/432/368
f 1520/1702/1518 2144/2534/2144 1751/1987/1751
f 1751/1987/1751 2144/2534/2144 1214/1352/1212
f 654/743/654 413/476/412 2326/2849/2326
f 1176/1314/1178 654/743/654 2326/2849/2326
f 7/9/8 1816/2069/1816 1920/2195/1920
f 1848/2108/1848 1648/1862/1649 802/899/800
f 1040/1159/1039 2030/2342/2031 1041/1163/1043
f 447/514/447 175/200/177 1238/1385/1238
f 1978/2293/1979 607/694/607 606/695/608
f 606/3021/608 1725/1955/1725 1978/2268/1979
f 1378/1547/1377 1377/1548/1378 1671/1886/1672
f 2264/2729/2265 2265/2728/2264 1042/1162/1042
f 2225/2662/2225 206/1910/204 1693/1909/1693
f 1901/2171/1901 1836/2096/1838 1839/2097/1839
f 1837/2095/1837 1836/2096/1838 1901/2171/1901
f 1082/1210/1084 1202/1341/1202 2336/2861/2337
f 2336/2861/2337 1202/1341/1202 740/834/742
f 383/449/385 2303/2792/2303 384/448/384
f 383/449/385 2197/2614/2197 2303/2792/2303
f 1917/2188/1917 2062/2392/2062 1452/1633/1454
f 437/505/439 175/200/177 446/515/448
f 446/515/448 1967/2248/1967 437/505/439
f 1076/1201/1076 388/450/386 387/451/387
f 2264/2729/2265 1523/1707/1523 1014/1131/1014
f 1722/1953/1723 1976/2263/1975 1545/1735/1545
f 1265/1420/1265 1104/1232/1105 1267/1421/1266
f 432/500/434 1267/1421/1266 1104/1232/1105
f 1474/1654/1475 552/625/551 282/2685/284
f 1185/1322/1186 1913/2184/1913 1184/1320/1184
f 694/787/696 1303/1466/1303 1305/1467/1304
f 250/311/250 1449/1628/1449 247/604/247
f 247/604/247 251/310/249 250/311/250
f 2248/2692/2248 681/770/681 720/814/722
f 410/474/410 306/368/305 411/473/409
f 790/886/788 1303/1466/1303 696/785/694
f 1491/1674/1492 1468/1648/1469 1492/1673/1491
f 1766/2009/1766 1468/1648/1469 1491/1674/1492
f 410/474/410 409/475/411 1525/1709/1525
f 2288/2760/2288 146/171/148 1192/1326/1190
f 2288/2760/2288 690/781/690 146/171/148
f 1309/1472/1309 1255/1410/1255 1256/1411/1256
f 2164/2564/2164 1113/2562/1113 1112/2706/1114
f 1018/1133/1016 1664/1876/1663 1016/1135/1018
f 1662/1875/1662 1664/1876/1663 1018/1133/1016
f 1227/2192/1225 891/998/893 1918/2191/1918
f 315/376/313 379/441/377 1397/1567/1397
f 750/842/750 1998/2298/1998 1457/1634/1455
f 1456/1635/1456 750/842/750 1457/1634/1455
f 2012/2321/2013 2013/2320/2012 1610/1812/1610
f 2013/2320/2012 1597/1796/1597 1610/1812/1610
f 2282/2750/2282 464/530/463 122/144/124
f 464/530/463 123/143/123 122/144/124
f 2394/3010/2393 1883/2148/1883 660/748/659
f 660/748/659 1274/1429/1274 2394/3010/2393
f 1571/1764/1571 609/699/611 1570/1763/1570
f 2384/2965/2384 2382/2963/2382 2309/2810/2309
f 755/849/757 2382/2963/2382 2384/2965/2384
f 1183/1319/1183 18/17/16 866/970/865
f 866/970/865 2048/2374/2048 1183/1319/1183
f 609/699/611 611/697/609 1570/1763/1570
f 2331/2853/2330 264/328/266 611/697/609
f 1966/2245/1965 158/181/158 157/182/159
f 1963/2243/1963 1966/2245/1965 157/182/159
f 1157/1289/1157 1372/1541/1371 1158/1288/1156
f 1274/1429/1274 660/748/659 86/93/88
f 850/954/849 849/955/850 2358/2908/2358
f 1386/1554/1384 1385/1555/1385 1393/1562/1392
f 2397/3022/2397 1391/1561/1391 1386/1554/1384
f 1740/1990/1740 2342/2874/2342 1369/1538/1368
f 1386/1554/1384 1393/1562/1392 2397/3022/2397
f 1393/1562/1392 1391/1561/1391 2397/3022/2397
f 1765/2008/1765 1273/1427/1272 1768/2010/1767
f 1765/2008/1765 1272/1428/1273 1273/1427/1272
f 1496/1908/1496 1495/2790/1497 343/408/345
f 373/435/371 1811/2064/1811 1809/2063/1810
f 1751/1987/1751 320/383/320 1960/2240/1960
f 351/416/353 2013/2320/2012 1166/1299/1166
f 1597/1796/1597 2013/2320/2012 351/416/353
f 2090/2433/2090 2266/2731/2266 1096/1222/1096
f 2082/2424/2081 2266/2731/2266 2090/2433/2090
f 1284/1800/1285 2301/2789/2301 2398/3023/2398
f 485/554/485 2306/2805/2306 1264/1419/1264
f 277/339/277 1840/2098/1840 1807/2059/1806
f 1718/1948/1718 2356/2906/2356 2321/2841/2321
f 2107/2470/2107 2106/2471/2108 2204/2627/2204
f 2204/2627/2204 2106/2471/2108 767/858/765
f 1060/1184/1061 1061/1183/1060 257/319/257
f 2382/2963/2382 755/849/757 2355/2902/2354
f 1772/2014/1770 1771/2015/1771 241/2013/243
f 2135/2520/2134 2173/2575/2173 2134/2521/2135
f 2056/2384/2055 2055/2385/2056 806/907/806
f 325/3009/327 445/509/443 444/510/444
f 715/808/716 1312/1476/1313 1313/1475/1312
f 458/525/458 457/526/459 1661/1874/1661
f 457/526/459 459/524/457 1798/2051/1798
f 2018/2327/2018 1327/1494/1329 1329/1492/1327
f 2018/2726/2018 1425/1601/1425 1327/1602/1329
f 1955/2235/1955 981/1093/979 980/1094/980
f 1132/1265/1133 1134/1266/1134 1133/1264/1132
f 1134/1266/1134 1803/2055/1802 1133/1264/1132
f 1718/1948/1718 2355/2902/2354 755/849/757
f 1450/2804/1450 288/3024/290 1310/2437/1310
f 1450/3025/1450 1404/2464/1402 288/3002/290
f 2064/2474/2064 428/494/428 2109/2473/2110
f 1570/1763/1570 611/697/609 264/328/266
f 2327/2850/2327 400/466/402 2263/2727/2263
f 730/820/728 758/852/760 672/760/671
f 2213/2637/2214 269/329/267 1858/2771/1858
f 1430/2301/1429 1858/2771/1858 269/329/267
f 1661/1874/1661 457/526/459 1798/2051/1798
f 899/1003/898 435/502/436 2099/2452/2098
f 1582/1775/1582 1971/2259/1971 2389/2995/2389
f 1176/1314/1178 186/207/184 655/744/655
f 1177/1313/1177 1176/1314/1178 655/744/655
f 2344/2876/2344 1913/2184/1913 1914/2185/1914
f 1454/1631/1452 1547/1736/1546 1720/1951/1721
f 1560/1750/1560 2185/2590/2185 2226/2787/2226
f 1560/1750/1560 2226/2787/2226 226/1752/226
f 1900/2170/1900 2365/2918/2365 348/409/346
f 347/410/347 1900/2170/1900 348/409/346
f 793/891/792 1991/2288/1991 1969/2257/1969
f 1288/1449/1288 2396/3019/2396 469/538/471
f 1015/1130/1013 2396/3019/2396 1288/1449/1288
f 1474/1654/1475 1123/1257/1125 2320/2833/2320
f 1264/1419/1264 2319/2830/2319 1620/1823/1620
f 2319/2830/2319 1539/1728/1538 1620/1823/1620
f 1442/1623/1444 2313/2821/2313 1761/2005/1762
f 2149/2542/2149 2287/2759/2287 1911/2541/1911
f 2320/2833/2320 1123/1257/1125 1125/1255/1123
f 1197/1336/1197 142/164/141 2206/2628/2205
f 1286/2638/1286 2021/2332/2021 66/1513/68
f 2021/2332/2021 1286/2638/1286 490/557/488
f 2044/3028/2044 834/3027/834 776/3026/776
f 2036/2351/2035 2044/2367/2044 776/3030/776
f 2044/2870/2044 1888/2154/1887 834/2654/834
f 2376/2944/2376 2316/2827/2316 1587/1781/1588
f 2376/2944/2376 1587/1781/1588 910/1015/910
f 687/775/686 897/1002/897 116/134/114
f 2384/2965/2384 2399/3031/2399 755/849/757
f 2024/2334/2023 860/966/861 708/799/708
f 2254/2703/2254 2258/2719/2258 1822/2077/1822
f 1354/1523/1353 1822/2077/1822 2258/2719/2258
f 1996/2848/1996 1347/1757/1346 1564/1756/1564
f 2133/2518/2133 1996/2848/1996 1564/1756/1564
f 1040/1159/1039 1039/1160/1040 1952/2232/1952
f 233/282/235 1894/2161/1894 234/281/234
f 875/980/875 429/493/427 2017/2326/2017
f 1521/1706/1522 295/358/295 568/643/566
f 2080/2422/2080 1554/1742/1552 800/901/802
f 1249/1404/1249 1463/1643/1464 1773/2017/1773
f 1696/1915/1697 1697/1914/1696 1142/1273/1141
f 1425/1601/1425 2268/2734/2269 215/1845/217
f 1223/1367/1223 2268/2734/2269 1425/1601/1425
f 2399/3031/2399 2384/2965/2384 2150/2543/2150
f 2399/3031/2399 756/848/756 755/849/757
f 1067/1191/1068 81/87/82 311/374/311
f 1502/1687/1503 716/807/715 850/954/849
f 850/954/849 2358/2908/2358 1502/1687/1503
f 1284/1800/1285 2083/2426/2083 2301/2789/2301
f 756/848/756 2150/2543/2150 1587/1781/1588
f 2150/2543/2150 756/848/756 2399/3031/2399
f 2316/2827/2316 2376/2944/2376 1271/1426/1271
f 885/988/883 1271/1426/1271 2376/2944/2376
f 1902/2172/1902 458/525/458 1659/1872/1659
f 1902/2172/1902 324/385/322 458/525/458
f 184/209/186 1750/1984/1748 1106/1234/1107
f 967/1080/966 52/55/50 1228/1374/1229
f 270/334/272 2196/2613/2196 271/333/271
f 1613/1816/1614 570/646/569 2069/2405/2069
f 1613/1816/1614 2211/2635/2212 570/646/569
f 303/365/302 1713/1941/1713 1651/1865/1652
f 918/1023/918 2139/2529/2139 916/1020/915
f 2322/2842/2322 2139/2529/2139 918/1023/918
f 2240/2680/2240 2233/2674/2234 2316/2827/2316
f 233/282/235 1140/1272/1140 1894/2161/1894
f 1772/2014/1770 1973/2261/1973 1770/2016/1772
f 169/194/171 1337/1501/1336 1338/1503/1338
f 1645/1858/1645 1654/1867/1654 1213/1353/1213
f 1213/1353/1213 1654/1867/1654 1231/1376/1231
f 1120/1245/1118 1119/1246/1119 425/491/425
f 2360/2912/2360 417/482/417 1385/1555/1385
f 306/368/305 410/474/410 359/420/357
f 1648/1862/1649 349/413/350 802/899/800
f 1187/1325/1189 1359/1527/1357 1188/1324/1188
f 1464/1642/1463 2019/2330/2019 1465/1644/1465
f 2358/2908/2358 1465/1644/1465 2019/2330/2019
f 1535/1720/1536 236/2362/238 1536/1719/1535
f 1862/2687/1862 552/625/551 1474/1654/1475
f 1579/1773/1580 2146/2537/2146 394/456/392
f 870/976/871 113/131/111 871/975/870
f 625/714/625 279/2458/281 281/713/279
f 1876/2955/1876 737/831/739 739/829/737
f 1788/2038/1786 737/3032/739 1876/2141/1876
f 70/75/70 1757/1994/1757 1034/1154/1034
f 2332/2855/2332 1947/2226/1947 2371/2933/2371
f 580/659/582 582/657/580 2087/2430/2087
f 1633/1846/1633 2395/3015/2395 1399/1571/1399
f 2255/2714/2255 2395/3015/2395 1633/1846/1633
f 362/423/360 361/424/361 1485/3033/1485
f 2309/2810/2309 2382/2963/2382 2354/2903/2355
f 1950/2228/1949 2309/2810/2309 2354/2903/2355
f 2223/2651/2223 591/668/591 1837/2095/1837
f 1033/1155/1035 849/955/850 1034/1154/1034
f 2221/2649/2221 127/149/129 1628/1837/1627
f 1068/1190/1067 1273/1427/1272 81/87/82
f 1269/1423/1268 4/7/6 8/8/7
f 22/25/24 1269/1423/1268 8/8/7
f 2005/2311/2005 19/22/21 647/736/647
f 2237/3036/2237 1756/3035/1756 101/3034/100
f 1782/2031/1781 1833/2092/1834 1834/2091/1833
f 1017/1134/1017 1781/2032/1782 1834/2091/1833
f 1856/2117/1856 1781/2032/1782 1017/1134/1017
f 1017/1134/1017 1683/1900/1685 1856/2117/1856
f 2291/2763/2291 1692/1907/1692 1342/1508/1343
f 324/385/322 323/386/323 430/497/431
f 2004/2310/2004 19/22/21 2005/2311/2005
f 1878/2142/1877 679/766/677 1544/1734/1544
f 1878/2142/1877 608/2539/606 679/766/677
f 2300/2786/2300 2185/2590/2185 1560/1750/1560
f 184/209/186 186/207/184 1750/1984/1748
f 94/104/95 91/94/89 90/95/90
f 1388/1557/1387 1387/1558/1388 948/1060/946
f 948/1060/946 1387/1558/1388 509/580/509
f 2096/2450/2096 2331/2853/2330 610/698/610
f 610/698/610 2331/2853/2330 611/697/609
f 1928/2204/1929 1676/1890/1676 2031/2341/2030
f 1928/2204/1929 1912/2183/1912 1676/1890/1676
f 2234/2673/2233 2316/2827/2316 2233/2674/2234
f 2316/2827/2316 2234/2673/2233 1587/1781/1588
f 1426/1790/1427 1330/2981/1330 2325/3038/2325
f 1837/2095/1837 2067/2402/2066 2223/2651/2223
f 2345/2877/2345 2207/2630/2207 2199/2617/2200
f 2199/2617/2200 2207/2630/2207 854/961/856
f 1081/1207/1081 392/458/394 2146/2537/2146
f 1314/1478/1315 951/1067/953 953/1065/951
f 624/711/623 558/634/559 623/712/624
f 1944/2223/1944 2348/2884/2348 2345/2877/2345
f 1942/2221/1942 1291/1452/1291 60/67/62
f 653/742/653 60/67/62 1291/1452/1291
f 984/1096/982 2324/2844/2324 5/6/5
f 6/5/4 5/6/5 2324/2844/2324
f 1308/1470/1307 1306/1469/1306 1733/1966/1733
f 1018/1133/1016 1782/2031/1781 1961/2241/1961
f 94/104/95 90/95/90 2182/2584/2181
f 441/507/441 689/782/691 688/778/688
f 1480/1660/1480 1477/1659/1479 2363/2917/2364
f 785/882/784 1480/1660/1480 2363/2917/2364
f 2343/2875/2343 380/446/382 206/1910/204
f 2273/2739/2273 491/560/491 707/800/709
f 1089/1215/1089 29/31/27 2168/2570/2168
f 1089/1215/1089 2168/2570/2168 450/517/450
f 321/382/319 1751/1987/1751 2260/2721/2260
f 636/723/634 1893/2159/1892 302/366/303
f 1385/1555/1385 1384/1556/1386 2360/2912/2360
f 2353/2901/2353 415/902/414 2043/2764/2043
f 2273/2739/2273 2160/2558/2160 491/560/491
f 636/723/634 302/366/303 2352/2891/2352
f 97/114/96 310/375/312 2175/2576/2174
f 1498/1681/1498 779/876/781 550/1682/548
f 88/91/86 81/87/82 1274/1429/1274
f 409/475/411 1280/1438/1280 407/471/407
f 162/183/160 614/701/613 166/191/168
f 2034/2347/2034 1866/2978/1865 1814/2961/1815
f 1866/2130/1865 1864/2129/1864 1814/2068/1815
f 44/51/46 46/49/44 2028/2339/2028
f 471/536/469 356/417/354 1927/2201/1926
f 1427/1604/1426 1528/1711/1527 2392/3005/2392
f 1528/1711/1527 1427/1604/1426 217/1605/215
f 2392/3005/2392 1635/1848/1635 1634/1849/1636
f 1528/1711/1527 1635/1848/1635 2392/3005/2392
f 1244/2393/1244 1231/1376/1231 1230/1377/1232
f 1244/2393/1244 1213/1353/1213 1231/1376/1231
f 191/3039/189 2036/2366/2035 835/940/835
f 835/940/835 528/2862/527 191/3039/189
f 2116/2487/2116 2323/2843/2323 508/577/506
f 1883/2148/1883 1349/1519/1349 1882/2146/1881
f 2393/3011/2394 1349/1519/1349 1883/2148/1883
f 433/499/433 2229/2668/2228 673/763/674
f 2229/2668/2228 1081/1207/1081 673/763/674
f 454/523/456 2314/2825/2314 1054/1176/1055
f 2086/2429/2086 2275/2741/2275 433/499/433
f 387/451/387 2006/2312/2006 1076/1201/1076
f 565/890/564 1859/2122/1860 762/856/764
f 1332/1497/1332 1331/1498/1333 1015/1130/1013
f 2396/3019/2396 1015/1130/1013 1331/1498/1333
f 12/15/14 737/3032/739 1788/2038/1786
f 737/831/739 12/2883/14 738/830/738
f 1008/1124/1009 264/328/266 266/326/264
f 1898/2167/1897 861/965/860 860/966/861
f 986/1102/986 237/284/237 2050/3040/2050
f 237/284/237 1329/1492/1327 2050/3040/2050
f 1328/1493/1328 2050/3040/2050 1329/1492/1327
f 1334/1500/1335 1335/1499/1334 2192/2606/2192
f 1335/1499/1334 1923/2198/1923 2192/2606/2192
f 1548/1738/1548 2385/2968/2385 1674/1888/1674
f 2385/2968/2385 1548/1738/1548 2347/2882/2347
f 1681/1896/1681 2128/2504/2128 1292/1453/1292
f 1789/2041/1789 1682/1897/1682 758/852/760
f 2204/2627/2204 531/600/529 2107/2470/2107
f 743/836/744 896/1000/895 1343/1507/1342
f 1282/1442/1283 474/541/474 1601/1803/1601
f 1183/1319/1183 2072/2408/2072 846/952/847
f 1942/2221/1942 60/67/62 516/586/515
f 1858/2771/1858 2017/2398/2017 2296/2772/2296
f 800/901/802 802/899/800 2080/2422/2080
f 1604/1806/1604 1852/2113/1852 1583/1774/1581
f 1328/3041/1328 1330/1495/1330 2050/2377/2050
f 1330/3044/1330 1328/3043/1328 2325/3042/2325
f 2332/2855/2332 2371/2933/2371 1052/1172/1051
f 2371/2933/2371 2130/2509/2130 1052/1172/1051
f 876/981/876 1092/1217/1091 1090/1214/1088
f 449/518/451 1092/1217/1091 876/981/876
f 1223/1367/1223 2262/2725/2262 1224/1366/1222
f 2262/2904/2262 1227/1370/1225 1224/3046/1222
f 1796/2049/1796 475/542/475 2284/2756/2284
f 515/587/516 2174/2577/2175 1466/1646/1467
f 1551/1741/1551 1915/2186/1915 2015/2324/2015
f 544/617/543 199/226/198 1934/2213/1934
f 544/617/543 1934/2213/1934 1948/2227/1948
f 360/425/362 362/423/360 783/3047/783
f 783/878/783 362/3048/360 2077/2934/2078
f 338/401/338 1168/1301/1168 412/477/413
f 2335/2858/2335 1867/2132/1867 1821/2075/1820
f 1948/2227/1948 1934/2213/1934 179/202/179
f 287/348/285 1712/1939/1711 285/350/287
f 1712/1939/1711 1366/1537/1367 285/350/287
f 2174/2577/2175 312/373/310 1466/1646/1467
f 312/373/310 311/374/311 1466/1646/1467
f 1428/1607/1428 275/335/273 2292/2766/2292
f 1428/1607/1428 2292/2766/2292 1937/2217/1938
f 2061/2390/2060 2059/2388/2058 1874/2140/1875
f 275/335/273 1938/2216/1937 2292/2766/2292
f 1821/2075/1820 285/350/287 2335/2858/2335
f 1765/2008/1765 1690/1905/1690 1272/1428/1273
f 2059/2388/2058 1043/1161/1041 1042/1162/1042
f 16/3044/18 21/2524/19 1705/2525/1705
f 1337/1501/1336 1071/1192/1069 1338/1503/1338
f 1695/1913/1695 133/155/133 1266/1912/1267
f 1266/1912/1267 434/2505/432 1695/1913/1695
f 290/351/288 368/434/370 1255/1410/1255
f 1255/1410/1255 368/434/370 1256/1411/1256
f 129/147/127 1769/2012/1769 1355/1526/1356
f 893/996/891 2317/2828/2317 395/461/397
f 1918/2191/1918 893/996/891 395/461/397
f 2224/2999/2224 1485/3033/1485 361/424/361
f 2224/2652/2224 691/780/689 1485/1667/1485
f 235/280/233 234/281/234 853/2423/851
f 1449/2253/1449 853/2423/851 234/281/234
f 336/397/334 1643/2030/1643 1644/1857/1644
f 683/774/685 871/975/870 684/773/684
f 366/431/367 2153/2546/2153 369/433/369
f 1318/1481/1318 1023/1138/1021 1917/2188/1917
f 2271/2737/2271 1679/1894/1679 1411/1584/1410
f 2271/2737/2271 90/1893/90 1679/1894/1679
f 2033/2343/2032 816/917/816 815/918/817
f 1148/1282/1150 1026/1143/1026 1251/1406/1251
f 747/839/747 2165/2567/2165 1584/1777/1584
f 2390/2998/2390 424/492/426 49/52/47
f 295/358/295 1377/1548/1378 1293/1454/1293
f 456/521/454 1059/1182/1059 1057/1181/1058
f 1059/1182/1059 456/521/454 1055/1175/1054
f 1484/1664/1484 2132/2516/2132 2380/2956/2380
f 1484/1664/1484 2200/2616/2199 2132/2516/2132
f 178/203/180 544/617/543 1948/2227/1948
f 2247/2994/2247 1954/2284/1953 2246/2690/2246
f 473/539/472 871/975/870 113/131/111
f 1191/1327/1191 2079/2421/2079 2288/2760/2288
f 2271/2737/2271 1410/1585/1411 2270/2736/2270
f 80/83/78 2289/2761/2289 631/718/629
f 2119/2491/2119 1849/2110/1850 2128/2504/2128
f 2271/2737/2271 1411/1584/1410 1410/1585/1411
f 1681/1896/1681 2119/2491/2119 2128/2504/2128
f 1311/1474/1311 1312/1476/1313 1152/1284/1152
f 1311/1474/1311 718/810/718 1312/1476/1313
f 345/406/343 344/407/344 640/730/641
f 344/407/344 734/828/736 640/730/641
f 2184/2587/2183 1234/1383/1236 2187/2600/2187
f 2210/2633/2210 2334/2857/2334 2058/2389/2059
f 2210/2633/2210 2058/2389/2059 1114/1239/1112
f 631/718/629 100/120/101 80/83/78
f 593/670/593 1085/1211/1085 1561/1753/1561
f 1085/1211/1085 1347/1516/1346 1561/1753/1561
f 686/776/687 1067/1191/1068 310/375/312
f 1319/1482/1319 1067/1191/1068 686/776/687
f 1355/1526/1356 1769/2012/1769 115/135/115
f 1169/1302/1169 1984/2279/1984 1747/1983/1747
f 2353/2901/2353 2043/2764/2043 803/904/804
f 1395/1566/1396 1388/1557/1387 2141/2531/2141
f 115/135/115 1769/2012/1769 1319/1482/1319
f 1319/1482/1319 1769/2012/1769 1068/1190/1067
f 1311/1474/1311 1151/1285/1153 2366/2919/2366
f 2366/2919/2366 718/810/718 1311/1474/1311
f 1796/2049/1796 2284/2756/2284 929/1253/929
f 412/477/413 1169/1302/1169 1747/1983/1747
f 657/746/657 867/974/869 1287/1448/1287
f 2346/2879/2346 575/652/575 692/784/693
f 1178/1312/1176 654/743/654 1176/1314/1178
f 1178/1312/1176 338/401/338 654/743/654
f 1091/1218/1092 1092/1217/1091 1898/2167/1897
f 2398/3023/2398 1898/2167/1897 1284/1800/1285
f 2398/3023/2398 2301/2789/2301 1898/2167/1897
f 718/810/718 2366/2919/2366 2328/2851/2328
f 1385/1555/1385 965/1077/963 1392/1563/1393
f 732/824/732 154/177/154 149/174/151
f 732/824/732 149/174/151 978/1092/978
f 1985/2280/1985 284/2755/282 2284/2756/2284
f 764/854/762 206/2663/204 2225/3049/2225
f 565/890/564 764/854/762 2225/3049/2225
f 1401/1575/1401 559/633/558 2220/2648/2220
f 559/633/558 558/634/559 2220/2648/2220
f 1264/1419/1264 2306/2805/2306 1259/1416/1261
f 1692/1907/1692 895/1001/896 375/439/375
f 1692/1907/1692 2291/2763/2291 895/1001/896
f 211/244/209 1099/1227/1100 1100/1226/1099
f 1099/1227/1100 211/244/209 1894/2161/1894
f 2375/2938/2375 2218/2640/2216 1135/1268/1136
f 384/448/384 1957/2236/1956 1958/2239/1959
f 2379/2953/2379 816/917/816 1107/1233/1106
f 949/1064/950 816/917/816 2379/2953/2379
f 1536/3001/1535 238/283/236 986/1102/986
f 595/674/597 1809/2063/1810 1811/2064/1811
f 1810/2062/1809 1809/2063/1810 595/674/597
f 920/3050/920 242/298/242 241/299/243
f 1401/1575/1401 2220/2648/2220 59/64/59
f 2389/2995/2389 1604/1806/1604 1582/1775/1582
f 2345/2877/2345 2348/2884/2348 2207/2630/2207
f 996/1113/998 1055/1175/1054 2063/2394/2063
f 1782/2031/1781 1834/2091/1833 1781/2032/1782
f 2201/2619/2201 811/912/811 1541/1731/1541
f 563/639/563 196/221/196 195/222/197
f 2389/2995/2389 1580/1772/1579 1604/1806/1604
f 1049/1171/1050 805/908/807 807/906/805
f 132/2598/134 805/908/807 1049/1171/1050
f 1755/1992/1755 1373/1543/1373 842/949/844
f 2378/2952/2378 2255/2714/2255 396/460/396
f 1721/1950/1720 1975/2264/1976 1722/1953/1723
f 2149/2542/2149 1214/1352/1212 2287/2759/2287
f 2126/2502/2126 2234/2673/2233 261/325/263
f 1584/1777/1584 2165/2567/2165 2122/2497/2122
f 1322/1488/1323 378/442/378 1818/2072/1818
f 2290/2762/2290 388/450/386 993/1110/995
f 872/979/874 493/562/493 873/978/873
f 2378/2952/2378 894/999/894 2255/2714/2255
f 1117/1242/1115 2297/2777/2297 48/53/48
f 1117/1242/1115 48/53/48 489/558/489
f 1059/1182/1059 1055/1175/1054 996/1113/998
f 1635/1848/1635 180/201/178 1727/1957/1727
f 493/562/493 872/979/874 494/561/492
f 1394/1564/1394 2241/2681/2241 754/844/752
f 998/1111/996 1059/1182/1059 996/1113/998
f 1048/1168/1047 1265/1420/1265 1267/1421/1266
f 2241/2681/2241 1394/1564/1394 1262/1418/1263
f 1136/1267/1135 1135/1268/1136 1012/1129/1012
f 780/875/780 1136/1267/1135 1012/1129/1012
f 1458/1638/1459 1441/1620/1441 826/928/826
f 1441/1620/1441 1458/1638/1459 1443/1622/1443
f 67/72/67 665/754/665 664/755/666
f 1434/1614/1435 665/754/665 67/72/67
f 147/2307/147 387/451/387 2003/2308/2003
f 1706/1929/1706 2247/2994/2247 187/211/188
f 1706/2822/1706 189/214/191 2247/2691/2247
f 1243/1392/1243 1538/1729/1539 1539/1728/1538
f 40/45/40 39/44/39 1155/1287/1155
f 1371/1542/1372 40/45/40 1155/1287/1155
f 1243/1392/1243 2004/2310/2004 1538/1729/1539
f 393/457/393 327/388/325 1416/1593/1417
f 393/457/393 1416/1593/1417 394/456/392
f 151/172/149 153/175/152 2152/2544/2151
f 153/175/152 151/172/149 150/173/150
f 863/968/863 2160/2558/2160 2273/2739/2273
f 1534/1718/1534 918/1023/918 2387/2990/2387
f 25/26/25 23/1927/23 14/28/12
f 1393/1562/1392 1392/1563/1393 1391/1561/1391
f 1901/2171/1901 266/326/264 1837/2095/1837
f 266/326/264 1901/2171/1901 992/1106/991
f 2350/2973/2350 468/2112/468 2305/3051/2305
f 156/179/156 2305/2801/2305 468/535/468
f 2245/2689/2245 578/654/577 27/33/29
f 575/652/575 578/654/577 1656/1870/1657
f 578/654/577 2245/2689/2245 1656/1870/1657
f 1337/1501/1336 1779/2023/1777 1071/1192/1069
f 253/314/252 599/2231/599 244/309/246
f 744/835/743 1534/1718/1534 2387/2990/2387
f 483/550/481 744/835/743 2387/2990/2387
f 294/359/296 1022/1139/1022 1377/1548/1378
f 2100/2459/2100 392/458/394 2349/2886/2349
f 2100/2459/2100 393/457/393 392/458/394
f 2394/3010/2393 1274/1429/1274 1890/2157/1890
f 1857/2119/1857 1239/2118/1239 625/714/625
f 830/930/828 2304/2793/2304 10/11/10
f 2304/2793/2304 705/795/704 10/11/10
f 1190/1328/1192 2194/2612/2195 2195/2611/2194
f 2036/2366/2035 530/601/530 529/602/531
f 770/863/770 1348/1518/1348 1603/1804/1602
f 771/866/773 1603/1804/1602 1348/1518/1348
f 818/920/819 1079/1203/1077 821/922/820
f 246/302/244 245/303/245 1776/2022/1776
f 1285/2945/1284 1884/2150/1884 2370/2930/2370
f 76/81/76 1375/1546/1376 2183/2588/2184
f 1375/1546/1376 1234/1383/1236 2183/2588/2184
f 2081/2425/2082 2090/2433/2090 702/794/703
f 2090/2433/2090 2081/2425/2082 2082/2424/2081
f 892/3054/892 891/3053/893 1759/3052/1759
f 1935/2214/1935 1884/2150/1884 1285/2945/1284
f 161/184/161 2171/2573/2171 2170/2574/2172
f 1832/2089/1831 1913/2184/1913 2344/2876/2344
f 878/983/878 2122/2497/2122 879/982/877
f 137/159/136 130/152/131 135/158/135
f 501/1202/501 137/159/136 135/158/135
f 1601/1803/1601 474/541/474 453/519/452
f 440/2493/442 2120/2494/2120 441/1831/441
f 863/968/863 2273/2739/2273 864/967/862
f 2324/2844/2324 984/1096/982 843/948/843
f 1566/1759/1566 1565/1760/1567 1461/1639/1460
f 1566/1759/1566 1461/1639/1460 1460/1640/1461
f 123/143/123 258/322/260 260/320/258
f 605/692/605 678/1797/678 1596/1795/1596
f 1567/1758/1565 1566/1759/1566 1658/1873/1660
f 1566/1759/1566 1460/1640/1461 1658/1873/1660
f 920/3050/920 243/297/241 242/298/242

