# WaveFront *.obj file (generated by Cinema 4D)

mtllib ./5.mtl

v -4.989033 1.912659 3.226290
v -5.362820 2.149066 2.923095
v -3.404168 2.883099 2.980960
v -4.009467 2.721246 3.140335
v -3.723070 2.445386 3.010026
v -2.124347 0.390464 2.946418
v -2.299888 0.064189 2.943795
v -2.058511 -0.019627 2.971501
v -2.083318 0.274846 2.932687
v -2.400682 -0.706411 2.960533
v -2.349026 -0.728992 2.757437
v -1.151345 0.472109 2.770721
v -1.171445 0.519670 2.670259
v -0.663725 0.284766 2.706795
v -0.825773 0.540567 2.564318
v -0.666073 0.381544 2.457944
v -1.614364 -0.888431 2.639014
v -1.645681 0.603456 2.408780
v -1.828169 0.595387 2.304754
v -1.775852 0.635681 2.400327
v -2.108711 2.498605 2.388914
v -2.668435 -0.716664 2.419642
v -0.669105 0.443690 2.368511
v -0.766723 0.599195 2.342435
v -2.642773 -0.704742 2.303257
v -2.695030 -0.593901 2.269534
v -0.545522 0.039516 2.134590
v -0.542596 0.027795 2.369951
v -0.581503 -0.114012 2.221567
v -3.114761 -0.372704 2.139441
v -2.822979 -0.453844 2.303064
v -2.959540 -0.254831 2.251927
v -1.292082 0.691784 2.223825
v -4.994771 2.951489 2.229231
v -4.458797 3.124021 2.339754
v -5.023178 3.007417 1.885261
v -1.279253 0.729495 2.099193
v -5.152874 2.706079 2.008904
v -5.694100 2.558949 1.921392
v -5.152860 2.902471 2.122332
v -5.402044 2.839509 1.950152
v -0.845945 0.632701 1.810463
v -0.799123 0.682226 2.178933
v -2.137675 1.809466 2.274566
v -3.074532 0.461707 2.121027
v -3.100787 0.809664 2.057560
v -3.335045 0.448310 1.953260
v -5.449751 1.870738 2.292855
v -3.145741 -0.931906 2.015743
v -3.493769 -1.021233 1.928032
v -3.150546 -1.142200 1.977347
v -0.809625 1.591063 2.088527
v -0.721303 1.746078 1.917498
v -0.902657 1.719742 2.074207
v -1.625149 1.720752 2.064735
v -1.725563 1.847019 1.919492
v -1.712072 1.680957 1.960570
v -1.860474 1.680117 1.977211
v -2.636412 -1.190559 2.033907
v -2.860976 -1.169412 2.020703
v -2.714527 -1.257430 1.822379
v -3.203570 -0.793980 1.993508
v -3.370629 -0.797009 1.909686
v -3.479147 -0.882906 1.925786
v -5.293465 2.784328 2.040162
v -5.212123 2.809053 1.818988
v -3.823839 -0.876075 1.899160
v -4.021532 -0.723468 1.947765
v -4.021961 -0.933622 1.924734
v -1.485843 3.375300 2.062395
v -1.157645 3.143882 1.918214
v -0.807168 3.197644 1.845415
v -4.524762 -0.691839 1.947249
v -4.643406 -0.393527 1.882756
v -3.475849 -1.139475 1.908570
v -3.246758 -1.239029 1.845231
v -3.534347 -0.407975 1.836931
v -3.508869 -0.748372 1.847920
v -3.153692 -0.665331 1.978403
v -3.739277 -0.759377 1.899137
v -3.774202 -0.658985 1.953370
v -0.904070 3.465700 1.886258
v -0.871737 3.530432 1.760412
v -1.441746 3.508253 1.980362
v -4.110982 0.213636 1.843033
v -3.676914 -0.356096 1.803405
v -3.717180 -0.526453 1.816567
v -5.288938 2.873679 1.762196
v -5.388756 2.882366 1.792252
v -2.217138 1.145372 1.713946
v -2.172222 0.898650 1.826897
v -2.134270 0.955314 1.736415
v -1.251265 0.672041 1.689867
v -4.120355 -1.216865 1.653155
v -4.227154 -1.113955 1.763022
v -0.673913 2.000371 1.740279
v -0.540681 2.051549 1.493613
v -0.577079 2.137896 1.604014
v -1.109455 0.643127 1.778042
v -0.983694 0.630315 1.656397
v -4.149019 0.334712 1.756360
v -4.210683 0.249729 1.659990
v -1.218356 0.705895 1.501708
v -1.456554 3.653340 1.503291
v -0.860493 3.584323 1.607114
v -4.687733 0.301958 1.726741
v -4.590904 0.424876 1.500669
v -4.868967 0.327312 1.595123
v -4.355296 -1.190740 1.574320
v -5.470208 -0.507902 1.779625
v -5.646884 -0.595638 1.516780
v -5.603452 -0.755535 1.576720
v -5.924439 2.733999 1.177780
v -5.194256 2.687737 1.846897
v -5.450374 2.885703 1.624623
v -5.341752 -0.952432 1.590897
v -5.307302 -1.000382 1.505679
v -5.416749 -1.036212 1.519137
v -3.515892 1.069049 1.508112
v -3.535379 1.207821 1.440241
v -3.759232 1.162009 1.435457
v -5.199734 2.979733 1.084324
v -4.258783 -1.127658 -3.554717
v -4.455296 0.881703 1.391685
v -3.630030 -0.496236 -4.821346
v -4.702223 -1.225925 1.309035
v -4.782147 -1.100581 1.502373
v -4.384970 3.247577 0.820101
v -4.519105 3.168621 1.476377
v -4.197205 3.276235 1.560309
v -4.294771 0.870768 1.257952
v -3.997061 1.048581 1.367049
v -3.992739 1.254094 1.287707
v -5.822850 2.485798 1.133114
v -5.701478 2.518353 1.338237
v -5.670827 2.555579 1.175470
v -5.737106 2.627725 1.100361
v -4.727775 -1.284254 1.139162
v -4.493953 -1.266250 1.085569
v -4.494176 -1.265854 1.275172
v 0.342069 3.340914 1.237232
v 0.431638 3.427124 0.996920
v 0.184238 3.453920 1.339150
v -4.558188 1.193223 0.997633
v -4.395351 1.195896 1.328527
v -0.906500 0.224908 1.223044
v -1.011051 0.267952 1.155534
v -0.882630 0.202075 0.969800
v -4.945892 -1.265142 1.098292
v -5.012441 -1.343029 0.919530
v -5.831155 2.626736 1.053295
v -1.007164 0.149056 1.077471
v -5.917668 2.738173 1.020813
v -4.518519 1.071662 1.112928
v -4.311977 1.004043 1.100315
v -5.612256 2.859788 0.631118
v -4.865378 -1.355330 0.843280
v -4.939328 -1.329426 1.019088
v 0.386014 -0.406086 0.987233
v 0.398904 -0.220721 0.948304
v -4.456038 1.220002 0.967751
v -4.291391 1.248982 0.935481
v -5.994485 2.721675 0.895135
v -6.047502 2.700627 0.790680
v -3.227009 -1.205812 0.325572
v -3.113318 -1.259224 1.456292
v -3.822443 -1.260696 1.226699
v -5.320010 -1.263132 0.748992
v -5.301104 -1.239357 0.905993
v -5.421569 -1.246406 1.104174
v -5.532419 -1.082451 0.782478
v -5.539293 -0.769218 0.819927
v -5.520615 -1.047637 0.640634
v -5.119833 1.213752 0.466030
v -4.818486 1.193047 1.031519
v -5.366219 1.193454 0.745801
v -6.135962 2.699760 0.445863
v -5.580971 -0.722176 0.612546
v -5.653086 -0.638947 0.775229
v -5.662159 -0.548654 0.633904
v -5.062562 0.944517 0.586176
v -4.998058 1.066331 0.713603
v -6.004611 1.684878 0.817852
v -6.281785 1.790290 0.361436
v -6.032719 2.584021 0.704022
v -6.213568 2.688270 0.246912
v -5.551665 -0.842031 0.532336
v -5.614981 -0.658342 0.440977
v -5.666538 -0.774161 0.469532
v -5.606944 0.018405 0.558833
v -5.638839 -0.192745 0.443967
v -2.349868 3.620282 0.227369
v -3.039760 3.566231 0.292269
v 0.276573 2.984148 0.418885
v 0.197231 2.479320 0.279433
v 0.188658 2.586196 0.595667
v 0.078006 2.208227 0.317711
v 0.082274 2.168538 0.420563
v -5.739762 -0.673825 0.299119
v -5.669818 -0.602325 0.303393
v -5.598861 0.058771 0.246724
v -5.403862 0.434930 0.368686
v -5.195910 0.531750 0.422487
v -5.326930 0.535257 0.201313
v -5.620558 -0.388983 0.323954
v -5.506192 -0.409142 0.243161
v -5.767869 -0.954593 0.144077
v -5.493361 -1.185392 0.307192
v -5.581312 -1.005718 0.452913
v -5.994724 1.511454 0.090458
v -5.953850 1.539277 0.721132
v -6.201008 1.548522 0.376762
v 0.285297 2.815408 0.408764
v -5.640743 -0.269419 0.294758
v -5.768577 -0.543871 0.099939
v 0.663336 1.377821 0.081012
v 0.749279 1.176081 -0.018226
v 0.696229 1.361271 -0.039895
v 0.528309 0.599044 -0.064354
v 0.742483 1.084977 -0.179338
v 0.628689 0.615524 0.078074
v -0.076098 -1.294361 -0.040125
v 0.107138 -1.211768 -0.202601
v 0.279447 -1.263717 0.011838
v -5.296304 0.899216 -0.000965
v -5.391984 1.172445 -0.155553
v -5.460290 0.939957 -0.140004
v -2.231379 3.699537 -0.567859
v 0.248465 3.034176 -0.477212
v 0.256069 2.840649 -0.374979
v 0.315228 2.867046 -0.506742
v -2.049731 3.656667 -0.499503
v 0.607389 2.250884 -0.901113
v 0.422179 2.337755 -0.670403
v 0.375701 2.239446 -0.585211
v -1.085557 3.688578 -0.441413
v -1.665583 3.695961 -0.866194
v -1.692046 3.692768 -0.306984
v 0.148762 3.346536 -0.622545
v -0.037532 3.453758 -0.646528
v -5.574976 2.884250 -0.727233
v -5.135777 2.980786 -0.838824
v -5.158693 2.991462 -0.958694
v -5.499705 2.877352 -1.108137
v -5.826992 2.797452 -0.843493
v -1.051154 -1.251845 -0.866050
v -1.793773 -1.249038 -0.640038
v -1.534002 -1.237265 -1.437914
v -5.655879 2.786482 -1.233703
v -3.025801 3.541889 -1.441431
v -2.997963 3.561734 -1.085808
v -5.423722 2.812873 -1.366508
v -5.097262 2.964574 -1.585265
v -3.561551 -1.191690 -1.609779
v -2.775590 -1.210508 -1.512146
v -3.145128 -1.186641 -1.134177
v 0.404974 2.090781 -1.578197
v 0.216252 1.886809 -1.629655
v 0.620386 1.895934 -1.532250
v 0.586281 1.819865 -1.647119
v -0.858641 1.408599 -1.715690
v -0.777461 1.471297 -1.699620
v -0.883046 1.509754 -1.717976
v -0.686659 1.544087 -1.694584
v -0.675990 1.371263 -1.733732
v -6.889933 1.589573 -1.633659
v -6.559534 1.553870 -2.142643
v -6.653578 1.542046 -1.894874
v 0.043814 2.140060 -1.573535
v 0.197329 2.238791 -1.801143
v -0.640294 1.965680 -1.714688
v -0.639049 1.794886 -1.859670
v -0.925578 1.885046 -1.850659
v -0.329126 2.212102 -1.936978
v -0.166732 2.262323 -1.768769
v -1.172230 1.733417 -2.217643
v -1.077022 1.534298 -2.210462
v -0.217698 -1.132291 -1.612205
v -0.221720 -1.104471 -2.180439
v -0.166926 -0.877689 -2.112389
v -2.816028 -1.237774 -2.329396
v -3.292302 -1.223983 -2.123866
v -0.346044 2.219083 -2.165494
v -0.370387 2.242224 -2.357975
v -0.683384 0.822263 -2.108634
v -0.752006 0.852551 -2.293908
v -0.717621 0.996132 -2.096825
v -1.002180 1.429646 -2.102916
v -0.837530 1.294865 -2.218542
v -0.970989 1.381732 -2.300475
v -1.176961 -1.255893 -2.089632
v -1.337358 -1.338524 -2.282105
v -1.133667 -1.394922 -2.342302
v -0.290291 -0.878957 -2.307327
v -0.203357 -0.736225 -2.231242
v -0.472541 2.149635 -2.434459
v -0.446174 2.125808 -2.163392
v -0.640649 2.080495 -2.396850
v -0.360527 -0.462856 -2.202374
v -0.513150 -0.495674 -2.514830
v -0.525834 -0.217794 -2.428832
v -0.304013 2.301330 -2.481596
v -0.195508 2.320995 -2.330991
v -3.053847 -1.233013 -2.580173
v -0.784049 1.997120 -2.521718
v -5.583924 0.910643 -2.304630
v -5.581861 0.981198 -2.518042
v -0.180438 2.497768 -2.359821
v -0.332841 2.758896 -2.427620
v -0.774757 1.192309 -2.325180
v -0.785773 1.010185 -2.528230
v -0.810605 1.191396 -2.501898
v -1.349504 3.397185 -2.868735
v -2.002551 3.623627 -2.392855
v -1.387515 3.481760 -2.466434
v -0.544977 2.689057 -2.938482
v -1.825958 -1.271090 -2.445862
v -2.073398 -1.279826 -2.588248
v -5.160892 -0.586177 -2.622327
v -5.246966 -0.742259 -2.515561
v -5.281485 -0.633054 -2.603251
v -2.098401 -1.313786 -2.731019
v -2.217444 -1.305628 -2.625133
v -0.560679 2.350755 -2.886434
v -2.668357 -1.236143 -2.677812
v -2.437292 -1.285185 -2.704241
v -2.380707 -1.245774 -2.472835
v -1.227910 1.738089 -2.635416
v -1.440742 1.766052 -2.732620
v -0.857374 1.209429 -2.691162
v -0.839774 1.035581 -2.642328
v -0.578415 2.196020 -2.978068
v -0.440173 2.248067 -2.631371
v -0.634560 2.103985 -2.566183
v -5.452386 2.269981 -2.774368
v -5.466752 2.403213 -2.654850
v -4.875283 2.430304 -2.954836
v -0.430116 -0.140044 -2.872551
v -0.796764 0.382389 -2.892694
v -1.012456 0.324010 -2.831625
v -0.835612 0.299231 -2.682590
v -0.503055 -0.400247 -2.827621
v -0.494177 -0.247849 -2.878636
v -0.473854 0.051995 -2.900396
v -1.246587 -1.399833 -2.929729
v -1.483114 -1.369234 -2.676630
v -2.317625 -1.341863 -2.786530
v -2.224321 -1.526959 -3.024725
v -2.199575 -1.469186 -2.776963
v -2.337174 -1.345890 -2.965233
v -0.864318 2.699803 -3.024936
v -0.775445 2.773503 -2.929474
v -0.423254 -0.330317 -3.029236
v -0.825578 2.441659 -3.018983
v -0.846712 3.184665 -2.933930
v -1.771754 -1.547608 -3.008465
v -0.913383 3.236311 -3.049801
v -1.688975 1.912907 -3.161674
v -1.629397 1.857965 -2.856169
v -2.026556 -1.603092 -3.107305
v -1.528704 1.922978 -3.228566
v -1.283230 1.917325 -3.001370
v -1.504386 1.862636 -2.859685
v -1.040489 2.051593 -3.091095
v -0.899436 2.052309 -3.006521
v -1.783388 1.770421 -3.087648
v -1.689066 1.757137 -3.184893
v -1.045628 1.355945 -3.154078
v -1.038953 1.321611 -3.020227
v -0.743405 2.247317 -3.225699
v -4.622791 2.575818 -3.035763
v -4.465206 2.607607 -3.200271
v -2.063417 -1.536835 -3.262330
v -1.702092 -1.633621 -3.296821
v -1.184409 2.024121 -3.282383
v -1.308599 3.379027 -3.021847
v -1.421879 3.287223 -3.637571
v -1.844365 3.382160 -3.663071
v -0.811220 2.208631 -3.298405
v -1.143720 2.470397 -3.490218
v -0.862922 2.334454 -3.164651
v -4.620045 -0.540734 -3.277812
v -4.584171 -0.654137 -3.524310
v -4.742363 -0.884928 -3.067451
v -1.098276 2.122654 -3.337717
v -1.877178 -1.538259 -3.385027
v -2.022099 -1.554471 -3.500720
v -1.034758 2.095822 -3.430244
v -1.306267 1.991921 -3.382347
v -0.425655 -0.368855 -3.313359
v -0.427866 -0.713863 -3.273984
v -0.404077 -0.799907 -3.448188
v -1.273686 -1.561879 -3.468096
v -1.005229 -1.549551 -3.462806
v -0.909485 -1.542282 -3.371050
v -1.237933 3.097557 -3.707279
v -1.015353 3.095181 -3.272996
v -1.155478 3.018693 -3.449904
v -1.077871 2.110533 -3.568080
v -1.031566 0.383755 -3.594064
v -0.906112 0.433337 -3.351428
v -0.770334 0.394855 -3.598724
v -1.769906 1.565577 -3.598756
v -1.408367 1.515323 -3.531231
v -1.563872 1.342861 -3.594367
v -2.592142 -1.459504 -3.713730
v -1.634705 2.568484 -3.574848
v -1.681545 2.455869 -3.590170
v -1.937461 2.460660 -3.651289
v -2.238241 1.843418 -3.572355
v -2.089323 1.840784 -3.505228
v -1.894136 1.668911 -3.629392
v -2.097298 1.494825 -3.726659
v -2.024537 1.694303 -3.586153
v -1.348722 2.375159 -3.833405
v -1.787905 2.414531 -3.716306
v -3.715204 1.992509 -3.711807
v -3.804032 1.948056 -3.606532
v -2.211995 1.604927 -3.681187
v -1.536182 3.297015 -3.745648
v -1.798253 -1.449828 -3.865322
v -1.574341 -1.564368 -3.677667
v -1.832968 -1.600821 -3.572916
v -4.269920 -0.995701 -3.782776
v -4.232021 -1.319917 -3.755917
v -1.314611 0.414534 -3.693561
v -1.234811 0.362600 -3.737257
v -1.312714 0.390954 -3.812994
v -1.699301 2.615083 -3.660625
v -1.680366 2.684964 -3.879672
v -1.779583 1.281374 -3.743493
v -1.133590 0.365570 -3.787751
v -0.621988 -0.930204 -3.821346
v -3.047341 2.008730 -3.887858
v -2.574487 2.005067 -3.937911
v -2.897056 1.904288 -3.845788
v -1.622245 3.217803 -3.877320
v -2.443462 2.888051 -4.128793
v -2.108086 2.915073 -4.164734
v -2.247928 2.715585 -4.111076
v -2.145312 -1.556980 -4.034746
v -4.575170 0.328446 1.716504
v -3.960506 2.449636 -3.629234
v -2.781167 -1.519966 -4.203556
v -2.213902 -1.454476 -4.411706
v -2.004457 -1.422958 -4.167990
v -1.331470 -0.184901 -4.432313
v -1.408869 0.150013 -4.459383
v -1.224993 0.057877 -4.384208
v -2.516199 0.383504 -4.406546
v -2.412100 0.352964 -4.530198
v -2.671540 0.275889 -4.510300
v -3.825475 -1.304670 -4.602686
v -3.631383 -1.369008 -4.588216
v -3.606566 -1.414394 -4.478883
v -2.823513 -0.190735 -4.733487
v -2.619682 -0.163002 -4.712473
v -2.565963 -0.315058 -4.767403
v 0.956223 -0.095133 -0.534340
v 0.955069 0.063778 -0.290657
v 0.503387 -0.672908 -0.777218
v 0.550154 -0.602623 -0.942230
v -0.995992 0.733602 2.006909
v -5.074733 1.277583 1.890067
v -4.316928 1.339221 1.703291
v -4.975070 1.279930 2.296952
v -5.222945 1.371899 1.973922
v -5.166373 1.464651 2.327598
v -1.345736 2.112125 2.229236
v -1.467666 2.353128 2.110283
v -1.775139 2.439102 2.162755
v -1.821953 2.310187 2.283540
v -5.366817 -1.197810 -1.560372
v -5.323785 -1.141603 -1.914883
v -5.214191 -1.208250 -1.880861
v -5.614086 -0.275484 -1.065052
v -5.656358 -0.218170 -1.261575
v -5.569353 -0.531477 -1.191148
v -1.087285 0.992085 2.086000
v -1.075183 0.821429 2.081302
v -0.998392 0.860567 1.935863
v -1.159715 0.996120 2.218748
v -1.297073 0.987274 2.150820
v -1.135498 0.907010 2.138979
v -5.806577 -0.078464 -0.394375
v -5.812175 0.025589 -0.662620
v -5.629831 -0.136772 -0.552813
v -5.662210 0.343342 -0.169202
v -5.708977 0.310849 -0.350768
v -0.737545 0.766189 1.332592
v -1.028535 0.754198 1.828665
v 0.726524 1.514876 -0.117737
v 0.540164 1.434104 0.120121
v -2.850409 1.308079 -3.976225
v -3.051351 1.655655 -3.991876
v -2.864835 1.549055 -3.926632
v -2.459348 1.415638 -3.698536
v -2.349973 1.276057 -3.777135
v -2.640007 1.209770 -3.760165
v -3.354876 1.421543 2.204906
v -2.678936 1.525454 2.153435
v -3.177966 1.482409 2.502615
v -4.546858 2.014399 3.364132
v -4.651560 1.900127 3.250954
v -3.556145 1.409909 -3.852478
v -3.239118 1.585559 -3.972620
v -3.310300 1.290043 -3.983523
v -3.833603 0.012402 -4.093600
v -3.667673 0.053498 -4.283365
v -3.934889 1.354730 -3.712843
v -3.656572 1.230972 -3.879295
v -3.960226 1.019993 -3.757340
v -4.693095 0.911263 -3.014296
v -4.757470 0.583775 -3.050747
v -2.425499 -1.239316 0.279596
v -1.624518 -1.243519 -0.181834
v -2.045449 -1.250730 0.345572
v -0.713541 -0.432805 2.249544
v -0.640407 -0.439403 2.096381
v -0.665536 -0.263063 2.154916
v -6.026420 1.810939 0.735011
v -5.822921 1.596019 1.353319
v -6.043836 1.843714 0.923199
v -4.060023 3.264209 -2.954691
v -4.639980 2.897356 -2.859468
v -3.214038 3.389847 -3.256354
v -3.132997 3.423624 -3.395223
v -1.520112 1.042529 2.045706
v -1.319540 -1.248302 0.087588
v -0.924387 -1.238258 0.379142
v -1.541180 -1.263959 0.690713
v -0.402692 -1.359592 0.418292
v -0.105837 -1.326415 0.463321
v -0.223190 -1.260982 0.625485
v 0.980817 0.366002 -0.501483
v 0.869165 0.432647 -0.587280
v 0.879645 0.507763 -0.376525
v 0.371819 -0.312269 -0.938297
v 0.543548 -0.475327 -0.931555
v 0.402104 -0.567332 -0.938075
v -1.123178 2.103094 2.230936
v -1.375374 2.405797 2.190768
v -1.137627 1.601388 2.261311
v -1.129242 1.756126 2.243565
v -1.320756 1.628165 2.282333
v -0.833149 -0.373975 1.090391
v -0.760513 -0.520635 1.072888
v -0.717429 -0.440316 0.951950
v 0.294469 -0.705281 0.980158
v -5.738409 0.851661 -2.163171
v -5.859053 1.248389 -2.046264
v -5.530876 1.083820 -0.421629
v -1.477216 0.482080 -3.893983
v -1.660656 0.579792 -4.254829
v -2.334433 0.533772 -4.081272
v -1.980606 0.569243 -4.113792
v -0.571527 2.785832 1.649653
v -0.744604 2.728742 1.636423
v -0.770386 2.378376 1.630042
v -0.967321 2.339789 1.811408
v -0.916083 2.232910 1.871096
v -0.079857 -1.322641 -0.497081
v -0.048744 -1.354956 -0.886108
v 0.001807 -1.258781 -0.486437
v -0.796292 -1.262041 0.205783
v -0.498624 -1.333459 0.173261
v -1.573043 0.610221 2.152270
v -1.386423 0.635706 2.333704
v -1.316975 0.605880 2.518892
v -2.797064 -1.473784 -4.036820
v -2.614744 -1.528380 -4.014700
v -2.345914 -1.495182 -3.893403
v -0.041315 2.756783 1.033041
v 0.281021 3.254091 0.695501
v -5.677788 2.511247 -2.204904
v -5.235926 2.595703 -2.132448
v -5.111924 2.628251 -2.361261
v -6.772569 1.696617 -1.886861
v -6.434913 1.738423 -2.458985
v -2.385417 3.689675 -1.252351
v -0.501157 -0.075629 -2.244936
v -0.375730 -0.364103 -2.164319
v 0.043393 -0.118840 -0.924728
v -2.228706 -1.270464 1.861583
v -2.507055 -1.240956 1.984230
v -1.197999 -1.247755 0.983714
v -1.446897 -1.249902 1.324452
v -5.871852 -0.115333 -0.233415
v -5.769269 -0.394263 -0.276819
v -5.523583 -0.981843 -0.722402
v -5.655757 -0.995793 -0.899676
v -3.252216 -1.260230 -4.987885
v -2.485860 -1.264856 -4.765059
v -2.575623 -1.498735 -4.654468
v -2.335174 -1.455028 -4.621048
v -2.068466 -1.417528 -4.474057
v -6.652706 2.231178 -1.340201
v -6.397797 2.317891 -0.742665
v -6.375558 2.163004 -1.735583
v -6.548797 1.956812 -2.072717
v -6.672168 2.109039 -1.680686
v -6.811529 1.816318 -1.751236
v -6.885124 1.938285 -1.592621
v -6.570632 1.837562 -2.178451
v -6.698902 1.824381 -0.601791
v -6.873697 1.934813 -1.066131
v -6.888019 1.712399 -1.002044
v -0.374155 0.248946 0.907209
v -0.569800 0.198267 0.893291
v -0.527352 0.370427 0.950933
v -1.393882 3.172253 -3.897697
v -1.256148 3.271070 -3.553616
v -1.839665 2.790103 -4.116444
v -3.620398 3.344406 1.619250
v -3.204632 3.438318 1.725135
v -3.739289 3.361969 1.011966
v -3.245423 3.317224 2.410723
v -3.491594 3.295906 2.719939
v -3.133926 3.356818 2.448180
v 0.484447 -0.176789 -0.933836
v 0.666302 -0.026971 -0.921962
v 0.623495 -0.218936 -1.010486
v 0.971367 -0.504475 -0.637327
v 1.009090 -0.730366 -0.445846
v -3.179343 -1.450544 -3.719701
v -2.610202 -1.480332 -3.531896
v -3.215276 -1.442573 -3.510271
v -3.411061 -1.507536 -4.209622
v -4.754208 -1.072119 -2.850729
v -4.691474 -1.018559 -3.090997
v -4.617520 -1.167952 -2.967423
v -4.910839 -1.236649 -1.310344
v -4.523302 -1.210248 -1.347443
v -4.653459 -1.210688 -0.819404
v -3.366196 2.109936 -3.855131
v -3.467604 2.215867 -3.934731
v -2.797450 2.422047 -4.107510
v -2.930447 2.483081 -4.169323
v -2.704696 2.484411 -4.000448
v -3.381233 3.473642 -0.863037
v -3.053559 3.538589 0.552354
v -3.370388 3.447976 0.854300
v -2.934199 3.530649 0.905649
v -5.968367 1.357357 0.668982
v -5.864407 1.508703 0.176360
v -6.059373 1.570053 0.880908
v -0.435807 0.509801 -1.558017
v -0.273453 0.407473 -1.272343
v -0.367218 0.311890 -1.477081
v -0.589609 0.426677 -2.091532
v -0.519271 0.491338 -1.839453
v -0.545734 0.332855 -1.900759
v -0.869435 -0.058010 -4.217717
v -0.965706 0.159764 -4.114091
v -0.862608 0.079814 -4.056146
v -0.819115 0.391443 -3.773856
v -4.176205 1.204066 1.583223
v -3.379377 1.385694 1.594983
v -3.361710 1.221277 1.560860
v -3.240326 2.266672 -4.161896
v -3.480557 2.413941 -4.008413
v -3.209123 2.395862 -4.142486
v -3.713766 2.224923 -3.988178
v -3.872249 2.288478 -3.820642
v -3.701313 2.309263 -3.905506
v -5.397337 2.624306 2.535824
v -4.802683 2.809392 2.590739
v -4.847526 2.757984 2.462989
v -5.043819 2.734713 2.243028
v -6.037968 2.402169 -1.223146
v -6.197625 2.371648 -0.861885
v -6.264743 2.444188 0.034346
v -6.380146 2.499914 -0.113812
v -6.530709 2.371223 -0.496335
v 0.930315 0.715433 0.462327
v 0.819499 0.880366 0.128566
v 0.774858 -0.241506 0.744163
v -2.112629 0.203297 -4.608287
v -2.681286 -0.039970 -4.713192
v -4.132607 -0.773759 -4.369529
v -4.092289 -1.179114 -4.360823
v 0.332640 3.523047 0.294461
v -0.369688 3.488581 -0.036548
v -0.154384 3.698298 0.430895
v -1.498476 3.716073 0.645246
v -1.893350 3.680235 0.417702
v -1.771613 3.669297 0.860055
v -5.424040 -0.701655 -2.421507
v -5.744197 -0.309378 -2.144077
v -5.739612 -0.137544 -2.095885
v -5.558305 -0.270322 -2.527515
v -3.124006 0.223022 -4.244222
v -2.901998 0.295501 -4.204287
v -3.021128 1.381650 -4.026559
v -4.254870 3.168790 -2.783960
v -5.253802 2.692767 -2.173264
v -5.147817 2.742216 -2.286733
v -0.533358 0.814861 -1.623312
v -0.445001 0.890423 -1.453671
v -0.396257 0.670444 -1.455480
v 0.054040 1.323936 -1.585642
v -0.269045 1.209191 -1.686925
v -0.314640 1.425497 -1.722850
v -3.370004 -0.499909 -4.857155
v -3.143110 -0.319113 -4.777730
v -2.966892 -0.524881 -4.869466
v -2.584424 -0.460793 -4.772347
v -1.985023 3.323446 -3.883491
v -2.604364 3.508113 -3.679672
v -2.588436 3.557654 -3.511146
v -0.978726 0.529829 2.493622
v -1.016789 0.732767 2.109535
v -1.048376 0.692833 2.387945
v -5.516098 1.791870 -3.155117
v -5.064034 1.707748 -3.019341
v -5.331757 1.682213 -2.948915
v -5.211975 1.069013 -2.698761
v -5.419297 0.898491 -2.622911
v -5.422291 1.120934 -2.636752
v -2.455238 0.513341 2.614540
v -2.497398 0.511651 2.740719
v -2.604967 -0.227110 2.733162
v -2.632217 -0.276431 2.417403
v -0.660406 1.659664 1.834479
v -0.640577 0.834737 1.258251
v -4.509021 1.106026 -3.100764
v -4.417030 1.244865 -3.316693
v -5.350135 1.424215 -2.847616
v -4.820111 1.457108 -3.061350
v -4.715574 1.408758 -3.008091
v -2.550726 0.886909 2.089937
v -2.778421 0.703422 2.183037
v -2.587302 0.387467 2.606116
v -2.548249 0.350475 2.423486
v -2.635772 0.247405 2.499543
v -2.642520 1.490405 1.838891
v -2.637363 1.072861 1.992020
v -2.698237 1.186993 1.877069
v -2.767032 3.448675 -3.811992
v -0.598348 -0.932133 -3.485506
v -0.578172 -0.981447 -3.283301
v -0.568000 -1.079488 -3.311311
v -0.610207 -1.319364 -2.492571
v -0.652585 -1.317607 -2.188031
v -0.906619 -1.440165 -2.560416
v -4.914605 -1.241750 -0.307940
v -5.239408 -1.249752 -0.777595
v -4.031916 -1.249204 0.996091
v -1.029405 0.400661 2.746662
v -4.183054 -0.150509 -4.207127
v -6.083935 1.051324 -0.912173
v -6.203812 0.976843 -1.106957
v -6.077577 1.335191 -0.924018
v -6.254327 1.381650 -0.814923
v -6.669885 1.464810 -0.738601
v -0.168888 3.507354 -0.311451
v 0.001674 3.454316 -0.445940
v -0.103784 3.465317 -0.462322
v -0.280179 -0.384297 -1.739667
v -0.180103 -0.605466 -1.654880
v -0.199745 -0.659970 -1.820974
v -0.155101 -0.893617 -1.723504
v -5.627039 -0.395267 0.680141
v -5.441941 -0.311340 1.745868
v -4.344623 -0.193143 -3.870537
v -4.543297 -0.075481 -3.640320
v -4.413682 0.218702 -3.676778
v -4.493688 -0.914353 -3.586794
v -4.364660 -0.951974 -3.692899
v -1.056768 0.851690 -3.110327
v -1.047766 0.939630 -2.975523
v -1.048558 0.519217 -3.068856
v -5.972334 2.576502 -1.387768
v -5.729236 2.640083 -1.308846
v -6.227308 2.587538 -0.869070
v -3.286298 3.215537 -3.829235
v -3.119899 3.102579 -3.804199
v -2.553488 3.240753 -4.008099
v 0.437050 2.450094 -0.696307
v 0.535079 2.455683 -0.769350
v 0.539436 1.813939 -1.291709
v -5.746076 0.937144 -0.936378
v -6.021119 0.980343 -0.986620
v -5.756392 1.304043 -0.381722
v -6.092508 1.385634 -0.156445
v 0.332731 0.652399 0.859806
v 0.755703 0.608979 0.637755
v 0.654883 0.522183 0.504569
v -0.676777 -0.719023 -4.040992
v -0.525227 -0.588888 -3.957625
v -3.475421 3.043441 2.898098
v -3.618842 3.272407 2.726238
v -4.446602 2.895641 3.028324
v -4.509203 2.684201 3.203167
v -1.290735 -1.437838 -3.767137
v -1.509051 -1.569424 -3.598193
v -0.656871 -0.568124 -4.024560
v -0.793066 -0.728773 -4.070359
v 0.947342 -0.021291 0.176839
v 0.968167 -0.555321 0.478312
v 0.962737 -0.482516 0.115382
v -0.192406 -1.357746 0.325882
v 0.238714 -1.308385 0.241817
v 0.181262 -1.317561 0.426366
v -4.541714 2.861726 3.122160
v -4.791478 2.746148 3.226120
v -4.657187 2.746910 3.197593
v -5.443904 2.352757 2.866920
v -5.031295 2.380294 3.214152
v -2.600548 -0.629457 2.802769
v -2.639240 -0.841579 2.446197
v -2.610489 -0.431968 2.857149
v 0.630851 2.497193 -0.913848
v 0.753161 2.173951 -1.156028
v 0.587622 2.548372 -1.291871
v 0.362511 2.770894 -1.414422
v 0.531219 2.736393 -1.299576
v -5.784771 -0.289293 -1.502855
v -5.675683 0.014957 -1.364399
v -5.735012 0.024869 -1.509212
v -5.817933 0.765084 -1.078779
v -5.973068 2.783780 -0.441657
v -6.581291 2.495255 -0.487781
v -6.395282 2.433324 -0.710010
v -0.327709 -1.203756 -1.577530
v -0.489502 -1.264570 -1.673495
v -0.337106 -1.197614 -1.989512
v -0.632354 -1.253054 -0.877803
v -0.455824 -1.385043 -0.980374
v -0.442137 -1.347756 -0.694118
v -3.535386 -0.041163 1.801014
v -3.416096 0.070329 1.845565
v -3.631491 0.127964 1.801974
v -3.803844 -0.267144 1.930294
v -4.720607 2.817552 -2.896812
v -4.176764 2.867319 -3.210866
v -4.473363 2.785866 -3.021171
v -5.087545 2.831795 -2.415843
v -5.029218 2.750673 -2.563520
v -2.746467 1.562582 2.378511
v -4.272126 2.140557 3.252471
v -4.041721 2.176553 3.065858
v -4.166196 2.258894 3.053687
v -3.338099 -1.486597 -3.705180
v -3.651710 -1.305435 -3.070131
v -3.198175 -1.282218 -2.932289
v -3.615116 -1.237420 -2.860689
v 0.198608 1.098182 0.994289
v 0.283871 0.891609 0.997452
v 0.357587 0.978297 1.002229
v -0.373354 1.213301 1.288727
v -0.694981 1.003152 1.826962
v -0.437905 1.006736 1.361714
v -3.454799 -1.514807 -3.990839
v -3.445535 -1.521458 -3.665370
v -4.180041 -1.332989 -3.382588
v -4.212533 -1.297597 -3.549297
v -3.133166 2.845349 2.752256
v -3.188870 3.006716 2.777144
v -3.115977 2.834573 2.878217
v -3.610957 2.911233 3.010339
v -5.697085 -0.459257 -2.222891
v -5.646241 -0.361241 -2.370503
v -5.594955 -0.533800 -2.290720
v -5.732150 -0.475042 -1.410837
v -2.415294 3.452066 2.297829
v -1.977548 3.287527 2.399673
v -2.062951 3.459813 2.162919
v -3.500822 2.991156 -3.610184
v -2.737616 2.868830 -4.132756
v -2.612147 2.821924 -4.038366
v -2.714777 2.755565 -4.007962
v 0.327151 3.118165 0.094001
v 0.159351 3.009042 0.276646
v 0.121375 3.350458 -0.109525
v -0.233275 -1.122618 0.778608
v 0.047742 -1.239952 0.618999
v -0.972061 -1.299929 0.898985
v -0.864851 -1.251635 1.055373
v -1.060301 -1.271720 1.151802
v -2.713246 1.471033 1.720085
v -2.608253 1.380575 1.742834
v -2.383153 1.503922 1.774588
v -1.410825 0.453925 -3.793099
v -1.158234 0.660269 -3.557036
v -2.657545 3.570050 -2.987919
v -3.165604 3.414154 -3.583104
v -3.098208 3.436218 -3.266483
v -2.626720 3.550228 -3.356974
v -4.496924 1.010400 -3.255544
v -4.528464 0.275802 -3.414640
v -4.591775 0.004484 -3.503054
v -4.621743 0.127881 -3.304536
v -0.549243 -0.168010 -4.096917
v -0.428676 0.252860 -3.444837
v -0.367109 0.107496 -3.741760
v -0.434215 0.216486 -3.880945
v -0.561821 1.660479 -1.817419
v -0.740717 1.595567 -1.840359
v -1.026775 1.519220 -1.847837
v -0.857390 0.172536 2.957449
v -0.900020 -0.119640 2.969751
v -0.651095 0.113899 2.715837
v -1.221201 0.273227 2.983612
v -1.509441 -0.087087 2.972278
v -5.774812 2.466241 1.601838
v -5.676982 2.527158 1.560865
v -5.507257 2.581531 1.580235
v -6.047675 1.403379 -2.532291
v -6.117664 1.349621 -2.050779
v -5.170319 1.369830 -2.797442
v -5.736321 -0.780555 -0.459989
v -5.510415 -0.691942 -0.563777
v -5.815254 -0.862211 -0.200530
v -5.743504 -1.068072 -0.383556
v -3.947606 -0.743543 -4.919152
v -3.584302 -0.820899 -4.999375
v -3.910816 -1.004009 -4.958699
v -3.535365 -1.136323 -5.005763
v -3.815506 -1.223386 -4.846774
v -1.884735 2.609898 -4.012990
v -2.099588 2.502563 -3.959031
v -2.267605 2.343680 -3.735246
v -3.154194 -0.054962 2.065074
v -3.277009 -0.334577 2.022001
v -2.968788 -0.036827 2.229876
v -3.279437 0.317228 1.927228
v -2.758887 2.189112 -3.866946
v -2.570385 2.310643 -4.052835
v -2.555278 2.224672 -3.783540
v -2.974454 0.392400 2.114627
v -3.172707 0.273990 1.954482
v -2.975834 0.216253 2.116048
v -2.801121 0.295638 2.215280
v -2.657919 0.303086 2.200798
v -2.837322 0.396251 2.181676
v -6.379989 2.305625 -0.397066
v -6.181051 2.364115 -0.020052
v -6.676301 1.607846 -0.605335
v -1.112891 2.984630 1.897061
v -0.719035 2.988312 1.777549
v -1.236886 2.408953 2.069046
v -1.098002 2.266628 1.979007
v -1.064023 2.354912 1.861088
v -5.807573 1.335024 -0.039153
v -0.876558 0.403490 1.503002
v -1.004141 0.486358 1.426265
v -0.662372 0.217453 2.215264
v -5.463830 2.104363 -2.978579
v -5.568407 2.091642 -2.855632
v -5.095377 2.174662 -3.098440
v -5.818564 1.985151 -2.836575
v -5.874524 1.828371 -2.829718
v -0.763689 -1.383855 -2.556559
v -0.100456 0.526589 -1.082785
v -0.220709 0.619840 -1.060320
v 0.002333 1.091244 -1.365951
v 0.243708 0.928844 -1.204382
v -4.720019 -0.157001 -3.164817
v -4.684201 -0.297083 -3.439843
v -4.687533 -0.399371 -3.329376
v -4.428397 -0.350024 -3.799768
v -4.594241 -0.504139 -3.566170
v -4.643289 -0.290681 -3.552849
v -3.630350 1.912860 3.034652
v -3.575386 1.889017 2.932537
v -4.460362 1.733022 3.274698
v -4.347300 1.811724 3.197108
v -0.524787 -1.065682 0.864128
v -0.661145 -1.141519 0.964215
v -0.657772 -1.232121 0.790431
v -0.636354 -0.773446 0.961353
v -0.974205 0.949481 -2.851486
v -0.904226 1.360301 -2.422898
v -0.908099 1.343790 -2.657458
v -1.036405 1.485293 -2.541370
v -0.156857 -0.156779 -1.102189
v 0.024919 -0.488619 -1.192154
v -0.195724 -0.303862 -1.413751
v -0.107373 -0.721214 -1.374442
v -0.006169 -0.599595 -1.316267
v -5.826711 0.424647 -1.919432
v -5.725643 0.179756 -1.910036
v -5.878602 0.443188 -1.728442
v -5.672761 0.443776 -1.116716
v -5.780486 0.490370 -1.315992
v -5.715144 0.354054 -1.414378
v -5.343418 -0.071345 1.537489
v -5.546622 -0.267882 1.375647
v -5.032102 0.431041 1.049737
v -5.204966 0.375178 0.934349
v -5.025647 0.381477 1.224697
v 0.539485 1.469818 -1.290274
v 0.550598 1.345241 -1.099697
v 0.581010 1.276366 -1.226787
v 0.151272 1.083235 -1.346432
v -1.684630 2.740660 -4.068332
v -1.454792 2.901009 -3.958910
v -1.370996 2.895039 -3.721956
v -1.732360 3.177934 -4.026367
v -2.564539 2.645366 2.600214
v -2.930646 2.351724 2.776449
v -2.366894 2.315791 2.582884
v -2.894125 1.809837 2.695294
v -2.740893 1.897103 2.623988
v 0.166951 3.062142 0.637403
v 0.111770 2.679684 0.792525
v -4.814652 1.164631 1.192788
v -5.100951 1.157900 1.054074
v -1.214711 2.695182 1.944337
v -0.968627 2.748955 1.874986
v -0.824036 2.549883 1.721861
v -0.445834 0.481173 0.871585
v -0.768691 0.572326 0.823665
v -0.627076 0.374922 0.873117
v -0.969752 0.399052 1.037597
v 0.149279 2.859737 -0.052375
v 0.232260 3.122888 -0.023238
v 0.137567 2.827135 0.345909
v -0.257040 -0.182608 -1.405174
v 0.016503 0.231638 -1.049353
v -0.167402 0.015883 -0.937173
v -1.267854 0.378448 -4.193833
v -1.151779 0.119699 -4.311735
v -1.616712 0.474502 -4.444110
v -1.114966 0.196736 -4.257506
v -1.517041 0.317589 2.867367
v -1.199261 0.342457 2.854485
v -2.319587 0.337160 2.909234
v -2.113438 0.482062 2.874325
v -1.612778 -0.930253 -4.506509
v -1.312666 -0.865359 -4.348117
v -3.531185 0.288509 -4.053452
v -4.064638 0.060991 -3.968499
v -4.200815 -0.073644 -3.914058
v -2.297933 -1.241294 -1.007771
v -3.107659 -1.198391 -0.689076
v -4.093994 -1.206486 -0.040358
v -3.954798 -1.237366 0.759634
v -2.929470 3.219950 -4.014863
v -0.053110 1.995703 1.073579
v 0.049715 1.713768 1.304502
v -0.231657 1.235434 1.052560
v -0.118488 1.267710 0.944136
v 0.516478 -0.839387 0.961083
v 0.351624 -0.923022 0.973451
v 0.420845 -1.005209 0.883132
v 0.914760 -1.136211 0.629100
v 0.881003 -1.099444 0.820354
v 0.824832 -1.229635 0.615085
v -1.928301 1.137528 -3.861912
v -1.794845 1.117101 -3.716312
v -1.861006 0.863542 -3.995555
v -5.755071 0.633574 -1.166813
v -5.780654 0.664113 -0.997017
v -5.822166 -0.061075 -0.734865
v -4.260026 1.476891 -3.384727
v -4.006779 1.622044 -3.427330
v -4.122845 1.344948 -3.489558
v 0.577755 1.401038 -1.009761
v 0.543162 1.152015 -1.004701
v 0.699880 1.737348 -0.401246
v 0.654373 1.615071 -0.461463
v 0.686750 1.775024 -0.582174
v 0.194061 -0.951476 -0.611975
v 0.396506 -0.860264 -0.801867
v 0.436503 -1.123041 -0.408067
v 0.062666 -1.211370 -0.654512
v 0.030647 -1.249040 -0.919114
v 0.150729 -1.010390 -0.956752
v -2.187904 3.648357 -2.083301
v -2.476815 3.658145 -1.797981
v -2.041475 3.677176 -1.449991
v -1.769854 3.634316 -2.030820
v -5.201725 0.636516 0.249280
v -3.128424 0.472638 -4.185998
v -3.004276 0.395533 -4.124999
v -3.453962 0.741335 -4.059479
v -4.396905 3.077745 2.748945
v -4.548066 2.998223 2.757273
v -4.182054 3.055444 2.829596
v -4.650076 2.891304 2.940484
v -4.189365 3.249596 -1.867011
v -4.437861 3.159999 -1.940658
v -4.501958 3.163968 -1.546182
v -4.110226 3.298014 -0.799668
v -4.291313 3.263926 -0.711990
v -4.282861 3.297336 -0.486387
v -6.485002 1.491479 -1.179642
v -6.799934 1.556141 -0.982124
v -0.564904 -1.280667 -2.984832
v -0.644165 -1.312706 -2.917567
v -0.707976 -1.463551 -3.201461
v -0.989979 -1.430166 -3.080743
v -4.557680 0.766728 1.434567
v -4.808362 0.617393 1.207643
v -4.655957 0.520404 1.338462
v -5.004786 0.785142 0.762845
v -5.110525 0.708580 0.402043
v -0.829263 -1.058846 1.996333
v -0.962632 -1.159544 1.755377
v -0.713898 -1.058700 1.834985
v -1.257831 -1.214753 1.912207
v -0.981096 -1.106856 2.013392
v -4.891576 1.406967 2.733487
v -5.112641 1.459019 2.506428
v -5.021005 1.360403 2.451555
v -5.202527 1.378531 2.143842
v 0.726630 1.002774 0.324199
v 0.641841 1.058568 0.624348
v 0.674667 0.673750 0.837594
v -2.115873 3.010788 2.354998
v -2.430654 3.154564 2.585112
v -2.596599 3.201155 2.545820
v -2.338657 3.249016 2.535331
v -2.940958 3.311624 2.530658
v -0.601579 3.341877 -2.127399
v -0.580191 3.287388 -2.298098
v -0.789554 3.315547 -2.552782
v -0.868607 3.409938 -2.225762
v -5.318579 -0.322145 -2.723305
v -5.530077 -0.074662 -2.570342
v 0.331214 2.596207 -1.556647
v -0.245751 2.665292 -1.831816
v -0.166233 2.628135 -2.024493
v -0.254099 2.734465 -2.010092
v 0.630084 1.916293 -0.642677
v 0.556031 2.003976 -0.735803
v 0.538124 1.982912 -0.631300
v 0.480057 2.112348 -0.267451
v 0.462567 2.316475 -0.141168
v 0.422844 2.091569 -0.117364
v -3.296750 3.470159 -2.507194
v -3.561234 3.536135 -2.813787
v -3.401781 3.475914 -2.348127
v -3.989175 3.301473 -2.659625
v -3.921875 3.370293 -2.509372
v -3.862304 3.488453 -2.559873
v 0.185896 0.576705 -1.015177
v -0.057973 0.425116 -1.059052
v 0.641064 1.046005 -0.856508
v -5.351695 0.370992 -2.785069
v -5.226398 0.541956 -2.793918
v -5.200255 0.303358 -2.842083
v -5.599123 2.072601 2.102069
v -5.479349 2.023755 2.354459
v -5.645332 2.097420 2.500919
v -5.608413 2.253362 2.192090
v -5.652978 2.261097 2.660120
v -5.548363 2.467313 2.330128
v -0.645389 -1.197394 -3.387550
v -0.496252 -1.195663 -2.995246
v -0.447946 -0.987778 -2.672569
v -6.252059 1.928260 0.358440
v -0.736879 0.923206 1.722229
v -0.849707 0.983070 2.110272
v -0.887154 0.895379 1.988322
v -6.067910 2.011651 -2.564326
v -6.247293 2.048195 -2.183083
v -6.003716 2.176689 -2.333467
v -5.793945 2.422278 -2.069605
v -5.994370 2.261583 -2.184584
v -6.045879 2.327746 -1.820598
v -0.123011 2.904846 -1.642173
v 0.027597 2.782550 -1.778785
v 0.161450 2.985072 -1.374560
v 0.122484 2.888108 -1.520668
v -0.004707 2.981832 -1.514251
v -4.275182 -1.266223 -3.237671
v -4.144069 -1.300055 -3.104343
v -4.272789 -1.248069 -2.967728
v -4.815382 -1.263889 -2.469198
v -4.627954 -1.290553 -2.535681
v -5.505455 -1.239083 -0.815686
v -5.285199 -1.266409 0.022745
v -5.679331 -1.153631 -0.266617
v -5.653670 -1.105202 0.138118
v -2.626766 0.440474 2.163150
v -2.348037 0.557120 2.546195
v -2.295783 -1.175909 2.223546
v -1.867452 -1.197623 2.176832
v -2.557860 -0.795229 2.736873
v -3.965839 -0.005592 -4.038438
v -3.444659 -0.073249 -4.494913
v -3.515755 -0.201455 -4.583314
v -5.874025 1.313029 0.680074
v -5.766845 1.257996 0.992219
v -5.727082 1.281627 1.200405
v -5.326513 1.242330 1.360989
v -5.653510 1.299067 1.366617
v -5.510280 2.481985 2.827713
v -5.325865 2.540579 3.024679
v -5.354877 2.591629 2.863594
v -5.313708 2.659070 2.586296
v -5.300033 2.736324 2.864738
v -1.726804 2.307651 -3.858977
v -1.719110 2.179783 -4.032463
v -2.016326 2.278039 -3.788871
v -1.389035 2.087235 -3.749520
v -1.914648 2.168335 2.299821
v -1.706179 2.296433 2.225818
v -2.023882 2.226011 2.313108
v -2.594684 2.008098 2.508817
v -4.222877 1.931959 -3.519829
v -3.807305 1.996558 -3.751030
v -4.016849 1.418022 -3.552634
v -5.746559 2.463548 1.890053
v -5.669763 2.366095 1.983467
v -5.623605 1.781886 1.795337
v -3.272501 3.212049 2.756726
v -2.869987 3.226360 2.547047
v -5.978843 0.906797 -1.076998
v -6.013211 1.080205 -1.976385
v -0.042498 -1.303913 -1.069965
v -0.129179 -1.197977 -1.354128
v 0.038714 -1.166063 -1.093504
v -0.275624 -1.240933 -1.402147
v -0.461967 -1.327310 -1.284436
v -0.528673 -1.268150 -1.503737
v -3.529095 3.436831 -2.231130
v -2.841891 3.560659 -2.676029
v -2.806043 3.536665 -3.157995
v -2.262420 -0.866774 2.796441
v -0.970408 0.142431 3.004961
v -1.123656 0.089609 3.016060
v -1.653803 1.607753 -2.686814
v -3.954392 0.347688 1.794698
v -3.805622 0.517352 1.754645
v -3.918869 0.501006 1.788452
v 0.986362 0.181112 -0.152206
v 0.986237 0.244229 -0.300405
v 0.904998 0.372133 -0.346659
v 0.947094 -0.077108 0.406376
v 0.807194 -0.081502 0.482786
v 0.231824 1.557194 0.772358
v 0.234166 1.534023 0.967858
v 0.562543 1.071476 0.840194
v 0.393811 1.243683 0.787659
v 0.432690 1.242850 0.934561
v -1.419996 -1.120279 -4.198095
v -1.741532 -1.389625 -4.218407
v -1.767522 -1.292379 -4.314096
v -1.655610 -1.425293 -3.917394
v -1.532720 -1.339374 -3.933984
v -5.272896 1.752978 2.803131
v -5.249413 1.667449 2.642917
v -5.147770 1.568177 2.850074
v -4.915196 1.567498 3.052924
v -5.048418 1.514622 2.656910
v -4.773505 1.470980 2.958900
v -1.847950 3.377769 2.250004
v -1.807076 3.192894 2.269140
v -1.594013 3.107518 2.087397
v -1.842830 3.276253 2.184007
v -3.562221 2.663258 -3.889647
v -3.660261 2.878407 -3.772244
v -3.099274 2.549399 -4.195647
v -3.370186 2.989548 -3.885533
v -3.061568 3.023307 -4.049255
v -2.872978 2.972001 -4.192821
v -5.836759 0.578482 -1.864549
v -5.810845 0.664728 -2.001164
v -5.918302 0.806647 -2.006878
v -6.033230 0.783774 -1.754408
v -4.431974 2.070123 -3.513194
v -4.685144 2.011384 -3.449100
v -5.157490 1.884350 -3.369394
v -3.525453 0.407424 1.843740
v -3.240740 0.763626 1.954877
v -3.293069 0.764735 1.860719
v -3.374100 0.519692 1.876655
v -4.701231 -1.180914 -2.813128
v -5.122958 -1.072362 -2.266422
v -5.267209 -1.057747 -2.152087
v -5.084465 -0.886010 -2.474018
v -1.534678 2.271142 -3.953455
v -1.523404 2.137297 -3.905509
v -1.192555 2.394783 -3.733762
v -0.674342 0.126899 0.956109
v -0.763614 0.197304 0.864394
v -0.693605 -0.003912 0.968004
v -0.580757 -0.192053 0.932913
v -0.541576 0.049195 1.003433
v 0.270105 2.987193 -0.347107
v 0.616872 2.189186 -1.540848
v 0.549801 2.225119 -1.639485
v 0.638371 2.290128 -1.440514
v 0.712339 2.076186 -1.110062
v 0.584807 1.946277 -1.239097
v 0.574522 2.088753 -1.381081
v -0.251382 1.391185 1.195312
v -0.074776 1.342295 1.038743
v -0.066286 1.450491 1.198065
v -0.202448 2.097627 1.152169
v -1.134598 -1.471248 -3.141283
v -3.020499 0.983835 2.045851
v -3.233521 1.230903 1.799091
v -3.211284 0.918196 1.727693
v -3.149894 1.041062 1.919880
v -2.711476 2.151047 2.495067
v -2.852711 2.200986 2.672188
v -3.120608 2.712077 2.660948
v -4.490324 0.288522 -3.288653
v -4.403587 0.492136 -3.300909
v -0.455591 1.891893 1.407012
v -0.404712 1.701663 1.389711
v -1.995359 0.342896 -4.496364
v -0.597588 1.870146 1.590126
v -0.635859 1.714799 1.672320
v 0.638954 0.884517 -0.171890
v 0.731401 1.009932 -0.388375
v 0.675445 1.616162 -0.631625
v 0.684282 1.468738 -0.425032
v 0.786617 1.464973 -0.611744
v -5.862682 0.867276 -1.169671
v -5.997013 0.821346 -1.497674
v -5.900366 0.742884 -1.471254
v -5.796254 0.805337 -1.215458
v -5.883499 0.715425 -1.339217
v -0.128711 2.284272 -1.916278
v -0.115299 2.418285 -2.128592
v -0.824782 1.010777 -1.875034
v -0.900484 1.382197 -1.818573
v -0.892142 1.404720 -1.977490
v -1.021551 1.462983 -1.937733
v -0.625202 -0.779957 1.445988
v -0.500821 3.708333 1.193489
v 0.432651 3.499462 0.557570
v -0.106756 3.710011 0.843503
v 0.153699 3.628576 1.068542
v -5.806406 1.330712 0.442533
v -5.544892 1.174222 0.300876
v -5.659344 1.212343 0.590450
v -0.293880 -1.429581 -0.989681
v -0.168941 -1.412724 -0.802138
v -3.747216 1.400786 1.844468
v -2.935053 1.464911 1.755198
v -3.025390 1.252005 1.873084
v -1.156683 3.630251 -0.081924
v -1.528672 3.633152 -0.055061
v -1.419264 3.679173 0.148147
v -1.080889 3.702650 0.364950
v 0.597530 1.961576 -1.349879
v -0.802678 -1.237257 -1.381631
v -0.541405 -1.342789 -1.213727
v -1.255334 -1.223118 -1.904987
v -1.565146 -1.238620 -2.030755
v -6.404572 2.623462 -0.101426
v -6.344025 2.575977 -0.693747
v -6.252814 2.595503 0.154255
v -4.854374 -1.045282 1.696113
v -4.965860 -0.946861 1.650504
v -4.850231 -1.071095 1.571397
v -4.864671 -0.250383 1.825240
v -5.082069 -0.680465 1.883921
v -4.862595 -0.679162 1.894527
v 0.506026 0.321790 0.707561
v 0.582135 0.194372 0.739461
v 0.270668 0.042573 0.964738
v 0.250358 -0.162673 0.974661
v 0.429510 -0.073524 0.939008
v -6.078960 0.924451 -1.303410
v -6.252202 1.196535 -1.743647
v -6.263183 1.187211 -1.501325
v -6.273116 1.298806 -1.571846
v -0.787629 0.831037 -1.912140
v -0.708554 0.913087 -1.588214
v -0.808110 -0.067758 1.087716
v -0.768247 -0.061069 1.327841
v -0.823718 -0.215010 1.339321
v -0.732458 -0.428138 1.218356
v -0.863584 -0.379755 1.249203
v -3.501297 1.228712 -3.968367
v -2.941331 0.909794 -4.133681
v 0.402979 3.437164 0.463688
v 0.397216 3.232753 0.333095
v -0.645870 0.381384 1.772406
v -0.716084 0.037425 1.382171
v -1.049059 -1.234450 -1.314520
v -0.548893 -1.310255 -0.930052
v -0.642643 -1.279696 -2.656457
v -0.365864 -1.102489 -2.416827
v -0.465276 -1.094089 -2.565648
v -3.668668 1.562933 3.001415
v -3.749342 1.447286 2.626682
v -3.460375 1.523821 2.747370
v -2.679332 1.809956 2.561254
v -2.990384 1.623386 2.490605
v -2.999085 -0.936814 -5.025251
v -2.517956 -0.835485 -4.879604
v -1.708214 -0.550707 -4.681367
v -1.651971 -0.402249 -4.632962
v -1.511188 -0.618211 -4.571582
v -1.445090 0.936388 2.050126
v -1.703726 0.923522 1.886563
v -2.109049 1.053185 1.703633
v -2.086756 1.304402 1.730564
v -0.213076 0.969332 0.901834
v -0.036566 0.785372 0.935803
v 0.095095 0.988186 0.967553
v -0.702463 0.817457 0.839548
v -0.515311 0.876957 0.785295
v -0.508632 0.864881 1.019921
v -0.225323 3.176055 -1.413355
v -0.112592 3.294349 -1.196326
v -0.063913 3.147586 -1.184374
v -0.035773 2.996879 -1.275804
v -1.159793 2.686424 -3.279077
v -1.226817 2.902288 -3.364067
v -1.035044 2.690925 -3.114331
v -0.960510 2.766654 -2.987063
v -5.415652 -1.081268 0.574779
v -5.399093 -1.213317 0.479458
v -5.236279 -1.205635 0.595056
v -4.259092 -1.238402 0.393378
v -5.545135 2.739421 -1.510902
v -5.369772 2.809910 -1.522828
v -1.306549 1.875527 -2.815513
v -1.182660 1.732537 -2.473896
v -1.046167 1.792970 -2.571470
v -1.071093 1.772890 -2.264016
v -5.469846 2.685884 -2.022754
v -5.449349 2.846131 -1.933427
v -5.442220 2.553702 -2.019548
v -5.708842 2.492868 -1.897123
v -3.570776 -0.383787 -4.737374
v -3.497463 -0.344210 -4.605807
v -3.262466 -0.292303 -4.770908
v -4.009769 -0.662440 -4.846489
v -4.076134 -0.874971 -4.648542
v -3.807432 1.497979 2.799510
v -4.068476 1.606208 3.150262
v -3.653715 1.750618 3.021848
v -0.063885 0.656365 0.866513
v -0.688031 0.290189 0.923537
v -2.854042 0.094684 2.236241
v -2.785300 0.183858 2.203620
v -3.080848 0.160267 1.963419
v -2.614923 -0.005650 2.397430
v -2.698332 -0.052677 2.345073
v -2.698101 -0.504534 2.332921
v 0.564457 2.819798 -0.817169
v 0.441197 2.898785 -1.120921
v 0.388119 2.912636 -0.917887
v 0.611404 2.813369 -0.981619
v 0.569857 2.610509 -0.889944
v 0.632941 2.641999 -1.139084
v -5.876549 -0.091029 -0.033878
v -5.903523 -0.265003 -0.123580
v -5.651577 0.101276 0.171862
v -5.739853 0.120548 -0.018758
v -5.799521 0.013853 0.058406
v -0.035875 3.305688 1.576122
v 0.048267 3.036766 1.342121
v -6.061591 1.502373 -0.350526
v -6.490698 1.527387 -0.264869
v -6.149950 1.472077 -0.443338
v -5.977995 1.475070 -0.186855
v -0.742845 -0.920481 1.283035
v -0.696359 -1.125541 1.519101
v -0.783522 -1.197747 1.504849
v -0.862983 -1.174388 1.680166
v -1.060020 -1.230996 1.705426
v 0.905235 -0.801005 -0.676017
v 0.947919 -0.604824 -0.750633
v 0.247079 -1.154771 -0.245761
v 0.585648 -1.123502 -0.296420
v 0.664457 -1.173100 -0.187598
v -4.080600 -0.294406 -4.583439
v -4.054304 -0.400869 -4.564974
v -3.792198 -0.276802 -4.643936
v -3.592990 -0.240686 -4.659846
v -2.842470 1.826940 -3.775638
v -2.450892 1.796205 -3.555574
v -4.683162 1.223954 1.691195
v -5.206254 1.338274 1.813329
v -5.620699 1.378962 1.478630
v 0.654967 -1.012049 0.943192
v 0.724360 -1.226397 0.755381
v 0.555282 -0.668058 0.930753
v 0.640337 -0.426364 0.867255
v 0.501613 -0.241479 0.930420
v -0.635341 1.181384 -1.680555
v -0.231859 1.048694 -1.581085
v -0.470349 2.228523 1.232032
v -0.081426 0.318730 0.910694
v -0.077757 2.629639 0.916983
v -0.270738 2.651538 1.129212
v -3.928760 -1.321735 -4.394917
v -3.713072 -1.401175 -4.391044
v -3.656395 -1.561800 -3.816925
v -3.898920 -1.525598 -4.122097
v -5.841246 1.411456 -2.659477
v -5.687245 1.334950 -2.572324
v 0.224907 2.665524 -1.694474
v 0.192691 2.312068 -1.902756
v -1.874525 0.654686 2.602035
v -1.997778 0.636425 2.513958
v -1.720818 0.608528 2.840210
v -1.535585 0.619174 2.758010
v -6.893645 1.618381 -1.082113
v -6.633119 1.449701 -1.441429
v -6.970771 1.779836 -1.472621
v -6.950660 1.666233 -1.568868
v -6.952691 1.646185 -1.238182
v -4.886746 2.860239 -2.726300
v -5.181107 2.867311 -2.046218
v -4.894990 2.950199 -2.320716
v -4.620637 3.084406 -1.966895
v -4.753251 3.238627 -1.630429
v -4.624189 3.193924 -1.467898
v -1.628203 3.577631 -2.334353
v -1.299616 3.624589 -1.568550
v -1.143410 3.619449 -1.452105
v -2.194011 2.193125 2.266516
v -2.504243 2.202017 2.479114
v -2.503018 2.228302 2.640511
v -3.543216 0.227250 1.851836
v -3.396262 0.169791 1.830297
v -0.839904 -0.506821 2.549667
v -1.066788 -0.477988 2.642828
v -1.000401 -0.263701 2.979615
v -1.440862 2.744001 -3.508354
v -1.372615 2.756277 -3.281288
v -1.620576 2.709112 -3.242486
v -0.771037 0.337141 0.842928
v 0.487530 2.248581 -0.377628
v 0.301767 2.436222 -0.627875
v -4.899232 3.058494 1.721944
v -4.933719 3.071066 1.113212
v -5.139259 2.991097 0.194437
v -4.926341 3.046542 0.294265
v -4.875815 3.077226 -0.089053
v -2.547685 0.521951 2.143608
v -2.324331 0.574743 2.094273
v -2.367183 0.872162 2.071288
v -2.248846 0.849792 2.037325
v -2.193311 0.608664 2.044676
v -2.055472 0.733257 1.874114
v -1.998999 0.094988 -4.555978
v -1.492055 0.288096 -4.459317
v -1.716041 0.399274 -4.524239
v -3.075232 -0.566796 2.032549
v -2.971598 -0.558914 2.192611
v -2.923752 -0.722999 2.137409
v -2.735911 -0.767367 2.225100
v -1.549120 1.666016 -2.693505
v -2.487967 -0.960587 2.674611
v -2.243071 -1.011374 2.656680
v -2.571512 -1.062483 2.454101
v -2.562920 -0.895273 2.591243
v -2.614750 -0.990477 2.374222
v -0.799157 3.448660 -1.742984
v -1.067050 3.497664 -1.920592
v -0.375579 3.340081 -1.560366
v -3.271874 2.144176 -4.049700
v -2.985853 2.210568 -4.166481
v -2.875051 2.283041 -4.167542
v -4.232090 -0.964132 -3.890985
v -4.190593 -1.199354 -4.059771
v -3.993076 -1.320022 -4.232949
v -3.755285 -1.523470 -4.215889
v 0.806223 1.297978 -0.765885
v 0.649009 0.972677 -0.596150
v 0.377104 0.514466 -0.799224
v 0.654146 0.348543 -0.866815
v -0.224531 3.279133 1.709924
v -0.118616 3.148572 1.588961
v -0.154637 3.331571 1.546982
v -0.430509 3.042308 1.728563
v -3.323781 1.734942 2.870563
v -3.177664 1.967426 2.813824
v -3.162187 2.420697 2.815312
v -5.706840 -0.817276 -1.774123
v -5.795171 -0.652308 -1.849061
v -5.603996 -0.867697 -1.922330
v -5.393051 -1.086140 -1.760529
v -1.757810 2.025627 2.181707
v -1.845072 2.059210 2.318367
v -1.969236 1.916043 2.279862
v -2.707385 1.668918 2.416616
v -6.362346 1.444026 -1.288608
v -6.732294 1.518283 -1.164328
v -6.128468 1.423196 -1.321064
v 0.071327 -1.320174 0.497823
v -0.837024 2.146970 1.783926
v -0.906812 2.086554 1.994661
v -0.771467 2.074069 2.022418
v -4.153641 1.170140 -3.542305
v -4.308603 0.696446 -3.429307
v -4.263398 0.692166 -3.559145
v -4.284756 0.556246 -3.437663
v -0.915320 -0.635770 2.427991
v -1.056927 -0.723816 2.489517
v -0.706673 -0.971349 1.933748
v -0.732858 -0.743910 2.164295
v -5.695547 2.426169 -2.105444
v -5.753859 2.253298 -2.554934
v -5.723099 2.359454 -2.564405
v -1.617983 -1.401455 -2.663273
v -1.698455 -1.319635 -2.429756
v -1.864837 -1.427367 -2.728334
v -1.443799 -1.367716 -2.465148
v -5.644594 0.318410 -0.040592
v -0.175998 3.429733 -1.215470
v -0.648616 3.415360 -1.428231
v -0.192310 3.343549 -0.989865
v -0.332156 3.612791 1.431135
v 0.058376 3.569988 1.369240
v -0.696334 0.780609 1.127174
v -0.903519 0.763673 0.997480
v -0.581418 0.370203 -3.618765
v -0.839350 0.395287 -3.255571
v -0.495190 0.327022 -3.365196
v -4.381241 2.193752 3.182780
v -4.502755 2.129223 3.277604
v -4.341588 2.076121 3.204836
v -5.170044 2.295255 3.062404
v -5.881830 1.347711 1.141590
v -5.558003 1.743401 1.864661
v 0.982591 -0.850060 -0.407481
v 0.974374 -0.928122 -0.140263
v 0.934223 -1.051242 -0.392564
v 0.976153 -0.749946 -0.090404
v 0.977518 -0.762912 -0.302661
v -4.248695 -0.420069 -4.100348
v -4.189017 -0.787187 -4.116859
v -4.244593 -0.678149 -3.954855
v -4.441185 -0.600812 -3.776834
v -4.378722 -0.480365 -3.821250
v 0.831692 0.759604 0.806070
v 0.526641 1.146497 0.574860
v -1.470867 2.503552 -3.177318
v -1.021865 2.485839 -3.233915
v -3.346895 -1.425658 -3.140640
v -2.480222 -1.312006 -2.810369
v -2.626681 -1.262767 -2.931435
v -2.483355 -1.394864 -2.994734
v -5.424229 -1.249074 0.823653
v -5.290751 -1.038796 1.409486
v -5.493088 -1.081074 1.358648
v -5.389222 -1.192041 1.366909
v -5.323930 1.768337 2.620100
v -5.370594 1.741745 2.376950
v -1.590047 2.609728 -3.469818
v -2.459159 -0.542740 2.988022
v -2.313829 -0.363860 3.046000
v -3.442215 -0.976799 -5.044196
v -3.023003 -1.079883 -4.925269
v -4.982650 -1.118608 -2.432790
v -4.974027 -0.939465 -2.636121
v -4.820531 -0.715034 -2.802708
v -4.809252 -0.940463 -2.845659
v 0.642412 2.045989 -0.972566
v 0.653310 1.677164 -1.061757
v -5.864627 2.498454 -1.605180
v -5.682523 2.640626 -1.402363
v -5.540837 2.768736 -1.200342
v -6.246872 1.608339 -2.564804
v -5.957748 1.667434 -2.677156
v -6.189548 1.453658 -2.586150
v -4.156355 0.855704 1.365062
v -4.099644 0.866002 1.450784
v -4.019565 0.895528 1.389268
v -4.075127 0.680968 1.610986
v -3.930170 0.823597 1.515932
v -5.519370 -0.633275 -0.836138
v -5.537847 -0.545350 -0.681415
v -5.543889 -0.487721 -1.000448
v -5.826426 -0.637404 -0.342546
v -5.698654 -0.483819 -0.359235
v -5.554911 -0.608722 -0.474614
v -4.459344 2.388992 -3.303236
v -4.392138 2.605778 -3.295987
v -4.405516 -1.243282 -2.839907
v -4.461209 -1.272645 -2.543948
v -4.530664 2.246915 -3.210629
v -4.962816 2.121642 -3.281172
v -2.642549 0.061208 2.674291
v -2.560013 -0.024368 2.928181
v -2.342767 -0.231256 3.026241
v -4.833702 -0.925996 1.765203
v -4.428449 -0.899261 1.948151
v -4.361684 -1.088167 1.822152
v -4.996242 1.052755 -2.758735
v -4.720988 1.029416 -2.984533
v -5.134811 1.274938 -2.824060
v -4.856071 1.225779 -2.885192
v -2.193791 -1.097977 2.510234
v -1.740161 -0.842502 2.788919
v -1.913365 -1.006602 2.597170
v -3.822894 3.472270 -2.721122
v -3.775031 3.344082 -2.842251
v -3.643354 3.498806 -2.869954
v -3.443703 3.514569 -2.822466
v -5.180452 0.194954 -2.888650
v -4.982616 0.339300 -2.864809
v -5.094182 0.412275 -2.831993
v 0.406585 2.563663 -0.380463
v 0.339088 2.614451 -0.130848
v 0.175762 2.196737 0.275156
v 0.157294 2.079907 0.345562
v 0.312159 2.184302 0.128722
v -5.870678 2.544844 -1.713866
v -5.896104 2.443233 -1.706074
v -5.577977 2.748327 -1.742673
v 0.169286 0.882227 -1.119248
v -0.547584 2.879353 -2.756027
v -6.046479 1.701048 -2.631345
v -1.411632 0.729992 -3.797143
v -1.691025 0.581232 -3.978943
v -1.444950 0.955973 -3.700746
v -1.217300 1.037116 -3.532221
v -1.361637 1.216468 -3.508695
v -1.173632 1.325192 -3.413376
v -1.655529 1.418487 2.011415
v -1.922583 1.476551 1.853431
v -2.090363 1.513653 1.901988
v 0.472474 -0.796269 -0.843994
v -0.033673 -0.937519 -1.352930
v 0.024409 -0.686145 -1.255905
v 0.048591 -0.981613 -1.225479
v -3.385393 1.603260 2.742465
v -3.411604 1.635774 2.859113
v -3.452823 1.821106 2.888973
v -0.478616 1.090421 -1.665132
v 0.282239 1.445276 -1.474958
v -0.097915 1.202471 -1.435733
v 0.574151 1.599811 -1.338421
v -2.062780 -1.458009 -3.779974
v -2.028539 -1.464019 -3.950733
v -2.140871 -1.529316 -3.811620
v -2.175461 1.437581 1.764037
v -2.160356 1.563998 1.833454
v -2.100855 1.665800 1.869318
v -2.314397 1.634106 2.085511
v -0.640380 0.120549 -2.419508
v -0.549744 0.127375 -2.667330
v -0.682920 0.262193 -2.606844
v -0.614269 0.370241 -2.821076
v -1.462864 -0.797904 2.803917
v -1.329244 -0.861915 2.624269
v -1.480785 -0.714629 2.923430
v -1.551170 -0.542937 2.943320
v -1.627244 -0.711292 2.955006
v -5.816148 0.216451 -1.280397
v -5.663841 0.248531 -1.047687
v -5.742064 0.217506 -0.982554
v -3.197029 3.391444 2.296914
v -2.923957 3.413882 2.258741
v -4.693888 2.839160 2.525027
v -4.878685 2.961629 2.311424
v -4.707759 2.268007 3.310858
v -4.557132 2.243473 3.234932
v -4.666471 2.410214 3.314793
v -4.225166 -1.235327 -2.611052
v -4.381632 -1.219289 -2.322662
v -4.882660 -1.219503 -2.129174
v -4.574219 -1.277717 -2.292538
v -4.562935 -1.221144 -2.098865
v -4.631025 -1.023649 1.849547
v -4.591237 -0.938109 1.922526
v -0.290460 0.298171 -1.218381
v -0.260061 -0.203068 -1.547562
v -0.328288 0.116082 -1.325139
v -0.274504 -0.017137 -1.308127
v -4.082299 1.839018 3.174235
v -4.240264 1.716562 3.181936
v -5.468704 2.938901 -0.435356
v -5.892656 2.797258 -0.586300
v 0.292929 2.488782 -0.057466
v 0.232333 2.627977 0.187110
v 0.218559 2.562942 0.430150
v -1.196987 -0.592284 2.896040
v -1.230219 -0.751749 2.744037
v -1.043896 -0.575086 2.708246
v -1.219077 -0.387257 2.932373
v -0.053310 3.423831 1.570927
v -0.411252 3.225579 -1.990388
v -0.453546 3.300055 -1.727616
v -0.409744 3.114199 -1.747891
v -5.005380 1.782475 3.137846
v -3.703101 1.298979 1.354904
v -4.144433 1.195982 1.432603
v -0.430615 3.080497 -1.937731
v -0.424023 3.106147 -2.231574
v -0.498263 3.172920 -2.189326
v -5.313459 0.299420 1.035929
v -5.382522 0.214715 1.064039
v -5.151004 0.307700 1.286716
v -5.537354 0.246552 0.520003
v -5.501118 0.120712 0.449986
v -5.684844 0.776994 -0.757376
v -5.800664 0.211215 -0.420663
v -4.850146 2.066792 -3.374012
v -5.382024 1.955997 -3.225814
v -5.530269 1.981893 -3.141148
v -5.682264 1.982073 -2.987694
v -5.710452 1.853028 -3.065385
v -5.449643 -0.010953 1.266021
v -5.270732 -0.023096 1.433491
v -4.686251 -0.302864 1.826472
v -1.525741 2.625593 2.071740
v -1.275736 2.596534 2.057236
v -6.630348 2.234151 -0.913607
v -3.201503 -1.358214 -4.903457
v -2.371709 -1.564425 -4.330429
v -0.244371 -1.420191 -0.704871
v -4.071748 -1.494427 -3.567760
v -4.115803 -1.417933 -3.678695
v -3.451641 -1.441935 -3.446603
v -4.303613 3.204334 -2.137918
v -4.364520 3.397981 -2.364700
v -4.401126 3.123263 -2.678805
v -4.522603 3.099684 -2.508061
v -3.789815 3.428267 -0.288657
v -4.017779 3.363190 -0.619317
v -4.118216 3.323995 1.042669
v -0.396620 -0.507898 1.020357
v -0.424936 -0.296385 1.050014
v -0.463359 -0.461197 0.937917
v -5.680912 -0.465007 1.246132
v -5.561608 -0.329624 1.172086
v -4.576669 2.749562 -2.891053
v -4.260119 2.720601 -3.299084
v -4.516356 2.704550 -3.068637
v 0.717422 0.538942 -0.127337
v 0.870474 0.221892 0.175352
v -4.269133 1.413790 2.813825
v -4.201626 1.392826 2.742931
v -4.767373 1.601827 3.161510
v -4.720108 1.491104 3.062091
v -1.520751 2.878265 2.039535
v -1.268862 2.915703 2.036318
v -5.628197 2.466758 -2.490032
v -5.577840 2.439300 -2.350821
v -5.386052 2.536188 -2.402047
v -4.963323 2.656758 -2.680972
v -5.467977 2.506363 -2.534119
v -5.236746 0.074857 1.402593
v -4.804936 0.125860 1.734407
v -5.756332 2.191658 1.805028
v -5.711379 2.107951 1.843943
v -1.464037 -1.228730 -1.709393
v -1.945011 -1.242578 -2.080447
v -1.654926 -1.242302 -1.818370
v -1.310790 -1.065054 -4.155417
v -1.075562 -0.867313 -4.137485
v -1.076825 -1.165131 -4.044563
v 0.839834 0.472629 -0.782692
v 0.961891 0.412131 -0.724564
v 0.868007 0.286474 -0.868822
v 0.889281 -0.151881 -0.901886
v 0.873824 0.117731 -0.882136
v 0.985025 -0.069666 -0.794793
v -2.441762 2.409769 -3.990249
v -2.238172 2.616821 -3.973095
v -1.003308 -1.094112 -4.029973
v -0.918824 -1.385113 -3.670432
v -0.806065 -1.408949 -3.583271
v 0.201494 3.165525 -0.658486
v 0.292678 3.312650 -0.217313
v 0.266800 3.280934 -0.432794
v 0.589808 0.688732 -0.423451
v 0.558835 0.907205 -0.573145
v 0.672640 0.886538 -0.528993
v 0.476254 0.557598 -0.647418
v 0.563166 0.576138 -0.348612
v -1.017559 1.176664 -2.863284
v -1.019638 1.331733 -2.736138
v 0.713232 0.346162 0.317929
v 0.666318 0.178249 0.593142
v -6.226605 1.399354 -1.533959
v -6.529121 1.497266 -1.987086
v -6.346437 1.460460 -1.940254
v 0.033919 -1.186273 0.727260
v -0.436036 -0.793306 0.971251
v -0.542111 -0.678269 0.928705
v -0.387975 -1.354041 -0.206640
v -0.000751 -1.333639 0.154475
v -1.613682 0.551872 -4.349864
v -5.354999 -0.982139 -2.180306
v -5.556532 1.176379 0.718955
v -5.410023 1.165232 0.938394
v -5.121679 1.163276 1.315133
v -4.316680 0.385674 -3.557672
v -4.274965 0.459505 -3.482840
v -4.160226 0.429109 -3.659373
v -4.084162 0.313106 -3.728969
v -1.935097 -1.527867 -3.621167
v -2.097426 -1.472315 -3.502349
v -1.147457 0.570870 1.344841
v -1.218735 0.620428 1.280335
v -5.946818 1.287727 -0.748281
v -6.044662 1.127602 -0.793365
v -4.748795 1.294196 2.432304
v -4.186814 1.384660 2.586988
v -4.573021 1.347799 2.691652
v -4.275960 1.334201 2.292160
v -2.860656 -1.028069 2.107769
v -2.619576 -1.084528 2.106824
v -0.071680 2.485240 -1.899422
v 0.120675 2.367050 -1.958393
v -2.490064 3.108318 -4.104023
v -2.703767 3.089391 -4.061615
v -2.604785 3.150632 -3.999251
v 0.611231 1.916842 -0.447547
v 0.575342 1.882364 -0.352425
v 0.558757 0.147658 0.877403
v 0.321774 0.478197 0.848910
v 0.275549 0.406561 0.974213
v 0.265024 0.380542 0.875191
v 0.481574 0.690283 -0.464907
v 0.570476 0.825428 -0.768045
v -0.547036 -0.325555 1.632223
v -0.560088 -0.195363 1.899075
v -0.550080 -0.495325 1.724212
v -0.667159 0.157471 1.974417
v -0.610559 0.091976 1.836780
v -3.021659 2.221403 2.729733
v -2.981488 2.098094 2.691793
v 0.620375 -0.869640 -0.746445
v 0.666820 -1.026271 -0.593694
v 0.903122 -0.908860 -0.551794
v -0.900946 3.042979 -2.936467
v -1.093264 3.040160 -3.103188
v -0.622526 2.934220 -2.816156
v -0.869529 2.911199 -2.874627
v -0.366058 3.556852 -0.632731
v -0.952524 3.553923 -1.052592
v -0.972291 3.679929 -0.650382
v -1.364622 3.679325 -0.936292
v -0.432644 3.094665 -2.437683
v -0.678986 3.028940 -2.830754
v -1.952115 -1.417211 -4.389700
v -1.738831 -1.435466 -4.121232
v -1.568120 0.468282 2.830405
v -1.655228 0.442641 2.938559
v -1.807112 0.278124 2.976207
v -1.695237 -0.132299 2.974904
v -3.095953 2.670658 2.844428
v -3.177738 2.473170 2.649503
v -3.028187 2.327036 2.743790
v -5.730631 -0.565196 -1.503835
v -5.566243 -0.764522 -1.341343
v -5.582847 -0.985057 -1.154125
v -5.569953 -1.195454 -1.041262
v -1.562755 -0.369045 -4.586535
v -1.486817 -0.215808 -4.482859
v -1.819193 0.123404 -4.594369
v -4.993147 2.037510 3.274172
v 0.123839 2.835832 0.858028
v -3.504558 1.906419 -3.708519
v -2.832110 2.139539 -3.978879
v 0.154972 -0.740779 -0.906802
v 0.140992 -0.738878 -1.074619
v 0.161901 -0.874507 -0.802082
v 0.155997 -1.048967 -0.714540
v 0.819995 -1.157396 -0.197749
v 0.959582 -1.085145 -0.108650
v 0.843463 -1.217567 -0.014753
v 0.801769 -1.245314 0.308950
v -1.669948 2.333186 2.139120
v -1.690925 2.170577 2.133491
v 0.037908 0.715393 0.943006
v 0.066352 0.616408 1.036817
v -4.231882 0.681800 1.645963
v -4.526725 0.509098 1.505084
v -0.625995 -0.322822 1.522864
v -0.594950 -0.012413 1.712742
v -0.749128 -1.228381 -1.488426
v -0.554411 -1.272866 -1.895873
v -0.578949 0.403546 -3.246573
v -0.523558 0.305153 -2.891541
v -0.627672 3.421201 -1.262691
v -0.412735 3.428583 -1.072846
v -5.463437 0.252834 -2.585069
v -5.563682 0.207484 -2.433990
v -5.800211 0.427147 -2.102414
v -5.738899 0.641346 -2.216241
v -5.720051 0.503055 -2.322438
v -1.132684 0.686787 1.104279
v -1.212089 0.697910 1.167223
v -1.176463 1.960117 -2.999053
v 0.443738 2.019111 -0.025395
v 0.326800 1.438016 0.470596
v 0.270994 1.608484 0.439417
v 0.228385 1.601885 0.620792
v -0.621240 0.671415 -2.018549
v -0.569097 0.705157 -1.736166
v -0.665200 0.783150 -1.716749
v -5.616541 -0.371631 -0.422166
v -5.533548 -0.470569 -0.592946
v -5.653731 -0.319116 -0.333416
v -5.693080 -0.122903 -0.366684
v -1.237524 3.698057 1.119727
v -2.869812 3.525872 1.490264
v -2.932497 3.516327 1.701193
v -4.542753 0.647681 -3.179453
v -4.456580 0.559814 -3.244313
v -4.466556 0.737253 -3.320132
v 0.032844 0.167837 -0.912888
v 0.264859 0.432696 -0.894019
v 0.289346 0.605357 -0.987388
v -5.865947 -0.398414 -0.131861
v -5.812596 -0.375347 0.132219
v -5.878839 -0.243571 0.039957
v -5.731878 -0.258812 0.210366
v -0.893608 -1.201757 1.420237
v -1.018541 -1.237277 1.328615
v -0.899089 -1.206062 1.218461
v -0.810386 -1.019241 1.279798
v -0.836763 -1.093814 1.376465
v -0.796454 -1.147946 1.223898
v -4.533639 3.187495 -0.402919
v -4.633318 3.166972 0.173228
v -4.458609 3.225876 -0.107709
v -4.468087 3.209364 0.373983
v -4.200343 3.261451 0.324653
v -2.895961 0.984944 -4.037052
v -2.161843 0.894749 -3.988682
v -2.575778 0.459657 -4.098247
v -2.381665 0.849473 -3.990566
v -1.953087 2.050665 2.388494
v -2.253544 1.955620 2.502413
v -2.351285 2.038321 2.466412
v -2.766836 -1.466036 -3.395733
v -2.280473 -1.450396 -3.086734
v -3.270159 -1.442574 -3.214728
v -1.009729 1.232182 2.108444
v -1.106704 1.134165 2.166318
v -1.349449 1.244684 2.192711
v -1.191767 1.086524 2.262655
v -2.484642 3.545641 1.420789
v -2.920269 3.504321 1.353551
v -2.399345 3.564130 1.625102
v -2.236710 3.565611 1.940533
v -0.686434 2.228692 1.591774
v -0.313302 2.545722 1.187637
v -0.429765 2.416076 1.298072
v -0.284611 2.365043 1.026343
v -5.838266 0.026494 -0.115253
v -5.814745 0.117097 -0.518593
v -5.877708 0.008078 -0.395850
v -0.406711 2.602102 1.222574
v -0.664840 2.480945 1.357300
v -0.487095 1.443178 -1.641388
v -5.744903 1.247322 -0.745084
v -5.635579 0.890721 -0.525675
v -5.624054 1.069508 -0.526260
v -5.680593 1.034211 -0.669310
v -4.432698 -1.223508 -3.126721
v -4.525916 -1.227290 -3.060155
v -4.609298 -1.102523 -3.215218
v -1.031238 0.043380 -4.197662
v -0.962552 -0.118510 -4.255978
v -0.994315 -0.619353 -4.182774
v -0.864302 -0.513952 -4.183316
v 0.620711 0.505536 -0.829828
v 0.759410 0.545786 -0.347559
v -4.383546 0.513589 1.638877
v -1.348722 1.425810 -3.459672
v -1.280022 1.615717 -3.398135
v -1.198211 1.602784 -3.186525
v -1.396687 1.716139 -3.360893
v -1.556229 1.721596 -3.108027
v -4.023369 -1.037734 -4.858554
v -1.487825 2.471037 -3.440127
v -1.167841 0.701405 -3.675091
v -1.147128 0.971688 -3.499174
v -1.138392 1.219154 -3.335557
v -5.775288 -0.068916 -2.029319
v -5.688223 0.098032 -2.113925
v -5.582470 0.082019 -2.385068
v -5.760890 -0.171753 -1.993087
v -5.786907 -0.435477 -2.056919
v -5.741378 -0.127936 -1.904426
v 0.611101 0.719168 0.931621
v 0.683585 0.927778 0.942825
v -3.944521 3.400079 -2.407327
v -4.125956 3.414565 -2.520526
v -3.929512 3.365608 -2.219978
v -5.149124 -1.157619 1.374834
v -5.003675 -1.144722 1.351849
v -5.167153 -0.741515 1.876181
v -5.270323 -0.857465 1.653638
v -5.150383 -0.936533 1.682272
v -0.857636 0.103340 1.107106
v -3.526260 3.468450 -1.747005
v -3.755784 3.393557 -2.037582
v -3.524591 3.454086 -1.516278
v -4.133410 3.267039 -1.097264
v -4.691847 1.137120 1.478059
v -2.261974 -0.176502 -4.713249
v -2.431472 -0.438621 -4.754377
v -1.948442 0.010049 -4.652543
v -1.600179 0.180639 -4.553793
v -1.873353 -0.210377 -4.683522
v -1.726220 -1.585681 -3.124290
v -1.720851 -1.508597 -2.928157
v 0.401534 2.239220 -1.788491
v 0.230037 2.527856 -1.748262
v 0.116263 2.475575 -1.918879
v 0.342484 1.227986 1.013454
v 0.091141 1.427535 1.037145
v -5.658880 0.648048 -2.396111
v -5.617607 0.820546 -2.253822
v -6.205315 0.908587 -1.820475
v -5.309566 2.678265 3.218297
v -3.853055 -1.217391 -4.415002
v -4.100816 -1.203058 -4.152038
v -4.048624 -1.393389 -4.178470
v -2.961417 0.579866 2.154432
v -0.707827 3.476671 -1.320510
v -0.911788 3.583539 -1.186985
v -4.204997 -0.254878 -3.953543
v -4.215060 -0.482677 -4.185184
v -4.111974 -0.420784 -4.202424
v -4.184270 -0.724751 -4.195401
v -3.960030 -1.497160 -3.702386
v -3.810627 2.882817 -3.622860
v -3.892319 2.860646 -3.348405
v -3.549211 2.981867 -3.465610
v -3.846623 3.071501 -3.413096
v -0.649361 0.229388 2.477503
v -0.551758 0.137432 2.467892
v -6.474702 2.298084 -0.577951
v -3.782660 1.651580 -3.658799
v -3.827256 1.788845 -3.618418
v -3.623527 1.789603 -3.645070
v 0.009712 2.187855 0.621173
v 0.079587 2.020541 0.608084
v -0.231155 2.198854 0.924676
v -0.600016 -1.052618 -3.474020
v -0.558790 -0.800566 -3.686872
v -0.434347 -0.088021 -3.423285
v -0.382765 -0.288829 -3.643327
v -5.501062 2.886017 0.346227
v -5.172160 2.963310 0.102464
v -5.086748 3.014172 0.428994
v -5.483097 -0.866164 -0.782795
v -5.523409 -0.742090 -1.046541
v -5.637002 -0.913577 -1.005368
v -5.558863 -0.820098 -1.237602
v -4.306720 1.487634 3.207828
v -4.234989 1.592829 3.177535
v -4.523854 1.551942 3.215043
v -4.478036 1.462002 3.199261
v -4.286045 2.136149 -3.574243
v -4.230497 2.014690 -3.657969
v -4.463774 1.975649 -3.568264
v -4.393677 1.826696 -3.256898
v -3.823128 -1.197017 -0.259350
v -2.941447 -1.216760 -0.340056
v -2.590597 -1.225875 0.328876
v -2.262461 -1.263924 0.723911
v -2.766124 -1.232256 0.755101
v -4.293793 3.205426 -2.586012
v -4.245263 3.414254 -2.405399
v -4.099158 3.365364 -2.121444
v -4.127149 3.393080 -2.618529
v -4.309124 3.388424 -2.481168
v -2.810858 3.579670 0.970890
v -1.930399 3.630654 1.029213
v -2.335082 3.596871 1.058052
v -1.978559 3.609080 1.374636
v -5.501359 0.125702 -2.304698
v -5.017826 0.123998 -2.914824
v -5.303188 0.080645 -2.877589
v -5.120994 0.475651 0.761339
v -5.016337 0.577515 0.849687
v -0.410410 2.957590 1.621065
v -0.659377 2.914298 1.701584
v -0.377406 2.893595 1.352637
v -0.164721 2.903153 1.410580
v -0.328885 2.925205 1.502023
v -5.777113 0.164312 -1.189332
v -5.833086 0.087733 -1.440377
v -5.676566 0.036139 -1.181960
v -0.442930 2.824704 1.500345
v -0.350929 2.687699 1.250441
v -5.839201 -0.083648 -0.927014
v -5.744999 -0.019480 -1.115397
v -5.611849 -0.173306 -1.027656
v -5.810351 -0.011646 -0.996898
v -5.759739 0.095859 -0.752500
v -5.728983 0.103320 -1.007225
v -1.620369 2.688392 2.097363
v -4.299251 -0.327411 -3.885969
v -4.277635 -0.434061 -3.988250
v 0.392476 2.800232 -0.567004
v 0.294276 2.771474 -0.438921
v 0.414523 2.613276 -0.658127
v -4.038691 -1.205208 -1.109029
v -4.898784 -1.180260 1.305936
v -5.945069 2.414056 1.341863
v -5.653977 2.465908 1.784030
v -5.725962 2.263664 1.708929
v -4.651965 2.241722 -3.040561
v -4.519381 2.149468 -3.292980
v -4.826627 2.215689 -3.212175
v -0.557593 0.019195 1.984018
v -0.175143 0.639388 0.836277
v -0.375110 0.838277 0.827209
v -5.593786 -0.162611 0.816684
v -5.593335 -0.224433 0.679820
v -5.574502 -0.284144 0.889656
v -5.565415 -0.247735 1.278862
v -2.597936 0.156085 2.757961
v -2.531821 0.115987 2.922332
v -2.611512 0.257837 2.829875
v -2.340014 0.500914 2.863578
v -5.873344 2.531386 0.928942
v -3.922271 -1.121791 1.812721
v -5.653942 0.124289 -1.081637
v -3.604196 -0.859776 1.896572
v -2.076370 0.625222 1.938063
v -1.949092 1.198521 1.759919
v -2.050094 0.861307 1.723223
v -1.923083 0.926495 1.757606
v -2.845641 0.348120 -4.123027
v -2.673516 0.431766 -4.114947
v -2.810498 0.556393 -4.044522
v -2.727526 0.682533 -4.004342
v -0.410689 1.661840 -1.706216
v -0.262813 1.715175 -1.763031
v -0.174506 1.861284 -1.685837
v -0.244806 1.826672 -1.755494
v -0.106337 -0.927991 -1.455402
v -0.165791 -0.882071 -2.007174
v -0.395839 -0.667437 -2.981209
v -3.117716 1.436716 1.746475
v -5.837867 -0.501795 -0.211598
v -5.787827 -0.828340 0.268474
v -5.806014 -0.739104 0.088212
v -4.136209 1.491776 3.126544
v -3.878067 1.515656 3.018700
v 0.640535 -1.184965 0.804460
v 0.347556 -1.269232 0.245893
v 0.629220 -1.271330 0.284520
v 0.543618 -1.298986 0.444649
v -2.630533 3.032241 -4.122705
v -2.594723 2.922205 -4.081504
v -3.013620 2.905915 -4.144553
v -3.306985 3.406058 -3.073759
v -3.534924 3.353558 -3.168665
v -3.599235 3.355183 -2.912851
v -3.053097 -1.507287 -4.468106
v -3.092868 -1.441615 -4.653087
v -3.006644 -1.544573 -4.548605
v -2.432143 -1.569083 -4.422948
v -2.837692 -1.529449 -4.440884
v -5.418050 2.235270 -2.667521
v -5.827885 2.053916 -2.739777
v -5.839809 2.191211 -2.528856
v -5.691991 2.169146 -2.606307
v -6.125243 1.813703 -2.599511
v -6.315527 1.964229 -2.284621
v -6.397027 1.873489 -2.341864
v -1.336107 2.943646 -3.912922
v -1.292157 3.071898 -3.809039
v -5.734800 0.235775 -0.780119
v -5.721051 0.291564 -0.648118
v -5.659121 0.500435 -0.689840
v -5.744550 0.487642 -0.930123
v -0.156746 -0.778093 -1.980039
v -5.522589 1.516355 1.618695
v -5.450183 1.419153 1.865401
v -2.466865 3.073501 2.515438
v -6.028032 2.393794 0.563675
v -6.087219 2.324342 0.930453
v -5.941784 2.254331 1.238259
v -3.845477 1.497850 -3.749721
v -3.858783 1.588066 -3.688066
v -3.671586 1.582764 -3.733252
v 0.448843 3.511608 0.864877
v 0.339215 3.395397 0.913110
v 0.254825 3.589275 1.048643
v -1.030282 0.357871 -2.949262
v -1.046461 0.637895 -2.961015
v -0.983830 0.518427 -2.832952
v -4.808342 -1.260427 0.248576
v -4.837517 -1.324831 0.539968
v -5.155973 -1.280299 0.352021
v -4.671795 -1.317126 0.834696
v -0.843652 0.437019 -2.658104
v -3.809705 3.457214 -2.276481
v 0.559507 0.357613 0.506255
v 0.802819 0.594705 0.378075
v -1.248174 1.528058 2.236104
v -1.602306 1.537323 2.003814
v -1.507877 1.470370 2.134642
v -1.183886 1.309641 2.248865
v 0.131330 1.706455 0.921097
v -0.050565 1.987483 0.943794
v -2.669222 0.317816 -4.325158
v -0.071299 1.599473 1.461081
v 0.066643 1.585716 1.206152
v -5.696449 1.038745 -0.845424
v -5.659100 0.714525 -0.514885
v -3.438694 0.812058 1.670457
v -3.618711 0.815271 1.678095
v -3.149346 0.920355 1.978783
v -5.607349 -0.298705 -0.562269
v 0.387515 2.075761 -0.483599
v 0.421550 2.122147 -0.360441
v 0.577825 2.037355 -0.462033
v -5.675297 2.533352 1.712001
v -0.246587 2.849882 -1.648891
v -0.297570 2.766796 -1.750596
v -5.911212 1.411443 0.341867
v -4.099326 -0.596362 -4.664737
v -4.167431 -0.501398 -4.421739
v -4.029261 -0.429760 -4.324706
v -1.590154 1.922403 -3.477532
v -1.243633 2.069233 -3.656073
v -6.039261 2.416725 -1.684333
v -2.070730 2.418869 -3.673091
v -1.877661 2.349320 -3.798468
v -3.973254 -1.524848 -3.897917
v -4.076778 -1.462317 -4.087313
v -6.676513 1.962699 -0.637121
v -6.654274 2.196016 -0.719734
v -5.374848 -0.515407 -2.642015
v -5.506521 -0.373295 -2.574196
v -5.532833 -0.480602 -2.482045
v -4.790884 0.024275 1.712737
v -5.125147 -0.053245 1.710217
v -5.102756 0.136754 1.716602
v -3.267014 2.994307 2.905067
v -6.218950 0.993775 -1.555476
v -6.104663 0.886295 -1.519218
v -6.218368 0.941510 -1.434833
v -0.521771 3.216830 -2.372812
v -0.565365 3.162661 -2.690067
v 0.987409 -1.030882 0.713501
v 0.402391 2.885628 -1.264955
v -1.477378 -1.606452 -3.314593
v -1.603897 -1.503794 -2.963880
v -1.256740 -1.481444 -3.147829
v -1.996402 0.560847 2.816651
v -1.930629 0.441370 2.930418
v -1.940125 0.316883 2.957711
v -3.483721 -1.585103 -3.560666
v -3.672676 -1.616636 -3.688689
v -3.736980 3.109235 -3.468307
v -5.591100 0.286569 0.133431
v -5.472623 0.409249 0.116207
v -5.413032 0.764013 0.007635
v -5.492016 0.768952 -0.077355
v -3.397490 2.207515 -4.091082
v -3.489484 2.252959 -4.032962
v -4.547610 3.178025 -2.352920
v -0.579772 3.655309 0.329732
v -1.062336 3.671851 0.038482
v -0.107728 3.696692 0.549530
v -3.438411 1.946315 -3.817369
v -2.390290 3.634867 -2.031185
v -2.630154 3.638777 -1.875927
v -2.583245 3.639508 -0.983108
v -2.680078 3.610929 -0.627357
v -2.111116 2.235307 -3.758845
v -1.807606 2.136117 -3.935797
v -1.697609 2.061843 -3.819856
v -2.636952 -0.665212 -4.880480
v -2.865208 -0.835425 -4.990777
v -3.020181 -0.731266 -4.982897
v -3.121840 -0.997402 -4.977859
v -0.440279 3.030151 -2.303584
v -0.357289 3.016787 -2.386929
v -0.366576 2.988657 -2.519914
v -0.959499 1.031543 2.172899
v -0.838781 1.156197 2.106037
v -0.603523 1.327077 1.709517
v -4.027514 0.213589 -3.852934
v -4.318941 0.168936 -3.799987
v -5.483438 1.510809 1.831813
v -5.129939 0.992741 0.317248
v -5.113907 1.191226 0.180946
v -5.145839 0.803210 0.225548
v -5.507983 1.192558 0.580802
v -0.556745 -1.340573 0.474046
v -0.837087 -1.248933 0.582987
v -3.775151 2.106224 3.045416
v -4.404799 -0.742920 -3.743888
v -4.609439 -0.806888 -3.455289
v -4.634649 -0.988095 -3.296144
v -3.334397 3.503436 -1.659576
v -3.416145 3.464987 -1.550733
v -3.142817 3.524134 -1.592753
v 0.995869 -0.132506 0.073756
v 0.790711 0.144523 0.224019
v 0.935898 0.085169 0.155403
v -0.692932 -0.755060 1.259590
v -0.644060 -0.947561 1.476225
v -0.680517 -0.880717 1.873426
v -4.605909 1.331325 -3.001372
v -4.417204 1.429321 -3.196646
v -4.472169 1.300201 -3.078282
v -0.662836 0.433911 -2.455931
v -0.623597 0.200577 -2.348388
v -4.997135 3.132073 -2.177432
v -5.103671 3.038089 -1.857621
v -4.913249 3.138254 -1.663297
v -2.029675 3.206324 2.468076
v -2.722074 3.356792 2.511064
v -0.336231 3.673806 0.495807
v -0.387310 3.720348 0.620130
v -0.990912 3.701737 0.638789
v -0.603028 3.736579 0.884954
v -6.838758 2.115203 -1.088080
v -6.753563 2.193344 -1.081639
v -5.471295 -0.645735 1.780749
v -5.373686 -0.784394 1.759205
v -5.333697 -0.553803 1.853658
v 0.617589 2.187606 -1.389732
v 0.684538 2.460942 -1.089240
v -1.484123 -1.158121 2.072180
v -1.453596 -1.256191 1.838578
v -1.707788 -1.263852 1.366964
v -1.550987 -1.323609 1.639294
v -2.117579 -1.286322 1.568350
v -2.860496 3.355108 2.486699
v -0.768428 -1.254321 0.725257
v -0.964705 -1.252477 0.669703
v -2.601394 3.492267 2.073737
v -2.601009 3.394675 2.412398
v -2.520320 3.497586 2.169698
v -3.253107 -0.846594 -4.986179
v -3.237607 -1.026700 -4.981793
v -3.329294 -0.603444 -4.912858
v -6.197193 2.510734 0.349590
v -6.119595 2.461025 0.420986
v -6.055085 2.377863 0.286763
v -6.289666 2.324403 0.162587
v -3.861334 -0.581880 -4.879510
v -0.088320 2.213841 0.730424
v -4.563477 -0.271762 1.861971
v -5.356881 0.061763 -2.724977
v -4.920370 3.020101 -1.528184
v -5.248997 2.949969 -1.809708
v -5.102861 -1.296975 0.540223
v -5.140186 -1.264570 0.797484
v -2.927031 3.573450 -1.727117
v -2.416719 3.615404 -2.569087
v -3.865659 0.799779 -3.858940
v -3.617141 0.850768 -4.019415
v -3.819318 0.647954 -3.878423
v -4.243804 0.557589 -3.581142
v -4.107104 0.515845 -3.736851
v -5.267977 1.097630 -0.058612
v -5.188181 1.191344 0.329758
v -0.205869 -0.142065 1.073246
v -3.805330 -0.471435 1.945038
v -5.739041 -0.557489 -1.627876
v -5.806172 -0.666510 -1.724256
v -5.778233 -0.369477 -1.894848
v -5.715538 0.134999 -0.627125
v -5.603033 0.160066 -0.778961
v -0.097959 2.875042 1.290141
v -0.065827 2.888090 1.128978
v -0.031511 2.939811 1.210048
v -4.988918 3.146637 -1.982457
v -4.789265 3.191999 -1.914754
v -4.658696 3.105438 -2.067878
v -4.879235 3.158780 -2.187719
v -1.016667 -1.358159 -3.883252
v -1.253638 -1.515575 -3.629572
v -0.870868 -1.264333 -3.850254
v -1.093928 1.418763 -2.694549
v -1.140659 1.667297 -2.556450
v -6.736365 2.146379 -0.573874
v -6.514413 2.237471 -0.074314
v -1.957335 -1.505705 -2.891776
v -2.146286 -1.580490 -2.989322
v -6.280015 2.097967 0.264567
v -2.699035 0.152051 2.283425
v -2.777179 0.035084 2.316964
v -2.613240 0.126894 2.357664
v -2.616063 -0.072570 2.553142
v 0.741225 1.206669 -0.658175
v 0.826168 1.148142 -0.594608
v 0.787904 1.413626 -0.434908
v 0.858450 1.309277 -0.534357
v 0.747952 1.368909 -0.599774
v -4.146584 3.254525 -2.699505
v -0.943171 0.330322 2.899347
v -1.887225 0.593538 -4.002908
v -1.825400 0.743043 -3.989032
v -1.704244 0.895365 -3.782894
v -0.322960 -0.807799 0.999517
v -0.392050 -0.947673 0.896541
v -0.074039 -0.151355 1.055934
v -0.212223 -0.486880 1.021913
v -0.094538 -0.527854 0.958807
v -3.764178 0.021368 1.846738
v -4.302261 -0.384161 1.898632
v -4.256573 -0.650361 1.931031
v -3.687100 0.655917 -3.971275
v -3.355453 1.106423 -4.077115
v -3.228956 1.104086 -4.074397
v -3.284449 0.949276 -4.106753
v -1.047177 0.362756 1.295136
v -0.872901 0.348260 1.412664
v -2.609645 0.217094 -4.576577
v -5.616090 0.473289 -2.504386
v -5.430959 0.603447 -2.641191
v -0.133485 3.206219 -1.114876
v 0.269280 3.157481 -0.734613
v 0.396230 3.087414 -0.847730
v -2.767870 -1.129439 -4.857571
v -2.106514 2.355637 2.421063
v -2.356536 2.335835 2.469700
v 0.450541 2.377703 -0.341447
v 0.384135 2.433164 -0.236190
v 0.201065 2.372871 0.092743
v -2.264718 2.202369 2.344485
v -2.303601 2.099792 2.378147
v -3.921126 -0.667255 1.983213
v -5.564777 -0.777844 -2.114792
v -5.085448 -1.195519 -2.153923
v -0.526851 -0.942582 0.911447
v -0.707268 -0.843459 1.123981
v 0.287617 2.691146 -0.020992
v 0.177548 2.721649 -0.129253
v 0.250167 2.624378 0.078922
v 0.248820 2.491462 0.065054
v -1.144824 1.763122 -2.062286
v -0.980296 1.836996 -2.119566
v -1.141532 1.731228 -1.838001
v -0.520622 -0.449702 1.594547
v -0.698131 -0.783681 1.776170
v -0.594489 -0.709786 1.760889
v -5.404388 1.943583 2.519116
v -5.511327 2.088270 2.709823
v -5.240932 2.788844 -2.017844
v -5.288671 2.698409 -2.064081
v -5.217569 2.941972 -1.981887
v 0.721052 -1.256137 0.623427
v -5.497679 0.020297 0.941691
v -5.540075 -0.140158 0.969224
v -1.142598 3.021106 -3.327714
v -1.090995 2.849886 -3.210009
v -5.486328 -0.756400 -0.773716
v -4.006187 3.320740 1.903626
v -4.412405 3.172375 2.262958
v -3.855264 3.358717 2.111871
v -3.803800 3.308925 2.616044
v -3.653503 3.366076 2.326782
v -2.563872 2.116927 -4.002611
v -4.198811 3.336727 -2.081289
v -3.857252 3.392087 -2.097502
v -4.036449 3.309998 -1.845971
v -3.794451 3.393928 -1.772080
v -1.284077 -1.269031 1.523776
v -4.616152 2.671417 -2.977335
v -4.703736 2.707377 -2.812016
v -6.422580 1.523746 -2.205718
v -6.166677 1.422261 -2.163895
v -5.613790 1.464242 -2.790300
v -5.199846 -1.330119 1.020276
v -5.188388 -1.250177 1.224006
v 0.711315 0.456701 0.350929
v 0.703339 0.584922 0.223102
v 0.776772 0.532612 0.156763
v 0.863408 0.405688 -0.025825
v -0.365084 2.887460 -1.850827
v -0.520856 2.981399 -2.140853
v -0.431485 3.021790 -1.836240
v -0.757670 1.037810 -2.326044
v -0.006177 -0.244197 -0.924716
v 0.161242 -0.469265 -0.939997
v -3.032538 0.078169 -4.576447
v -3.629261 0.006198 -4.415937
v -5.182072 1.197275 0.041156
v -5.582970 1.218504 0.145450
v -5.727046 1.295230 0.290308
v -6.546716 1.605588 -0.357628
v -6.390515 1.746272 0.006596
v -6.324391 1.525824 0.084763
v 0.345734 1.682369 0.379001
v 0.187693 0.417228 -1.005538
v -0.938180 3.139583 -3.092998
v -0.688112 3.172805 -2.904442
v -2.147203 -0.669713 2.821800
v -6.244177 1.548444 0.253606
v -6.291288 1.740614 0.245149
v 0.371375 1.708202 -1.650162
v 0.271239 1.461151 -1.589311
v 0.082244 1.573214 -1.678076
v 0.502085 1.942616 -1.583226
v 0.473534 1.868928 -1.685429
v -0.447753 -0.216050 -3.118804
v -0.415481 -0.490034 -3.179564
v -2.144524 -0.170573 2.980707
v -2.332824 -0.030210 2.964030
v -2.133575 0.593927 2.215782
v 0.421001 1.480796 0.401109
v 0.614273 1.250980 0.534980
v 0.399194 1.340705 0.507959
v -5.586415 -0.863950 1.205247
v -5.627952 -0.891374 1.479029
v 0.072719 1.685266 -1.785358
v -0.285220 1.566007 -1.617463
v -0.062715 1.617376 -1.678850
v -4.966502 2.787156 -2.665323
v -0.588221 -0.070490 2.460012
v -3.648792 0.963265 -3.972671
v -3.597221 1.148691 -3.903253
v -3.466290 0.891954 -4.027640
v -5.749434 1.489237 1.502230
v -5.742763 1.391655 1.416581
v 0.322199 1.028347 -1.095815
v 0.475598 0.695395 -0.967117
v 0.330533 0.748501 -1.041904
v 0.374499 0.676179 -0.943208
v -0.325923 -1.412162 -0.795549
v -0.204645 -1.371053 -0.361803
v -0.357653 -1.361999 -0.401151
v -0.274863 -1.344173 -0.182607
v -1.804867 1.137657 1.767061
v -1.700466 1.194431 1.961763
v 0.675791 1.206827 0.400431
v 0.709150 1.060768 0.411915
v -5.867908 1.699635 -2.762435
v -5.695014 1.704751 -3.003883
v -2.755599 -1.076264 2.115682
v -2.427987 -1.141672 2.321561
v -2.574747 -1.063968 2.313791
v -2.416641 -1.213173 2.152117
v -1.791306 1.788241 -3.300136
v -1.852150 1.829239 -3.395555
v -1.767893 1.717486 -3.529137
v -1.962094 1.859840 -3.501112
v -3.619414 3.426573 0.361437
v -3.783419 3.410879 0.423818
v -3.433711 3.459321 0.663647
v -4.095191 3.306825 0.353466
v -0.731931 -0.617451 1.098382
v -5.632258 -0.541757 1.402119
v -5.650688 -0.736149 1.297242
v -5.630015 -0.686667 1.421699
v -1.652736 0.626170 2.562726
v -2.122569 0.705600 2.538363
v -1.922114 0.671462 2.776930
v -6.129879 1.193077 -1.211217
v -6.126483 1.387490 -1.144211
v -3.297063 -0.166393 1.991457
v -3.402092 -0.220924 1.853824
v -3.295232 -0.466433 1.951488
v -4.786156 0.886498 1.107782
v -4.862840 0.959097 1.122646
v -2.764000 1.352736 -3.834292
v -2.567590 0.942841 -3.907326
v -0.476007 0.028288 -4.149122
v -0.432371 0.148415 -4.064201
v -0.381700 -0.089125 -4.043030
v -0.688554 0.221673 -4.098414
v -0.738068 0.013221 1.242585
v -0.434270 -0.898980 -3.215109
v -0.395439 -0.446231 -3.681832
v -0.381216 -0.333899 -3.767871
v -0.573558 0.010202 -4.187346
v -0.611629 0.274368 -4.051238
v -0.526106 0.305376 -3.899830
v -5.799958 -0.852843 -0.408939
v -5.704427 -0.993553 -0.465151
v -5.451923 -1.257694 0.079519
v -5.530119 -1.246198 -0.257931
v 0.436891 1.056370 -1.188923
v 0.490326 1.060705 -1.067341
v 0.515356 0.958684 -1.014774
v -0.354850 0.703965 -1.304561
v -0.262179 0.550301 -1.224614
v -4.154738 3.117245 2.726965
v -3.980345 3.255036 2.671840
v -4.238934 3.217951 2.476903
v -6.916461 2.003078 -1.425124
v -6.900510 2.048906 -1.225534
v -6.761570 2.143551 -1.504700
v -6.923817 1.807452 -1.209739
v -5.493526 1.481968 1.526036
v -0.165544 0.204354 -1.111500
v -0.261404 0.091668 -1.135633
v -0.333283 0.221823 -1.155096
v -0.405300 0.155523 -1.235607
v 0.464523 -1.039363 0.768669
v -0.516785 -0.772862 -3.580816
v -0.960607 1.910395 -2.626194
v -1.193464 1.920839 -2.848393
v -0.648152 0.044339 2.593590
v -0.808286 -0.158123 2.711839
v -0.916507 -0.303683 2.777911
v -0.763960 -0.234882 2.638611
v -4.526710 -1.294531 0.677976
v -4.240013 -1.263101 0.614593
v -4.299069 -1.297522 0.725685
v -3.074508 3.411962 -3.761861
v -5.607237 -1.152875 -0.811308
v -2.135944 3.593470 -2.700466
v -3.740474 0.658277 1.679348
v -3.897209 1.068761 1.425755
v -5.601343 2.560136 2.309246
v -5.503731 2.559034 2.396411
v -5.497227 2.503484 2.646141
v -0.895837 3.670990 -0.272617
v 0.953303 -0.094619 -0.240268
v -6.046940 1.426190 0.172059
v -6.056031 1.431689 -0.066622
v -6.046281 1.387057 0.027096
v -5.797455 1.369851 0.245327
v -4.020242 -1.240156 -4.661433
v -4.005460 -1.120921 -4.784740
v -3.630554 1.715842 -3.799144
v -4.766964 3.048574 -2.297839
v -2.281840 0.286876 -4.617835
v -1.876379 0.454272 -4.443713
v -0.283238 3.494190 1.501082
v -5.648913 -0.651574 -2.096125
v -5.821143 -0.556469 -1.769948
v -5.714786 -0.550896 -2.018386
v -6.229722 2.057544 -2.061833
v -6.239411 2.173644 -1.957758
v -5.802874 0.291277 -0.891321
v -4.713904 -0.316884 -3.106436
v -4.658991 -0.576829 -3.026075
v -3.461091 1.808735 -3.907468
v -0.545182 0.165320 -1.557449
v -0.392350 0.100229 -1.527074
v -0.478613 0.119193 -1.740414
v -0.468557 0.192896 -1.309799
v -0.443350 0.217132 -1.665952
v 0.986007 -0.964408 0.509986
v 0.983188 -0.751814 0.512706
v -5.853500 -0.643939 -0.201750
v -5.818698 -0.565334 -0.019827
v -1.096489 1.473625 -2.887120
v -3.520309 2.032921 -3.783056
v -3.856502 2.120481 -3.833714
v -5.461909 -0.003839 1.121182
v -4.731272 -0.342533 -2.997479
v -4.932128 -0.223660 -2.850802
v -4.830325 -0.152119 -2.906055
v -5.218578 -0.131930 -2.877628
v -5.021789 -0.049752 -2.886057
v -5.092687 -0.254521 -2.805639
v -0.393397 1.843645 -1.764181
v -0.536942 2.028091 -1.647423
v -0.756397 0.632899 1.913296
v -0.803622 1.889086 1.956697
v -1.147237 1.546309 -2.989125
v -5.217616 0.751890 -2.772589
v -5.166453 0.649439 -2.802174
v -4.944499 0.640825 -2.861495
v -3.667429 2.453485 -3.881154
v -4.171895 2.279994 -3.595857
v -4.262101 2.465669 -3.390831
v -0.592221 1.443557 -1.707435
v -0.254717 3.441974 -0.864455
v -0.185432 3.495739 -0.702251
v -4.782950 -0.424561 -2.858087
v -4.642754 -0.448557 -3.079384
v -4.952672 -0.429116 -2.679314
v -5.049174 -0.495574 -2.674358
v -0.465476 2.567522 -2.898839
v -6.322203 1.479592 -0.749421
v -6.592911 1.516794 -0.537376
v -6.627611 1.448780 -0.633949
v -1.106316 2.798321 -3.083377
v -5.517490 0.120975 0.866448
v -5.901811 1.495439 0.815692
v -2.102870 -1.505204 -2.796723
v -5.539574 2.633416 -1.953780
v -5.704318 2.579771 -1.834603
v -1.592271 1.907656 2.001212
v -1.662963 1.823999 2.023158
v -5.748427 0.140318 -1.545952
v -5.784732 0.053972 -1.929235
v -0.724551 2.602196 1.479978
v -0.735236 2.398194 1.516143
v -0.650576 2.245069 1.397139
v -0.623669 2.364519 1.383944
v -4.912945 2.111824 3.315715
v -4.701890 2.124274 3.375868
v -5.003942 2.232170 3.206438
v 0.681049 1.506294 -0.246437
v 0.726957 1.406196 -0.186558
v 0.792571 1.245984 -0.223261
v 0.743347 1.421741 -0.288574
v 0.818292 1.234606 -0.409538
v -2.571561 -1.453171 -3.118508
v -2.941401 -1.386108 -3.099412
v -2.985398 -1.447140 -3.342804
v -4.391964 1.579257 -3.277492
v -4.060434 1.709119 -3.374044
v -3.898857 1.644364 -3.561013
v -3.972811 1.824797 -3.451033
v -3.684787 0.342181 1.841790
v -3.736303 0.118084 1.771423
v -4.014127 0.098611 1.929185
v -1.744532 1.909939 -3.345910
v -0.758258 -1.252804 -0.636938
v -1.045973 -1.248419 0.129063
v -0.549399 -1.320568 -0.557463
v -2.769587 0.842304 -3.981321
v -2.703712 0.935947 -3.955875
v -2.689595 1.071241 -3.823184
v 0.279862 -1.025397 0.896280
v 0.317636 -1.201499 0.746512
v -0.426270 1.571278 1.397330
v -0.500236 1.458228 1.371864
v -0.585965 1.214311 1.635604
v -5.061413 -0.636656 -2.635721
v -4.900293 -0.649066 -2.719670
v -4.981866 -0.782640 -2.618577
v -2.373058 -1.267634 1.231475
v -2.038926 -1.297756 1.724203
v -1.582364 0.532439 -3.941201
v -3.821153 3.182772 -3.297735
v -3.906634 3.296086 -3.074177
v -0.091692 2.636419 -1.903507
v -4.952305 -0.753699 1.768082
v 0.426071 1.501035 -1.594189
v 0.485169 1.435754 -1.448462
v -2.925254 -1.508188 -4.155213
v -2.186614 -0.922254 -4.674613
v -2.107916 -0.771184 -4.760180
v -2.073194 -0.849618 -4.682360
v -1.897664 -1.149761 -4.612009
v -1.872788 3.648221 -0.574219
v -3.762290 0.739435 1.611399
v -1.792384 0.301022 -4.574465
v -1.877717 0.356566 -4.534984
v -2.975606 3.146947 2.659216
v -2.819915 3.120796 2.629051
v -0.864506 1.957099 -2.314971
v -0.971080 1.759263 -1.838966
v -1.548839 0.741285 1.957326
v -1.659953 0.654733 1.883591
v -1.598189 0.659404 2.011584
v -1.945737 0.579724 2.390958
v -0.591654 0.175307 -1.824687
v -4.271492 2.936980 2.991833
v -5.323431 -0.176210 1.761257
v -4.919243 -0.033600 1.795830
v -5.146596 -0.416576 1.838704
v -1.043880 -1.021992 2.156181
v -0.893311 -1.025831 2.094249
v -5.798074 0.093632 -1.809891
v -5.625987 0.145609 -1.918376
v -5.786463 0.216398 -1.640874
v -5.125258 1.277743 1.694311
v -5.162180 1.314632 2.034193
v 0.476885 1.408527 -1.339332
v 0.486850 1.199649 -1.245875
v -1.208539 2.891675 1.937366
v -2.090945 -0.535079 -4.740479
v 0.195383 -1.261347 0.570415
v -5.927769 1.474277 1.164673
v -1.790642 0.600850 -3.971857
v -1.580853 1.001814 -3.736438
v -4.138209 -0.373642 -4.112824
v -4.126603 -0.325246 -4.286169
v -1.209663 2.342816 2.178629
v -1.428067 2.470469 2.120854
v -5.463355 2.540327 -2.314044
v -0.885920 -0.761259 2.370903
v -0.723002 -0.618211 2.050254
v -2.471246 1.658986 2.416388
v -2.254113 1.650425 2.167068
v -4.369971 3.284936 -0.214102
v -4.139387 3.281509 0.177888
v -3.953471 3.382087 -0.078985
v -3.617106 3.441895 -0.344512
v -3.829331 3.405336 -0.549997
v -0.565275 1.509829 1.568544
v -0.550516 1.788524 1.529333
v -0.571303 1.618339 1.556859
v -3.555042 -0.293022 1.821485
v -3.809920 3.325263 0.173424
v -3.630123 3.420815 0.037046
v 0.253627 2.997761 -1.232602
v 0.020224 3.052415 -1.099653
v -4.501117 3.189478 -0.745982
v -4.240222 3.258690 -0.927867
v -4.955446 3.029239 -0.900938
v -4.824537 3.083463 -1.110142
v -0.923042 -0.294036 2.907149
v -0.964929 -0.449170 2.697518
v -1.007178 -0.348381 2.901283
v -0.513830 0.557311 -1.637797
v -5.277013 2.926621 -0.502763
v -5.136681 2.985667 -0.072652
v -5.343839 2.934358 -0.380331
v 0.937669 -0.858180 0.837755
v 0.767742 -0.787303 0.877861
v 0.672399 -0.769786 0.951283
v -5.394796 -0.134008 1.675796
v -0.768219 2.131451 1.712328
v -0.522757 2.205788 1.389063
v -2.925433 0.614682 -4.150856
v -2.819741 1.191541 -4.008990
v -2.896685 1.097438 -4.039628
v -2.973108 1.045986 -4.092243
v -2.809726 1.174941 -3.862202
v 0.617661 1.912537 -0.882515
v 0.601208 1.897499 -0.777023
v -3.947271 -1.186185 -1.892791
v -3.905245 -1.226498 -2.565398
v -5.718566 -0.659211 1.256965
v -5.687661 -0.630129 0.938681
v -5.717253 -0.592337 1.158229
v -5.660644 -0.468383 0.981422
v -0.504182 -0.077101 -2.554535
v -0.592889 0.033021 -2.384880
v -3.979613 -0.270530 -4.596384
v -4.139778 -0.173356 -4.409528
v -3.839365 -0.068935 -4.433264
v -4.281890 3.017707 2.772411
v -4.748569 2.948079 2.589247
v -0.562319 2.249213 1.302140
v -0.589464 2.402340 1.296423
v -0.695755 2.320631 1.284033
v -6.194816 1.412334 -1.791065
v -1.985936 1.686711 1.988227
v -3.786381 0.364723 -3.901711
v -3.939201 0.279588 -3.902350
v -3.919568 0.456958 -3.862150
v -3.654086 0.365244 -3.955205
v -4.836445 1.821345 3.203412
v -1.980378 -1.218833 -2.418933
v -1.876064 -1.212293 -2.225392
v -1.566426 -1.229825 -2.166360
v -5.550269 -0.920507 -1.682560
v -5.436162 -1.013283 -1.985883
v -5.535263 -0.958856 -1.342734
v -2.547440 0.408889 2.250787
v -2.468290 0.501721 2.215798
v -2.528543 0.513412 2.455445
v 0.466777 0.380188 -0.904767
v 0.645840 0.085593 -0.898894
v 0.389894 -0.007990 -0.925455
v 0.408361 0.293362 -0.885304
v -3.278857 -1.403847 -4.847659
v -3.037576 -1.408170 -4.813411
v -3.409350 -1.305903 -4.898476
v -2.610958 1.269481 1.775075
v -2.472521 1.110880 1.889242
v -5.873510 1.278732 -2.158432
v -5.606875 1.054402 -2.254049
v -0.387275 2.897472 -2.181414
v 0.110242 2.331978 0.205946
v -2.673519 -1.230674 -0.357101
v -5.825898 0.108278 -1.652289
v -5.665280 0.142796 -1.723986
v -5.746063 1.276181 -2.437149
v -5.587682 1.194585 -2.267716
v -5.575656 1.138705 -2.506349
v -5.481348 1.251007 -2.593778
v -0.348475 2.854467 -2.314142
v -0.402914 2.876795 -2.431042
v -3.057744 3.581326 -0.127580
v -2.744376 3.592870 0.052909
v -2.761388 -1.442301 -3.914167
v -2.521761 -1.483301 -3.887505
v -3.490204 1.109906 -3.992143
v 0.126111 1.798373 -1.644373
v -4.944067 0.248213 1.718936
v -2.108216 0.377523 -4.561583
v -1.996153 0.435472 -4.427670
v -3.992773 -0.476997 -4.600708
v -3.809014 -0.414969 -4.587189
v 0.755165 -0.215985 -0.955226
v 0.749467 -0.710491 -0.925226
v 0.647994 -0.622945 -0.910334
v 0.847199 -0.665542 -0.964267
v 0.709243 -0.487807 -0.980100
v 0.858411 -0.292171 -0.892408
v -5.746572 1.285993 -0.613548
v -5.607673 0.726561 -2.541700
v -5.500766 0.722796 -2.639977
v -5.293081 0.637302 -2.749059
v -5.445059 0.313009 -2.729353
v -3.007501 -1.532645 -4.709339
v -1.501117 1.658597 -3.510525
v -3.500397 1.653217 2.949598
v -4.535774 0.114792 1.731679
v -4.056322 0.261472 1.764295
v -4.661891 0.023584 -3.205180
v -4.821114 0.221774 -2.957651
v -4.710576 0.252645 -2.997867
v -4.793284 0.056405 -2.944763
v -0.387093 -0.888769 -3.089072
v -0.503178 -1.044776 -3.222196
v -0.438896 -1.073349 -3.023413
v 0.128922 2.435606 0.404531
v 0.481238 2.130537 -1.464724
v -3.422472 2.496169 -3.948484
v -1.473894 -0.405795 2.956231
v -1.620361 -0.458114 2.922604
v -1.908506 -0.541042 2.917159
v -1.807054 -0.478857 2.988321
v -0.988573 1.964630 1.986205
v -1.059693 2.180530 2.061921
v -0.696755 2.110183 1.836150
v -1.111771 -0.153251 -4.302490
v -1.161436 -0.319553 -4.294195
v -1.151837 -0.562106 -4.229616
v -1.268407 -0.450567 -4.224102
v -0.654159 0.187117 2.603140
v -1.041817 3.293702 -3.102480
v 0.953444 -0.769365 0.219967
v 0.972968 -1.102071 0.206337
v 1.016835 -0.934442 0.051693
v 0.930842 -1.117831 0.056637
v -6.142076 2.511431 0.223772
v 0.131135 -0.122370 0.999405
v -0.161420 -0.005251 1.068241
v -0.833128 1.132420 -1.807149
v -0.800983 1.186805 -1.658354
v -2.477094 1.949812 2.455515
v 0.162771 -0.942367 0.972565
v -0.106019 -0.725762 0.981381
v -0.180483 -0.581519 0.964722
v -0.223280 -0.661902 1.012383
v -4.692110 1.708832 -3.166691
v -0.700804 1.986852 1.885661
v -2.425163 2.716273 -4.089486
v -2.525522 2.598754 -4.053237
v -2.647007 -1.571426 -4.612744
v -5.910042 2.436922 -1.416212
v -5.763756 2.536923 -1.450306
v -5.839438 2.541236 -1.328819
v -5.184740 2.826481 -2.208115
v -4.978991 0.777602 1.005048
v -4.825077 0.774607 1.119646
v 0.683011 2.359344 -1.355056
v 0.434133 2.468182 -1.494371
v 0.733141 2.279351 -1.222145
v -2.998193 1.198160 -4.074735
v -0.649967 -0.346144 -4.138713
v -0.657546 -0.415733 -4.053046
v -0.753471 -0.285061 -4.157722
v -2.969563 2.004914 2.567576
v -2.674613 2.053380 2.461206
v -3.443194 1.978523 2.826656
v -3.131739 2.017394 2.721999
v -1.968535 -1.439561 -2.759310
v -5.027390 0.912054 0.792266
v -4.822074 1.058176 1.013854
v -4.651854 1.002805 1.043392
v 0.966745 -0.580819 -0.028870
v -0.037249 -0.849048 0.947245
v 0.063656 -0.968202 0.858072
v -4.363853 1.409139 -3.347577
v -4.329107 0.149024 1.797171
v 0.554146 2.115423 -0.801342
v -1.700491 0.284880 2.943459
v 0.232918 2.755383 -0.287217
v -2.411749 1.811646 2.537833
v 0.300458 1.113189 -1.268046
v -5.603060 2.003836 -3.066133
v 0.972055 -0.676166 0.141354
v -1.174561 -1.530384 -3.300515
v -1.721905 -1.548106 -3.429343
v -1.638079 -1.604192 -3.584778
v -4.969744 2.218500 -3.100468
v -5.361008 2.227633 -2.856782
v -4.899005 0.472934 1.161037
v -4.913580 0.364419 1.315482
v -4.762990 0.417373 1.315580
v -1.320429 -0.723277 -4.377867
v -1.437401 -0.583092 -4.325373
v 0.553614 1.336620 0.307248
v 0.413039 1.676276 0.230515
v -1.515967 -1.575890 -3.404455
v 0.483971 1.593797 0.078529
v -3.560076 -1.237107 -2.491499
v -3.293324 -1.231632 -2.760418
v -4.471627 0.401858 1.628963
v -4.921826 1.109597 0.799142
v -4.984533 1.206966 0.673079
v -2.025604 3.635187 -2.248134
v -4.239336 1.273442 -3.456977
v -4.356778 1.138399 -3.356454
v -4.263845 1.053745 -3.464741
v -0.440119 1.289924 1.322306
v -0.593699 1.341375 1.548192
v -0.630408 1.480281 1.831213
v 0.372869 -1.210040 0.567726
v 0.303928 -1.270995 0.387286
v -4.605202 0.135164 -3.062742
v -4.692016 0.294521 -3.107889
v -4.713931 2.331618 -3.131967
v -0.480576 2.414588 -2.829191
v -0.134724 2.341077 -2.198495
v -5.831401 2.804650 0.314187
v -5.974755 2.765793 0.061827
v -3.366312 -1.487509 -4.305906
v -3.544178 -1.536314 -4.099830
v 0.678559 1.693815 -0.850247
v 0.761423 1.532169 -0.681744
v 0.852708 -1.108334 -0.464711
v 0.864488 -1.075785 -0.294938
v -0.056164 0.507046 0.995145
v -0.119355 0.220752 0.917809
v -0.117334 0.090907 0.980835
v -0.014133 0.121319 0.919735
v -3.962174 2.316074 -3.729550
v -1.247860 3.727918 0.532636
v -1.252814 3.715760 0.687125
v -1.466805 3.682007 0.885638
v -3.823532 2.674253 -3.706022
v -4.064149 2.790763 -3.495212
v -4.772753 1.353757 2.706975
v -1.882609 -0.810954 -4.634014
v -1.835480 -0.551919 -4.711334
v -1.815561 -0.711765 -4.630124
v -0.497750 -0.801013 -2.789082
v -2.990995 1.071082 1.968620
v -0.610566 3.681787 0.464855
v -0.787224 3.699069 0.687661
v -3.081900 0.094042 2.040905
v -3.293648 0.023228 1.970486
v -2.140071 -1.528022 -3.406371
v -6.429921 1.421384 -0.729255
v -4.134223 2.551881 3.126609
v -3.940739 2.285615 3.041123
v 0.722201 1.016227 0.219261
v -0.339223 1.362514 1.418705
v -1.377329 0.823659 2.023325
v -1.480736 0.653588 2.102504
v -1.670325 -1.266858 1.972811
v -1.779150 -1.300582 1.915826
v -1.568736 -1.324333 1.780870
v -1.117980 0.389564 -3.280697
v -1.090962 0.708385 -3.390044
v -0.780498 0.381771 -3.122488
v -1.073792 0.354056 -3.097175
v -4.770846 -0.139358 -2.990744
v -1.584822 -1.103586 2.361881
v -1.426326 -1.087216 2.258605
v -3.229280 3.527464 -2.951401
v -3.028389 3.518104 -2.700386
v -2.980680 -1.248446 -2.800445
v -0.854365 -1.250982 -1.929197
v -0.912309 -1.407138 -2.417390
v -0.888914 -1.220224 -1.718282
v -6.452063 2.494153 -0.784766
v -0.363799 2.760427 -1.853830
v -0.329115 2.799380 -1.963624
v -1.115942 -1.442423 -2.504776
v -1.006520 -1.259429 -2.006857
v -6.060773 2.517690 -1.311873
v -0.971187 3.379117 -2.503645
v -1.237674 3.571132 -1.815799
v -3.617407 3.322489 -3.303976
v -3.192865 3.427904 -3.061041
v -0.862490 0.671173 2.439103
v -0.793556 0.558046 2.464236
v -3.243761 0.163505 1.918485
v -1.049559 -1.408163 -2.922536
v -0.865678 -1.379824 -2.917999
v -0.985931 -1.407086 -2.761611
v -3.672076 3.363871 1.347011
v -4.070252 3.319716 1.240191
v -3.949400 3.340485 1.626129
v -4.014992 3.344111 0.678278
v -5.630476 2.069839 1.771780
v -0.974506 1.487396 2.178643
v -1.077932 1.448676 2.081743
v -1.200060 1.248530 2.140444
v -4.931648 2.827585 3.044107
v -4.897351 2.846673 2.834697
v -0.596168 -0.409922 1.836745
v 0.662032 1.217526 -0.807948
v 0.710505 1.479285 -0.784266
v -4.942273 1.170773 1.603559
v -4.949599 1.146477 1.433439
v -3.944579 -1.213714 -4.331295
v -3.896899 -1.285615 -4.498967
v -5.629182 -0.115059 0.242351
v -5.560106 0.181861 0.193257
v -3.410635 -1.257123 1.762851
v -3.538963 -1.261064 1.547467
v -4.207000 -1.265428 1.464814
v -2.351759 2.298207 -3.656489
v -5.555432 -0.804222 1.053983
v -5.769787 1.711337 -2.877237
v -5.586501 1.646044 -2.817054
v -5.478466 0.687154 0.029987
v -5.545645 0.477407 -0.058211
v -5.575416 0.795563 -0.329925
v -5.577728 0.518045 -0.246010
v 0.540489 1.633817 -1.236561
v 0.627732 1.814347 -1.071734
v -5.304563 1.927109 2.634629
v -1.885606 3.478585 2.147454
v -0.746626 3.387583 -1.898430
v -0.925207 3.447464 -2.048410
v -0.068000 -0.444303 -1.343689
v -0.243578 -0.383155 -1.558653
v -1.043720 -1.515006 -3.620199
v -0.540028 -1.234116 -2.648035
v -2.738410 1.481358 -3.647067
v -2.715065 1.347565 -3.721835
v -2.910658 1.694414 -3.915307
v -2.844303 1.616964 -3.767230
v -3.062110 1.866765 -3.933959
v 0.784953 0.246409 0.268245
v 0.746082 0.066202 0.398346
v -5.388936 0.217504 -2.706032
v -5.097745 2.652155 3.354570
v -5.040207 2.772009 3.207505
v -3.838340 -1.605148 -3.722737
v 0.255766 3.250058 -0.085992
v 0.299634 3.225618 0.037888
v -5.540772 1.509411 1.919135
v -1.144282 0.865077 -3.432643
v -1.710495 1.946078 1.917650
v -1.738342 2.014139 2.081893
v -0.362991 0.501815 0.811241
v -0.236404 1.398345 1.389667
v -4.202965 -1.285856 -3.941059
v -4.160748 -1.392712 -4.068054
v -4.120924 -1.428138 -3.936953
v -0.665268 0.371616 -3.007090
v -4.618441 1.765359 3.145220
v -5.158498 1.052433 0.075974
v -5.170843 0.897668 0.112489
v -5.275129 0.707083 0.133975
v -2.070589 3.030937 -4.178808
v -5.379522 0.612450 0.131963
v -6.494965 1.471228 -1.773679
v -1.241514 0.631478 2.384027
v -0.997387 0.465837 2.639791
v -1.077415 0.580859 2.619182
v -0.507576 -1.127488 -2.754921
v -5.185102 2.681684 3.303246
v -0.801619 1.458769 2.057713
v -0.905058 1.421523 2.067114
v -5.410548 1.943051 2.744878
v -5.471096 1.595522 -2.848305
v -5.110773 1.583146 -3.002170
v -3.996409 0.147659 -3.956678
v -3.811373 0.267982 -3.985524
v -0.475703 -0.671784 -2.849186
v -2.429854 0.539848 2.393169
v 1.004306 -0.214587 -0.059633
v -1.314824 2.863358 -3.490936
v -1.300864 2.960264 -3.457980
v -1.870609 -1.287046 -4.438033
v -2.034503 -1.323290 -4.546061
v -2.075266 -1.224565 -4.653013
v -1.908446 -1.229501 -1.671480
v -2.331509 -1.225645 -1.592582
v -1.734833 -1.248658 -1.006128
v -1.718130 -1.453505 -2.810166
v -6.290808 1.879616 -2.367441
v -6.377171 1.943623 -2.159798
v -4.990675 -1.227386 -1.764798
v -5.256875 -1.232881 -1.368070
v -3.681030 -0.990831 1.888869
v -3.264360 1.039266 1.658530
v -3.276971 1.242353 1.688077
v -1.162682 3.640045 -1.155965
v -5.585825 0.610632 -0.407974
v -5.613575 0.557888 -0.488614
v -5.623610 0.425979 -0.426704
v -0.650514 1.985332 -1.855371
v -0.497076 2.057410 -1.875471
v -0.772874 -1.291557 -3.597020
v -0.590305 -1.351308 -3.172019
v 0.718237 1.255947 0.145228
v -5.973130 2.428280 0.702029
v -5.946817 2.446458 0.917417
v -5.774212 2.486566 1.043015
v -5.278315 -0.646196 1.854824
v -3.461381 3.449200 -1.286596
v -3.820549 3.392013 -1.013532
v -3.610655 3.413874 -0.969466
v -5.753537 -0.100053 -1.595956
v -0.701903 -1.193196 1.054391
v -0.759407 -1.050676 1.136273
v -0.205982 0.425005 0.967797
v -2.021736 1.221641 -3.886724
v -0.799486 2.780097 1.714836
v -0.575686 3.000625 1.754774
v -5.490528 1.454923 2.074043
v -5.236502 1.493859 2.397952
v -5.374401 1.586901 2.278017
v -0.220106 -0.650742 -2.046039
v -0.338701 -0.420861 -2.008225
v -3.356380 1.651475 2.631293
v -3.078732 1.781144 2.791382
v -3.249312 1.675907 2.659335
v -6.302661 2.315617 0.003415
v -6.405429 2.292726 0.090236
v -6.268876 2.172928 0.172352
v -3.317117 0.788484 1.749983
v -3.671494 2.593111 -3.772991
v -3.114889 2.024496 2.616252
v -3.007598 2.782636 -4.216592
v -3.135915 1.331649 1.751950
v -2.843410 1.302590 1.858310
v 0.302940 3.113094 -0.432440
v 0.210178 3.120769 -0.534369
v -4.907662 0.905601 -2.871008
v -3.029853 3.335482 -3.877087
v -4.309031 -1.165735 -3.393548
v 0.588858 2.799681 -1.187042
v -2.327563 -0.618244 2.962882
v -2.543988 -0.756549 2.880910
v -4.486940 1.445172 3.094808
v -4.436438 1.427210 2.947757
v -3.016675 1.926080 2.726979
v -2.921160 3.606705 -0.138125
v -2.577651 3.630498 0.031494
v -2.565330 3.636455 -0.326306
v -2.844685 3.566050 -0.560695
v -2.951743 3.541515 -0.777420
v -3.016219 3.537397 -0.508592
v -1.483518 1.579429 -2.773503
v -1.332006 1.535460 -2.748417
v -1.236366 1.488097 -2.870553
v -2.868452 3.580675 -0.427448
v -3.294577 3.499943 -0.000317
v -3.248673 3.515709 -0.317619
v 0.291277 -1.050593 -0.493799
v 0.095176 -1.199066 -0.334520
v -2.150435 2.672269 -4.073651
v -1.962395 2.714549 -4.027002
v -1.893375 3.085560 -4.098830
v -4.224409 -0.219404 1.902863
v -4.076854 -0.153728 1.988296
v -4.046758 -0.463122 1.934172
v -1.716579 3.669868 1.214912
v -3.963891 1.519222 -3.598620
v -3.946716 3.347048 0.087269
v -0.744509 -1.345775 -3.432734
v -0.633919 -1.355945 -3.348859
v -0.765599 -1.506298 -3.358892
v -1.136779 2.911286 -3.122925
v -0.680000 -1.112483 -3.596458
v -6.174973 1.461841 -0.712414
v -0.399133 1.007027 -1.469901
v -0.275921 0.925245 -1.415331
v -0.252345 0.825165 -1.324371
v -2.841516 3.613699 -1.046747
v -2.451958 3.686500 -1.607452
v -5.497292 -0.927067 1.544506
v -0.160331 0.993242 -1.443621
v -0.154107 0.882658 -1.341931
v 0.542840 0.485583 0.777908
v 0.376266 0.253772 0.833073
v -1.498828 -0.723749 -4.506121
v -1.600569 -0.671420 -4.548845
v -0.454120 0.338528 -1.723978
v 0.041610 2.885353 -1.658881
v -0.159233 3.043422 -1.402691
v -2.857280 3.561371 -1.610848
v -2.753327 3.620806 -1.757324
v -0.274916 -0.733125 -2.355513
v -5.666364 0.186735 -2.040832
v -4.243745 0.885145 -3.480661
v -4.168958 0.803014 -3.621839
v -4.139636 0.616755 -3.687197
v -3.969942 0.648988 -3.803757
v 0.215994 1.795771 -1.754075
v -4.332187 -0.965522 1.857636
v -4.188514 -0.833677 1.923311
v -3.734706 -0.086109 -4.506763
v -4.857800 3.095115 0.541930
v -4.178350 3.304643 0.692140
v -4.329561 3.227915 0.669996
v 0.636483 0.114515 0.790014
v -5.959774 0.680870 -1.697724
v -5.847754 0.605952 -1.769018
v -5.895506 0.588340 -1.602753
v -3.030821 2.350331 2.617815
v -5.526632 1.602559 1.976174
v 0.731272 -0.674672 0.849554
v -4.812041 2.445100 3.356960
v -4.427861 2.493956 3.242285
v -4.685469 2.525018 3.270847
v -4.812106 2.654354 3.264962
v -3.313627 -1.471115 -3.452375
v -2.918116 -0.181555 -4.664865
v -2.821560 -0.033312 -4.724381
v -3.560360 1.546380 -3.801087
v -3.457755 1.709015 -3.922925
v -3.343374 1.802560 -3.819966
v -5.908660 0.568629 -1.439489
v -4.367744 -1.203942 -0.775304
v -4.170341 -1.189012 -0.654548
v -4.197056 -1.203875 -0.489576
v -1.172499 0.647480 2.542118
v -4.151345 1.235476 1.167517
v -1.420542 1.607939 -2.960834
v 0.447949 0.706527 -0.866724
v 0.513471 0.891063 -0.864208
v -5.879591 0.424637 -1.582753
v -5.776556 0.325288 -1.561589
v -5.773295 0.234661 -1.489003
v 0.490161 0.555123 -0.777806
v 0.517997 0.701568 -0.745977
v 0.439840 1.887662 0.073630
v 0.324778 1.817189 0.366616
v -1.738905 0.527587 2.921161
v -1.159041 1.392083 2.099799
v -1.688437 3.663328 -0.008425
v -1.778032 3.680883 -0.453833
v -2.924967 0.477680 -4.153453
v -2.962654 0.511499 -4.054213
v -3.193172 0.655972 -4.080631
v -0.755426 -0.167072 0.897219
v -0.619805 -0.232385 0.811850
v -0.432168 -0.677197 0.967734
v -0.514923 -0.174382 1.706868
v -4.935447 2.424890 3.326088
v -4.855144 2.205481 3.285971
v 0.947045 0.135101 -0.717742
v 0.951759 0.073357 -0.458313
v -3.290851 3.299276 -3.678440
v -0.679969 0.611796 -2.380593
v -0.711143 0.577854 -2.579159
v -2.535754 0.290776 2.906680
v -2.419394 0.298502 2.939115
v -5.682498 2.162830 1.700525
v -5.899038 2.044634 1.231918
v -3.240518 -1.388156 -4.655755
v -3.073013 -1.471557 -4.335611
v -3.090999 1.059582 -4.091055
v -3.047016 0.878826 -4.037211
v -1.369892 3.654765 -0.094338
v -1.405429 -1.201592 -4.110183
v -0.128764 -0.918683 0.911818
v -4.425041 0.935697 1.209821
v -4.528981 0.971204 1.220032
v -3.365200 0.854875 -4.095665
v -5.578803 -1.098101 -1.135267
v -5.459922 -1.173670 -1.349963
v -5.390094 -1.206425 -1.283283
v -5.168171 -1.251726 -1.043464
v -2.462674 1.006002 2.021393
v -6.132072 2.290523 0.704091
v -6.048611 2.126099 0.601145
v -1.040121 0.305017 -3.807957
v -0.850905 0.327133 -3.877096
v -1.073198 0.267273 -4.067304
v -1.234576 1.546772 -2.692485
v -0.409403 0.016288 1.016537
v -0.516292 -0.367105 0.932407
v -5.607656 -0.631890 -1.268981
v 0.248976 -0.542942 -0.870315
v 0.201891 2.748179 -1.604358
v -4.016097 -0.347162 1.938234
v -0.901615 0.679012 0.920078
v -3.712074 3.384387 -0.605215
v -3.188348 3.524848 -0.627442
v -3.444607 3.455858 -0.400109
v -3.701005 3.189977 -3.324027
v -3.559360 3.304340 -3.393192
v -0.625599 0.325576 -3.928881
v -1.050856 0.617172 1.041907
v -4.532767 3.169590 -1.295243
v -4.619721 3.154557 -1.139191
v -2.499530 2.894332 2.516806
v -2.288384 2.818359 2.390244
v -2.441421 2.940038 2.381955
v -1.815927 2.955275 2.214677
v -4.618584 1.214045 -2.997663
v -2.092744 2.105790 -3.998541
v -5.624714 -0.378857 1.327963
v -5.497754 -0.324816 1.484871
v -3.800541 3.389603 -1.343634
v -2.416955 2.081902 -3.928819
v -2.227494 2.074615 -3.857446
v -2.323071 1.990527 -3.831626
v -1.050567 0.235590 2.977772
v -5.635198 -1.155811 -0.457654
v -5.583791 -1.203222 -0.654412
v -3.676835 1.976958 2.938824
v -2.641715 -0.084987 2.830181
v -2.599788 -0.227361 2.871045
v -2.894578 3.130085 -4.076100
v -2.707370 3.272680 -3.995798
v -3.143836 1.161038 -4.076109
v -3.166033 1.329486 -4.022285
v -2.240615 -0.527057 -4.757603
v -2.027491 -0.626312 -4.761125
v -3.216197 3.465430 -2.668204
v -1.969431 0.777364 1.770779
v -0.789390 2.823035 1.814474
v -5.187557 0.139875 1.628600
v -5.073442 0.284325 1.501193
v -1.454431 1.767315 2.178224
v -1.369133 1.935495 2.158986
v -1.276724 1.929851 2.252194
v -1.010944 1.074264 -2.988247
v -1.010252 1.001069 -3.321325
v -1.098745 0.749093 -3.190012
v -1.033104 1.488670 -2.378103
v -0.258132 2.136865 -1.606160
v -0.117176 2.065150 -1.546799
v -4.459567 0.841387 -3.333881
v 0.061004 3.181553 -0.768469
v -0.027922 3.245806 -0.929542
v -4.059256 0.920981 1.293362
v -4.127150 0.847078 1.266477
v -0.422571 -0.150918 -3.325003
v -5.719202 0.656315 -0.890306
v -4.174427 2.635761 3.174301
v -2.053432 3.662722 -0.294180
v -1.905963 3.670763 -0.019221
v 0.921277 0.415806 -0.130896
v 0.824852 0.495200 -0.087960
v -6.125847 2.076548 0.715250
v -0.659503 1.472752 1.714824
v -2.664289 2.155640 2.393811
v -5.986665 1.992680 1.042482
v -6.099696 1.865397 0.795199
v -1.173996 -0.434544 2.816590
v -6.087167 1.432961 -2.416510
v -6.371602 1.550421 -2.453816
v 0.549739 -0.087868 0.871276
v 0.415631 0.114466 0.955138
v -1.107630 1.928230 2.250926
v -1.035138 1.930052 2.108928
v -5.389922 2.120113 -2.790287
v -5.665764 2.092233 -2.760252
v -4.583403 2.536368 3.199361
v -5.744204 2.297858 -2.386553
v -2.576779 3.556709 1.091877
v -3.069668 3.470399 1.417252
v -1.165057 -0.814643 2.577430
v -0.963271 -0.853045 2.351962
v -1.082156 -0.930872 2.279359
v -1.268087 -0.925275 2.447797
v -1.328513 -0.997155 2.355118
v -4.728842 3.077359 -1.363187
v 0.067390 0.736336 -1.086772
v -0.335924 1.068117 -1.632994
v -0.479039 0.933434 -1.543264
v -4.697793 3.113997 -2.254267
v -0.173649 1.656552 1.482210
v -0.365991 1.258029 -1.686517
v -6.089663 2.019588 0.802372
v -6.200185 0.909411 -1.691903
v -4.155158 1.965165 3.206027
v -3.964995 2.103452 3.059633
v -4.158401 2.069871 3.206376
v -6.141205 0.947602 -1.890917
v 0.566958 2.316130 -1.557048
v -0.790870 3.425405 -1.566659
v -0.539172 3.400221 -1.712558
v -1.279374 0.740671 -3.759300
v -1.248998 0.831677 -3.582632
v 0.354865 2.356923 -1.654001
v -3.797784 -1.262844 1.723835
v -4.083484 -1.272402 1.537615
v -4.755323 2.726677 -2.726899
v -4.879592 2.673703 -2.499738
v -0.954168 2.144099 1.927529
v 0.091742 1.956647 0.688904
v 0.984906 -0.654313 0.676451
v 0.948627 -0.547457 0.648155
v -5.423083 0.434503 0.611086
v -5.160142 0.527321 0.663552
v 0.721359 1.588984 -0.206395
v 0.572857 1.809946 -0.236991
v -5.444522 1.868792 -3.236413
v -5.612362 1.853762 -3.165972
v 0.180042 0.711906 0.930323
v 0.452266 0.470244 0.830653
v 0.406866 0.386010 0.685646
v 0.511027 0.449099 0.606130
v -4.627227 2.894019 2.692701
v 0.357017 0.366824 0.795191
v -4.849013 1.951716 -3.486815
v -2.050242 2.789153 2.307494
v -1.849746 2.785082 2.169098
v -1.723171 2.859674 2.166434
v -1.617590 2.851604 2.075408
v -1.821173 1.510792 1.853736
v -1.804888 1.613391 1.897967
v -5.650301 2.686355 -1.790356
v -5.642180 2.698923 -1.476937
v -2.616759 1.750176 -3.528096
v -2.761296 1.735421 -3.554989
v -3.903082 0.176186 1.888249
v -3.861623 0.299162 1.888970
v -0.836697 3.277461 -2.790841
v 0.411779 2.130030 -0.590389
v 0.327137 2.179966 -0.506608
v -3.365231 3.419156 2.096966
v -3.831177 3.335547 1.913008
v -3.020919 3.450631 2.067589
v -2.793810 -0.553092 2.267511
v -2.800898 -0.097080 2.348534
v -2.772950 1.631208 -3.610415
v -2.191211 3.660660 0.114700
v 0.298957 2.564100 -0.577137
v -5.814102 2.160802 1.493778
v -5.714840 1.937286 1.612775
v -5.609594 1.934066 1.764259
v -1.613600 2.974130 2.073901
v -2.089397 0.565680 2.329293
v -4.527639 0.822797 -3.173934
v -3.866041 3.458996 -2.433740
v -3.469445 1.429999 2.478718
v -0.617320 0.487505 -2.217640
v -0.686058 0.638767 -2.257121
v -5.175271 0.074623 -2.920137
v -5.388685 -0.060742 -2.773445
v -2.478397 1.566439 2.078441
v -4.811849 -1.321062 0.670692
v -4.234500 -1.269813 0.838903
v -4.453707 -1.261846 0.932322
v -3.061074 2.524824 2.603025
v -2.949205 2.210045 2.560802
v -2.512244 -1.274864 1.596605
v -4.139344 -1.438404 -3.504849
v -3.627095 -1.461537 -3.351955
v -4.020115 -1.492270 -3.477421
v 0.176523 1.920786 0.385426
v 0.433847 2.192485 -0.066063
v -1.725500 3.317688 2.150464
v -1.885263 3.282734 2.310554
v -1.691733 3.386633 2.311233
v -1.634882 3.462421 2.128610
v -0.388793 0.088522 -3.262726
v -0.449651 -0.044692 -3.120164
v -1.696255 3.691844 0.326599
v -0.512778 1.328615 1.379315
v -0.472730 3.614551 -0.445478
v -0.515824 3.608933 -0.311805
v -5.133836 -0.844673 1.778053
v -3.979458 -1.437633 -3.295730
v -4.110250 -1.416679 -3.330178
v -4.030782 -1.309675 -3.051944
v -2.207089 -1.456518 -3.612313
v 0.755245 0.300318 -0.898242
v 0.684128 -0.122776 -0.965015
v -0.789333 0.916551 1.636712
v -0.865863 0.865026 1.692930
v -3.371983 -1.455714 -4.596208
v -3.345448 -1.389558 -4.774307
v -2.177874 0.980761 -3.928052
v -2.010799 1.070314 -3.916735
v -0.478983 0.288665 -3.125160
v -0.459784 0.132649 -3.082413
v -0.485245 0.132945 -2.820334
v 0.307770 1.941369 0.415834
v 0.221122 2.005605 0.153896
v -3.081142 3.481646 -2.839740
v -3.313823 3.482284 -3.004390
v -0.773758 -0.727679 2.283192
v -0.823895 -0.622374 2.293129
v -0.642791 -0.575032 1.985465
v -4.253424 1.810621 -3.266212
v -0.322294 -1.360039 0.103367
v -3.480509 -0.740823 -4.956643
v -3.203737 -0.699320 -4.968795
v -2.645375 -0.563560 -4.826880
v -0.661118 0.404800 -3.162991
v -0.543818 0.325244 -3.021669
v -6.186793 2.692763 -0.355493
v -6.190552 2.709261 0.115393
v -6.346144 2.658689 0.018624
v -6.766525 2.176729 -1.365034
v -6.588710 2.262310 -0.677288
v -2.200475 1.721348 -3.613228
v 0.987614 -0.995506 0.615116
v 1.025101 -0.766002 0.633854
v -0.146805 0.749522 -1.240000
v -0.271645 0.735656 -1.165731
v -6.246594 1.158461 -1.328692
v -5.222242 -0.275083 -2.786214
v -2.262975 0.536321 2.483145
v -2.120755 -0.019902 -4.682266
v -5.640009 1.496846 1.521281
v -1.695483 1.204393 -3.702638
v -2.310408 1.024558 -3.942123
v -2.434769 1.080154 -3.839429
v 0.361601 1.355221 0.721966
v 0.742076 0.764810 0.918681
v -1.116927 -0.759143 -4.272643
v -1.288718 -0.633254 -4.302178
v -5.627645 1.330052 -0.529668
v -5.476318 1.219972 -0.265430
v -5.450430 1.234098 -0.062752
v -1.011168 -0.778831 -4.175896
v -5.494349 1.300113 -0.490138
v -5.606279 1.252726 -0.645416
v -4.757369 -1.047307 1.765249
v -4.680628 -1.094351 1.655339
v -0.378892 0.981358 0.918535
v -2.257214 1.410068 -3.742414
v -2.146666 1.355244 -3.789814
v -5.570105 0.271757 0.299900
v -5.545613 0.358157 0.236800
v 0.852873 0.749377 0.620552
v -2.058407 -0.862487 2.844278
v -6.166853 1.259260 -1.100968
v -3.879554 -1.376090 -3.228200
v 0.348340 3.260537 0.216372
v -5.658472 2.103975 2.636062
v -1.949812 2.701913 2.330059
v -1.736286 2.679753 2.186482
v -2.546185 3.008107 -4.053898
v -0.534526 -0.678354 -3.862159
v -0.436680 -0.439698 -3.805959
v -5.024161 1.229666 1.677019
v -5.196230 1.241767 1.491700
v -4.259432 0.842625 1.477164
v -4.086723 2.531877 -3.524968
v -4.093524 2.636584 -3.511881
v -4.415088 2.695349 -3.211816
v -3.981217 3.343636 -0.837827
v -5.457827 0.354491 0.400606
v 0.547513 -1.189142 0.666368
v -4.641962 -0.647308 -3.095713
v -4.198258 -1.192815 -3.782396
v -0.813008 -0.520673 2.426071
v -5.357507 -1.285881 0.389809
v -5.206348 -1.275170 0.450460
v -1.926477 2.361001 2.362179
v -1.782282 2.586633 2.155072
v -3.969535 2.049607 -3.785078
v -4.927402 0.242698 -2.846120
v -4.902280 0.114322 -2.834041
v -6.145391 2.325606 -1.716547
v -6.126306 2.373006 -1.597291
v -6.407266 2.253911 -1.538984
v -4.236113 -1.007285 1.853665
v -0.801677 -1.106322 1.731233
v -0.692827 -1.122173 1.635324
v -0.621292 -0.965007 1.675263
v -0.730389 -1.104744 -3.944683
v -0.975835 -1.266252 -3.949816
v -0.633029 -0.830507 -3.935790
v 0.413469 0.626160 -0.735744
v -5.160018 -0.024987 1.581971
v -1.294211 0.875712 2.091236
v -1.184533 0.784757 2.095504
v -1.626818 -0.234431 -4.644409
v -2.034584 -0.182325 -4.687527
v -1.911436 -0.337247 -4.680012
v -1.180684 1.465913 -3.260955
v -2.797842 3.516371 1.970603
v -3.572814 -1.375773 -4.380032
v -3.633341 -1.489984 -4.296431
v -3.472888 -1.432780 -4.531565
v -3.262169 1.599823 -3.849851
v -0.786541 1.321624 -2.007684
v -3.787169 -1.396856 -4.296129
v -0.780992 0.582442 -2.709315
v -0.872131 0.736371 -2.711231
v -0.727442 0.721559 -2.489557
v -0.931309 0.644880 -2.815089
v -4.972285 0.972069 0.957339
v -2.286524 1.789847 2.448284
v -5.494461 0.315853 0.674277
v -1.863546 -1.163617 2.289821
v -1.791759 -0.972239 2.567983
v -2.088740 -1.138173 2.307409
v -0.154810 -1.319734 -0.150887
v -0.050476 -1.225231 -0.200432
v -0.908604 0.118595 0.870492
v -0.587187 3.343739 -1.883613
v -3.465596 1.480695 2.607089
v -6.324209 2.002232 0.186098
v -6.413153 2.176952 0.112571
v -6.254333 1.658608 0.366491
v -1.989565 -1.276365 0.868437
v -5.489865 -0.116929 1.244574
v -1.853657 3.682346 -0.700129
v -0.288657 0.035889 1.031006
v 0.839496 -0.995957 0.913164
v -3.953580 1.364458 1.654155
v -0.148529 -0.849173 -1.606586
v -0.189041 -0.700204 -1.613407
v -1.917280 1.584623 1.993600
v -4.292885 1.875023 3.126957
v -0.822595 -1.143362 -3.858439
v -0.704461 -1.108990 -3.805379
v -3.464268 3.439306 -0.758705
v -3.755476 1.392953 2.216712
v -3.427457 1.446837 2.283431
v -3.689725 1.429677 2.332498
v -1.970638 3.674053 -0.731836
v -2.717120 2.249936 -4.096085
v 0.936613 -0.431373 -0.863903
v 0.802820 -0.547756 -0.946207
v 0.892570 -0.750270 -0.843609
v -5.850177 0.137244 -0.282226
v 1.001713 0.094093 0.051562
v -0.482579 -1.274748 -2.473695
v -0.314368 -1.208318 -2.212915
v -0.481826 -1.284358 -2.145822
v -5.598213 0.591353 -0.610114
v -2.549714 1.862721 2.558931
v -0.900656 3.544449 -1.425985
v -1.102110 3.632789 -1.314332
v -5.499875 -0.798154 -0.595918
v -3.589819 -1.288677 -4.793809
v -5.577018 -0.916362 -0.609417
v -5.606499 -1.099860 -0.646591
v -3.546082 3.428594 0.256962
v -0.721998 1.156887 -1.969135
v 0.938999 -0.224827 -0.836582
v 0.953119 -0.191878 -0.699673
v 0.969971 -0.428731 -0.727543
v -0.396364 2.182923 -1.806132
v -0.121120 3.064561 -1.191596
v 0.430007 -0.757153 1.013899
v -2.720961 3.612431 -0.311965
v -3.233510 0.846005 -4.160771
v -3.248190 0.791524 -4.064110
v -3.929578 2.698723 -3.665535
v -3.876818 2.797580 -3.680229
v 0.663284 0.912572 -0.794021
v -6.442512 2.511431 -0.650033
v -5.056518 -1.289896 0.707201
v -0.694374 -0.213795 1.406451
v -0.623118 -0.101290 1.497537
v -4.159248 3.292831 0.521283
v -4.600391 3.139325 0.797422
v -4.840334 3.087389 0.426981
v -4.758228 3.107008 0.793053
v -5.692815 1.237108 -2.151253
v 0.878767 0.608052 0.482254
v 0.722304 0.600095 0.523237
v -0.778767 -0.105802 1.455976
v -0.602056 -0.660558 1.892048
v -5.401892 0.090147 -2.556757
v -3.061352 3.091221 -3.968297
v -5.660881 -0.510196 0.459707
v -4.520985 3.175153 0.689432
v -4.904216 3.129874 -2.045249
v -4.933581 3.187138 -1.813745
v -5.557296 1.207965 0.043824
v -4.753939 1.302453 1.727155
v -0.370099 0.361185 0.958533
v -2.842140 2.756544 -4.166651
v -3.034918 2.635257 -4.214241
v -1.680442 0.770993 1.871151
v -1.704047 0.703410 1.776916
v -1.790773 0.776614 1.763806
v 0.969590 0.232378 -0.658815
v -4.969601 -1.194163 -2.359977
v -3.856025 -1.369938 -4.224989
v -2.450205 0.505068 -4.109227
v -5.927358 2.060678 -2.636325
v -1.199951 -1.434919 -2.558544
v -3.412674 3.291728 -3.332496
v -3.248661 3.316520 -3.536480
v -3.358957 3.358931 -3.251744
v -0.273506 0.325022 -1.105733
v -0.339422 1.281422 1.129994
v -0.631492 0.215754 -2.147273
v -0.779068 0.162347 -2.260989
v -3.386437 0.151975 -4.166757
v -3.389869 0.094575 -4.313703
v -1.092643 0.695207 2.295691
v -5.297815 1.279623 -2.724253
v -0.559154 0.099616 -2.201317
v -5.349555 -1.301956 1.162192
v -5.985004 1.841843 -2.670576
v -6.312788 1.700080 -2.556481
v -0.296551 3.456141 1.641860
v -0.711401 -0.563579 1.238573
v -1.129603 2.572301 -3.244295
v -1.718394 -1.035957 2.473353
v -6.896375 1.858593 -1.330211
v -6.926001 1.921317 -1.229933
v -2.417665 -1.041611 2.630579
v -2.354702 -1.145759 2.468222
v -2.503196 1.939143 -3.817478
v -1.393981 1.650228 2.159109
v -3.935679 -0.045428 -4.359159
v -0.462929 -0.194109 -2.112736
v -0.450463 0.008217 -1.744163
v 0.620574 2.021987 -1.514547
v -0.972980 2.454383 -3.134115
v -0.933382 2.559070 -3.034028
v -5.420025 0.161362 -2.435312
v -0.503995 0.099266 -1.956109
v -0.450335 -0.118124 -2.033201
v -2.535319 1.618146 2.253517
v -2.610177 1.629055 2.393499
v -6.276871 2.506475 0.115582
v -0.808929 3.681211 -0.436570
v 0.030719 1.261990 0.936574
v 0.074675 1.156830 0.911810
v 0.125828 1.307909 0.932016
v -0.193600 3.727567 0.660973
v -0.039214 1.015930 0.926228
v -0.137321 1.081386 0.923085
v -1.186443 -0.276152 3.007154
v -1.200753 -0.019245 2.997550
v -0.552046 3.359206 1.777785
v -0.503943 3.242868 1.838961
v -0.562539 3.104245 1.753029
v -0.625736 3.281816 1.782908
v 0.057513 2.801794 1.012672
v -0.756551 0.880927 -2.555107
v 0.486277 2.720913 -0.739049
v -4.852451 -0.825579 1.848455
v -6.028304 1.957845 0.692206
v -4.823253 1.176553 0.826977
v -5.859319 0.035239 -0.253572
v -4.222317 0.899726 1.185896
v -4.211186 1.026650 1.106166
v -3.357058 -1.233679 -4.952045
v -0.769293 2.510657 1.449935
v -2.830927 2.563219 -4.093609
v -1.247731 3.493792 -2.197709
v -1.160444 3.522990 -2.012237
v 0.107375 3.404425 -0.502530
v 0.192110 3.345206 -0.292847
v -4.916992 2.598704 -2.799977
v 0.203904 -0.837738 0.961818
v 0.769117 -1.174696 -0.309409
v 0.690691 -1.139408 -0.432741
v 0.154431 -0.281067 1.033567
v -0.022028 0.048986 1.014360
v -1.428775 0.640908 2.212152
v -1.777900 0.636792 1.893608
v -1.691455 0.609947 2.119001
v -0.238873 1.048284 0.962874
v -5.539673 2.595571 1.688142
v -3.046280 -1.452604 -3.709393
v -2.831417 -1.453464 -3.673710
v 0.631886 1.491786 -1.005890
v 0.688277 1.296047 -0.899527
v 0.822361 1.005538 0.043520
v -1.793727 -1.186814 -4.516439
v 0.529820 1.529670 -1.133724
v 0.149365 -0.474668 0.966517
v -0.870378 -0.249103 1.092792
v -2.887474 0.184869 -4.443045
v -3.068763 -0.013900 -4.644655
v -2.816193 0.262698 -4.460601
v -3.732834 -0.192566 1.781618
v -3.812286 0.343650 1.796942
v 0.037648 0.213745 0.886360
v -5.179111 -1.151941 1.472975
v -5.766891 -0.052610 -1.789559
v -5.787942 -0.465100 -1.617338
v -5.820495 -0.327888 -1.676228
v -5.695839 -0.054944 -1.280989
v 0.522832 1.018764 1.046767
v 0.592588 1.013662 0.959402
v -5.402766 2.581030 2.707026
v -0.660126 0.459964 1.894508
v -5.736695 0.510953 -1.164551
v 0.231521 0.223565 0.906507
v 0.149617 1.205041 -1.390531
v 0.817080 -1.015395 -0.621810
v -0.165489 0.726561 -1.068940
v -2.615866 0.413939 2.774761
v -5.362782 -1.311910 0.228841
v -1.744524 0.588206 -4.109973
v -6.310826 2.262192 -1.724710
v -4.070627 -1.242975 -2.838003
v -1.677386 1.741829 -2.773687
v -5.405034 0.484383 0.131989
v -2.039994 0.709996 2.644145
v 0.944524 -0.428201 0.526368
v 0.147698 2.126596 -1.577557
v 0.161333 2.175606 -1.708773
v -1.374058 -1.229959 -4.009516
v -4.427073 0.973021 -3.338475
v -4.578091 0.915260 -3.150641
v -4.162875 -0.943946 1.899519
v -1.246408 -1.301131 -3.898332
v -5.702304 -0.127000 -0.851207
v -5.582982 -0.214236 -0.768983
v -3.609144 2.529011 -3.840798
v -3.778019 1.953385 3.085410
v -1.336919 0.492624 2.699787
v -1.434751 0.599020 2.637078
v -5.586049 -0.332739 -0.821273
v -4.456168 0.341537 -3.450549
v -4.792721 0.789047 1.222578
v 0.655459 -0.600554 0.932661
v 0.482139 1.425555 0.306074
v 0.221575 1.407693 0.995192
v -5.533615 -0.417649 -0.800750
v -5.564604 -0.419613 -0.694503
v -3.487494 3.424701 2.171624
v -2.974495 2.516135 2.767859
v -0.078511 2.029339 -1.646479
v -0.204397 1.987824 -1.575196
v 0.023709 2.280814 0.414505
v -4.022504 1.399732 2.560051
v -3.946025 1.377380 2.273418
v -3.927145 1.375271 2.473520
v 0.215133 0.284447 -0.921882
v 0.319120 0.358746 -0.851176
v 0.692926 0.063322 0.586099
v 0.831773 -0.247285 0.619466
v -0.382803 -1.104576 0.786674
v -2.394794 3.609679 -2.778498
v -0.651961 3.560191 1.621150
v -2.580061 -0.628355 2.956639
v 0.911046 0.808786 0.410481
v -5.278249 1.745934 2.505345
v -1.000650 -0.408228 1.248465
v -0.653435 3.271744 -2.584356
v 0.791330 0.517966 -0.588667
v -5.228989 2.916649 -1.637434
v -1.442114 1.228223 -3.603827
v -4.401804 2.321836 -3.384785
v -0.602362 -0.415970 0.902484
v 0.150649 3.098294 -1.053916
v -0.527234 -1.077737 -2.649206
v 0.609147 1.790367 -0.785673
v -4.802453 1.714096 -3.039397
v -0.385987 2.766232 1.402500
v 0.173897 2.257778 0.171640
v 0.570262 0.466930 0.440129
v -4.686639 1.507804 -3.118852
v -1.024007 -0.228452 1.210165
v -0.920248 -0.202489 1.232434
v -3.485076 -1.520677 -3.856591
v 0.315642 3.352543 0.614807
v -0.881960 -0.311107 -4.245975
v -3.213812 -1.507068 -3.830380
v -3.198101 -1.469252 -3.944028
v -0.476694 0.967863 1.037350
v -0.312107 1.052223 1.176248
v -0.964683 -0.352202 1.158420
v -4.069839 0.898971 -3.708585
v -3.894753 0.924014 -3.794827
v -3.268119 -1.446159 -4.114819
v -0.639692 -0.400145 0.805069
v -1.225256 0.406303 -3.468269
v -5.375341 1.554734 -2.887935
v -4.902457 1.555111 -3.005657
v -5.176045 1.546283 -2.900268
v -4.709962 -0.030689 -2.951147
v -4.840214 -0.051355 -2.889988
v -2.452992 2.724464 2.472415
v 0.399854 -0.639331 -0.801064
v -0.632192 -0.610941 0.915373
v -0.701462 -0.198605 2.394858
v -0.740263 -0.050801 2.740565
v -0.664935 -0.143860 2.570495
v -0.935456 0.663765 1.941686
v -4.702209 2.488882 -3.059590
v -4.724890 2.684015 -2.950164
v -2.164485 -0.102011 -4.719048
v -2.358686 -0.130802 -4.694405
v -2.001782 -0.597147 2.879246
v -1.154376 0.422027 -3.372589
v -1.858569 1.238258 1.854839
v -1.770384 0.906313 1.770182
v -1.622788 1.020326 1.886248
v -1.770942 1.043429 1.750511
v -2.132787 -0.794420 2.886445
v -4.878219 2.790121 2.289063
v -4.960720 2.761533 2.409041
v 0.244437 2.985578 -0.969267
v -2.626907 0.238246 2.282763
v -5.541656 -0.381728 0.920401
v -5.625600 -0.546265 0.866599
v -1.613668 1.131183 1.932736
v 0.701490 -0.731578 -0.717686
v 0.811021 -0.832210 -0.701298
v -0.829066 -0.181823 -4.243848
v -4.922572 -0.336251 -2.748793
v -1.718828 1.708511 -2.892172
v -0.622110 -0.020963 1.573241
v 0.326687 3.158906 -0.542553
v -0.640396 -1.163624 -3.496927
v -0.477850 -0.673616 -3.762208
v -4.564408 -1.219277 1.464209
v -4.230705 -1.292062 1.343404
v -0.382792 2.130616 -1.587258
v -2.266609 1.508768 1.730532
v -2.315160 1.347786 1.716719
v -5.034973 2.639676 -2.480911
v -3.372811 0.284966 1.840181
v 0.515097 -1.267461 0.014235
v -0.243608 2.483302 1.017975
v -0.110006 2.442533 0.774576
v 0.050774 2.434687 0.505636
v -6.240774 2.062109 0.162691
v -5.605346 0.122405 -2.183703
v -4.189302 -0.900371 -4.157978
v -0.698636 1.401080 1.784894
v -3.939127 -1.294433 1.498311
v -3.541747 -1.196258 -0.994414
v -3.693794 -1.189912 -0.625179
v 0.245742 2.649993 -0.424515
v 0.348874 2.636219 -0.271656
v -3.217562 0.175299 -4.256000
v -3.228576 0.342818 -4.230181
v -0.118596 3.009504 1.545744
v -0.386886 -0.126549 -1.897070
v -0.262297 -0.282095 -1.653009
v -0.205969 -0.480558 -1.632702
v -0.315527 -0.154694 -1.666976
v -1.193704 -1.259703 1.644854
v -1.320141 -1.299947 1.746671
v -5.873440 2.791176 -0.382281
v -5.747906 2.826137 -0.215908
v -5.943280 1.301278 -1.975235
v -4.676123 0.829523 1.164087
v -5.777371 2.472755 -1.374123
v -3.446292 -1.297752 -4.615612
v -5.321334 0.153738 1.145397
v 0.525239 1.518938 -1.566636
v 0.503616 1.645607 -1.464487
v -4.111569 -1.278780 -3.847084
v -5.589828 1.327649 -0.077779
v -5.700799 1.313790 -0.012144
v 0.653172 0.372477 0.419043
v -5.638801 1.328074 0.197379
v -5.759476 1.355261 0.090229
v -2.622181 -0.894310 2.215604
v -1.349034 -1.372660 -3.815683
v -5.519354 2.914155 -0.252815
v 0.347597 3.051954 0.270776
v 0.314925 3.160205 0.325601
v -1.602167 1.592740 -2.778416
v -5.238528 -0.912202 1.568621
v -5.203904 -1.062494 1.553308
v -5.105618 -0.999400 1.609478
v -2.265090 -0.707505 2.808531
v 0.687473 -0.013143 0.740297
v -3.132811 -0.118833 -4.634695
v -1.023255 1.869715 -2.353617
v 0.514345 2.112023 -0.421233
v 0.361766 2.491625 -1.613536
v -0.766357 0.263920 -2.547975
v -0.727287 0.324649 -2.695976
v -5.578393 -0.048143 0.722875
v -6.266464 1.838135 0.228814
v -6.422427 1.870689 0.030172
v -6.349818 1.881607 0.175100
v -1.992215 1.475253 -3.741438
v -2.058666 1.328041 -3.834764
v -5.491919 -0.992260 0.534423
v -3.148782 -0.843678 -4.997257
v -1.795445 0.459585 2.970982
v -4.271419 -1.198804 -1.678788
v -2.234567 -1.525302 -3.313466
v -5.790495 0.705627 -2.108635
v -3.490189 1.304993 1.457044
v -1.564569 1.562420 -2.671661
v -2.292509 -0.789104 -4.806897
v 0.693819 1.165049 0.222422
v -5.264661 0.397152 0.819962
v -1.026513 0.760322 -2.911568
v -3.923234 2.564239 -3.619502
v -3.772212 2.478188 -3.732948
v -0.006269 2.309972 0.571513
v -3.183308 -0.421462 -4.883622
v -4.008436 1.534946 2.956339
v -3.928399 1.512076 2.796551
v -4.594839 1.376551 2.879958
v -4.091921 2.998526 2.937938
v -4.003878 3.037336 2.908968
v -0.545712 -1.237794 0.699941
v 0.565217 1.137632 -1.159128
v -2.985425 -1.520903 -4.287443
v -5.720803 2.833114 0.172035
v -5.059938 0.823253 0.567879
v -4.260645 1.155054 1.004835
v -1.529470 0.864405 -3.755447
v -2.140938 -1.503600 -3.200738
v -4.073078 -1.060339 -4.667624
v -4.051177 -0.962051 -4.792217
v -3.593452 1.421034 2.447543
v -5.225024 1.656983 2.510842
v -1.022398 1.338010 -2.900256
v -5.805745 1.321508 1.046444
v -5.555702 -0.669326 -1.186957
v -5.713483 1.810567 1.646025
v -5.018277 2.007486 -3.371472
v -5.557861 2.242223 -2.592273
v -5.519108 2.126830 -2.717726
v -3.210356 3.530691 -1.851685
v -6.036945 2.790950 -0.117308
v -0.699616 -0.383168 1.372125
v -1.502568 -1.520991 -3.220880
v -1.460785 -1.469424 -3.037630
v -1.567373 0.249086 2.994964
v -5.676197 -0.825134 -1.673289
v -1.356537 1.532024 -2.904828
v -2.655498 -1.442250 -3.392197
v -2.509569 -1.455726 -3.537450
v -4.859397 0.656244 -2.943911
v -4.991552 0.448421 -2.874029
v -1.921666 2.069952 -3.923805
v -4.656980 1.144958 1.326158
v -2.168112 0.592715 2.402535
v -0.933860 0.908660 1.828359
v -1.518790 0.582306 2.478101
v 0.193465 2.740519 0.722663
v -2.928661 -1.566788 -4.632035
v -4.277775 3.168861 2.700997
v -6.029328 2.392762 0.435783
v -0.476460 -1.304426 -0.386850
v -3.766044 -1.280621 1.405442
v 0.985749 -0.096737 -0.667293
v -1.182301 0.335275 -3.912614
v -3.887727 3.359225 0.386432
v -5.579027 -1.105894 -1.265136
v -2.395735 -1.474460 -3.574551
v -0.127479 -0.551751 -1.464657
v -5.488090 -1.034326 -1.454595
v -0.812189 -1.107906 -4.030879
v -0.729210 -1.006036 -4.005055
v -4.620313 3.146067 -0.925184
v -1.350285 1.457284 2.226552
v -0.885813 3.676047 0.348791
v -3.350467 0.898550 1.652432
v -5.314260 -0.111355 -2.831562
v -1.894711 -1.265807 1.949907
v -5.487221 -0.779033 -2.245944
v -5.570182 -0.648669 -2.274904
v -6.127015 1.364762 -1.927982
v 0.111933 0.294036 -1.050556
v -0.257357 3.005318 1.607063
v -3.852886 0.965271 1.477654
v -1.112017 1.379177 -3.225659
v -0.883481 2.790359 -2.901838
v -0.792044 0.416240 -2.574516
v -0.477067 -0.707837 -2.679428
v -3.279191 -1.523362 -4.472611
v -3.528935 0.048185 -4.268171
v -1.256953 2.968180 -3.548681
v -0.409973 -0.781172 -2.532134
v -0.308546 -0.749741 -2.453538
v -0.440154 0.116792 -3.370241
v -5.657487 0.958412 -2.193681
v -2.315583 1.064804 1.844187
v -0.339317 -0.845189 -2.395582
v -3.105508 3.471258 -3.143934
v -6.477450 1.921153 -2.229806
v -1.953682 0.675938 1.830861
v -1.876070 0.637064 1.943582
v -1.810705 0.604910 2.167688
v -4.236343 -0.132089 -4.028132
v -1.332750 -1.072500 2.179485
v -4.007047 -1.041499 1.806043
v -4.154052 -0.995963 1.711949
v -1.557638 2.031730 2.019105
v -5.774495 1.823532 -2.863679
v -2.285635 1.109214 -3.814847
v -2.157058 1.212547 -3.831250
v -4.268012 0.297760 -3.634756
v -0.270716 3.389814 -1.039931
v 0.602391 -1.250566 0.539841
v -0.801232 0.930263 1.903077
v -1.994935 -1.121253 2.436704
v -5.653238 -0.092536 -1.167148
v -3.422105 3.436644 -1.035735
v 0.005999 1.973450 0.837950
v -1.846994 2.634264 2.250867
v 0.335152 2.974198 -0.664371
v 0.409454 2.965169 -0.824296
v -5.865903 2.812319 -0.173861
v 0.497427 2.788045 -0.653977
v -5.136391 1.037570 0.438838
v -5.104154 0.844010 0.388497
v 0.338426 2.255307 0.057200
v -4.354876 -0.128829 1.858071
v -0.721639 -0.290364 2.518890
v -1.775408 -1.111292 2.239276
v -4.675510 -0.007511 1.814048
v -3.222931 1.195205 -4.005662
v -3.351506 1.192885 -4.010779
v -1.191731 1.403260 -2.833287
v -0.235854 0.242604 0.880872
v -0.106773 2.989724 -1.553964
v -0.239312 3.030843 -1.492457
v -4.516237 3.159108 -1.012927
v -4.367757 -0.757791 1.901258
v -2.633984 1.578964 -3.606784
v -4.593235 3.185070 0.889641
v -4.744877 3.130979 0.998734
v -4.617589 3.151697 1.516113
v -0.959004 3.298359 -2.844667
v -0.204448 3.056218 1.516226
v -4.520092 -0.841665 1.963692
v -4.575021 -1.226907 -2.835952
v -1.511559 0.162182 -4.477795
v -5.056090 0.885213 -2.756295
v -4.971924 0.762845 -2.800124
v -5.835039 2.433027 -1.912780
v -5.478996 -0.891866 -0.631913
v -2.729645 -1.476108 -3.753899
v -5.813213 0.395040 -1.457687
v -0.869661 1.296305 -2.568984
v -0.647485 2.181088 -3.158511
v -4.810905 2.539414 3.235449
v -5.001595 2.506660 3.303098
v -3.715590 1.037349 1.508178
v -3.783557 0.837249 1.598298
v 0.074833 -0.655451 -1.145458
v -6.230359 2.517832 -1.093302
v -6.233268 1.040267 -1.836383
v -0.408717 -0.566764 -3.051293
v -0.391299 -0.674444 -3.174780
v 0.601691 -1.211209 -0.068333
v 0.256143 3.073785 0.581447
v -0.683006 3.371478 1.753328
v -0.316927 -0.163231 -3.814029
v -5.246751 0.802713 0.068825
v -6.913593 1.736658 -1.677772
v -3.935891 0.610864 1.745905
v -4.025171 0.586382 1.693053
v -2.364706 -0.938097 -4.723237
v -2.307429 -1.241205 -4.735940
v -2.107932 -1.404101 -4.570326
v -3.994290 1.355340 2.086935
v 0.941631 -0.049714 -0.005229
v 0.994883 0.139242 -0.053126
v 0.965642 0.262477 -0.082585
v -1.376887 -0.314752 -4.433006
v 0.957547 -0.062934 -0.115921
v 0.665275 -0.120033 0.834530
v 0.554197 0.016718 0.916318
v 0.693064 1.577441 -0.875688
v -2.001077 -0.308378 2.961717
v -1.671690 -0.397180 2.984221
v -2.061575 -1.039279 2.554049
v -0.744579 -1.255108 -1.051553
v -0.778628 -0.376765 2.532121
v -5.540387 -0.620874 -1.041938
v -2.409030 2.563226 -4.037733
v -5.659893 0.653616 -0.801852
v -1.259432 0.611524 -3.751789
v -2.066032 0.479404 -4.282611
v 0.410148 0.778892 0.946838
v -5.641591 0.277616 -2.323149
v 0.109989 2.026855 -1.655116
v -3.343764 -0.369186 1.954666
v -1.931360 0.513726 -4.335429
v -0.815050 3.086234 -2.861147
v 0.285526 0.759208 0.931516
v -4.243954 2.587644 -3.444614
v -4.716779 1.144227 0.929355
v -2.142581 -1.266061 2.042435
v -1.805824 -1.237573 2.082937
v -5.503723 -0.863418 -2.054223
v -5.387081 -0.993638 -2.084755
v -5.259182 -0.910614 -2.288983
v -0.176062 2.394986 0.884377
v 0.940452 -0.337962 -0.312077
v -0.733050 -1.309593 -2.817319
v -3.308376 3.351149 2.226342
v -0.074949 0.660320 -1.099656
v 0.037628 0.576650 -1.074893
v -3.668472 0.915327 1.601701
v -3.518205 0.972654 1.552436
v -6.058025 2.387489 1.122424
v 0.547585 1.859697 -1.129851
v -1.787594 -0.743530 2.933508
v -0.747441 0.801197 -1.782086
v -0.765599 0.242167 -3.995756
v -3.427121 3.389179 -2.935188
v -1.137809 -1.209171 -1.599102
v -1.268665 3.620650 -1.066406
v -0.535756 0.251798 -1.969902
v -2.522038 2.287302 -3.950307
v -6.205663 0.977930 -1.254347
v -6.280496 0.989775 -1.338014
v -0.646923 0.453646 2.042185
v -4.706440 0.376204 1.519378
v -3.833509 0.001159 -4.299249
v -1.808613 2.041029 -3.744856
v 0.239342 1.743843 0.372455
v -1.333336 -1.275450 -2.161402
v -2.216016 3.672680 -1.522272
v -5.171556 2.963544 1.706455
v -5.564873 -0.425368 1.515039
v -0.537674 3.674282 0.237421
v -4.893848 0.388803 1.412673
v -0.460281 1.720593 -1.834342
v -5.478285 -1.011133 -1.598645
v 0.129047 1.682360 0.758786
v -1.835458 2.507720 2.270980
v -2.064066 -1.420931 -3.625625
v -1.971456 1.383658 1.830278
v 0.149998 3.548814 1.317119
v -2.603329 0.081824 2.492779
v -0.777640 -0.892416 -4.046364
v -2.403106 -0.298620 -4.752478
v -4.804050 3.082935 1.622431
v -0.880271 0.859522 -2.757184
v -0.954723 0.759597 -2.800458
v -1.757408 2.667427 -4.040406
v 0.299802 1.397799 0.867455
v -6.061808 2.412097 1.002855
v -2.741198 -1.033311 -4.837695
v -2.622781 -1.026228 -4.787436
v -4.626436 1.598784 3.225384
v -1.423207 3.699357 1.050033
v -1.419254 -0.555890 -4.470497
v -5.559531 -1.050697 0.922298
v -3.687360 -1.448142 -3.263888
v -4.487438 1.358638 2.871319
v -2.143838 3.657962 0.365423
v -2.364125 -0.710563 -4.804316
v -2.817872 3.054721 -4.152564
v -6.855376 2.126050 -1.271164
v -1.916852 -1.375602 -2.599618
v -1.228990 -0.765714 -4.356185
v -5.402485 -0.893947 -2.183410
v -1.515436 -0.879070 -4.484235
v -0.077413 -1.001005 0.850292
# 4418 vertices

vn -0.671438 -0.178031 0.719281
vn -0.592219 -0.006969 0.805656
vn -0.435313 -0.359094 0.825500
vn 0.274625 -0.075094 0.958531
vn 0.162375 0.209063 0.964281
vn 0.265875 0.119750 0.956469
vn -0.029219 0.044188 0.998563
vn 0.037875 0.136281 0.989906
vn -0.098156 0.334031 0.937375
vn -0.035406 -0.524719 0.850469
vn -0.659500 -0.554688 0.507250
vn 0.277063 -0.614031 0.738906
vn 0.115188 0.761281 0.638000
vn 0.185219 0.782313 0.594594
vn 0.159688 0.712656 0.683031
vn 0.275656 0.858938 0.431469
vn 0.819313 0.394031 0.416281
vn 0.270438 0.785781 0.556188
vn 0.109063 -0.883125 0.456156
vn 0.176375 -0.857844 0.482563
vn 0.307875 -0.840031 0.446656
vn 0.070688 0.960031 -0.270719
vn -0.078094 0.996063 -0.041375
vn 0.096375 0.993375 -0.061656
vn 0.841344 -0.157688 0.516906
vn 0.894188 -0.386969 0.224688
vn 0.853594 -0.385188 0.350469
vn 0.436344 0.321063 0.840469
vn 0.368750 0.183500 0.911188
vn 0.341844 0.270938 0.899719
vn 0.785250 0.580281 0.215594
vn 0.969250 0.245875 -0.002469
vn 0.902344 0.392781 0.177219
vn -0.926813 -0.235375 0.292406
vn -0.697469 -0.182563 0.692906
vn -0.987625 -0.156594 -0.000531
vn -0.546531 -0.331688 0.768875
vn 0.913156 -0.403156 -0.059875
vn 0.986625 -0.133219 0.093313
vn 0.981438 0.150188 -0.118906
vn -0.540688 -0.030813 0.840594
vn -0.385344 -0.220188 0.896031
vn -0.596438 -0.191813 0.779281
vn -0.381938 0.915344 0.127031
vn -0.455000 0.864125 0.214625
vn -0.532875 0.639719 0.553813
vn -0.667844 0.723938 0.172469
vn -0.651781 0.757000 0.045688
vn -0.787313 0.304188 0.536219
vn 0.553688 0.831375 0.046750
vn 0.264031 0.921656 -0.284156
vn 0.427188 0.826813 -0.365656
vn 0.118906 -0.574750 0.809563
vn 0.507031 -0.706906 0.492938
vn -0.002875 -0.090031 0.995875
vn -0.577000 0.301750 0.758875
vn -0.493969 0.234375 0.837219
vn -0.412469 -0.190969 0.890688
vn -0.900156 -0.284656 0.329469
vn -0.870188 -0.254969 0.421594
vn -0.867375 -0.312813 0.386875
vn -0.180688 -0.471875 0.862906
vn -0.209906 -0.094031 0.973156
vn -0.301375 -0.120250 0.945844
vn 0.556406 0.249906 0.792406
vn 0.760844 0.290688 0.580063
vn 0.650594 0.128063 0.748469
vn -0.604875 -0.192969 0.772563
vn -0.409500 -0.125594 0.903594
vn 0.243781 -0.038375 0.969063
vn -0.059250 -0.981094 0.184000
vn -0.171000 -0.730344 0.661219
vn -0.057094 -0.766156 0.640063
vn -0.222188 0.201594 0.953875
vn -0.349156 0.382250 0.855469
vn -0.404875 0.169188 0.898531
vn -0.858563 -0.443563 0.257031
vn -0.982500 -0.084188 0.165906
vn -0.597438 -0.534813 0.597313
vn 0.069156 -0.463594 0.883313
vn -0.091281 -0.097438 0.990969
vn 0.032156 -0.248281 0.968094
vn 0.316875 0.008594 0.948406
vn 0.281875 -0.126000 0.951063
vn 0.335063 -0.119344 0.934563
vn -0.876375 0.424344 0.227563
vn -0.094156 -0.880094 0.465219
vn -0.204500 -0.505375 0.838281
vn -0.463469 0.064938 0.883656
vn -0.132594 0.255688 0.957563
vn -0.328156 0.013875 0.944500
vn 0.552375 -0.055094 0.831688
vn 0.453375 0.078719 0.887781
vn 0.351562 -0.000188 0.936156
vn 0.102156 0.919469 0.379500
vn 0.378406 0.833625 0.402281
vn 0.408250 0.307656 0.859375
vn -0.087563 0.115313 0.989438
vn -0.201063 0.393875 0.896875
vn -0.164250 0.696063 0.698875
vn -0.639500 0.496250 0.587094
vn -0.881375 0.235375 0.409500
vn -0.231906 -0.585688 0.776563
vn 0.570938 0.322969 0.754750
vn 0.678031 0.537531 0.501188
vn 0.275656 0.200188 0.940094
vn 0.769844 0.327469 0.547625
vn 0.935531 0.102469 0.337938
vn 0.903594 0.206813 0.375094
vn -0.213375 0.366781 0.905469
vn -0.408469 0.308688 0.858938
vn -0.394250 -0.096500 0.913844
vn 0.485000 0.742594 -0.461781
vn 0.967625 0.184000 -0.172469
vn 0.929344 -0.302938 -0.210719
vn 0.141000 0.902750 0.406188
vn -0.012063 0.982063 0.188094
vn -0.243625 0.897875 0.366531
vn -0.487938 0.720250 0.492938
vn -0.090750 0.544375 0.833875
vn -0.128281 -0.881719 0.453875
vn -0.204125 -0.917844 0.340375
vn 0.040031 -0.687688 0.724813
vn -0.750750 -0.276844 0.599688
vn -0.967969 0.123531 0.218125
vn -0.666531 0.129313 0.734031
vn -0.670219 0.596656 0.441188
vn -0.977844 0.124375 0.168156
vn -0.125969 -0.804563 0.580281
vn 0.034063 -0.606875 0.794000
vn -0.059719 -0.798281 0.599281
vn -0.774625 0.549781 0.312375
vn -0.231063 0.481063 0.845656
vn -0.407875 0.258438 0.875625
vn -0.278688 0.388438 0.878250
vn -0.317094 0.948125 0.021500
vn -0.203500 -0.356875 0.911656
vn 0.077094 -0.277156 0.957656
vn 0.105656 -0.182500 0.977500
vn -0.194000 -0.908844 0.369063
vn -0.317375 -0.891156 0.324000
vn -0.028781 -0.962563 0.269469
vn -0.282594 0.958750 0.029188
vn -0.257375 0.965906 0.026281
vn -0.321969 0.942688 -0.087063
vn -0.045688 0.045781 0.997813
vn -0.339563 -0.744094 0.575281
vn -0.612719 0.034469 0.789469
vn -0.486000 0.411281 0.771031
vn -0.996188 0.020688 0.084688
vn -0.341250 0.939875 0.002188
vn -0.787188 -0.346063 0.510375
vn -0.057188 -0.992938 0.103094
vn 0.122719 -0.991969 0.029594
vn 0.693000 0.385781 0.609000
vn 0.957438 -0.247938 0.147188
vn 0.898938 -0.124469 0.419969
vn 0.151875 -0.958875 -0.239500
vn -0.410469 -0.806063 0.426250
vn -0.109781 -0.587563 0.801625
vn 0.714281 -0.327188 0.618594
vn 0.904906 0.422688 0.049594
vn 0.919156 0.393375 0.017594
vn 0.048344 -0.937375 0.344719
vn -0.152750 -0.866406 0.475313
vn -0.138969 -0.989969 0.024969
vn -0.634281 -0.227094 0.738906
vn 0.015906 0.674688 0.737844
vn -0.163969 0.667969 0.725875
vn 0.487125 -0.650688 0.582344
vn -0.856750 0.388125 0.339438
vn -0.285969 0.958000 0.018188
vn -0.314500 0.634844 0.705594
vn -0.227156 -0.888000 0.399563
vn 0.007219 -0.998344 -0.055594
vn -0.389594 -0.231875 0.891250
vn 0.236813 0.121594 0.963844
vn 0.246094 0.140000 0.958969
vn 0.217094 0.079656 0.972844
vn 0.018656 -0.997250 -0.071625
vn -0.004250 -0.999781 -0.018781
vn -0.009156 -0.999656 -0.023563
vn -0.852625 0.205156 0.480344
vn -0.656219 -0.754531 0.002781
vn -0.091375 -0.993219 -0.071625
vn -0.278188 -0.935750 -0.216688
vn -0.844500 -0.436500 -0.310250
vn -0.930531 -0.363375 -0.044188
vn -0.930438 -0.343188 -0.127875
vn 0.062781 -0.994031 -0.089000
vn -0.230781 -0.968281 -0.095375
vn -0.560531 -0.745750 0.359750
vn -0.773188 0.585813 0.242781
vn -0.930406 -0.366188 0.015250
vn -0.994438 -0.101031 0.026594
vn -0.959281 -0.277375 -0.051688
vn -0.949094 -0.118594 0.291656
vn -0.877031 0.288344 0.384156
vn -0.955469 -0.016188 0.294594
vn -0.875313 0.356000 0.326969
vn -0.985844 0.167344 -0.007438
vn -0.588844 -0.758875 0.277813
vn -0.853406 -0.354250 0.382250
vn -0.911313 0.201656 0.358813
vn -0.839188 0.476875 0.261281
vn -0.657000 0.098563 0.747375
vn -0.928688 -0.009250 0.370688
vn -0.822000 -0.270281 0.501188
vn -0.163844 0.981438 0.098969
vn -0.212375 0.975875 0.049844
vn -0.138563 0.987938 0.068344
vn 0.797375 -0.492781 0.348281
vn 0.849563 -0.506938 0.145469
vn 0.757469 -0.510188 0.407156
vn 0.799219 0.558906 0.221000
vn 0.827031 0.320563 0.461563
vn 0.821688 0.320344 0.471281
vn -0.814344 0.514188 0.268969
vn -0.994969 0.086094 0.050875
vn -0.911781 0.264094 0.314281
vn -0.634500 0.592438 0.496250
vn -0.690313 0.697156 0.193000
vn -0.549344 0.707031 0.445188
vn -0.956219 0.096688 0.276094
vn -0.866406 0.004375 -0.499281
vn -0.883656 0.309344 0.351281
vn -0.712531 -0.440531 0.546000
vn -0.676750 -0.696281 0.238875
vn -0.873000 -0.446656 0.195688
vn -0.678156 -0.731219 0.072469
vn -0.771563 -0.508344 0.382250
vn 0.956656 0.088094 -0.277438
vn 0.820719 0.235375 -0.520375
vn 0.990656 0.129906 0.041156
vn -0.941406 -0.230781 0.245875
vn -0.645594 0.054938 0.761688
vn -0.886156 -0.052875 0.460156
vn 0.958313 0.149438 0.243406
vn 0.965375 0.223469 0.134375
vn 0.755313 0.545000 0.363906
vn 0.840594 0.283781 -0.461250
vn 0.957875 -0.277719 -0.072469
vn 0.888344 0.364125 -0.279563
vn 0.093219 -0.964938 -0.245063
vn 0.181125 -0.949219 -0.257094
vn 0.259219 -0.944531 -0.201250
vn -0.776125 0.294688 0.557375
vn -0.786875 -0.443344 0.429188
vn -0.576469 0.314969 0.753906
vn -0.031438 0.999344 0.016031
vn 0.035094 0.999188 0.019469
vn 0.089844 0.995656 -0.022969
vn 0.815094 0.402875 0.416156
vn 0.944219 0.059969 0.323656
vn 0.994781 0.081000 -0.061156
vn 0.843531 0.352531 0.405031
vn -0.118375 0.992938 0.004188
vn 0.957000 0.102875 0.271188
vn 0.689000 0.175969 0.702969
vn 0.842094 -0.019500 0.538906
vn -0.022250 0.998344 0.051281
vn 0.009094 0.999219 -0.035969
vn 0.016031 0.998438 0.053281
vn 0.386438 0.880844 -0.273250
vn 0.768094 0.370969 -0.521781
vn 0.689656 0.591250 -0.417969
vn -0.205969 0.978250 0.023719
vn -0.158094 0.986531 0.039781
vn -0.246688 0.968844 0.020813
vn -0.203469 0.975656 0.081375
vn -0.275375 0.958531 -0.073063
vn -0.379281 0.914563 -0.140375
vn -0.364250 0.904906 -0.219969
vn 0.011688 -0.999406 -0.032156
vn -0.008594 -0.999875 0.000531
vn -0.007875 -0.999875 -0.012781
vn -0.060594 0.742719 -0.666750
vn -0.252469 0.967531 0.010750
vn -0.192188 0.981000 0.025688
vn -0.275438 0.961250 -0.004375
vn -0.345156 0.934875 0.081781
vn -0.030375 -0.999438 -0.005844
vn -0.036938 -0.999188 0.015750
vn -0.010094 -0.999781 0.017188
vn 0.007188 0.388875 -0.921219
vn 0.459250 -0.319594 -0.828750
vn 0.059250 0.280969 -0.957875
vn 0.539906 -0.017594 -0.841469
vn 0.029594 -0.018594 -0.999344
vn 0.602531 0.094156 -0.792406
vn 0.429344 -0.462938 -0.775375
vn 0.163219 -0.417844 -0.893656
vn -0.100500 -0.014156 -0.994781
vn -0.380469 -0.910156 -0.163625
vn -0.608688 -0.693563 -0.385188
vn -0.700281 -0.663188 -0.264094
vn -0.021094 -0.825906 -0.563344
vn 0.078000 -0.684438 -0.724813
vn -0.067094 -0.353281 -0.933031
vn 0.865531 -0.435000 -0.247906
vn 0.088906 0.179250 -0.979688
vn 0.545219 -0.138156 -0.826688
vn 0.188094 -0.898969 -0.395375
vn 0.554875 -0.824500 -0.110781
vn 0.321156 -0.941813 -0.098781
vn 0.873000 0.487563 0.008156
vn 0.700813 -0.288188 -0.652438
vn 0.947688 -0.318625 0.016188
vn 0.988813 -0.016344 -0.147813
vn 0.806188 -0.398469 -0.437281
vn 0.780594 -0.593281 -0.196531
vn -0.019500 -0.999094 0.037344
vn -0.017063 -0.999750 0.012063
vn 0.994781 0.075000 0.068563
vn 0.973375 0.162188 -0.161781
vn 0.958844 0.283906 -0.002188
vn 0.685438 0.723063 0.085094
vn 0.773844 0.620750 -0.125188
vn 0.698094 0.704813 -0.126000
vn -0.074188 -0.939438 0.334469
vn -0.297938 -0.869125 0.394563
vn -0.114875 -0.942250 0.314438
vn 0.917281 0.189875 -0.349969
vn 0.890719 -0.204125 -0.405844
vn 0.711344 -0.677281 -0.187500
vn 0.432594 -0.894594 -0.112000
vn 0.568344 -0.814875 -0.113281
vn 0.555750 -0.809125 -0.190375
vn 0.521469 -0.844156 -0.124156
vn 0.981000 0.168500 -0.095781
vn 0.945406 0.230656 -0.230031
vn 0.880406 0.367875 -0.299188
vn 0.827125 -0.401094 -0.393500
vn 0.608938 -0.670344 -0.423969
vn -0.012000 -0.999625 0.024094
vn 0.490375 -0.864250 -0.112031
vn -0.890594 0.158094 -0.426375
vn -0.867375 0.095469 -0.488375
vn -0.972313 0.082000 -0.218750
vn 0.839813 0.431563 -0.329188
vn 0.927938 0.124250 -0.351281
vn 0.858281 0.493156 -0.141375
vn 0.912531 0.308844 -0.267781
vn 0.951906 0.189281 -0.240531
vn 0.943656 0.323344 0.069563
vn 0.221375 0.955906 -0.192844
vn 0.131781 0.985969 -0.102281
vn 0.221625 0.967750 -0.119344
vn 0.536656 0.301156 -0.788188
vn -0.277281 -0.827969 0.487344
vn -0.132375 -0.926719 0.351594
vn -0.302875 -0.802719 0.513563
vn -0.197281 -0.566719 -0.799875
vn -0.360438 -0.632563 -0.685438
vn -0.141781 -0.408469 -0.901656
vn -0.190688 -0.763656 0.616750
vn 0.020375 -0.962781 0.269469
vn 0.712219 -0.044188 -0.700469
vn -0.046750 -0.991188 0.123844
vn -0.219156 -0.937469 0.270281
vn -0.085594 -0.993031 0.079969
vn 0.146375 -0.462938 -0.874125
vn 0.355625 0.722094 -0.593313
vn 0.599594 -0.229781 -0.766594
vn 0.799906 -0.011688 -0.600000
vn 0.923906 0.125969 -0.361031
vn 0.891469 0.227156 -0.391969
vn 0.497969 -0.850750 -0.167875
vn 0.941500 -0.190781 -0.277500
vn 0.832656 -0.334406 -0.441281
vn -0.485188 0.567031 -0.665563
vn -0.372656 0.648313 -0.663906
vn -0.620000 -0.203469 -0.757656
vn 0.984156 0.022094 0.175563
vn 0.989031 0.043875 0.140781
vn 0.989688 0.121188 0.076250
vn 0.489469 0.860781 -0.139156
vn 0.688031 0.698438 -0.196906
vn -0.062688 0.986500 0.151094
vn 0.963969 -0.155781 -0.215594
vn 0.206781 -0.938563 0.276094
vn 0.058281 -0.994875 0.082531
vn 0.023375 -0.984688 0.172688
vn -0.381656 -0.591125 0.710469
vn -0.642094 -0.766375 0.016344
vn -0.301969 -0.874875 0.378563
vn -0.258063 -0.925344 0.277594
vn 0.119750 0.578219 -0.807031
vn 0.291594 0.370156 -0.881938
vn 0.985438 0.083031 0.148188
vn 0.409813 -0.795219 -0.446813
vn 0.443063 -0.882688 -0.156375
vn 0.962438 0.259688 -0.078719
vn -0.182281 -0.983156 -0.000875
vn 0.087875 -0.923031 0.374500
vn 0.147188 -0.940188 0.307000
vn 0.090125 -0.911000 -0.402281
vn 0.270438 -0.931719 -0.242094
vn 0.129469 -0.985656 -0.107906
vn 0.667406 -0.736844 0.107281
vn 0.339781 -0.894594 -0.290188
vn 0.583313 0.111594 -0.804531
vn 0.317094 -0.886063 -0.337938
vn 0.944531 0.326688 -0.031969
vn 0.700906 0.707875 -0.086656
vn 0.928344 -0.081594 -0.362563
vn 0.475563 0.347000 -0.808250
vn 0.478781 0.715875 -0.508125
vn -0.707875 0.360438 -0.607375
vn -0.574219 0.527438 -0.626063
vn -0.523750 0.529938 -0.666875
vn -0.001000 -0.987813 -0.155594
vn -0.298281 -0.948406 -0.107281
vn 0.182281 0.951906 -0.246094
vn 0.294375 0.890250 -0.347469
vn 0.225531 0.967531 -0.113688
vn 0.359375 0.895906 -0.261063
vn 0.876469 -0.387844 -0.285188
vn -0.967219 0.022688 -0.252906
vn -0.927813 -0.060375 -0.367875
vn -0.989781 -0.105469 -0.095188
vn 0.482406 -0.860406 -0.164188
vn -0.130125 -0.988250 -0.079750
vn -0.381656 -0.887250 -0.258875
vn 0.878125 -0.393281 -0.272281
vn 0.997563 -0.016281 -0.067313
vn 0.996844 0.037188 0.069875
vn 0.189469 -0.981875 0.002094
vn 0.167094 -0.974156 -0.151719
vn 0.075438 -0.997063 -0.007594
vn 0.985438 0.009250 0.169594
vn 0.684344 -0.698438 0.209063
vn 0.854813 -0.372969 0.360656
vn 0.650281 -0.737813 -0.180688
vn 0.774156 -0.074406 0.174906
vn 0.893094 -0.010969 -0.449688
vn 0.293063 -0.943094 -0.157000
vn 0.999188 -0.034375 -0.020688
vn 0.614469 -0.602313 -0.509313
vn 0.094969 0.991969 -0.083250
vn 0.103188 0.987938 0.115188
vn -0.035188 0.991625 -0.124156
vn 0.285250 0.273813 -0.918469
vn 0.501188 0.194875 -0.843063
vn 0.347469 0.344063 -0.872156
vn -0.029656 -0.992500 -0.117781
vn 0.094469 -0.992281 -0.079969
vn 0.093094 -0.980781 -0.171250
vn 0.372500 -0.080563 -0.924469
vn 0.238063 0.636281 -0.733781
vn 0.704500 0.042344 -0.708406
vn 0.157469 -0.106469 -0.981750
vn 0.082625 -0.883000 -0.462000
vn 0.196688 -0.351281 -0.915344
vn 0.017781 0.504000 -0.863469
vn -0.034875 0.455281 -0.889625
vn 0.210094 0.487563 -0.847313
vn 0.004875 0.866844 -0.498469
vn 0.305063 0.611750 -0.729813
vn -0.060375 -0.648281 -0.758969
vn -0.248688 -0.569094 -0.783719
vn 0.057594 -0.865219 -0.497969
vn -0.084688 0.467875 -0.879656
vn 0.438313 0.754313 -0.488656
vn 0.225531 0.854375 -0.467969
vn -0.153781 -0.981875 -0.110188
vn 0.263719 -0.849906 -0.456094
vn 0.000500 -0.957656 -0.287688
vn -0.824406 -0.516250 -0.231469
vn -0.899938 -0.373844 -0.224094
vn -0.793469 -0.476063 -0.379063
vn 0.575063 0.792063 -0.204688
vn 0.224063 0.966031 -0.128469
vn 0.933594 0.286563 -0.214844
vn 0.560750 -0.795000 -0.231063
vn 0.577344 -0.736188 -0.352969
vn 0.505813 0.303906 -0.807281
vn 0.458219 0.193844 -0.867375
vn 0.149875 0.443563 -0.883563
vn 0.297031 0.946375 -0.126781
vn 0.013375 0.971094 -0.238188
vn 0.832094 -0.435094 -0.343844
vn 0.861969 -0.379500 -0.335969
vn 0.916969 -0.353344 -0.184969
vn 0.306688 -0.247469 -0.919031
vn 0.133219 -0.656125 -0.742688
vn -0.057000 -0.223469 -0.972969
vn -0.056375 -0.498906 -0.864781
vn 0.056469 -0.146563 -0.987500
vn -0.259219 -0.086219 -0.961906
vn 0.694438 0.463844 -0.549969
vn 0.800844 -0.196125 -0.565750
vn 0.962094 0.263125 0.071219
vn -0.203094 -0.499281 0.842219
vn -0.489469 0.384969 0.782313
vn 0.318063 -0.947031 -0.042188
vn 0.252094 -0.954094 -0.161594
vn 0.308188 -0.927188 -0.212781
vn 0.525156 0.131094 -0.840813
vn 0.356094 0.150688 -0.922188
vn 0.423875 -0.084063 -0.901781
vn -0.247531 0.736844 -0.629000
vn -0.191813 0.787406 -0.585688
vn -0.266688 0.897344 -0.351438
vn -0.240313 -0.968531 -0.063938
vn -0.117063 -0.901781 -0.415938
vn -0.336250 -0.936063 -0.103094
vn 0.017500 0.164375 -0.986219
vn 0.030469 0.196313 -0.980031
vn -0.055750 0.713188 -0.698656
vn 0.991594 0.068844 -0.109375
vn 0.993906 -0.099781 -0.045375
vn 0.996625 -0.015906 0.080156
vn -0.150188 -0.542188 -0.826594
vn 0.029656 -0.467000 -0.883656
vn 0.013500 -0.415844 -0.909281
vn 0.805875 0.591250 0.029188
vn -0.220781 -0.957313 0.186469
vn 0.122719 -0.884531 0.449969
vn -0.184813 -0.980344 0.068125
vn -0.587438 -0.803375 0.096500
vn -0.499938 -0.823219 0.268656
vn -0.479156 -0.858281 0.183594
vn -0.311781 -0.223875 0.923375
vn -0.350906 0.011688 0.936281
vn -0.397344 0.008500 0.917594
vn 0.486844 0.077875 0.869969
vn 0.532656 -0.086438 0.841875
vn 0.604469 0.154094 0.781563
vn -0.267344 -0.952344 -0.146281
vn -0.597438 -0.765281 -0.239281
vn -0.528500 -0.836250 -0.145750
vn -0.935000 -0.146781 0.322688
vn -0.897438 -0.144469 0.416656
vn -0.979875 -0.144719 0.137125
vn -0.088500 0.953313 0.288563
vn -0.205094 0.729688 0.652219
vn -0.178438 0.964844 0.192594
vn 0.749188 -0.261969 0.608281
vn 0.601875 0.154594 0.783406
vn 0.495063 -0.649844 0.576594
vn 0.359750 -0.332344 0.871719
vn -0.381563 -0.301250 0.873781
vn 0.157188 -0.488094 0.858500
vn -0.823656 -0.558469 -0.098375
vn -0.999438 -0.013656 -0.028469
vn -0.597000 -0.701594 0.388938
vn -0.789250 0.609688 0.072469
vn -0.826688 0.526031 0.199406
vn -0.905125 0.406563 0.123969
vn 0.365875 -0.908406 -0.201875
vn 0.424844 -0.900375 0.093625
vn 0.714938 0.565188 0.411438
vn 0.973844 0.156844 0.164250
vn 0.720875 0.276094 -0.635625
vn -0.012344 0.280375 -0.959719
vn 0.597094 0.293125 -0.746625
vn 0.005094 0.378938 -0.925344
vn -0.142656 0.367656 -0.918906
vn -0.109563 0.360875 -0.926094
vn 0.274063 -0.769625 0.576563
vn 0.254750 -0.945406 0.202875
vn 0.075219 -0.994563 0.071094
vn 0.422188 0.175281 0.889313
vn -0.093844 -0.567250 0.818125
vn 0.195312 -0.150469 0.969063
vn -0.233938 0.203531 -0.950625
vn -0.208875 0.559219 -0.802188
vn -0.386281 0.251563 -0.887344
vn -0.154781 0.983813 -0.090125
vn -0.201188 0.979375 0.018219
vn -0.339188 0.792750 -0.506375
vn -0.531094 0.131500 -0.837000
vn -0.286281 0.216875 -0.933250
vn -0.648094 0.209469 -0.732063
vn -0.654469 0.064531 -0.753250
vn -0.617500 0.180688 -0.765469
vn -0.657969 0.134031 -0.740969
vn -0.015750 -0.999188 -0.036938
vn -0.018188 -0.999781 0.006750
vn -0.048875 -0.998688 -0.012344
vn 0.945625 -0.236781 0.222656
vn 0.937688 -0.138750 0.318406
vn 0.902000 -0.263375 0.342000
vn -0.983156 -0.077781 0.165063
vn -0.954750 -0.092281 0.282594
vn -0.867594 0.000781 0.497156
vn -0.888625 0.013000 0.458375
vn -0.424563 0.728063 -0.538063
vn -0.553688 0.595375 -0.582125
vn -0.457188 0.833281 -0.310750
vn -0.401188 0.915688 0.022375
vn -0.257750 0.963188 -0.075844
vn -0.472594 0.869969 -0.140594
vn -0.606500 0.030188 0.794469
vn 0.019781 -0.999750 -0.009688
vn -0.096094 -0.995313 0.003469
vn -0.002688 -0.999969 -0.000250
vn 0.055750 -0.834156 0.548594
vn 0.029656 -0.942906 0.331688
vn -0.022688 -0.985781 0.166281
vn 0.675750 0.737063 0.005844
vn 0.611063 0.789781 -0.052969
vn 0.927406 0.373469 0.020094
vn -0.158688 -0.511688 -0.844375
vn -0.107688 -0.078406 -0.991063
vn 0.006750 0.019219 -0.999781
vn -0.157063 0.505750 0.848188
vn 0.494781 0.216063 0.841688
vn -0.418875 -0.311469 0.852938
vn 0.404938 0.086656 0.910156
vn 0.278750 -0.115938 0.953313
vn 0.815406 0.254000 0.520063
vn 0.901000 0.393594 0.182344
vn 0.687125 0.258781 0.678813
vn -0.181125 -0.011844 0.983375
vn 0.121875 -0.004000 0.992500
vn -0.867938 0.034063 -0.495375
vn -0.636375 -0.406125 -0.655688
vn -0.582219 -0.012656 -0.812906
vn -0.930000 0.142656 0.338594
vn -0.868875 0.222375 0.442156
vn 0.617938 0.632656 -0.466688
vn -0.005594 0.807813 -0.589406
vn -0.004688 0.605031 -0.796094
vn 0.156438 0.981531 -0.109469
vn 0.580500 -0.461469 0.670781
vn 0.370688 -0.494875 0.785906
vn 0.402063 -0.634281 0.660250
vn 0.672625 0.386875 0.630719
vn 0.560281 0.303250 0.770719
vn 0.852625 0.243781 0.462063
vn 0.642875 -0.762469 0.072156
vn 0.591781 -0.802406 -0.076781
vn 0.526125 -0.838406 0.141594
vn -0.199219 -0.978500 -0.052969
vn -0.309563 -0.948438 0.067313
vn -0.163188 -0.986531 -0.006281
vn -0.155594 0.967094 0.201188
vn -0.146375 0.972531 0.180906
vn -0.257156 -0.609375 0.749969
vn -0.204094 -0.884719 0.418938
vn -0.193031 -0.938250 0.286781
vn 0.492500 -0.584938 0.644313
vn 0.666219 -0.382156 0.640281
vn 0.616094 -0.685219 0.388375
vn 0.809344 -0.575188 -0.118375
vn 0.897438 -0.415563 0.147594
vn 0.061719 0.987500 0.144719
vn -0.702344 0.536656 -0.467500
vn -0.618250 0.316000 -0.719594
vn -0.716750 0.198375 -0.668469
vn -0.854156 -0.031844 -0.518969
vn 0.025688 0.996500 -0.079031
vn -0.082188 0.996500 0.008375
vn -0.034688 0.997063 0.067719
vn 0.926094 0.330594 -0.181719
vn 0.917313 0.311188 -0.248281
vn 0.014375 0.060063 -0.998031
vn 0.323563 -0.427875 -0.843844
vn -0.054156 0.033438 -0.997938
vn -0.160156 -0.934563 0.317688
vn -0.047688 -0.990969 0.124781
vn 0.017188 -0.996844 -0.077188
vn -0.033813 -0.999219 -0.020094
vn -0.690719 0.016875 -0.722844
vn -0.937031 -0.098656 -0.334938
vn -0.970375 -0.183375 -0.156844
vn -0.972750 0.136500 0.187000
vn -0.876188 0.452688 0.165281
vn -0.929969 -0.362063 0.063594
vn 0.268875 -0.655375 -0.705719
vn 0.227500 -0.256781 -0.939219
vn -0.001688 -0.388063 -0.921531
vn 0.168781 -0.966469 -0.193188
vn 0.246094 -0.807781 -0.535563
vn -0.563688 0.722281 -0.400656
vn -0.304281 0.944531 -0.123125
vn -0.314875 0.942469 -0.111594
vn -0.448188 0.797188 -0.404344
vn -0.488000 0.743906 -0.456469
vn -0.476813 0.662844 -0.577219
vn -0.778750 0.379375 -0.499563
vn -0.817156 0.413781 -0.401094
vn -0.803688 0.260281 -0.535000
vn -0.927063 -0.086938 0.364469
vn -0.927719 0.173094 0.330438
vn -0.933375 -0.024438 0.357906
vn -0.077094 0.192406 0.978250
vn 0.000875 0.108094 0.994125
vn -0.139156 0.152938 0.978281
vn -0.075438 0.312969 0.946719
vn 0.520781 0.776969 -0.353656
vn 0.463625 0.583656 -0.666531
vn 0.180281 -0.332875 -0.925531
vn -0.152688 0.986406 0.059250
vn -0.204563 0.978063 0.037719
vn -0.137531 0.990406 0.010531
vn -0.101250 0.961031 0.256938
vn -0.080563 0.842313 0.532875
vn -0.216281 0.964938 0.148375
vn -0.092594 0.124156 -0.987906
vn -0.705469 0.067625 -0.705469
vn -0.143906 0.086750 -0.985750
vn 0.992594 -0.112344 -0.045281
vn 0.993438 0.007594 -0.113969
vn 0.168375 -0.985094 -0.034875
vn 0.166094 -0.984156 -0.060781
vn 0.070813 -0.966125 0.248094
vn 0.133219 -0.981969 0.133969
vn -0.107406 -0.989469 0.096813
vn 0.067313 -0.986406 -0.149656
vn -0.665969 -0.703875 -0.246906
vn -0.865750 -0.417250 -0.276188
vn -0.779906 -0.467219 -0.416375
vn 0.043469 -0.998906 -0.010531
vn 0.036781 -0.999219 -0.006063
vn 0.042688 -0.998906 -0.013938
vn -0.191188 -0.795219 -0.575281
vn -0.329844 -0.057969 -0.942156
vn -0.168781 -0.712438 -0.681063
vn 0.282656 0.109969 -0.952875
vn 0.259469 0.157688 -0.952781
vn 0.542156 0.277875 -0.792969
vn -0.337000 0.941375 -0.013781
vn -0.327938 0.939750 0.095875
vn -0.186875 0.978063 0.091469
vn -0.259969 0.962656 0.075125
vn -0.681375 -0.486594 0.546656
vn -0.807281 -0.474281 0.351063
vn -0.908500 -0.405375 0.100625
vn -0.915781 -0.242781 0.319750
vn 0.937375 -0.041781 -0.345688
vn 0.950906 -0.090750 -0.295781
vn 0.866844 0.223656 -0.445469
vn 0.920875 0.204125 -0.332063
vn 0.935188 0.219563 -0.277719
vn 0.962563 0.043688 -0.267344
vn 0.127656 0.622375 -0.772125
vn 0.637031 0.612156 -0.468344
vn 0.556844 0.417188 -0.718188
vn 0.600563 0.717219 -0.353281
vn -0.131344 0.796656 -0.589938
vn 0.194688 -0.856656 0.477625
vn 0.192781 -0.937344 0.290125
vn -0.089594 -0.386656 0.917844
vn -0.659781 -0.048344 0.749875
vn -0.347906 -0.717094 0.603906
vn -0.321969 0.151500 -0.934531
vn -0.399281 0.438313 -0.805219
vn -0.230406 -0.146281 -0.962000
vn -0.422188 0.452938 -0.785156
vn -0.570375 0.332188 -0.751188
vn -0.611406 0.785344 0.096188
vn -0.328063 0.928813 -0.172000
vn -0.501719 0.863250 0.054781
vn -0.585156 0.705500 0.399625
vn -0.862281 0.161594 -0.479813
vn -0.825625 0.348344 -0.443625
vn -0.830906 -0.549781 0.085375
vn -0.824063 -0.319594 0.467656
vn -0.631500 -0.615438 0.471500
vn 0.977531 -0.028625 -0.208594
vn 0.989656 -0.140188 0.029656
vn 0.862844 0.375625 0.338156
vn 0.860094 0.276469 0.428688
vn 0.815750 0.306563 0.490375
vn 0.059656 0.226750 -0.972094
vn 0.019219 0.261656 -0.964938
vn 0.207375 0.124375 -0.970250
vn -0.736313 -0.653063 -0.176594
vn -0.664375 -0.698438 -0.265656
vn -0.970156 -0.131156 -0.203688
vn 0.100813 0.977531 -0.184781
vn 0.234156 0.964188 -0.124250
vn 0.648500 0.679563 -0.342813
vn -0.095969 0.988375 0.117688
vn -0.089313 0.995875 0.011781
vn -0.061094 0.996281 0.059344
vn -0.584938 -0.612188 -0.531875
vn -0.828656 -0.032938 -0.558688
vn -0.939875 -0.008094 -0.341250
vn -0.920125 0.067938 -0.385563
vn -0.369656 0.818656 -0.439281
vn -0.199000 0.810188 -0.551281
vn -0.078625 0.649063 -0.756594
vn 0.122281 0.202094 -0.971656
vn -0.509281 0.832219 -0.218750
vn -0.551750 0.723625 -0.414438
vn -0.848281 0.137938 -0.511156
vn -0.882156 0.226688 -0.412688
vn 0.878906 0.168563 -0.446156
vn 0.791531 -0.155625 -0.590906
vn 0.613906 0.418344 -0.669250
vn -0.012344 0.226281 -0.973938
vn 0.166875 -0.291969 -0.941719
vn 0.466781 -0.634438 -0.616063
vn -0.000094 0.551188 -0.834281
vn -0.099469 0.670000 -0.735563
vn -0.189938 0.500500 -0.844594
vn 0.126594 0.213813 -0.968594
vn 0.157188 0.350188 -0.923375
vn 0.028469 0.933156 -0.358281
vn 0.130094 0.847656 -0.514281
vn -0.022563 0.987500 -0.155375
vn 0.151313 0.817250 0.555969
vn 0.193656 0.786656 0.586031
vn -0.007375 0.934563 0.355625
vn 0.273250 0.915344 0.295563
vn -0.090344 -0.793156 -0.602188
vn -0.106688 -0.589625 -0.800563
vn -0.167875 -0.746844 -0.643313
vn -0.514969 -0.067500 -0.854469
vn -0.449469 0.155188 -0.879656
vn -0.338469 -0.120875 -0.933156
vn -0.409281 0.873656 0.262906
vn -0.418938 0.904031 0.084469
vn -0.248344 0.682031 0.687813
vn -0.962219 0.078281 0.260688
vn -0.999438 -0.019094 0.026906
vn 0.901563 0.141188 0.408781
vn 0.882250 0.000531 0.470750
vn 0.598188 -0.781125 0.178781
vn -0.701156 0.180688 -0.689656
vn -0.813250 0.130938 -0.566813
vn -0.766688 0.263375 -0.585375
vn -0.277656 -0.645813 -0.711125
vn -0.347000 -0.429844 -0.833500
vn -0.225875 -0.520063 -0.823656
vn 0.006750 0.195063 0.980750
vn -0.294375 0.458000 0.838750
vn 0.094656 0.337875 0.936375
vn -0.975438 0.216000 -0.043063
vn -0.925438 0.370219 -0.079250
vn -0.893875 0.436344 -0.102375
vn 0.115000 -0.984906 0.129094
vn 0.192594 0.585813 0.787188
vn 0.060063 0.635406 0.769719
vn -0.079969 0.839844 -0.536781
vn 0.266750 0.565531 -0.780344
vn 0.907875 -0.096813 -0.407875
vn 0.845000 -0.264750 -0.464563
vn 0.931625 -0.341344 -0.124250
vn 0.201188 -0.978719 -0.039656
vn 0.129719 -0.980563 0.146969
vn 0.375750 -0.920219 -0.109063
vn 0.010094 -0.999875 -0.009250
vn 0.048719 -0.998344 -0.030219
vn 0.030500 -0.999125 -0.026750
vn -0.835500 0.425781 0.347250
vn -0.945312 -0.024281 -0.325063
vn -0.885500 0.398688 -0.238406
vn -0.938781 0.313563 -0.142188
vn -0.845469 0.132812 -0.517125
vn -0.830500 -0.406563 0.380688
vn -0.960156 0.190375 0.204344
vn -0.696813 -0.437219 0.568438
vn -0.630594 -0.768875 0.105250
vn -0.275750 -0.903063 0.329188
vn -0.746281 -0.618594 0.245656
vn 0.356281 0.933000 0.050250
vn 0.343094 0.928906 0.139156
vn 0.230781 0.968938 -0.088375
vn 0.320781 0.947031 0.007188
vn 0.947656 0.298969 -0.111813
vn 0.971563 0.129313 -0.197969
vn 0.912500 0.260188 -0.315531
vn 0.996406 -0.082219 -0.018781
vn -0.960594 0.180094 0.211500
vn -0.690188 0.313688 0.652094
vn -0.611406 0.516031 -0.599813
vn -0.787063 0.201469 -0.582969
vn -0.590375 0.089844 -0.802063
vn -0.688344 -0.514813 -0.510906
vn -0.701906 -0.436500 -0.562813
vn 0.707781 0.549125 -0.444281
vn 0.960250 -0.020094 -0.278406
vn 0.891656 -0.208875 -0.401563
vn 0.983031 -0.152531 -0.101656
vn -0.193250 0.667156 -0.719375
vn -0.316063 0.468469 -0.824969
vn -0.440188 0.871719 -0.214844
vn -0.611969 0.270875 -0.742938
vn -0.541750 0.149781 -0.827031
vn -0.586563 0.674031 -0.448875
vn 0.672719 0.088781 0.734469
vn 0.630750 0.014250 0.775781
vn 0.992719 -0.117281 -0.025156
vn 0.988594 -0.136500 -0.062031
vn 0.986313 -0.050313 0.156781
vn -0.242188 -0.820094 0.518406
vn -0.709594 -0.377969 0.594594
vn -0.564313 -0.787000 0.249156
vn -0.931844 -0.305594 0.195281
vn -0.149000 -0.988688 0.016344
vn 0.623563 -0.648438 0.436563
vn 0.231688 -0.229594 0.945281
vn 0.157688 -0.511156 0.844813
vn 0.553688 -0.794469 0.249281
vn 0.846344 -0.407875 0.342375
vn 0.571688 -0.762563 0.302563
vn 0.800219 -0.147406 -0.581156
vn 0.597656 -0.284000 -0.749656
vn 0.468250 -0.165875 -0.867813
vn 0.198781 0.136094 -0.970469
vn 0.257375 0.039000 -0.965469
vn -0.031750 0.835156 0.549000
vn 0.105563 0.602844 0.790781
vn -0.090031 0.713844 0.694406
vn 0.082625 0.257469 0.962656
vn -0.023281 0.813781 0.580594
vn 0.050781 -0.375000 -0.925625
vn 0.080688 -0.912188 -0.401688
vn 0.042094 -0.781969 -0.621844
vn 0.356531 -0.158094 -0.920750
vn -0.680750 -0.063094 -0.729688
vn 0.998469 -0.014750 0.053281
vn 0.995219 0.085688 0.046750
vn 0.991375 0.062281 0.115219
vn 0.234781 -0.961125 0.145125
vn 0.246000 -0.968281 -0.043219
vn 0.046000 -0.998688 0.020688
vn 0.227375 0.331844 0.915469
vn 0.120344 0.518406 0.846563
vn 0.443281 0.514500 0.734000
vn -0.592750 -0.289875 0.751375
vn -0.640500 -0.158500 0.751375
vn -0.828125 -0.165406 0.535469
vn -0.962000 -0.240313 0.129094
vn -0.962344 -0.200594 0.183156
vn -0.886375 0.054875 0.459688
vn 0.980875 -0.194281 -0.009688
vn 0.880844 0.196938 0.430281
vn 0.678344 0.336688 -0.652969
vn 0.617250 0.494125 -0.612156
vn 0.789250 0.356531 -0.499875
vn -0.956594 -0.269188 0.111281
vn -0.912969 -0.373781 0.163438
vn -0.964813 0.033594 0.260688
vn -0.953219 -0.292313 0.075938
vn -0.294250 0.953000 0.071844
vn -0.799031 -0.265781 -0.539156
vn -0.961125 0.267844 -0.065563
vn 0.497000 -0.867281 0.027000
vn 0.150000 -0.988594 0.011500
vn 0.388125 -0.909813 -0.146563
vn -0.379281 -0.924469 0.038438
vn -0.399125 -0.915438 0.050656
vn -0.288781 -0.955375 0.061719
vn -0.204094 -0.139156 0.968938
vn -0.422031 0.116656 0.898969
vn -0.120656 0.013063 0.992594
vn 0.497656 0.106969 0.860656
vn 0.450781 0.100719 0.886906
vn 0.261375 0.110375 0.958875
vn -0.608688 0.165063 -0.776000
vn -0.584063 -0.075844 -0.808031
vn -0.749875 -0.325281 -0.575938
vn -0.788625 0.493375 -0.366781
vn 0.303594 -0.759281 0.575500
vn 0.349156 0.174875 0.920563
vn 0.292406 0.354813 0.888000
vn 0.012344 0.200031 0.979688
vn 0.305156 -0.951375 0.039875
vn -0.007688 -0.983719 0.179406
vn -0.023844 -0.910344 0.412969
vn -0.048719 -0.892531 0.448219
vn -0.090344 -0.224281 0.970250
vn 0.123750 -0.245594 0.961344
vn -0.281063 0.015875 0.959500
vn 0.767969 -0.506375 0.392031
vn 0.814188 -0.407156 0.413781
vn 0.839156 0.236000 0.489938
vn 0.254063 -0.927938 -0.272406
vn 0.118281 -0.982813 -0.141625
vn 0.180094 -0.983156 -0.030063
vn -0.916000 -0.393750 0.075656
vn -0.838719 -0.540094 0.069281
vn 0.814000 0.172469 0.554469
vn 0.538906 0.342156 0.769625
vn 0.760719 0.274281 0.588188
vn 0.096375 0.476063 0.874000
vn -0.776000 -0.411000 -0.478406
vn -0.876719 -0.131094 -0.462656
vn -0.831438 -0.332063 -0.445406
vn -0.890688 -0.260344 0.372594
vn 0.543719 -0.212969 0.811719
vn 0.453969 -0.084063 0.887000
vn 0.054375 0.864781 0.499125
vn 0.389688 0.524469 0.756938
vn 0.086000 0.894938 0.437813
vn -0.449375 0.729375 -0.515719
vn 0.297344 -0.298281 -0.906875
vn -0.067500 -0.332344 -0.940625
vn 0.434063 -0.325188 -0.840031
vn 0.751375 -0.593188 -0.288938
vn 0.856313 -0.408031 -0.316344
vn 0.931313 -0.356156 -0.075438
vn 0.359469 0.919781 -0.157188
vn -0.010188 -0.889406 0.456844
vn -0.002188 -0.660250 0.750969
vn 0.038688 -0.997938 0.050156
vn 0.277969 -0.938656 0.203938
vn -0.231281 -0.971563 -0.049188
vn -0.249375 -0.256500 0.933781
vn 0.167531 -0.738156 0.653406
vn 0.109250 0.215594 0.970250
vn 0.139781 -0.434500 0.889719
vn 0.610969 0.345250 -0.712344
vn 0.863281 0.112250 -0.492000
vn 0.973813 -0.221188 -0.051500
vn -0.135875 0.989469 -0.049438
vn -0.371250 0.925656 -0.072563
vn -0.323563 0.939219 -0.114000
vn -0.619438 0.534375 -0.574969
vn -0.923125 0.292313 -0.249563
vn -0.888125 0.266531 -0.374281
vn -0.801844 0.576688 -0.155969
vn 0.856219 -0.274125 -0.437750
vn 0.609219 -0.381875 -0.694938
vn 0.794375 0.586250 -0.158281
vn 0.903375 0.388875 0.180688
vn 0.217281 -0.470688 -0.855094
vn 0.198781 -0.606656 -0.769625
vn 0.208781 -0.492656 -0.844781
vn 0.725125 0.274063 -0.631594
vn 0.929094 -0.102563 0.355281
vn 0.551188 -0.179594 0.814750
vn 0.544375 0.225313 0.807938
vn -0.115844 -0.058469 0.991531
vn -0.138750 0.399781 0.906000
vn -0.009688 0.537000 0.843500
vn -0.392500 0.919688 0.008156
vn -0.800656 0.477750 0.361219
vn -0.318281 0.946688 -0.049063
vn -0.577781 -0.815625 -0.027906
vn -0.428250 -0.871719 -0.237656
vn -0.324844 -0.921750 -0.211469
vn -0.300281 -0.497375 -0.813875
vn -0.763969 -0.119094 -0.634094
vn -0.910250 -0.005844 -0.413938
vn -0.547594 0.119000 -0.828219
vn -0.841469 -0.460156 -0.282969
vn -0.970250 -0.241969 0.006281
vn -0.420875 -0.197750 -0.885281
vn -0.068563 0.288656 -0.954938
vn -0.478938 0.182688 -0.858594
vn -0.379875 -0.883125 -0.275000
vn -0.117875 -0.467375 -0.876156
vn 0.179594 -0.673906 -0.716563
vn 0.182344 -0.652969 -0.735000
vn 0.121281 -0.675000 -0.727625
vn 0.363594 -0.421375 -0.830719
vn 0.442375 -0.809844 -0.385188
vn -0.577688 0.270719 0.769938
vn -0.639813 -0.091781 0.763000
vn -0.567344 0.244625 0.786219
vn -0.461094 -0.364688 0.808781
vn -0.252375 0.192781 0.948125
vn 0.444063 -0.137313 -0.885375
vn 0.415938 -0.342875 -0.842219
vn 0.667406 -0.022563 -0.744219
vn 0.106875 -0.173094 -0.979031
vn -0.511594 -0.386156 0.767469
vn -0.482344 -0.169406 0.859375
vn -0.449688 -0.318625 0.834375
vn -0.181125 0.079844 0.980125
vn -0.267469 0.526781 0.806719
vn -0.296375 0.172688 0.939313
vn -0.890625 0.145969 0.430594
vn -0.802813 0.516781 0.297250
vn -0.762969 0.568875 0.306906
vn -0.878906 -0.163188 0.448188
vn -0.872594 -0.256656 0.415469
vn 0.364344 -0.243188 0.898844
vn 0.297188 0.002469 0.954750
vn 0.563969 0.295438 0.771031
vn 0.626188 0.617594 0.475688
vn 0.648094 0.504969 0.569969
vn -0.224469 -0.971344 0.077781
vn 0.421469 0.856969 -0.296313
vn 0.605250 0.600781 -0.522125
vn 0.664156 0.603688 -0.440844
vn 0.953000 0.295063 -0.068000
vn 0.933906 0.323656 0.151688
vn -0.316406 0.893531 -0.318281
vn -0.238875 0.945719 -0.220188
vn -0.302938 0.910781 -0.280156
vn -0.640813 0.132594 -0.756063
vn -0.641688 -0.008219 -0.766813
vn -0.670656 0.372063 -0.641656
vn -0.141000 -0.989000 0.044188
vn 0.287969 -0.953844 0.084969
vn 0.381875 -0.919000 -0.097656
vn 0.483438 -0.015875 -0.875188
vn 0.682156 -0.038438 -0.730125
vn 0.068031 -0.060688 -0.995750
vn 0.533813 -0.748688 -0.392844
vn 0.303813 -0.401250 -0.864031
vn 0.283938 -0.828438 -0.482625
vn -0.951906 -0.289375 -0.099875
vn -0.958875 -0.024094 -0.282656
vn -0.804438 0.456313 -0.380313
vn -0.887469 0.008156 -0.460656
vn -0.891375 -0.171875 -0.419250
vn -0.684000 -0.056063 -0.727281
vn 0.662625 0.291594 0.689750
vn 0.574750 -0.229594 0.785344
vn 0.583438 0.420438 0.694750
vn -0.081188 0.341781 0.936188
vn -0.052313 0.006688 0.998563
vn 0.347969 -0.872719 0.342313
vn 0.813344 -0.394469 0.427563
vn 0.456375 -0.535250 0.710719
vn 0.575063 0.224094 0.786656
vn 0.913938 0.110688 -0.390281
vn 0.685406 0.068438 -0.724906
vn 0.751188 0.618688 -0.229844
vn 0.687156 0.603281 -0.404656
vn 0.756500 0.653750 0.012125
vn 0.849688 0.383875 -0.361375
vn 0.841656 0.339281 -0.420063
vn 0.825500 0.435375 -0.358969
vn 0.835813 0.008875 -0.548906
vn 0.876281 0.121594 -0.466188
vn 0.826906 0.003031 -0.562156
vn -0.971656 -0.169594 -0.164250
vn -0.661000 -0.727063 -0.185375
vn -0.951906 -0.204281 -0.228000
vn -0.955688 -0.112031 0.272188
vn -0.784063 -0.450188 0.427188
vn -0.966563 -0.255563 -0.017063
vn -0.803781 0.460156 0.376938
vn -0.557813 0.811844 0.172188
vn -0.532438 0.803906 0.264750
vn -0.259219 0.937156 0.233344
vn -0.428094 0.837438 0.339563
vn -0.631031 0.663281 0.402219
vn 0.897125 -0.146156 -0.416750
vn 0.997719 0.045063 -0.049188
vn 0.966344 -0.187063 -0.176375
vn 0.227563 -0.488969 -0.842000
vn 0.727406 -0.646375 -0.230250
vn 0.556719 -0.385031 -0.735969
vn 0.462281 -0.441656 -0.768875
vn 0.857625 -0.178438 0.482188
vn -0.172688 -0.239281 0.955375
vn 0.228813 0.581375 0.780688
vn 0.713281 -0.490281 0.500750
vn 0.004000 -0.995875 -0.090563
vn 0.037094 -0.994563 -0.096719
vn 0.424031 -0.076781 0.902344
vn 0.652406 0.023375 0.757469
vn 0.811063 -0.105875 0.575250
vn -0.324594 0.410781 0.851875
vn 0.276188 0.024094 0.960781
vn 0.156594 0.437875 0.885281
vn 0.793156 0.165500 0.586031
vn 0.931188 -0.089500 0.353188
vn 0.810969 0.111188 -0.574313
vn 0.934219 0.316344 -0.164250
vn 0.666438 -0.086656 -0.740438
vn 0.419688 -0.449156 -0.788688
vn 0.533500 0.808000 -0.249906
vn 0.171438 0.984656 -0.031344
vn 0.640594 0.433750 -0.633563
vn 0.298656 0.614688 -0.730000
vn 0.617813 0.208875 -0.757906
vn -0.158688 0.715906 0.679875
vn -0.141594 0.317813 0.937469
vn 0.302563 0.032063 -0.952563
vn 0.398375 -0.349000 -0.848188
vn 0.500750 -0.424906 -0.754000
vn 0.433094 -0.229844 -0.871500
vn -0.420781 0.340094 -0.840906
vn -0.373563 -0.009688 -0.927500
vn -0.431094 0.289156 -0.854688
vn -0.034156 -0.999188 -0.021094
vn -0.030469 -0.999438 -0.011906
vn 0.063281 -0.997063 -0.042594
vn 0.037250 -0.998688 -0.032781
vn -0.330563 0.510063 -0.794031
vn 0.875188 -0.198594 0.441000
vn 0.859344 0.278313 0.428969
vn 0.830375 0.495219 0.255094
vn 0.307719 -0.503969 0.806938
vn 0.514531 -0.565625 0.644313
vn 0.773531 0.052000 0.631500
vn 0.449469 -0.636594 0.626500
vn 0.015469 -0.441563 0.897000
vn 0.160969 -0.241281 0.957000
vn 0.509531 -0.849688 0.135000
vn 0.559313 -0.579500 0.592656
vn 0.779688 -0.615875 0.112844
vn -0.065469 0.426688 -0.902000
vn 0.443781 0.354375 -0.823000
vn 0.437094 0.166719 -0.883781
vn -0.967969 -0.163969 0.189688
vn -0.961969 -0.214000 0.169594
vn -0.846344 -0.485063 0.219750
vn -0.849688 -0.474375 0.229844
vn -0.567156 0.716781 -0.405469
vn -0.635500 0.270719 -0.722969
vn -0.424250 0.296531 -0.855563
vn 0.906656 -0.204563 -0.368844
vn 0.803594 -0.178219 -0.567781
vn 0.778594 -0.185625 -0.599375
vn 0.961344 0.113563 -0.250469
vn 0.966781 0.023563 -0.254375
vn 0.967531 0.245469 0.059875
vn -0.069156 -0.939438 -0.335375
vn -0.001344 -0.562375 -0.826813
vn 0.589625 -0.482031 -0.647969
vn 0.947250 -0.233281 -0.219500
vn 0.835344 -0.539688 -0.103813
vn 0.833219 -0.547156 0.079250
vn 0.014750 0.999125 -0.038375
vn -0.062875 0.993438 -0.095469
vn -0.011500 0.998250 -0.056469
vn 0.107906 0.989969 -0.090969
vn 0.091063 0.991969 -0.087156
vn -0.967219 -0.003156 0.253563
vn -0.760938 0.439719 0.476938
vn 0.038188 0.396094 -0.917406
vn 0.225531 0.405469 -0.885813
vn -0.371094 0.082844 -0.924875
vn -0.189281 0.200656 -0.961125
vn -0.369781 0.532000 0.761688
vn -0.386313 0.869656 0.307063
vn -0.379000 0.751281 0.540219
vn -0.203719 0.935844 0.287375
vn -0.323063 0.945156 -0.047594
vn -0.323875 0.945938 0.015188
vn -0.403844 0.908406 0.107281
vn -0.335156 0.938000 -0.088094
vn -0.301688 0.940406 -0.156656
vn -0.316188 0.945719 -0.074281
vn -0.635844 -0.756063 0.154781
vn -0.175094 -0.981313 0.079563
vn 0.431688 -0.883875 0.179250
vn 0.416875 -0.877375 0.237438
vn 0.669031 -0.730125 0.138156
vn -0.686281 0.256375 0.680531
vn -0.681625 0.117375 0.722094
vn -0.578219 0.321969 0.749563
vn -0.649188 0.678906 0.342875
vn -0.916313 0.255313 0.308406
vn -0.965906 0.055594 0.252531
vn 0.441938 -0.852844 0.277875
vn 0.496781 -0.747719 0.440469
vn 0.285250 -0.896906 0.337656
vn 0.246094 -0.866844 0.433469
vn 0.164875 -0.903094 0.396250
vn -0.473938 -0.822156 0.315250
vn -0.601219 -0.709625 0.367125
vn -0.486000 -0.763438 0.425125
vn -0.898500 -0.377969 0.223063
vn 0.740219 0.608156 0.286344
vn 0.933563 0.353563 0.058469
vn 0.951156 0.102156 0.291063
vn 0.502375 -0.708656 0.495219
vn -0.005156 -0.044188 0.999000
vn 0.270938 -0.629094 0.728469
vn 0.121875 0.677469 0.725344
vn 0.206188 0.471656 0.857281
vn 0.073469 0.125000 0.989344
vn 0.280750 0.940719 -0.190156
vn 0.699625 0.682813 -0.209906
vn 0.494563 0.854375 -0.159094
vn 0.267031 0.952656 -0.145094
vn -0.428594 -0.342594 -0.836000
vn -0.829281 0.152875 -0.537406
vn 0.770781 0.345688 -0.535031
vn 0.727531 0.670438 0.145094
vn 0.852625 0.518969 -0.060281
vn 0.330344 0.807281 -0.488969
vn 0.581156 0.813750 0.001094
vn 0.867500 0.428469 0.252469
vn 0.966969 0.251656 -0.039656
vn 0.954375 0.239719 0.177781
vn 0.869219 0.359031 0.339781
vn 0.963500 0.222594 0.148625
vn 0.688875 0.368469 0.624188
vn 0.004688 0.964719 -0.262844
vn -0.028063 0.999563 -0.001344
vn -0.533500 0.845563 0.017781
vn -0.455594 0.876281 -0.156438
vn -0.262250 0.870000 -0.417250
vn 0.223250 -0.015875 -0.974594
vn 0.354000 -0.268281 -0.895906
vn 0.842219 -0.275281 -0.463375
vn -0.216469 0.298063 -0.929656
vn -0.352188 0.145125 -0.924563
vn -0.475125 0.179063 -0.861406
vn 0.800875 -0.438250 0.407969
vn -0.718375 -0.689656 0.090563
vn -0.869344 -0.438188 0.228188
vn -0.953313 0.079656 0.291156
vn -0.933906 0.160563 0.319156
vn -0.990094 0.048875 0.131500
vn 0.993375 0.114500 0.003688
vn 0.985438 -0.139156 0.096906
vn 0.987844 0.154594 0.010750
vn 0.427656 -0.877031 0.218500
vn 0.292250 -0.904281 0.311063
vn 0.507781 -0.511781 0.692906
vn -0.551625 0.750969 -0.362781
vn -0.653094 0.753781 -0.071188
vn -0.600688 0.518094 -0.608813
vn -0.432938 0.858375 -0.275000
vn -0.499063 0.792531 -0.350250
vn -0.499656 0.779281 -0.378031
vn 0.302188 0.583750 -0.753563
vn -0.087375 0.719594 -0.688781
vn -0.070375 0.340531 -0.937563
vn 0.290188 0.885938 -0.361688
vn 0.558906 0.668375 -0.490656
vn 0.304469 0.885625 -0.350469
vn -0.109875 -0.991531 0.068656
vn -0.298000 -0.916188 0.267844
vn -0.528750 -0.842750 -0.100094
vn -0.042844 -0.985000 -0.166500
vn -0.547938 -0.765813 -0.336406
vn -0.403469 -0.895563 -0.187469
vn 0.005594 -0.997031 -0.076375
vn -0.335438 -0.940750 -0.048656
vn -0.695188 -0.677594 0.239875
vn -0.686063 -0.727313 0.012000
vn -0.178188 0.298750 0.937500
vn -0.139500 0.989250 0.042594
vn 0.178000 -0.889531 0.420563
vn -0.029938 -0.972656 0.230188
vn 0.015094 -0.927063 0.374344
vn -0.443063 0.669906 -0.595688
vn -0.328063 0.867188 -0.374500
vn 0.255250 0.612844 -0.747781
vn -0.226469 0.096688 -0.969156
vn -0.232500 0.401250 -0.885906
vn -0.608063 -0.747938 0.131563
vn -0.580719 -0.810281 0.078094
vn -0.304188 -0.856094 0.417781
vn -0.259969 -0.898969 0.352375
vn -0.396531 -0.907656 0.137094
vn -0.816469 0.562281 0.130938
vn -0.802688 0.438344 0.404281
vn -0.647344 0.760938 -0.042969
vn -0.413938 0.905688 -0.090750
vn -0.303375 0.340469 -0.889938
vn -0.108531 -0.094750 -0.989531
vn -0.167281 0.756719 -0.631813
vn 0.337500 -0.717406 -0.609375
vn 0.074281 -0.150063 0.985875
vn 0.668719 0.204125 0.714844
vn 0.395156 0.308188 0.865313
vn 0.404344 0.741844 0.534813
vn 0.290188 0.156250 0.944094
vn 0.352844 0.239719 0.904375
vn -0.534781 -0.413781 -0.736625
vn 0.133781 -0.726562 -0.673813
vn -0.143281 -0.858156 -0.492875
vn -0.754313 0.345625 -0.558031
vn -0.908844 -0.103688 0.404000
vn -0.975906 -0.204563 -0.075438
vn -0.992375 0.120469 -0.023281
vn 0.243406 0.558344 0.793031
vn 0.182281 0.459250 0.869344
vn 0.312156 0.461688 0.830281
vn -0.041094 -0.890594 0.452844
vn -0.559969 0.089188 -0.823656
vn 0.841563 -0.411500 -0.349656
vn 0.663188 -0.594469 -0.454688
vn 0.604469 -0.730969 -0.316656
vn 0.002469 -0.988688 -0.149875
vn 0.032688 -0.944000 -0.328281
vn 0.297781 -0.888344 -0.349375
vn -0.165688 0.985000 -0.046188
vn -0.092813 0.986531 0.134188
vn -0.204563 0.972438 -0.111625
vn -0.278688 -0.427656 0.859875
vn -0.064438 0.012500 0.997813
vn 0.212781 0.161969 0.963531
vn -0.013281 0.196688 0.980344
vn 0.084875 0.343781 0.935188
vn -0.263719 0.326219 0.907656
vn 0.916531 0.362938 0.167688
vn 0.969281 0.223656 0.102063
vn 0.994656 0.035500 0.096094
vn 0.707969 0.439438 0.552719
vn 0.793063 0.343563 0.502906
vn 0.835156 0.332563 0.437969
vn 0.842219 0.532875 0.080875
vn 0.844375 0.504875 0.179063
vn 0.700500 0.637656 0.320250
vn 0.892125 0.451094 -0.021375
vn 0.718094 0.687594 0.107188
vn 0.545125 -0.612469 -0.572344
vn 0.400594 -0.776469 -0.486375
vn 0.537531 -0.584188 -0.607938
vn 0.413563 -0.815969 -0.403844
vn 0.297406 -0.893625 -0.336094
vn -0.585938 -0.740750 0.328375
vn -0.762469 -0.646906 0.003375
vn -0.796750 -0.447969 0.405469
vn -0.367188 -0.860219 0.353656
vn -0.600125 -0.731313 0.323781
vn -0.440750 -0.707438 0.552375
vn -0.153094 0.788938 0.595000
vn 0.785656 -0.155375 0.598719
vn 0.444656 -0.069156 0.893000
vn 0.733594 0.230031 0.639406
vn -0.212500 -0.051281 -0.975781
vn -0.533188 0.551313 -0.641563
vn -0.606438 0.066594 -0.792281
vn -0.063406 0.261156 -0.963188
vn -0.455875 0.563219 -0.689125
vn -0.863156 -0.340969 -0.372281
vn -0.941719 -0.231906 -0.243406
vn -0.694094 -0.716000 -0.074594
vn -0.671531 -0.423594 -0.607844
vn -0.522219 0.656656 -0.544000
vn -0.198594 0.867594 -0.455781
vn -0.454531 0.565500 -0.688031
vn -0.287094 -0.348844 -0.892094
vn -0.193656 -0.141031 -0.970781
vn -0.161156 0.494281 0.854156
vn -0.260563 0.440531 0.859031
vn -0.631719 0.367656 0.682375
vn -0.782313 0.444156 0.436500
vn -0.731531 0.291156 0.616375
vn -0.635500 -0.472375 -0.610656
vn -0.530781 -0.686188 -0.497375
vn -0.622375 -0.572469 -0.533625
vn 0.458375 -0.581250 -0.672281
vn 0.293344 0.340156 -0.893406
vn 0.533938 0.502031 -0.680219
vn -0.480063 -0.058125 0.875281
vn -0.001688 0.064844 0.997813
vn -0.303250 0.430875 0.849813
vn -0.409500 -0.310594 0.857719
vn 0.986063 -0.162188 0.036469
vn 0.847313 0.503250 0.168969
vn 0.877781 0.119531 -0.463844
vn 0.713969 -0.143688 -0.685188
vn 0.770469 -0.495594 -0.400875
vn 0.924344 0.020250 -0.380906
vn 0.919688 -0.372156 -0.124875
vn 0.912719 -0.398906 0.088281
vn 0.475906 -0.747594 0.463094
vn 0.117688 -0.814969 0.567375
vn 0.413281 -0.848063 0.331469
vn 0.180688 0.742188 0.645281
vn 0.329844 0.583438 0.742063
vn 0.061250 0.506594 0.859906
vn -0.689094 0.323344 0.648500
vn -0.824219 0.309938 0.473781
vn -0.727188 0.356656 0.586344
vn 0.025438 -0.808156 0.588313
vn 0.373469 -0.670094 0.641375
vn 0.477469 -0.663063 0.576375
vn -0.789156 0.503563 -0.351375
vn -0.735125 0.233875 -0.636250
vn -0.773969 -0.061656 -0.630188
vn -0.684438 -0.664062 -0.300656
vn -0.666094 -0.626594 -0.404563
vn 0.925781 0.126219 0.356156
vn 0.804125 -0.343906 0.484688
vn 0.895375 -0.433031 0.102875
vn 0.903094 -0.419031 -0.092813
vn 0.955375 0.191188 0.224688
vn 0.881156 0.472750 -0.003250
vn 0.837625 0.505625 0.206594
vn -0.891594 -0.358656 0.276344
vn -0.596656 -0.753688 0.275375
vn -0.918281 0.120344 0.376938
vn 0.433969 -0.845469 -0.311188
vn 0.981656 0.068125 -0.177969
vn 0.988469 0.035406 0.147188
vn 0.892469 0.450875 -0.009375
vn 0.522438 0.851750 -0.037563
vn 0.838094 0.528406 -0.134844
vn 0.961031 -0.085938 -0.262469
vn 0.940281 0.060063 -0.334938
vn 0.975250 -0.063594 -0.211688
vn 0.876938 -0.140813 0.459344
vn 0.063813 0.977625 0.200219
vn 0.304188 0.941906 0.142250
vn 0.204750 0.977594 0.048094
vn 0.954938 0.293063 -0.046344
vn -0.353875 -0.933031 -0.064219
vn -0.252469 -0.967219 -0.026156
vn -0.505313 -0.847531 -0.162000
vn 0.052875 -0.984781 -0.164875
vn 0.319094 -0.947250 0.027469
vn -0.008000 -0.573000 0.819500
vn 0.104531 -0.993438 0.046000
vn -0.206375 0.568344 0.796438
vn 0.105156 0.987406 -0.117688
vn 0.094969 0.983813 -0.151875
vn 0.052625 0.979781 -0.192844
vn 0.052781 0.998469 0.012344
vn 0.318344 0.517344 -0.794250
vn -0.217875 -0.959406 -0.178781
vn -0.127594 -0.987938 -0.087563
vn -0.141031 -0.985000 -0.098375
vn -0.014438 -0.999875 0.005844
vn -0.010750 -0.995281 0.096281
vn -0.437594 0.881375 -0.177594
vn -0.828219 0.492438 0.267188
vn -0.828313 0.026906 0.559438
vn -0.209281 -0.905344 0.369406
vn -0.241156 -0.738688 0.629313
vn -0.532281 -0.729688 0.429188
vn -0.209281 -0.174750 0.962094
vn 0.060281 -0.240094 0.968844
vn 0.043156 0.226281 0.973063
vn 0.768219 0.405375 0.495375
vn 0.670781 0.577000 0.465906
vn 0.619344 0.543375 0.566594
vn 0.294375 -0.072969 0.952875
vn 0.016469 0.159094 0.987063
vn -0.366094 -0.915125 0.168375
vn -0.979813 0.185219 0.074688
vn -0.991313 0.061656 0.116031
vn -0.971094 0.054781 -0.232281
vn 0.725469 0.610438 -0.317688
vn 0.905469 0.403250 0.131781
vn 0.531250 0.262844 -0.805313
vn 0.567906 -0.392563 -0.723375
vn 0.817375 -0.563563 -0.119125
vn 0.993469 -0.101125 0.051375
vn 0.771563 -0.510938 -0.378844
vn 0.092094 0.469813 -0.877906
vn 0.711000 0.456375 -0.534906
vn 0.546656 0.440844 -0.711781
vn -0.429281 0.281500 -0.858063
vn 0.152281 0.111188 -0.981969
vn -0.107188 -0.020188 -0.994031
vn 0.102688 -0.066875 -0.992375
vn 0.916094 -0.389375 -0.094750
vn 0.989031 -0.128281 -0.072156
vn 0.965688 0.247719 -0.076969
vn 0.915125 -0.365063 0.170844
vn 0.950156 0.007219 -0.311625
vn 0.954313 -0.198188 -0.223594
vn 0.901781 0.368688 -0.225313
vn 0.720469 0.011188 -0.693344
vn -0.004188 -0.998125 -0.059969
vn -0.640406 -0.735313 -0.221625
vn 0.539688 -0.825188 -0.166500
vn 0.850688 -0.216469 -0.478938
vn 0.815594 -0.338750 -0.469000
vn 0.522125 -0.782750 0.338469
vn 0.116156 -0.963281 0.241969
vn 0.343250 -0.637031 0.690094
vn 0.307656 -0.582125 0.752563
vn 0.442969 -0.361156 0.820500
vn 0.227781 -0.576594 0.784594
vn 0.353563 -0.201406 -0.913406
vn 0.000250 -0.200844 -0.979594
vn 0.345375 -0.218063 -0.912750
vn 0.554344 -0.253250 -0.792750
vn 0.358594 0.027594 -0.933031
vn 0.327344 -0.116250 -0.937688
vn -0.764188 0.215656 0.607813
vn -0.453750 -0.381656 0.805188
vn -0.243625 0.077375 0.966750
vn -0.336563 -0.196531 0.920875
vn -0.051688 -0.338688 0.939438
vn 0.560281 -0.802719 0.203938
vn 0.067281 -0.702469 0.708438
vn 0.372750 -0.659813 0.652344
vn 0.912531 0.185188 -0.364469
vn 0.932156 0.355781 -0.066594
vn 0.812813 0.271188 -0.515375
vn 0.287594 0.919250 -0.268656
vn -0.379438 -0.752250 0.538500
vn 0.731000 0.309656 -0.607938
vn 0.632812 -0.355188 -0.688000
vn 0.396531 -0.181469 -0.899844
vn 0.403250 0.661969 -0.631719
vn 0.875844 0.347000 -0.335156
vn -0.546313 -0.832031 -0.095594
vn -0.553906 -0.675094 0.487188
vn -0.671969 -0.738813 0.049781
vn 0.072156 -0.994344 -0.076781
vn -0.551969 0.831875 -0.057094
vn -0.383438 0.923469 -0.009094
vn -0.555000 0.826156 -0.096688
vn 0.231688 -0.787531 -0.571031
vn 0.588094 -0.808250 -0.028344
vn 0.604906 -0.752594 -0.259813
vn 0.947906 -0.303000 -0.098063
vn -0.537625 0.755313 -0.374563
vn -0.493250 0.637781 -0.591469
vn -0.209281 0.609656 -0.764406
vn 0.103500 0.500188 -0.859688
vn -0.981719 -0.058281 -0.181094
vn -0.713406 0.341781 -0.611625
vn -0.845469 0.351938 -0.401563
vn 0.017344 -0.967625 0.251656
vn 0.336781 -0.118781 0.934000
vn 0.270719 -0.186875 0.944313
vn -0.474656 0.177000 0.862156
vn -0.588969 0.212156 0.779719
vn -0.398375 -0.104844 0.911188
vn -0.589938 0.162969 0.790781
vn -0.492781 0.493000 0.717000
vn -0.352844 0.095594 0.930750
vn -0.898625 0.083031 0.430594
vn 0.522219 0.823750 -0.220375
vn 0.414375 0.904688 -0.098781
vn 0.878094 0.377969 0.293281
vn 0.970594 0.189938 -0.147406
vn 0.885719 0.110688 0.450781
vn 0.855781 0.505094 0.111500
vn -0.982500 -0.118906 -0.142656
vn -0.946281 0.256938 0.196125
vn -0.778063 0.417969 0.468844
vn -0.780031 0.506688 0.367000
vn -0.697156 0.370219 0.613813
vn 0.564125 -0.259000 0.783938
vn 0.339281 -0.024281 0.940313
vn 0.715875 -0.595156 0.364938
vn -0.744563 -0.567656 0.351156
vn -0.627156 -0.713719 0.311625
vn -0.728688 -0.444156 0.521156
vn -0.974906 -0.157250 0.156844
vn 0.116875 -0.990000 0.078281
vn 0.894938 -0.381938 -0.230188
vn 0.917844 -0.381938 -0.107375
vn 0.251406 -0.951125 0.179250
vn 0.503875 -0.828125 0.245375
vn 0.428094 -0.903188 -0.030781
vn 0.952313 -0.155219 -0.262563
vn 0.730250 -0.568125 -0.379281
vn -0.003156 -0.973156 -0.229969
vn -0.105344 -0.976750 -0.186375
vn 0.170844 -0.929313 -0.327250
vn -0.882438 -0.398594 -0.249563
vn -0.724281 0.160688 -0.670438
vn -0.890063 0.275906 -0.362625
vn 0.085688 0.507031 -0.857594
vn -0.193844 0.481156 -0.854875
vn 0.649375 -0.402719 -0.644938
vn 0.003031 -0.372656 -0.927938
vn 0.052625 -0.692875 0.719063
vn -0.316781 -0.908500 0.272406
vn -0.495688 -0.409438 0.765813
vn -0.377531 -0.911969 0.160344
vn 0.091063 -0.883000 0.460281
vn -0.086438 -0.374563 0.923125
vn 0.379281 0.179688 0.907625
vn 0.522781 0.113469 0.844813
vn 0.234375 0.121500 0.964500
vn -0.083031 -0.329531 -0.940406
vn -0.027750 -0.449031 -0.893000
vn 0.184781 0.676531 0.712781
vn 0.862813 0.303750 0.404000
vn 0.722094 0.304688 0.620969
vn 0.709063 -0.310156 0.633125
vn 0.618375 -0.562469 0.548781
vn -0.240719 -0.922906 -0.300375
vn -0.805969 -0.442094 -0.393594
vn -0.263063 -0.878469 -0.398750
vn 0.190281 -0.938000 -0.289688
vn -0.304844 -0.764281 -0.568125
vn -0.214219 -0.800969 -0.558906
vn 0.670219 0.412156 -0.617063
vn 0.477094 -0.336688 -0.811719
vn 0.220781 0.924781 -0.309656
vn 0.163625 0.982406 -0.089094
vn 0.333094 0.825594 0.455344
vn 0.396375 0.255906 0.881594
vn 0.173313 0.841688 0.511281
vn -0.286438 -0.957969 0.014438
vn -0.780563 -0.575188 0.244594
vn -0.898313 -0.419531 0.129906
vn -0.934438 -0.288188 -0.208781
vn -0.872688 0.461563 -0.159125
vn -0.491250 0.735438 -0.466563
vn -0.748563 0.434281 -0.500844
vn -0.616969 0.585594 -0.525688
vn 0.101000 0.983375 0.150469
vn -0.045156 0.988594 0.143063
vn 0.035094 0.998125 0.049188
vn 0.086219 0.992719 -0.083969
vn 0.106969 0.922938 -0.369656
vn 0.220188 0.960594 -0.169406
vn 0.395281 0.899719 -0.185000
vn 0.223250 0.959844 -0.169188
vn 0.209688 -0.017500 0.977594
vn 0.391094 -0.002094 0.920313
vn 0.394344 -0.611531 0.685844
vn 0.343188 -0.593938 0.727531
vn -0.216875 0.082531 0.972656
vn -0.260281 0.037563 0.964719
vn -0.057188 -0.186875 0.980656
vn 0.659469 -0.413563 0.627688
vn 0.557500 -0.690313 0.461094
vn 0.305594 -0.470406 0.827781
vn 0.227563 -0.367063 0.901875
vn 0.541219 -0.832125 -0.120250
vn 0.735125 -0.392500 -0.552719
vn 0.157250 -0.689094 -0.707344
vn 0.829313 -0.247313 0.500969
vn 0.270594 0.110875 0.956250
vn 0.944719 -0.038188 -0.325563
vn 0.947250 0.301844 -0.107000
vn 0.924688 0.127000 0.358719
vn -0.303156 0.952563 0.025875
vn -0.295781 0.954188 0.043219
vn -0.330594 0.943656 -0.012656
vn -0.310000 0.950281 -0.027281
vn -0.318563 0.946594 -0.048656
vn 0.243000 0.317969 0.916406
vn 0.013594 0.724563 0.689000
vn -0.088875 0.432719 0.897094
vn 0.601562 0.459688 0.653281
vn 0.230594 0.769281 0.595781
vn 0.536438 0.396750 0.744781
vn 0.032375 0.240125 -0.970156
vn 0.406625 0.213781 -0.888188
vn 0.132375 0.507156 -0.851562
vn 0.522094 0.654281 -0.547063
vn -0.577969 -0.346781 0.738688
vn -0.607500 -0.282875 0.742156
vn 0.175969 -0.316063 -0.932250
vn 0.027750 -0.785781 0.617719
vn -0.485656 -0.561281 0.670094
vn -0.950281 -0.306406 0.054781
vn -0.851344 -0.377156 0.364469
vn -0.708969 -0.648313 0.277375
vn 0.296000 0.948438 -0.112531
vn 0.313188 0.942156 -0.119125
vn 0.750844 0.429406 -0.501688
vn 0.190781 -0.629875 -0.752813
vn 0.062188 -0.549656 -0.833000
vn -0.123125 -0.892031 -0.434781
vn 0.249281 -0.125188 -0.960281
vn -0.958000 -0.285688 0.023281
vn -0.928906 -0.150688 -0.338156
vn -0.929875 -0.189938 -0.314875
vn -0.220375 -0.852313 -0.474156
vn -0.606531 -0.406500 -0.683156
vn 0.692656 -0.585469 -0.421156
vn 0.952781 -0.099469 -0.286563
vn 0.051375 0.349156 -0.935625
vn 0.090563 0.305438 -0.947781
vn 0.514969 0.186875 -0.836563
vn 0.231281 0.324469 0.917156
vn 0.614469 0.166688 0.771031
vn 0.447781 -0.596219 0.666313
vn 0.313344 -0.497750 0.808688
vn 0.253469 0.514750 0.818969
vn 0.347594 -0.323500 0.879969
vn 0.367063 -0.034063 0.929531
vn 0.682063 0.036281 0.730344
vn -0.687156 -0.674563 -0.269406
vn -0.907188 -0.273094 -0.319969
vn -0.680656 -0.731000 -0.047688
vn -0.778500 -0.607281 -0.158500
vn 0.494656 -0.666406 0.557781
vn 0.640719 -0.111281 0.759531
vn 0.779156 -0.422938 0.462563
vn 0.144688 -0.577250 0.803594
vn -0.321969 -0.940938 0.104438
vn -0.069375 -0.965594 0.250375
vn -0.777406 -0.593188 0.209063
vn 0.390938 0.028625 0.919906
vn 0.745875 0.255094 0.615219
vn 0.437094 0.373563 0.818125
vn 0.347156 0.538500 0.767656
vn 0.609250 0.602094 0.515813
vn -0.658063 0.185438 -0.729688
vn -0.873469 0.004000 -0.486750
vn -0.852063 0.095188 -0.514625
vn -0.793688 -0.060281 -0.605250
vn 0.678375 -0.328875 0.656875
vn 0.839906 -0.023094 0.542188
vn 0.772125 -0.144094 0.618781
vn 0.931625 -0.146094 0.332656
vn -0.586563 0.794594 -0.156594
vn -0.545563 0.136719 -0.826781
vn -0.754188 0.514188 -0.408344
vn -0.638188 0.180094 -0.748469
vn 0.002188 -0.939344 0.342875
vn -0.209688 -0.881688 0.422563
vn 0.098375 -0.970438 0.220188
vn -0.158875 -0.960719 0.227500
vn -0.821813 0.478563 0.308844
vn -0.609375 0.443281 0.657313
vn -0.863594 0.500094 -0.062594
vn 0.191813 0.973281 -0.125406
vn 0.370094 0.891250 -0.261875
vn 0.636281 0.770688 -0.033594
vn 0.333875 0.798344 0.501156
vn 0.176781 0.872156 0.456031
vn 0.314719 -0.949063 -0.011188
vn 0.386156 -0.876375 0.287750
vn 0.810063 0.548469 0.207188
vn 0.363656 0.925125 -0.108438
vn 0.174875 -0.066188 0.982313
vn 0.372875 0.461188 0.805094
vn 0.265281 0.232500 0.935625
vn -0.627781 -0.122313 0.768656
vn -0.694969 -0.683156 0.224094
vn -0.930531 0.026313 0.365156
vn -0.659688 -0.479375 0.578750
vn 0.802406 -0.585781 -0.113875
vn 0.979906 -0.129500 -0.151313
vn 0.966781 -0.210500 -0.144531
vn 0.996719 0.007938 0.079844
vn 0.997938 0.052563 -0.035250
vn 0.995000 0.016625 -0.098063
vn -0.887219 -0.138750 -0.439875
vn -0.793281 0.331594 -0.510500
vn -0.742719 -0.008219 -0.669469
vn -0.751719 -0.074188 -0.655250
vn 0.922500 -0.115188 0.368250
vn 0.430156 0.647219 0.629219
vn 0.310469 0.516375 -0.798063
vn 0.737625 0.545438 -0.397875
vn -0.055969 -0.897219 0.437875
vn -0.119625 -0.863906 0.489188
vn -0.234500 -0.872500 0.428594
vn -0.382156 -0.874781 0.297781
vn -0.533500 -0.831469 -0.154594
vn -0.321656 -0.644188 0.693875
vn -0.571594 -0.702656 0.423531
vn -0.208875 -0.757906 0.617938
vn -0.884531 -0.454781 -0.103281
vn -0.882656 -0.418875 0.213188
vn -0.882563 -0.458438 0.103906
vn -0.825844 -0.244594 0.507906
vn 0.712750 0.626719 -0.314875
vn -0.017781 -0.099281 0.994875
vn -0.144938 -0.250156 0.957219
vn 0.249156 -0.480281 0.840906
vn 0.068125 -0.101438 0.992469
vn -0.263281 -0.060781 0.962781
vn 0.033813 0.024438 -0.999094
vn 0.240313 -0.246688 -0.938781
vn -0.805750 -0.226281 -0.547188
vn -0.710906 -0.527313 -0.465313
vn -0.853813 -0.112969 -0.508000
vn -0.784281 0.017344 -0.620094
vn 0.968844 0.154375 -0.193438
vn 0.937688 -0.173906 0.300656
vn 0.849344 -0.049375 -0.525469
vn 0.947250 0.041250 -0.317688
vn 0.985219 0.136719 0.102781
vn -0.830688 0.466563 -0.303688
vn -0.632563 0.774188 -0.021375
vn -0.912406 0.257469 0.317813
vn -0.273469 0.745313 -0.607938
vn -0.469375 -0.638563 -0.609781
vn -0.497281 -0.215781 -0.840250
vn -0.451969 -0.127188 -0.882875
vn -0.501688 0.726000 0.470250
vn -0.103813 0.901125 0.420875
vn -0.103906 0.993656 -0.042344
vn -0.300781 0.572344 0.762781
vn 0.039313 0.660469 0.749781
vn -0.959063 -0.177000 0.220594
vn -0.992063 -0.123125 -0.023563
vn -0.983594 -0.177625 0.029188
vn -0.768219 0.184594 -0.612844
vn -0.623125 0.231688 -0.746844
vn -0.820594 0.214625 -0.529594
vn -0.689000 0.317375 -0.651469
vn -0.583531 0.140000 -0.799875
vn -0.653844 0.382156 -0.652969
vn -0.682375 0.148594 -0.715688
vn 0.110969 -0.993219 -0.033656
vn -0.059188 -0.998000 -0.022094
vn -0.265875 0.726000 -0.634188
vn -0.987938 -0.028344 0.152125
vn -0.167750 0.133219 0.976750
vn -0.558688 0.101562 0.823000
vn -0.981969 -0.188938 -0.002781
vn -0.055750 -0.868250 0.492875
vn 0.237656 -0.067000 0.968938
vn -0.550438 0.262563 -0.792406
vn -0.412000 -0.061094 -0.909063
vn -0.397938 -0.269844 -0.876719
vn -0.394781 -0.172281 -0.902438
vn -0.241563 -0.943344 0.227156
vn 0.105156 -0.904375 0.413344
vn 0.190781 -0.838531 0.510188
vn 0.152750 -0.835281 0.528094
vn -0.432156 0.782094 -0.448781
vn -0.558906 0.718813 -0.413406
vn 0.037000 0.952125 -0.303375
vn -0.296156 0.656094 -0.694094
vn -0.310375 0.820500 -0.479813
vn -0.327188 -0.039500 -0.944094
vn -0.300438 0.187875 -0.935063
vn 0.186469 0.102781 -0.977063
vn -0.214406 0.145125 -0.965813
vn 0.929469 0.200438 0.309500
vn 0.856438 0.479688 -0.190563
vn 0.764625 0.197969 0.613156
vn 0.864125 0.250688 0.436281
vn 0.521781 0.574750 0.630313
vn -0.534563 0.843625 -0.049844
vn -0.576906 0.250625 -0.777344
vn -0.583094 0.686719 -0.433844
vn 0.459406 -0.652219 -0.602844
vn 0.470156 0.856219 -0.213781
vn 0.429344 0.840781 -0.329688
vn 0.663250 0.386750 -0.640625
vn 0.796188 0.324688 -0.510500
vn -0.377688 -0.012875 -0.925781
vn 0.242594 0.531875 -0.811281
vn 0.328969 0.782875 -0.527969
vn 0.352531 0.417250 -0.837563
vn 0.769375 0.230031 -0.595875
vn 0.527750 0.210719 -0.822781
vn 0.426906 0.263875 -0.864906
vn -0.295563 -0.129500 0.946469
vn -0.583094 0.109156 0.804969
vn -0.378500 -0.268375 0.885813
vn 0.071844 -0.408469 0.909906
vn -0.140188 0.030500 -0.989563
vn 0.850875 -0.234969 -0.469719
vn 0.826813 0.044188 -0.560531
vn 0.803031 -0.030938 -0.595031
vn 0.565063 -0.581781 0.584938
vn 0.638750 -0.747156 0.183375
vn 0.405313 0.208250 0.890063
vn 0.624750 -0.572563 -0.530813
vn 0.292688 -0.854813 -0.428469
vn 0.988813 -0.017594 -0.147813
vn 0.963969 -0.108219 -0.242781
vn 0.335063 -0.942156 0.006063
vn 0.036281 -0.995969 0.081906
vn 0.083656 -0.716344 0.692594
vn -0.448875 -0.382406 0.807594
vn 0.269781 -0.928813 0.253906
vn -0.179250 -0.625750 0.759094
vn -0.252875 -0.475094 0.842750
vn 0.559656 0.813250 0.159094
vn 0.853938 0.404656 0.326969
vn 0.915969 0.383438 0.117875
vn 0.417781 0.869219 0.264188
vn 0.233531 -0.873000 0.428094
vn 0.188469 -0.838063 0.511906
vn 0.057594 -0.394563 0.916969
vn 0.759313 0.515500 0.396844
vn 0.215250 -0.469594 0.856188
vn -0.965594 0.205156 0.159313
vn -0.828844 -0.444281 -0.339938
vn -0.965031 -0.084281 -0.247938
vn -0.218500 0.975469 0.024688
vn -0.095188 0.963844 0.248688
vn -0.257844 0.964719 0.051688
vn -0.838531 0.448188 0.309656
vn -0.535344 0.484906 0.691500
vn -0.586469 0.515188 0.624875
vn 0.312156 -0.078188 0.946781
vn 0.282969 0.059344 0.957219
vn 0.217906 -0.423438 0.879219
vn 0.148000 -0.983594 0.102781
vn 0.063688 -0.997156 0.040188
vn 0.040594 -0.991313 0.124781
vn 0.101344 -0.980531 0.167969
vn -0.094969 -0.995094 0.025594
vn -0.235594 -0.724469 0.647781
vn 0.960344 -0.274406 -0.048563
vn 0.679000 -0.587313 0.440406
vn 0.819094 -0.369063 0.438906
vn 0.906219 -0.396688 -0.146094
vn 0.935625 0.279344 -0.215375
vn 0.663594 0.687781 -0.294156
vn 0.932063 0.289594 -0.217500
vn 0.218313 0.106594 0.970000
vn 0.136688 -0.080563 0.987281
vn -0.157688 0.986969 0.030375
vn -0.283250 0.958219 -0.038438
vn 0.892031 -0.088375 0.443188
vn 0.903281 -0.401938 0.149875
vn 0.467656 -0.709500 0.527000
vn 0.546531 -0.272875 0.791656
vn 0.149375 -0.104188 0.983250
vn 0.208469 0.335438 0.918594
vn 0.788938 0.598906 -0.136906
vn 0.917844 0.321719 -0.232094
vn 0.925781 0.196750 -0.322531
vn 0.805875 0.487781 -0.335500
vn -0.527094 -0.401094 0.749188
vn -0.357781 -0.523281 0.773313
vn 0.169594 -0.984906 -0.032375
vn -0.602188 0.725344 0.333219
vn -0.735438 0.516906 0.437875
vn -0.569969 0.756938 0.319438
vn -0.969156 0.191594 0.154375
vn -0.943094 0.311281 0.116875
vn -0.972219 0.232906 0.021094
vn -0.960594 -0.126594 0.247094
vn -0.424188 0.612063 -0.667375
vn -0.367344 0.478875 -0.797281
vn -0.057813 0.821031 -0.567906
vn -0.683469 0.071188 -0.726406
vn -0.823125 0.101969 -0.558469
vn -0.736094 0.406781 -0.540906
vn -0.614875 0.698344 0.366250
vn -0.143688 0.282656 0.948344
vn 0.499344 0.162594 0.850969
vn -0.407094 0.912313 0.044094
vn -0.810500 0.575688 0.107688
vn 0.031188 -0.699094 -0.714281
vn 0.147594 -0.976844 -0.154594
vn 0.179406 -0.981313 -0.068969
vn -0.087563 -0.981656 0.168969
vn -0.366031 -0.913156 0.179063
vn -0.649281 -0.756719 -0.075094
vn -0.385688 -0.921313 -0.048719
vn -0.084594 -0.924031 0.372656
vn -0.565594 0.808781 -0.160969
vn -0.586875 0.808906 0.033094
vn -0.562500 0.764844 0.313781
vn -0.573000 0.749656 -0.330938
vn -0.494938 0.798906 -0.341469
vn -0.253781 0.962000 -0.100313
vn -0.114281 0.991313 0.064125
vn -0.202688 0.978719 0.029219
vn -0.562781 -0.096813 0.820844
vn -0.477906 -0.049281 0.876938
vn -0.430438 -0.120563 0.894406
vn -0.926625 0.341031 -0.157688
vn -0.921313 0.367938 0.124969
vn -0.953750 0.285406 0.093313
vn -0.784375 0.203938 -0.585781
vn -0.638563 0.544594 -0.543688
vn -0.582875 0.605656 -0.541656
vn 0.314500 0.947250 -0.060438
vn 0.785250 0.387094 0.483156
vn 0.760281 0.292250 0.580063
vn 0.935625 0.294594 0.194063
vn -0.110688 0.974125 0.196938
vn -0.044344 0.977406 0.206406
vn -0.153344 0.955281 0.252688
vn -0.314000 -0.813000 0.490281
vn 0.352531 0.765063 0.538719
vn 0.150875 0.136094 0.979125
vn 0.268875 0.087969 0.959063
vn -0.336313 0.932375 -0.132188
vn -0.552188 0.833531 0.012000
vn -0.596781 0.800625 -0.052875
vn -0.336469 0.877781 -0.340813
vn -0.331844 0.912094 -0.240313
vn -0.255688 0.532281 0.806938
vn -0.130344 -0.117594 0.984438
vn -0.868031 -0.496344 0.005156
vn 0.040500 -0.999125 0.009156
vn 0.017344 -0.998906 0.042344
vn 0.015094 -0.998688 -0.047469
vn 0.143500 -0.510844 -0.847531
vn 0.400750 -0.450875 -0.797500
vn 0.431781 -0.578438 -0.691938
vn 0.552500 0.215250 -0.805188
vn 0.814125 0.518313 -0.261750
vn 0.401844 0.756938 -0.515188
vn 0.977188 0.035188 -0.209281
vn 0.617375 0.138344 -0.774375
vn 0.558156 0.008156 -0.829625
vn 0.240938 -0.595156 -0.766563
vn 0.176188 -0.387188 -0.904938
vn 0.136000 -0.159281 -0.977813
vn 0.615531 -0.640906 -0.458438
vn 0.624219 -0.767469 -0.145500
vn 0.501188 -0.731969 -0.461469
vn 0.639844 0.657500 -0.397656
vn 0.689344 0.688563 -0.224875
vn 0.827906 0.535000 -0.168281
vn 0.921750 0.369781 0.116250
vn 0.668281 -0.578125 -0.467969
vn 0.699406 -0.656875 -0.281344
vn 0.722281 -0.503469 -0.474063
vn 0.858563 0.459688 -0.226969
vn 0.752469 0.644188 -0.136688
vn 0.562906 0.660250 -0.497063
vn 0.880844 0.201188 0.428469
vn 0.847313 0.417094 0.328656
vn -0.813250 -0.556531 0.169594
vn -0.234781 -0.965375 -0.113281
vn -0.283188 -0.937375 -0.202500
vn -0.131781 0.180094 0.974688
vn -0.178781 -0.182500 0.966781
vn -0.158281 -0.987281 0.006281
vn 0.072750 -0.987625 -0.138750
vn -0.181094 0.905031 -0.384688
vn 0.240719 0.883563 -0.401469
vn -0.140188 -0.989563 -0.030813
vn -0.194688 -0.969906 0.146094
vn -0.103688 -0.994344 0.020188
vn -0.716125 0.132594 -0.685094
vn -0.765688 0.396750 -0.506156
vn -0.505844 0.659063 -0.556406
vn -0.563563 0.321000 -0.761063
vn -0.336094 0.585375 -0.737719
vn -0.480281 0.631156 -0.609000
vn -0.349281 -0.859469 -0.373094
vn -0.333875 -0.847188 -0.413188
vn 0.741625 0.619125 0.257750
vn 0.740969 0.663281 -0.104625
vn -0.725219 -0.345469 0.595469
vn -0.729813 -0.100500 0.676188
vn 0.044438 -0.991625 0.120875
vn 0.182500 -0.971656 0.149875
vn -0.016906 -0.991531 0.128281
vn 0.103500 -0.992719 0.060063
vn -0.302875 -0.355344 0.884219
vn -0.494406 -0.202875 0.845156
vn -0.400594 -0.293656 0.867813
vn -0.389375 -0.605563 0.693969
vn 0.327781 0.142188 -0.933906
vn 0.287375 -0.097219 -0.952781
vn -0.056531 0.535469 -0.842625
vn -0.164875 0.340969 -0.925438
vn 0.193188 0.352531 -0.915563
vn -0.092594 0.335875 -0.937281
vn 0.407656 0.317000 -0.856313
vn 0.902875 0.361688 0.232094
vn 0.851000 0.390781 0.350781
vn 0.607313 0.552813 0.570500
vn 0.187063 0.317094 0.929688
vn 0.439969 0.501688 0.744781
vn 0.495813 -0.342500 0.797938
vn 0.536000 -0.477313 0.696281
vn 0.463156 -0.158688 0.871844
vn 0.860438 -0.238688 -0.450063
vn 0.816719 -0.522875 -0.243781
vn 0.977313 -0.109375 0.181281
vn 0.948656 -0.164375 0.270063
vn 0.969063 0.059250 -0.239469
vn 0.948219 0.316563 0.023719
vn 0.947875 0.317469 0.026469
vn 0.754875 -0.254063 0.604594
vn 0.423969 -0.232906 0.875094
vn 0.350781 0.098969 0.931188
vn -0.016625 -0.749000 -0.662313
vn 0.215438 -0.681156 -0.699625
vn 0.304688 -0.437813 -0.845781
vn 0.818875 -0.357344 -0.449094
vn 0.814000 -0.458594 -0.356375
vn 0.672281 -0.198094 -0.713281
vn 0.430063 0.084781 -0.898750
vn 0.203875 0.978500 -0.030188
vn 0.120469 0.981000 -0.151906
vn 0.272781 0.961125 -0.042594
vn 0.264469 0.947688 -0.178219
vn 0.047063 0.964375 -0.260281
vn 0.393000 0.430000 -0.812781
vn 0.742188 0.625969 -0.239281
vn 0.123531 -0.318344 -0.939844
vn 0.387844 -0.865656 -0.316438
vn 0.270375 -0.928906 -0.252750
vn 0.590594 0.287156 0.754094
vn 0.221188 0.650156 0.726844
vn 0.404875 0.047688 0.913063
vn 0.081781 0.041094 0.995750
vn 0.179688 0.102688 0.978281
vn 0.871188 0.154188 0.465969
vn 0.363906 0.418281 0.832219
vn -0.974281 -0.086750 0.207844
vn -0.731531 -0.647563 0.212969
vn -0.922719 -0.206563 0.325281
vn -0.696938 -0.694969 -0.176594
vn -0.974594 -0.030500 -0.221563
vn 0.565969 0.069063 -0.821500
vn 0.464188 0.067094 -0.883125
vn 0.595031 0.031281 -0.802938
vn -0.102875 0.746063 -0.657844
vn -0.718313 -0.128688 0.683656
vn 0.880750 0.169188 0.442156
vn -0.530156 -0.264375 -0.805531
vn 0.267469 -0.527219 -0.806406
vn 0.920313 -0.020969 -0.390563
vn 0.855125 -0.290188 -0.429500
vn 0.908406 -0.376875 -0.180875
vn 0.987188 -0.075344 -0.140188
vn 0.348469 -0.925656 -0.146969
vn 0.849031 -0.470594 -0.240094
vn 0.421469 -0.873344 -0.243969
vn 0.402438 -0.915031 -0.024969
vn 0.664813 -0.212156 0.716125
vn 0.068125 0.382250 0.921500
vn -0.199375 0.074375 0.977063
vn -0.103813 0.887781 0.448281
vn -0.147594 0.499813 0.853406
vn -0.693438 0.288406 0.660156
vn 0.909594 0.335156 -0.245375
vn 0.107594 -0.991188 0.076375
vn 0.443719 0.892875 0.075344
vn 0.791625 0.592750 0.147781
vn 0.172063 0.974063 -0.146563
vn 0.239688 0.967219 -0.083156
vn -0.810094 -0.025688 -0.585688
vn -0.650688 -0.638656 -0.410688
vn -0.791969 -0.486844 -0.368375
vn -0.905031 -0.052875 -0.421875
vn -0.935500 0.018781 -0.352750
vn -0.958063 -0.175781 -0.226125
vn 0.711125 0.062500 0.700188
vn 0.337594 -0.910156 -0.239875
vn 0.891031 0.269188 0.365375
vn 0.832563 0.526031 0.173094
vn 0.701156 0.396188 0.592656
vn 0.695375 0.505281 0.510938
vn 0.896375 0.419469 -0.143281
vn 0.607844 0.413656 -0.677688
vn 0.798563 0.441563 -0.408938
vn -0.966031 -0.247719 -0.072750
vn -0.908188 -0.111094 -0.403469
vn -0.682781 -0.579969 -0.444281
vn -0.731656 -0.058469 -0.679094
vn -0.031188 0.998344 0.046344
vn -0.198188 0.979563 0.033969
vn -0.140000 0.988281 -0.060125
vn -0.637688 0.015469 -0.770063
vn -0.649188 -0.001500 -0.760594
vn -0.753125 -0.129094 -0.644938
vn 0.523313 -0.453813 -0.721219
vn 0.596313 -0.145688 -0.789375
vn -0.917813 -0.012656 0.396750
vn -0.757156 -0.195500 0.623125
vn 0.448188 -0.864250 0.228188
vn 0.235375 -0.964844 0.116438
vn 0.812594 -0.448438 0.372156
vn 0.819531 -0.509656 -0.261594
vn 0.916438 -0.371563 0.148188
vn -0.360938 0.930969 0.054063
vn -0.323281 0.946063 0.016625
vn -0.374938 0.926063 -0.041969
vn -0.270438 0.943531 -0.191188
vn -0.266969 0.963094 0.031844
vn 0.757812 0.100625 -0.644625
vn 0.025156 0.276938 -0.960500
vn -0.137719 0.669031 -0.730250
vn 0.264375 0.066594 0.962094
vn 0.114594 0.363750 0.924344
vn -0.532500 -0.814438 0.230188
vn -0.140375 -0.989688 -0.026469
vn -0.036469 -0.997375 0.061875
vn 0.141000 -0.114094 0.983375
vn -0.591250 -0.442156 0.674344
vn -0.485063 -0.172469 0.857281
vn -0.098781 0.994875 0.019531
vn -0.141438 0.988813 0.046188
vn -0.106688 0.994219 0.004250
vn 0.686688 0.540344 0.486156
vn 0.765625 -0.219750 0.604469
vn 0.446438 -0.082188 0.890938
vn 0.716031 -0.138750 0.684000
vn -0.906250 0.375375 0.194188
vn -0.970875 -0.173875 -0.164656
vn -0.824969 0.479250 -0.299469
vn -0.858938 0.497969 -0.118813
vn 0.421469 -0.138688 0.896156
vn 0.442156 -0.277719 0.852750
vn 0.681844 -0.131156 0.719500
vn 0.183156 0.327094 -0.927031
vn -0.461563 -0.619875 0.634500
vn -0.962875 -0.164062 0.214000
vn -0.823406 0.110875 0.556500
vn -0.927063 0.132594 0.350469
vn -0.178219 -0.968188 -0.175094
vn -0.690625 -0.629750 -0.355344
vn -0.372000 -0.908594 -0.189875
vn 0.433531 -0.008656 -0.901031
vn 0.195719 0.239469 -0.950938
vn 0.484469 0.283250 -0.827656
vn 0.389469 -0.250688 -0.886250
vn 0.359375 -0.126375 -0.924563
vn 0.130094 0.672156 -0.728813
vn 0.182750 0.983031 0.014375
vn 0.681406 0.504000 -0.530688
vn 0.600031 0.100406 -0.793500
vn 0.274781 0.935313 0.222438
vn 0.375750 0.903094 -0.207781
vn 0.730781 0.682281 -0.019813
vn -0.801406 -0.291750 -0.522094
vn 0.364563 0.902344 -0.229781
vn 0.820188 0.258500 -0.510281
vn 0.730875 0.052156 -0.680438
vn -0.658813 0.642875 -0.390563
vn -0.802938 0.500531 -0.323281
vn -0.973625 0.000438 -0.227781
vn -0.996094 0.046500 -0.074719
vn -0.953000 -0.264188 -0.147813
vn -0.999219 -0.018063 0.033188
vn 0.738688 0.422188 0.525375
vn -0.250250 0.964938 0.078188
vn 0.025750 0.993344 -0.111938
vn -0.273594 0.961781 0.006063
vn -0.039781 -0.957656 0.284969
vn -0.301969 -0.766469 0.566719
vn -0.307719 -0.724688 0.616406
vn -0.153781 -0.446719 0.881281
vn 0.721219 0.005594 0.692594
vn 0.530031 -0.107094 0.841125
vn 0.706156 0.638563 -0.305750
vn -0.174531 0.982844 0.058375
vn -0.118906 0.990656 0.066469
vn -0.277063 0.960594 0.018063
vn -0.309188 0.948656 -0.066594
vn 0.034469 -0.988469 0.146969
vn 0.111313 0.119750 -0.986500
vn 0.132594 0.072031 -0.988469
vn 0.004469 0.095781 -0.995313
vn 0.111281 0.061656 -0.991844
vn 0.039781 0.431563 -0.901125
vn 0.101344 -0.909813 0.402281
vn 0.534688 -0.111938 -0.837563
vn 0.502375 0.447188 -0.740000
vn 0.691594 0.335656 -0.639500
vn 0.303969 0.118406 0.945188
vn 0.221594 0.313188 0.923469
vn 0.042594 -0.385500 0.921719
vn 0.486750 -0.506469 0.711688
vn -0.797625 -0.526125 -0.294594
vn -0.796969 0.233344 0.556938
vn -0.212969 -0.237656 0.947656
vn -0.909813 -0.387844 -0.146969
vn -0.480469 -0.408469 -0.776031
vn -0.542750 -0.671500 -0.504406
vn -0.390938 -0.304688 0.868469
vn -0.288656 0.093094 0.952875
vn 0.425875 0.893094 0.144719
vn 0.496406 0.865531 -0.066188
vn -0.026594 -0.620313 -0.783844
vn -0.658719 0.588281 -0.468844
vn -0.665219 0.178656 -0.724906
vn -0.499438 -0.866281 -0.008094
vn 0.085594 -0.942438 0.323125
vn -0.784594 0.331688 -0.523750
vn -0.321000 0.706250 -0.630844
vn -0.402969 0.814406 -0.417469
vn -0.504219 0.234094 -0.831156
vn 0.916656 0.316344 0.244000
vn 0.908813 0.413063 0.057969
vn -0.880531 0.473563 -0.017469
vn -0.430969 0.317969 -0.844469
vn -0.538063 0.111000 -0.835500
vn -0.486375 0.352469 -0.799469
vn -0.450406 0.312281 -0.836344
vn 0.867594 0.381500 0.318875
vn 0.569000 0.633313 0.524500
vn 0.901469 -0.366313 0.230250
vn 0.944188 -0.240938 -0.224500
vn 0.986188 -0.067313 0.151094
vn 0.996844 0.032688 0.072031
vn -0.414969 0.909563 -0.021969
vn -0.256594 0.966344 -0.012781
vn -0.251875 0.967094 0.033813
vn -0.285844 0.957438 -0.037563
vn -0.955719 0.293938 -0.001781
vn -0.980094 0.130344 0.149594
vn -0.945281 0.256438 0.201594
vn -0.999844 -0.017594 0.001000
vn 0.248875 0.055813 0.966875
vn 0.210688 -0.624875 0.751719
vn -0.122719 -0.729656 0.672625
vn -0.201000 -0.387188 0.899813
vn -0.398094 -0.348844 -0.848375
vn -0.529813 0.352188 -0.771469
vn -0.222375 -0.520594 -0.824313
vn -0.248969 -0.293875 -0.922813
vn -0.040031 -0.999094 -0.012656
vn 0.007000 -0.999781 -0.016625
vn -0.035094 -0.998563 -0.038438
vn -0.047781 -0.998688 -0.013438
vn -0.059563 -0.998125 -0.009156
vn -0.500281 -0.827000 0.256375
vn -0.075344 -0.912844 0.401094
vn -0.544000 0.700844 -0.461250
vn -0.090250 0.972531 0.214375
vn -0.068344 0.997344 0.024719
vn -0.096594 0.795438 -0.598188
vn -0.603469 0.666094 -0.438250
vn -0.097938 0.994344 0.039563
vn -0.171781 0.467000 -0.867375
vn -0.116438 0.991313 0.060281
vn -0.817156 0.181125 -0.547156
vn -0.656781 0.331250 -0.677375
vn -0.565625 0.688469 0.453750
vn -0.324000 0.871406 0.368156
vn -0.908625 0.297781 0.292625
vn -0.874875 0.137313 0.464281
vn 0.319094 -0.468688 0.823656
vn 0.420406 -0.644594 0.638438
vn 0.364250 -0.861063 0.354688
vn 0.265781 -0.886500 0.378688
vn -0.841313 -0.214375 0.496188
vn -0.980563 -0.195875 0.007688
vn -0.914250 -0.363438 -0.178844
vn 0.784813 -0.471344 0.402156
vn -0.894375 -0.447188 -0.007000
vn -0.807156 -0.090344 -0.583281
vn -0.883313 -0.450563 -0.129094
vn -0.620188 0.749438 -0.231469
vn -0.650375 0.751625 -0.109156
vn -0.905813 0.275156 -0.321969
vn 0.423156 0.042750 0.904938
vn 0.481750 -0.140969 0.864781
vn -0.712219 0.117594 -0.691938
vn -0.934781 -0.027875 -0.354094
vn 0.745406 -0.184594 0.640500
vn 0.904938 -0.078594 0.418125
vn 0.787313 0.133813 0.601750
vn 0.015188 -0.999844 0.008094
vn -0.375250 -0.884969 0.275438
vn -0.145094 -0.904719 0.400375
vn -0.882250 -0.159531 0.442813
vn -0.983156 -0.019656 0.181313
vn -0.970156 -0.148844 -0.191188
vn -0.111313 0.722531 -0.682156
vn -0.055344 0.183781 -0.981313
vn 0.971844 0.235188 0.012781
vn -0.138969 -0.532656 0.834719
vn -0.312094 0.164875 0.935625
vn -0.930000 -0.069688 0.360781
vn -0.985219 0.101844 0.137281
vn -0.983281 0.098563 0.152938
vn -0.934875 0.352469 0.040188
vn -0.893531 0.448875 0.008656
vn -0.929875 0.056063 0.363438
vn -0.560063 0.073594 0.825156
vn -0.925625 -0.054469 0.374344
vn -0.771375 -0.381281 0.509406
vn -0.186188 -0.384156 0.904281
vn -0.261656 -0.839906 0.475406
vn -0.162000 -0.441656 0.882375
vn -0.992063 0.093313 0.083875
vn -0.006688 0.217281 0.976000
vn -0.234969 -0.365000 0.900813
vn 0.317594 0.792375 0.520781
vn -0.131094 0.032781 0.990750
vn 0.179594 0.392031 0.902188
vn -0.348625 -0.307156 0.885406
vn -0.235188 0.651875 -0.720875
vn 0.159094 0.650375 -0.742719
vn -0.370438 0.897219 -0.239906
vn 0.164656 0.288188 -0.943250
vn 0.328000 0.160688 -0.930875
vn 0.246000 -0.364469 -0.898094
vn 0.221813 -0.720594 -0.656781
vn -0.006281 -0.127656 -0.991750
vn 0.338031 0.463969 -0.818781
vn 0.212156 0.416219 -0.884094
vn 0.905250 -0.075125 -0.418000
vn 0.994031 -0.081375 -0.072156
vn 0.965156 -0.108219 0.238000
vn 0.850781 -0.477094 -0.220094
vn 0.990000 -0.071313 0.121188
vn -0.069563 -0.566063 0.821375
vn -0.943219 0.119625 -0.309781
vn -0.979563 0.061156 0.191563
vn -0.930969 -0.128188 0.341688
vn 0.307063 -0.794906 0.523094
vn 0.201875 -0.888219 0.412469
vn 0.176594 -0.931406 0.317969
vn 0.114281 -0.978719 0.170375
vn -0.235375 -0.745281 0.623781
vn 0.084875 -0.970250 0.226500
vn 0.113875 -0.992281 -0.047281
vn 0.121281 -0.991969 -0.035406
vn 0.157250 -0.151094 -0.975906
vn 0.254969 0.186250 -0.948781
vn -0.502813 0.371250 -0.780469
vn -0.230875 0.785250 -0.574406
vn -0.176188 0.979594 -0.095875
vn -0.259219 0.902219 -0.344438
vn -0.415344 -0.903844 0.101844
vn -0.476875 -0.860656 -0.178000
vn -0.158094 -0.982719 -0.095688
vn 0.210094 -0.961250 -0.178188
vn -0.648531 -0.278531 -0.708281
vn -0.283031 0.763125 -0.580813
vn -0.477250 0.689656 -0.544469
vn -0.409656 0.765938 -0.495375
vn -0.589063 0.722063 -0.362625
vn -0.526031 0.455500 -0.718094
vn -0.441563 0.719156 -0.536438
vn 0.903313 -0.012063 -0.428656
vn 0.728188 -0.388875 -0.564313
vn -0.778969 -0.621188 0.084969
vn -0.995656 0.056531 0.073188
vn -0.903094 0.300125 0.306844
vn -0.976313 0.199219 0.083969
vn 0.956906 0.156000 -0.244781
vn -0.800969 -0.598281 0.018594
vn -0.350688 -0.934656 0.057750
vn -0.515063 -0.060125 0.855000
vn 0.467750 0.198375 0.861281
vn -0.982719 0.155000 0.101000
vn -0.958969 0.252375 -0.128875
vn -0.731500 0.679875 0.051188
vn -0.900594 -0.225531 0.371469
vn -0.459344 0.344500 -0.818656
vn -0.498844 0.555313 -0.665344
vn 0.960688 0.277375 0.008375
vn 0.521781 0.823781 0.221594
vn 0.796500 -0.147188 -0.586344
vn 0.956156 0.005625 -0.292688
vn 0.687906 0.717406 -0.109781
vn 0.012563 -0.999000 -0.040906
vn 0.011063 -0.996625 -0.081281
vn 0.049938 -0.992719 -0.108938
vn 0.257906 -0.961906 -0.090344
vn 0.750844 -0.181938 -0.634844
vn -0.256125 0.944219 0.206594
vn 0.722719 0.295781 0.624625
vn 0.876625 -0.261750 0.403531
vn 0.719156 -0.665469 -0.199594
vn -0.548781 0.141844 0.823781
vn -0.586563 0.101344 0.803469
vn -0.274281 -0.120969 0.953969
vn 0.592750 -0.147188 0.791750
vn 0.865125 0.474438 0.162188
vn 0.857719 0.491313 0.150688
vn -0.606000 -0.583500 -0.540563
vn 0.539781 -0.155406 0.827250
vn -0.012281 -0.999844 0.011563
vn -0.905781 0.418594 0.065563
vn -0.957656 -0.185594 0.219969
vn -0.975469 -0.152688 -0.158469
vn -0.915688 -0.401781 -0.006063
vn 0.770563 0.633563 -0.069063
vn -0.712344 0.701156 0.028063
vn 0.544813 0.516813 -0.660250
vn 0.335656 0.596781 -0.728719
vn -0.895281 -0.359531 -0.262781
vn -0.544156 -0.809875 -0.218875
vn -0.803688 0.526781 -0.276469
vn 0.419906 -0.688781 -0.590906
vn 0.209000 -0.955719 -0.207031
vn -0.504438 0.776031 -0.378344
vn -0.587438 0.724063 -0.361250
vn 0.226094 -0.112969 -0.967438
vn -0.143500 0.614250 -0.775813
vn -0.555750 -0.769719 -0.314000
vn -0.937125 0.347969 -0.025594
vn -0.985125 0.103813 -0.136094
vn -0.709500 -0.185438 -0.679781
vn -0.438250 -0.403750 -0.802938
vn -0.763969 -0.400750 -0.505594
vn 0.017781 0.602969 0.797500
vn -0.450406 0.582563 0.676406
vn -0.126000 0.201000 0.971438
vn -0.416531 0.298750 0.858563
vn 0.379875 0.654719 0.653375
vn -0.580594 -0.812688 -0.047469
vn -0.547719 -0.824969 0.138688
vn -0.899625 -0.432375 -0.060594
vn 0.493250 0.868875 0.041375
vn 0.841250 0.346281 -0.415031
vn 0.582656 0.187000 0.790781
vn 0.933219 -0.337344 0.123250
vn 0.988156 0.103469 0.113156
vn 0.524063 0.756594 -0.390875
vn 0.333750 -0.836125 0.435250
vn 0.829813 -0.540000 -0.140406
vn 0.076250 -0.949094 0.305375
vn -0.194281 0.427063 0.883000
vn -0.272188 0.631938 0.725563
vn 0.268594 0.117875 0.955938
vn -0.189531 0.139594 0.971875
vn 0.062594 -0.996594 0.053500
vn -0.559875 0.243813 -0.791844
vn -0.802719 0.490875 0.338375
vn -0.626469 0.488063 0.607625
vn -0.822563 0.340813 0.455125
vn -0.500531 0.551750 0.666969
vn -0.493156 -0.474656 -0.728938
vn -0.484250 -0.384688 -0.785781
vn 0.021250 0.995219 -0.094750
vn -0.037188 0.999188 -0.014000
vn 0.195500 0.976438 -0.090344
vn -0.479469 -0.209063 -0.852188
vn -0.329781 0.841563 -0.427656
vn -0.109250 0.989781 -0.091156
vn -0.246094 0.968625 0.034000
vn -0.197156 -0.660875 -0.724063
vn -0.248281 0.289969 -0.924250
vn 0.044094 -0.940063 -0.338031
vn 0.037563 0.378563 -0.924781
vn 0.230031 0.137094 -0.963406
vn 0.253688 0.362063 -0.896906
vn 0.000188 -0.273594 -0.961781
vn 0.964938 0.078625 0.250156
vn 0.962625 0.145750 -0.228188
vn 0.852594 -0.197281 0.483875
vn 0.875313 0.168281 -0.453281
vn 0.195719 -0.321281 0.926500
vn 0.587969 0.104531 0.802031
vn 0.887688 0.345469 0.304281
vn -0.497063 0.499594 -0.709406
vn -0.900688 0.268750 0.341250
vn -0.768969 -0.636688 0.057000
vn -0.995094 -0.098656 -0.000531
vn -0.015094 -0.999656 -0.018344
vn -0.133969 -0.990875 -0.005594
vn -0.108625 -0.980656 0.162594
vn -0.695375 -0.292563 -0.656344
vn -0.843531 -0.354750 -0.403031
vn -0.891375 -0.141438 -0.430500
vn -0.176594 0.983281 0.043563
vn -0.095063 0.979031 0.180094
vn -0.166500 0.980250 0.106188
vn 0.974813 0.185188 0.124156
vn 0.652219 -0.704406 0.279656
vn 0.772219 -0.472969 -0.424031
vn -0.759844 -0.041625 -0.648625
vn -0.763844 -0.212781 -0.609250
vn -0.306906 -0.262188 -0.914813
vn 0.940625 -0.313781 0.128906
vn 0.938688 0.077375 -0.335875
vn -0.509531 0.725031 -0.463156
vn -0.629969 0.663063 0.404281
vn -0.474500 0.850000 0.228594
vn -0.600781 0.791313 0.112844
vn 0.387094 0.020250 0.921750
vn -0.112656 0.446375 0.887688
vn -0.003375 0.990969 -0.133594
vn -0.009469 0.988594 -0.150063
vn -0.012281 0.999844 -0.010750
vn 0.030656 0.999094 -0.028500
vn -0.523094 0.848813 0.076563
vn -0.834406 0.490969 0.250250
vn -0.213188 -0.709719 0.671406
vn -0.619000 -0.207781 0.757375
vn -0.272875 0.052625 0.960594
vn 0.785906 -0.474281 -0.396688
vn 0.958656 0.279500 0.052250
vn 0.158906 -0.864688 0.476375
vn 0.026313 -0.995094 -0.094875
vn 0.036125 -0.994219 -0.100313
vn 0.008875 -0.995500 -0.094156
vn -0.021531 0.839719 0.542406
vn 0.050656 -0.995000 0.085094
vn -0.064938 -0.993031 -0.097344
vn -0.190969 0.967531 0.165063
vn 0.288281 0.603813 -0.743031
vn 0.014969 0.102156 -0.994563
vn -0.015094 0.404188 -0.914469
vn -0.159094 0.379281 -0.911438
vn -0.039781 0.557063 -0.829406
vn -0.651000 -0.724156 0.227375
vn -0.937281 0.302781 0.172469
vn -0.979344 0.199406 -0.032063
vn -0.597531 0.724688 0.342969
vn -0.262250 0.610438 -0.747281
vn 0.839188 0.277594 0.467594
vn 0.494719 0.827563 0.265188
vn -0.779500 -0.300375 -0.549563
vn -0.783625 0.209688 -0.584594
vn -0.472156 0.877688 0.081281
vn -0.224906 -0.974156 0.016344
vn -0.231281 -0.969781 -0.077188
vn -0.193031 0.981000 0.015750
vn -0.052563 0.997563 -0.045281
vn -0.519594 0.090125 -0.849594
vn -0.343906 0.128688 -0.930094
vn -0.588625 0.122688 -0.798906
vn -0.609469 -0.007219 -0.792750
vn -0.842000 -0.123344 -0.525063
vn -0.652844 0.110594 0.749344
vn -0.498781 -0.865313 0.048250
vn 0.165875 -0.042688 0.985125
vn -0.071188 0.445312 0.892531
vn 0.458969 0.084375 0.884406
vn -0.901750 -0.294156 0.316656
vn -0.894844 -0.329781 0.300781
vn -0.998344 -0.056219 0.000094
vn -0.994125 -0.017188 -0.106375
vn -0.995969 -0.082750 -0.033969
vn 0.355063 -0.921313 0.157875
vn 0.729031 -0.678688 0.088188
vn -0.381000 0.919906 -0.092594
vn -0.049375 0.906563 -0.419094
vn 0.020531 0.999750 -0.004375
vn 0.134438 0.972969 -0.187500
vn 0.235594 -0.739563 -0.630406
vn 0.781344 -0.499656 -0.373781
vn 0.820813 0.524688 -0.225688
vn 0.606531 0.593281 -0.529188
vn 0.135469 -0.904063 0.405250
vn -0.292250 -0.949500 0.113875
vn -0.960156 0.070906 0.270156
vn -0.913063 0.142375 0.382094
vn -0.673469 -0.096906 0.732719
vn -0.464281 0.396188 0.792094
vn -0.999344 -0.001438 -0.034938
vn -0.993813 -0.108625 0.019938
vn 0.843844 -0.274344 -0.460969
vn 0.961344 -0.195688 -0.193375
vn 0.988125 0.109656 0.107500
vn 0.937375 0.258656 -0.232875
vn 0.751188 0.659813 0.017594
vn -0.425438 0.791656 -0.438344
vn 0.165688 0.772875 0.612500
vn -0.563000 0.122313 0.817250
vn 0.256656 0.477688 -0.840156
vn 0.688344 0.124875 -0.714469
vn 0.065469 -0.555000 0.829188
vn 0.045156 -0.508094 0.860094
vn -0.097750 -0.284656 0.953531
vn 0.133188 -0.156250 0.978594
vn 0.227563 -0.185031 0.955938
vn 0.122313 -0.026875 0.992063
vn -0.178188 0.037875 0.983250
vn 0.711906 0.093531 0.695938
vn -0.439063 -0.032156 -0.897844
vn 0.576156 0.510625 -0.638094
vn -0.082094 0.368031 -0.926094
vn -0.255688 0.370219 -0.893000
vn 0.699844 0.576469 -0.421688
vn 0.707313 0.584406 -0.397656
vn 0.597844 0.629000 -0.496781
vn -0.268438 0.340750 -0.900906
vn -0.170188 0.562688 -0.808906
vn -0.638969 -0.038281 -0.768219
vn 0.843094 0.469656 -0.261656
vn 0.444156 0.887469 0.122500
vn 0.854656 0.517875 0.036063
vn 0.838313 0.521156 -0.159875
vn 0.276938 -0.282875 0.918281
vn 0.599594 -0.383563 0.702313
vn 0.662750 0.364250 0.654188
vn -0.635063 0.743906 0.207781
vn 0.665781 -0.109781 0.737938
vn 0.373688 0.517250 0.769844
vn -0.077375 -0.059500 0.995219
vn 0.012438 -0.296000 0.955063
vn -0.713625 -0.574844 -0.400156
vn -0.369656 -0.890063 -0.266469
vn 0.388438 -0.263375 0.882906
vn 0.950500 -0.033500 0.308844
vn 0.652094 0.692031 0.309344
vn 0.919813 -0.270719 0.283781
vn 0.966094 -0.136719 0.218875
vn 0.466844 -0.870969 -0.152875
vn 0.662625 -0.747063 -0.052156
vn 0.965906 0.033750 -0.256500
vn 0.866063 -0.460531 0.194281
vn 0.919156 -0.264844 0.291438
vn -0.501406 -0.786438 0.360500
vn -0.594500 -0.759969 0.262563
vn -0.774469 -0.575188 0.263281
vn -0.554688 0.443188 -0.704094
vn -0.597063 0.497875 -0.628969
vn -0.633000 0.626500 -0.454688
vn 0.014875 -0.986313 0.164188
vn -0.959625 0.138563 0.244438
vn -0.964188 0.129500 0.231281
vn 0.874438 0.369344 0.314375
vn 0.748469 -0.567250 -0.343250
vn 0.341031 0.785906 -0.515688
vn -0.375094 0.917188 0.134250
vn -0.212781 0.976969 0.011188
vn -0.072875 0.976969 0.200188
vn -0.136281 0.928031 0.346563
vn -0.217094 0.975438 0.036125
vn 0.203094 0.334250 -0.920313
vn -0.484844 0.807063 0.336844
vn -0.254063 0.967094 0.002781
vn -0.319750 0.941063 0.109875
vn -0.223875 0.965813 0.130281
vn -0.772875 0.179188 -0.608688
vn 0.120656 -0.990219 -0.069688
vn -0.412094 0.853719 -0.318281
vn -0.468094 0.642313 -0.606750
vn -0.488750 -0.859031 -0.151688
vn -0.317594 -0.938000 -0.138750
vn -0.153500 -0.988125 0.003250
vn 0.108000 -0.900375 0.421375
vn 0.969938 0.069781 -0.233094
vn 0.831156 0.416594 0.368156
vn 0.835281 0.496344 0.236219
vn 0.937500 0.156594 -0.310594
vn 0.975875 0.185438 0.115094
vn 0.899063 0.351438 -0.260938
vn 0.986719 0.104000 -0.124688
vn 0.953000 0.141188 0.268000
vn 0.848906 0.197750 -0.490063
vn 0.468469 0.176094 -0.865656
vn 0.443406 0.322250 -0.836344
vn -0.192594 0.816281 -0.544563
vn -0.216063 0.738563 -0.638563
vn -0.666875 -0.619094 0.414594
vn -0.882875 -0.221000 0.414219
vn -0.600781 -0.736406 0.310750
vn -0.882875 -0.221969 0.413781
vn 0.837438 0.407375 0.364094
vn 0.604656 0.323344 0.727844
vn 0.608594 -0.061969 -0.791000
vn 0.847750 -0.439063 -0.297469
vn 0.002000 -0.331469 0.943438
vn 0.101844 -0.467281 -0.878125
vn 0.269563 -0.678906 -0.682813
vn 0.210281 -0.373188 -0.903594
vn 0.233500 0.462063 -0.855469
vn 0.995938 0.067938 -0.058688
vn 0.996938 0.036594 -0.068031
vn 0.118188 0.043688 0.991969
vn -0.039563 0.195094 0.979906
vn -0.349281 0.930000 -0.114281
vn -0.014250 0.999656 0.018781
vn -0.049938 0.994344 0.093219
vn 0.653063 0.487875 0.579156
vn 0.548781 0.645281 0.531344
vn 0.553688 0.542406 0.631813
vn -0.865875 -0.378250 0.327188
vn -0.955469 -0.285844 -0.072969
vn -0.983063 -0.072469 -0.168094
vn -0.741813 -0.206594 -0.637906
vn 0.872594 -0.392938 0.289750
vn -0.375250 0.297469 -0.877813
vn -0.365594 0.173500 -0.914375
vn -0.275750 0.261594 -0.924906
vn -0.545656 -0.597531 0.587406
vn 0.338469 -0.334344 -0.879531
vn 0.647656 -0.676813 -0.349750
vn 0.518000 -0.751719 -0.408031
vn 0.512125 -0.688031 -0.514094
vn -0.225938 -0.970031 0.088375
vn 0.242188 -0.959813 0.141375
vn -0.274188 -0.957125 0.092906
vn 0.086531 -0.993469 0.073781
vn -0.351375 -0.425781 0.833750
vn -0.497656 -0.500313 0.708438
vn 0.973500 0.070188 0.217500
vn 0.885281 0.420563 0.198094
vn -0.455125 -0.622156 -0.636813
vn -0.471500 -0.735781 -0.486000
vn -0.047469 -0.191813 0.980250
vn -0.236188 -0.916531 0.322625
vn -0.765031 -0.637469 0.090969
vn 0.829531 0.452094 -0.327781
vn 0.352469 0.688563 -0.633656
vn 0.293438 -0.311469 -0.903750
vn 0.854781 -0.110781 -0.506938
vn -0.181125 0.980781 0.071625
vn -0.250375 0.960781 -0.119000
vn -0.213594 0.969906 -0.116563
vn -0.244844 0.965813 -0.084688
vn 0.973938 0.221406 0.047063
vn -0.857094 -0.457656 0.236219
vn -0.971563 0.137938 0.192000
vn -0.997156 -0.071500 -0.021781
vn 0.087563 0.978250 -0.187906
vn -0.466406 0.878219 -0.105469
vn -0.143000 0.975688 0.165688
vn -0.081375 0.879656 0.468469
vn -0.825406 -0.553469 -0.111000
vn -0.499875 -0.282438 0.818656
vn -0.309563 0.278688 0.909063
vn -0.238063 0.154375 0.958875
vn 0.905156 0.087250 -0.415844
vn -0.069281 0.486969 -0.870656
vn 0.508125 0.090844 -0.856406
vn -0.210938 0.572031 -0.792531
vn 0.913188 -0.305438 -0.269688
vn 0.940094 -0.306844 -0.147969
vn 0.968063 -0.233063 0.092188
vn 0.108344 0.791969 -0.600781
vn 0.494188 0.843750 -0.209281
vn -0.864250 -0.118188 -0.488875
vn -0.333156 -0.942813 0.003250
vn -0.388875 -0.921188 0.012656
vn 0.654813 -0.601438 -0.457406
vn 0.440031 -0.752031 -0.490500
vn 0.683469 -0.298063 -0.666219
vn 0.275375 -0.377156 -0.884219
vn 0.832125 -0.080156 -0.548594
vn 0.924031 0.152688 -0.350344
vn -0.296375 0.842750 0.449250
vn 0.019938 0.651688 0.758125
vn 0.107281 0.808250 0.578969
vn -0.317094 0.941375 0.114906
vn -0.556938 0.768531 -0.314719
vn -0.921875 0.378938 0.080375
vn -0.923688 0.358156 -0.135875
vn -0.980219 0.138969 0.140625
vn -0.753094 0.553594 0.355406
vn -0.783500 -0.242594 0.572000
vn 0.765281 -0.057656 -0.641031
vn 0.275094 0.045688 -0.960281
vn 0.463156 0.637250 -0.615875
vn 0.047469 -0.724063 0.688031
vn 0.790219 -0.494188 -0.362281
vn 0.610656 -0.660031 -0.437375
vn 0.290469 -0.921750 -0.256656
vn 0.899406 -0.148844 0.410906
vn 0.709844 -0.414969 0.569000
vn 0.844469 -0.454844 0.282656
vn 0.717750 -0.484844 0.499656
vn 0.047688 -0.998781 0.005375
vn 0.130094 -0.978063 -0.162406
vn 0.086750 -0.995969 -0.019094
vn -0.354000 0.850000 -0.390063
vn -0.282531 0.677719 -0.678781
vn 0.126969 0.969063 -0.211531
vn 0.024094 0.783625 0.620656
vn -0.457875 0.303250 0.835594
vn 0.996844 0.078594 -0.001500
vn -0.704406 0.544469 0.455219
vn -0.764094 0.638219 0.093313
vn 0.088594 0.969813 0.227094
vn -0.739313 0.671656 -0.047063
vn -0.761469 -0.106469 0.639313
vn -0.607094 -0.789813 -0.086438
vn -0.451969 -0.877781 0.158688
vn -0.198094 -0.892563 -0.404938
vn -0.699750 -0.531969 -0.476719
vn -0.126844 0.250750 -0.959625
vn -0.802625 0.261375 -0.536125
vn -0.354688 0.798906 -0.485656
vn -0.029594 0.435000 -0.899906
vn 0.473781 0.557375 0.681719
vn -0.820156 -0.400156 -0.408844
vn -0.901969 -0.295063 -0.315188
vn -0.609563 0.704625 -0.363094
vn -0.782313 0.455781 -0.424344
vn -0.987063 -0.158688 -0.021844
vn -0.950375 -0.278969 -0.137469
vn -0.914156 0.017625 -0.404875
vn -0.036125 0.691688 -0.721219
vn 0.741406 0.646688 -0.178656
vn 0.684125 0.684219 -0.252375
vn 0.981406 0.017344 -0.190969
vn 0.746719 -0.578125 -0.328656
vn 0.883563 -0.305875 -0.354469
vn -0.999781 -0.014594 -0.010469
vn -0.972750 -0.041156 0.227969
vn 0.889500 0.346063 -0.298281
vn 0.724375 0.394344 0.565313
vn -0.310594 -0.370156 -0.875406
vn -0.564219 -0.022563 -0.825250
vn -0.351000 -0.458000 -0.816688
vn -0.840250 -0.251281 -0.480344
vn -0.045000 -0.499000 -0.865406
vn -0.026156 -0.210094 -0.977281
vn -0.205375 -0.354813 -0.912063
vn 0.637563 -0.163375 -0.752813
vn 0.161781 0.682281 -0.712875
vn 0.608250 0.748344 -0.264469
vn -0.516156 -0.602938 -0.608156
vn -0.621375 -0.574750 -0.532313
vn -0.528750 0.211938 -0.821813
vn -0.297844 0.102875 -0.949000
vn -0.467156 0.458094 -0.756156
vn -0.496469 0.068844 -0.865219
vn -0.573000 0.371844 -0.730250
vn 0.297500 -0.111313 -0.948125
vn -0.118813 -0.050156 -0.991625
vn 0.352250 0.899406 -0.258563
vn 0.529594 0.738469 -0.417250
vn -0.940313 -0.252531 -0.227781
vn -0.426156 -0.531875 -0.731656
vn -0.772094 -0.328500 -0.544000
vn 0.060438 -0.374344 -0.925219
vn -0.293125 -0.299781 -0.907750
vn 0.724906 0.019094 -0.688469
vn -0.418281 -0.811500 0.407906
vn -0.505063 -0.754313 0.419250
vn 0.060281 -0.809125 0.584406
vn -0.906344 0.304844 0.292469
vn -0.915469 -0.256000 0.310250
vn 0.013281 -0.752031 0.658844
vn -0.641469 0.342656 -0.686281
vn -0.618250 0.485188 -0.618250
vn -0.599156 0.280969 0.749656
vn -0.608594 0.221188 0.761906
vn -0.999125 -0.038594 0.012781
vn -0.911656 0.370594 -0.177188
vn 0.826469 -0.017938 0.562594
vn 0.950938 -0.040281 0.306563
vn 0.708094 0.656781 0.259094
vn 0.839469 0.342281 0.421969
vn -0.006750 0.281063 0.959625
vn -0.503344 0.162188 0.848688
vn -0.295500 0.161156 0.941594
vn 0.984125 0.048094 0.170625
vn 0.967656 0.244000 0.063188
vn 0.982500 -0.026031 -0.184188
vn 0.971438 -0.091688 0.218688
vn 0.845688 0.491531 0.207625
vn -0.020688 -0.992594 0.119219
vn -0.033656 -0.896219 0.442313
vn -0.057594 -0.970469 0.233938
vn -0.060781 0.992063 0.109656
vn -0.112000 0.993375 0.024000
vn -0.504313 0.088781 -0.858906
vn -0.478656 0.028906 -0.877469
vn 0.290938 0.022094 0.956469
vn -0.031500 0.349656 0.936281
vn 0.510188 -0.859875 -0.016625
vn -0.123750 -0.991844 -0.029781
vn -0.028625 -0.997500 0.064438
vn -0.321594 -0.941063 0.104438
vn 0.416063 0.146156 -0.897438
vn 0.270500 0.490875 -0.828125
vn 0.372000 0.317594 -0.872156
vn 0.293938 -0.822875 0.486156
vn -0.093219 -0.768438 0.633000
vn -0.078594 -0.564188 0.821813
vn 0.481094 -0.199375 0.853688
vn 0.272438 -0.199813 0.941156
vn 0.285250 -0.724469 0.627469
vn 0.911438 0.069281 0.405375
vn -0.658094 -0.077781 -0.748875
vn -0.357563 -0.296688 -0.885406
vn -0.688875 -0.171875 -0.704156
vn -0.023375 -0.999219 -0.031594
vn -0.051844 -0.997344 0.050469
vn 0.509625 0.653188 -0.559875
vn -0.387469 0.864469 -0.320188
vn -0.453500 0.684656 -0.570406
vn -0.215000 -0.236406 0.947469
vn 0.199000 -0.578875 -0.790688
vn 0.563344 -0.774906 -0.286500
vn -0.817156 -0.097531 0.568000
vn -0.074188 -0.988156 0.134188
vn 0.254063 -0.415250 -0.873469
vn 0.289969 -0.304563 -0.907219
vn 0.233125 -0.280469 -0.931094
vn 0.970438 0.013938 0.240875
vn -0.118500 0.317750 0.940719
vn -0.375844 0.373688 0.847969
vn 0.090250 0.307281 -0.947250
vn -0.102063 0.825688 -0.554781
vn 0.127594 0.636031 -0.761031
vn 0.019094 0.586969 -0.809344
vn 0.273250 0.339875 0.899844
vn -0.890281 -0.415563 0.186188
vn -0.378250 0.850563 0.365063
vn -0.432719 0.829313 0.353406
vn -0.580250 0.326875 0.745938
vn -0.073188 0.966125 -0.247094
vn 0.785563 -0.583219 -0.206563
vn -0.073594 0.806500 0.586563
vn -0.338969 0.466469 0.816938
vn -0.076063 0.184188 0.979906
vn 0.210094 -0.801500 0.559781
vn 0.435531 -0.703969 0.560969
vn -0.988063 -0.025688 -0.151719
vn -0.845469 0.503094 -0.178781
vn -0.970156 -0.238188 -0.045375
vn -0.370750 -0.903844 0.213375
vn -0.546938 -0.830281 0.106469
vn 0.476063 0.167344 0.863281
vn 0.094656 0.190781 -0.976969
vn 0.140188 -0.929250 0.341688
vn 0.349281 0.314281 -0.882688
vn 0.351375 0.686938 -0.635938
vn -0.819094 0.244438 -0.518875
vn -0.846875 -0.435219 -0.305375
vn 0.518000 0.564844 0.642250
vn -0.147406 0.304781 0.940844
vn -0.526563 0.669031 -0.524375
vn 0.949000 -0.301375 0.092281
vn 0.735656 -0.516031 0.438625
vn 0.650813 -0.345844 0.675781
vn 0.855563 -0.403313 0.324375
vn 0.209688 -0.832031 0.513438
vn 0.327844 -0.901688 0.281781
vn -0.199781 0.970156 0.137281
vn -0.230875 0.969938 0.076063
vn -0.378250 0.924250 0.050094
vn -0.093188 0.991938 -0.085688
vn -0.086656 0.995500 -0.037719
vn 0.867688 -0.263281 0.421594
vn -0.274938 0.108750 0.955250
vn -0.231063 0.971531 0.051500
vn -0.240281 0.965375 0.101344
vn 0.041563 0.998000 0.047281
vn 0.426750 0.881938 -0.199813
vn -0.294969 0.952031 -0.080563
vn -0.310469 0.949844 -0.036125
vn -0.323656 0.944313 -0.057656
vn -0.278750 0.958875 0.052156
vn 0.681938 -0.542531 0.490375
vn 0.311188 -0.766375 0.561906
vn 0.292313 -0.806938 0.513125
vn 0.849906 0.351156 -0.392625
vn -0.286281 0.958094 -0.001000
vn -0.078594 0.995281 0.056688
vn -0.056000 0.997688 -0.037719
vn 0.493156 0.254813 0.831688
vn 0.698344 0.156844 0.698219
vn 0.336406 0.067094 0.939313
vn -0.657000 0.664344 0.356156
vn -0.867719 0.419375 0.266531
vn 0.656750 0.580813 0.480844
vn 0.526875 0.514844 0.676188
vn 0.095469 0.102969 -0.990000
vn 0.746594 -0.145531 -0.649063
vn 0.796219 -0.113469 -0.594156
vn 0.855781 0.126844 -0.501500
vn 0.974375 0.224500 -0.012063
vn -0.005156 -0.998875 0.046656
vn -0.000875 -0.999781 0.020688
vn -0.944094 -0.291594 -0.153781
vn -0.953188 -0.200375 -0.226281
vn -0.873781 -0.216594 0.435313
vn -0.810188 0.524938 -0.260688
vn -0.993469 0.101562 -0.051688
vn 0.965469 0.154781 0.209469
vn 0.924469 0.377469 -0.052563
vn 0.736313 0.588750 0.333156
vn -0.264375 0.793469 -0.548156
vn -0.828438 0.365438 -0.424250
vn -0.222781 0.392188 -0.892469
vn -0.873125 0.058063 0.483969
vn 0.402375 0.604250 0.687688
vn 0.847094 -0.031438 0.530469
vn -0.678813 -0.656563 -0.328656
vn 0.160156 -0.578438 0.799781
vn -0.507594 0.110781 -0.854375
vn -0.516563 0.412375 -0.750313
vn -0.330594 0.278188 -0.901781
vn -0.389188 0.269250 -0.880844
vn -0.289000 0.120563 0.949625
vn -0.070281 -0.969906 0.232906
vn -0.133188 -0.983906 0.118813
vn 0.010969 -0.997281 -0.071938
vn -0.713719 -0.700281 -0.010969
vn -0.980969 -0.086750 -0.173500
vn -0.711469 0.453500 0.536656
vn -0.793500 0.509656 0.332281
vn -0.704719 0.709281 0.014875
vn -0.525813 0.837750 0.146969
vn -0.301750 0.122094 -0.945500
vn -0.068750 -0.876188 -0.476938
vn -0.178844 -0.891688 -0.415781
vn -0.403469 -0.545781 -0.734250
vn 0.094469 0.032000 0.995000
vn 0.251875 0.666969 0.701156
vn 0.340094 0.417781 0.842438
vn -0.581781 -0.530156 -0.616750
vn -0.307938 -0.941938 -0.133219
vn 0.962406 0.242375 0.122313
vn 0.955156 -0.252750 -0.153781
vn 0.754969 0.644406 0.120969
vn 0.909813 -0.090000 0.405094
vn 0.860875 -0.028906 0.507906
vn -0.042844 -0.999000 -0.005844
vn -0.990188 0.137094 0.026750
vn -0.889844 0.168563 -0.423750
vn -0.862688 -0.434063 -0.259375
vn -0.808031 -0.262250 -0.527344
vn -0.470844 -0.386375 -0.793063
vn -0.124688 0.983594 0.130125
vn -0.257969 0.965125 -0.043781
vn -0.255094 0.966781 0.011281
vn -0.200188 -0.974281 0.103188
vn -0.054563 -0.993688 0.097938
vn -0.523094 0.149188 -0.839063
vn -0.262844 0.443188 -0.856969
vn -0.191188 0.028000 -0.981094
vn -0.381875 0.241094 -0.892125
vn -0.593813 0.494719 -0.634500
vn 0.394844 0.036375 -0.917969
vn 0.363094 -0.279281 -0.888875
vn -0.197156 -0.575281 -0.793719
vn -0.340375 -0.661094 -0.668594
vn 0.357688 -0.053344 -0.932281
vn 0.065563 -0.191594 -0.979250
vn -0.049781 -0.972625 0.226906
vn -0.822344 -0.138156 -0.551813
vn -0.494281 0.016875 -0.869094
vn -0.578406 -0.040500 -0.814656
vn -0.744031 -0.187281 -0.641250
vn -0.213781 -0.802250 -0.557281
vn -0.053750 -0.960938 -0.271250
vn 0.292094 0.590688 -0.752125
vn -0.102063 0.298969 0.948750
vn -0.327094 0.365969 0.871188
vn -0.950625 0.291750 -0.105156
vn -0.475094 -0.196750 -0.857625
vn -0.580031 -0.519719 -0.627156
vn -0.546750 0.275750 -0.790531
vn 0.937906 -0.310469 -0.154188
vn 0.806063 -0.276563 -0.523188
vn 0.924781 0.006469 0.380250
vn 0.854031 -0.087969 0.512563
vn 0.739469 -0.241563 -0.628250
vn -0.658719 -0.026750 0.751844
vn -0.023125 -0.424094 0.905250
vn 0.049688 -0.479750 0.875969
vn 0.225719 -0.677281 0.700188
vn 0.412750 0.390188 0.823000
vn 0.679875 0.568969 0.462594
vn 0.749000 0.650063 0.127656
vn 0.527094 -0.011500 -0.849688
vn 0.419469 -0.256063 -0.870875
vn 0.375156 -0.343344 -0.860969
vn 0.809781 -0.088875 -0.579844
vn 0.219281 0.058938 -0.973844
vn 0.836438 -0.289000 -0.465594
vn 0.973844 0.148000 0.172063
vn 0.765063 0.512781 -0.389375
vn 0.377313 0.906125 -0.191188
vn 0.109969 -0.927500 0.357031
vn 0.897094 -0.441781 -0.005156
vn 0.982188 0.101438 -0.157875
vn 0.994750 0.041469 0.093313
vn 0.839031 -0.536438 -0.090250
vn 0.996938 -0.073688 0.024969
vn -0.855125 -0.231063 0.463844
vn 0.211688 0.217281 0.952781
vn 0.199625 0.442750 0.874094
vn 0.046250 0.311063 0.949219
vn 0.049844 0.313250 0.948344
vn 0.981438 0.180906 0.063094
vn 0.130531 0.319594 0.938469
vn 0.203688 0.450938 0.868906
vn 0.582344 -0.648625 0.489938
vn -0.211531 -0.211938 0.954063
vn 0.193781 -0.023563 0.980750
vn 0.437875 -0.044969 0.897875
vn 0.327781 -0.009250 0.944656
vn -0.290938 -0.388563 -0.874219
vn -0.586344 0.299563 -0.752563
vn 0.864563 0.161375 0.475844
vn 0.892344 -0.104719 0.438844
vn -0.153969 -0.249156 -0.956125
vn -0.128188 -0.201656 -0.971000
vn 0.120969 -0.876594 -0.465688
vn -0.275094 0.863813 -0.421875
vn -0.713531 0.500531 -0.490063
vn -0.014438 0.261969 -0.964938
vn -0.858563 0.499875 0.113688
vn -0.773438 0.534375 -0.340750
vn -0.638750 0.393594 0.661000
vn 0.647875 0.639313 -0.414094
vn 0.855125 0.290563 -0.429188
vn 0.971969 0.129313 -0.196281
vn 0.145281 0.218125 -0.964938
vn -0.220188 0.155813 -0.962875
vn 0.369406 -0.616531 -0.695188
vn 0.155406 -0.554875 -0.817156
vn 0.536656 0.324031 0.779063
vn 0.545781 0.173281 0.819750
vn -0.083750 -0.813344 0.575625
vn -0.835563 0.382625 0.394125
vn -0.961344 -0.001438 0.275281
vn -0.259813 0.753563 0.603719
vn 0.986844 -0.023375 0.159875
vn -0.052313 -0.290563 0.955375
vn 0.061250 -0.816188 0.574500
vn -0.405969 -0.166500 -0.898531
vn -0.649594 0.070281 -0.757000
vn 0.863281 0.151688 0.481281
vn 0.833750 0.406500 0.373469
vn 0.786875 0.616094 0.032938
vn 0.247500 -0.202281 0.947469
vn 0.408688 -0.585063 -0.700406
vn -0.579063 0.533500 -0.616375
vn 0.979656 0.089406 0.179469
vn -0.010469 -0.963094 0.268875
vn 0.010750 -0.995281 -0.096281
vn -0.072875 -0.995844 -0.054219
vn -0.393875 0.743563 -0.540250
vn -0.654813 0.242969 0.715563
vn -0.451313 0.768750 0.453000
vn -0.029344 0.999313 -0.021500
vn 0.561688 -0.169781 -0.809656
vn 0.467594 0.297344 -0.832344
vn 0.897656 0.260563 0.355344
vn 0.718406 0.676969 0.159688
vn 0.100813 -0.994531 0.025875
vn 0.843719 0.346406 0.409969
vn -0.020781 -0.993156 0.114875
vn -0.017938 -0.999344 0.030375
vn -0.014250 0.533594 0.845594
vn -0.661656 0.719688 0.210094
vn -0.651469 0.570406 0.500094
vn -0.633000 -0.670656 0.386594
vn 0.068563 0.994344 -0.081000
vn -0.583188 0.085688 -0.807781
vn -0.586250 0.174875 -0.790969
vn -0.682281 0.135250 -0.718313
vn 0.909375 0.172688 0.378188
vn 0.796188 -0.186594 0.575500
vn 0.485719 -0.376500 0.788844
vn 0.046500 -0.928031 0.369344
vn 0.183156 -0.974594 0.128281
vn -0.943125 -0.129719 -0.305750
vn -0.144531 -0.176594 -0.973500
vn 0.088094 -0.012656 -0.995969
vn -0.809125 0.203469 -0.551188
vn 0.878563 -0.410969 -0.243188
vn 0.762469 -0.369063 -0.531344
vn -0.292969 0.956031 0.009375
vn -0.146781 0.978719 0.142656
vn -0.177813 -0.978813 -0.100500
vn -0.300375 -0.835063 -0.460875
vn 0.050500 -0.998688 0.006281
vn 0.949625 0.306688 -0.063813
vn 0.939656 0.324969 -0.106281
vn 0.702344 -0.710719 -0.038188
vn 0.498313 -0.789250 -0.358594
vn 0.254375 -0.959719 -0.118781
vn 0.075938 -0.234563 0.969063
vn -0.258656 0.008375 0.965906
vn 0.134844 0.583313 0.800875
vn 0.028344 0.302875 0.952563
vn -0.494625 0.520719 -0.695813
vn -0.530031 0.199813 -0.824000
vn -0.652219 0.718063 -0.242594
vn 0.023969 0.999438 -0.020531
vn -0.053188 0.997469 0.046969
vn 0.050156 0.984469 0.168094
vn -0.598063 0.169781 -0.783188
vn -0.422188 -0.038375 -0.905688
vn -0.611969 0.548063 -0.570094
vn -0.191188 -0.940188 0.281625
vn 0.412844 -0.338594 -0.845469
vn 0.247500 -0.049688 -0.967531
vn 0.368375 -0.209469 -0.905688
vn -0.452469 0.589906 0.668719
vn 0.019094 0.986750 -0.160563
vn -0.015750 0.988031 -0.153281
vn -0.467594 0.554094 0.688688
vn -0.544031 0.164875 0.822656
vn -0.578750 0.248531 0.776656
vn -0.416656 -0.852281 -0.316188
vn 0.254875 0.383344 0.887688
vn 0.396531 -0.218500 0.891594
vn -0.137469 -0.454031 0.880281
vn 0.122594 -0.027906 0.992031
vn 0.088781 0.172688 0.980875
vn 0.926813 0.345969 0.145875
vn 0.989000 0.049375 0.139156
vn 0.281281 -0.375000 0.883219
vn 0.156594 -0.908156 0.388125
vn 0.099188 -0.973500 0.205906
vn -0.056688 -0.935969 0.347375
vn 0.675656 0.727406 -0.119094
vn 0.883219 0.000875 -0.468906
vn 0.721875 0.691906 0.008000
vn 0.012281 0.992063 0.124469
vn -0.082844 0.991094 0.104094
vn -0.846969 0.185844 -0.498031
vn 0.361375 -0.871625 0.330938
vn 0.100094 0.950375 -0.294469
vn -0.251781 0.964250 -0.082313
vn 0.003844 -0.990125 0.139781
vn 0.079344 -0.960156 0.267844
vn -0.051688 -0.980031 0.191813
vn -0.070094 -0.995281 0.066906
vn -0.949531 0.026875 -0.312375
vn 0.851344 0.490750 0.185188
vn 0.906750 0.415250 -0.072656
vn -0.069469 -0.989906 0.123031
vn -0.088875 -0.962438 0.256375
vn -0.757812 -0.095594 -0.645281
vn 0.240719 0.948875 -0.204094
vn -0.281625 0.895063 -0.345594
vn -0.178000 0.930656 -0.319438
vn 0.289875 0.750750 0.593500
vn 0.584281 0.650688 0.484906
vn -0.490875 0.171438 0.854156
vn 0.221625 -0.943344 0.246688
vn 0.037656 -0.990875 0.128906
vn 0.182281 -0.974500 -0.130500
vn -0.130344 0.990844 0.034156
vn -0.150063 0.987938 0.036469
vn 0.704969 0.696063 -0.135875
vn -0.223250 0.974688 -0.003594
vn -0.997469 0.059250 0.038844
vn -0.911000 -0.411781 0.021781
vn -0.944625 -0.287906 -0.157250
vn -0.921219 -0.094656 0.377313
vn 0.808688 0.139156 0.571375
vn 0.316063 -0.459188 0.830156
vn 0.647438 -0.232281 0.725781
vn -0.278313 0.956594 -0.085813
vn -0.207781 0.967531 0.143469
vn -0.319438 0.185031 -0.929313
vn 0.909938 -0.143469 0.388938
vn 0.760406 -0.169594 -0.626906
vn 0.929250 0.066594 -0.363281
vn -0.092500 -0.993813 0.061344
vn -0.146781 -0.919688 0.363969
vn -0.856656 0.201250 0.474969
vn -0.833875 0.313469 0.454250
vn 0.022250 -0.999656 0.006500
vn -0.058688 -0.952656 0.298281
vn -0.191813 -0.930313 0.312500
vn 0.212156 -0.154594 -0.964844
vn -0.288563 -0.612938 -0.735438
vn -0.602625 -0.638656 -0.478344
vn -0.296469 -0.383563 -0.874563
vn -0.906781 0.417188 -0.060781
vn -0.711781 0.401938 0.575938
vn -0.940094 0.293875 0.172281
vn 0.885625 0.346188 -0.309500
vn 0.998688 -0.017875 0.046094
vn -0.914813 -0.323563 -0.241563
vn -0.004938 0.865000 0.501500
vn 0.299563 0.946156 -0.122313
vn 0.322781 0.931094 -0.169594
vn 0.788906 0.387844 -0.476594
vn 0.941156 0.280688 -0.188094
vn 0.762969 -0.621625 -0.177188
vn 0.897438 -0.428750 0.103000
vn 0.495906 0.318563 -0.807813
vn 0.425375 0.461781 -0.778281
vn 0.911531 0.215188 -0.350406
vn 0.675563 0.206000 -0.707875
vn -0.046094 0.261875 -0.963969
vn 0.784813 0.456688 0.418875
vn 0.822156 0.111188 0.558156
vn 0.763188 0.235781 0.601562
vn 0.392344 0.313781 0.864563
vn -0.201656 0.147406 0.968188
vn -0.151500 0.885719 0.438625
vn -0.328375 -0.891688 0.311281
vn 0.581781 0.469875 -0.663844
vn 0.815094 -0.386875 0.431188
vn 0.308094 -0.350094 0.884531
vn -0.015375 0.455281 0.890188
vn -0.818313 -0.545781 -0.180000
vn -0.700938 -0.545563 0.459250
vn 0.208469 0.975469 0.070188
vn -0.259594 -0.323281 0.909938
vn -0.809000 0.254656 0.529594
vn -0.848719 0.067719 0.524375
vn -0.577344 0.472969 0.665469
vn -0.803375 0.231469 -0.548469
vn 0.176094 0.269781 -0.946594
vn -0.524281 0.346500 0.777750
vn -0.232094 -0.965156 -0.120063
vn -0.124563 0.959375 0.253031
vn 0.390281 0.716563 0.578000
vn 0.947781 -0.209063 0.240531
vn -0.434563 0.439500 0.786094
vn 0.739031 -0.116969 0.663406
vn 0.139781 -0.297688 0.944313
vn 0.381656 -0.654594 0.652438
vn -0.256375 -0.502375 -0.825719
vn -0.341188 -0.252594 -0.905375
vn -0.380563 0.509531 -0.771563
vn -0.347688 0.514969 -0.783500
vn -0.665125 0.718375 0.203531
vn 0.994875 0.066906 -0.075531
vn 0.800438 -0.558375 -0.217688
vn 0.850688 -0.497375 -0.169813
vn 0.569094 -0.434875 -0.697781
vn 0.535250 -0.643219 -0.547406
vn 0.366094 -0.271688 -0.889969
vn -0.018781 -0.999781 0.000250
vn 0.031688 -0.999438 -0.004188
vn -0.413563 0.701594 -0.580156
vn -0.309781 0.885188 -0.347000
vn -0.009250 -0.999344 -0.034688
vn -0.139094 -0.989438 -0.040031
vn -0.792844 0.081469 0.603813
vn -0.731000 0.049688 0.680438
vn 0.066375 0.984563 0.161781
vn -0.974781 0.222188 0.020531
vn -0.981969 0.000875 0.188938
vn 0.584063 -0.810219 -0.048094
vn 0.347250 -0.851000 -0.393750
vn 0.888563 -0.382969 -0.252375
vn 0.857625 -0.379375 -0.346938
vn 0.857406 -0.506813 -0.088094
vn 0.955719 0.245875 0.161094
vn -0.893406 0.331969 0.302563
vn -0.375750 0.922719 -0.085281
vn -0.273969 -0.285688 0.918281
vn -0.130750 0.990969 0.028188
vn -0.219563 0.974906 0.035969
vn -0.984000 0.163375 0.070688
vn -0.187406 0.071938 0.979594
vn 0.752688 -0.519531 0.404125
vn 0.111625 0.356875 -0.927406
vn 0.706594 -0.388375 0.591469
vn 0.242594 -0.345688 0.906344
vn -0.824531 -0.232469 0.515719
vn -0.567656 -0.703000 0.428250
vn -0.701688 -0.619219 0.352156
vn -0.798813 -0.511594 0.316281
vn 0.890156 0.444281 -0.100938
vn 0.917719 0.334688 -0.213813
vn 0.486469 -0.798156 0.355281
vn 0.250969 -0.902531 0.349750
vn 0.389250 -0.425375 0.816938
vn -0.241156 0.176188 -0.954313
vn 0.438781 -0.131781 -0.888844
vn -0.318063 0.948000 0.009688
vn -0.900375 -0.151719 0.407656
vn -0.603688 0.656344 0.452344
vn 0.696719 -0.336250 0.633563
vn -0.423156 0.124563 -0.897344
vn -0.391250 0.424250 0.816594
vn 0.904469 -0.306844 -0.296156
vn 0.942469 -0.317750 -0.103281
vn -0.629000 0.116250 -0.768531
vn 0.777000 0.524688 -0.347594
vn -0.451000 -0.786344 0.422031
vn -0.013594 -0.977188 0.211531
vn 0.463594 0.570500 0.677906
vn -0.129906 0.981625 0.139594
vn -0.158688 0.986531 0.038844
vn -0.154188 0.986625 -0.051375
vn -0.249375 0.967313 0.043688
vn -0.225313 0.973813 -0.029594
vn 0.383344 0.803031 0.456094
vn 0.182344 0.982156 0.045531
vn 0.664688 0.732313 0.147813
vn -0.163594 0.978188 -0.127656
vn -0.168781 0.985625 0.005844
vn 0.391813 -0.914906 -0.095875
vn 0.205500 -0.826594 -0.523844
vn 0.079250 -0.644844 -0.760156
vn 0.185625 -0.776906 -0.601562
vn -0.470469 0.124563 0.873563
vn -0.181313 0.020375 0.983156
vn -0.371469 0.877375 0.303375
vn -0.792531 0.351438 -0.498250
vn -0.698094 0.372063 -0.611625
vn -0.101750 0.955375 0.277156
vn 0.512250 -0.831594 -0.214219
vn 0.818031 -0.327688 -0.472594
vn 0.796219 -0.370156 -0.478500
vn 0.854250 -0.503094 -0.130500
vn 0.890156 -0.339438 -0.303813
vn 0.990875 -0.126188 -0.046000
vn -0.879188 -0.345375 0.328156
vn 0.063094 -0.319531 -0.945406
vn 0.023125 -0.719281 -0.694219
vn 0.404719 -0.828219 -0.387469
vn -0.041969 0.996281 -0.074688
vn -0.409969 -0.444969 0.796094
vn 0.444438 -0.661188 -0.604250
vn 0.411500 -0.551313 -0.725688
vn 0.541656 -0.527000 -0.654719
vn 0.317531 -0.500969 -0.805000
vn 0.921750 -0.026469 -0.386656
vn 0.947563 0.062875 -0.313094
vn 0.366250 0.756063 -0.542313
vn 0.572781 0.678031 -0.460500
vn -0.238688 0.970594 0.028625
vn -0.262250 0.963406 -0.053906
vn 0.881375 0.145125 -0.449375
vn -0.826344 -0.441344 -0.349656
vn -0.936906 -0.319656 -0.141375
vn -0.716000 0.149438 -0.681844
vn -0.774406 0.041781 -0.631281
vn -0.534281 0.100813 -0.839188
vn -0.654375 0.138344 -0.743375
vn -0.052625 0.286875 -0.956469
vn -0.146781 -0.149375 0.977750
vn -0.151094 -0.260688 0.953438
vn -0.170406 0.722219 -0.670313
vn -0.157688 0.986063 -0.052156
vn -0.338594 0.935406 -0.101656
vn -0.304688 0.951063 -0.050250
vn 0.842094 0.441344 0.309656
vn 0.487406 0.007375 0.873031
vn -0.789688 -0.612688 0.031594
vn -0.982844 -0.177969 -0.047375
vn -0.880313 -0.469063 -0.070094
vn 0.700375 -0.525813 0.482563
vn -0.314875 -0.198188 0.928156
vn -0.150875 0.638094 0.754969
vn 0.698875 0.317469 0.640813
vn 0.171438 0.498563 0.849688
vn -0.133375 0.278469 0.951063
vn -0.011844 0.219094 0.975563
vn 0.216000 0.118781 0.969063
vn 0.098656 -0.965156 0.242188
vn 0.025156 -0.982063 0.186781
vn -0.144094 0.187688 -0.971563
vn -0.256500 0.411063 -0.874656
vn -0.941063 -0.207625 0.266813
vn 0.046344 -0.998469 -0.028063
vn 0.040281 -0.999125 0.000875
vn 0.041563 -0.998438 -0.036688
vn -0.002688 0.921094 0.389156
vn 0.375844 0.826250 0.419469
vn 0.810625 -0.412156 -0.415781
vn 0.795438 -0.577781 -0.182344
vn -0.832438 -0.353656 0.426375
vn -0.906781 -0.399563 0.134000
vn -0.980875 0.187281 -0.052000
vn 0.178594 0.834188 -0.521688
vn 0.752031 -0.531094 -0.390188
vn 0.920125 0.203688 0.334406
vn 0.109969 0.495969 0.861313
vn 0.144500 0.245250 0.958531
vn 0.083344 0.994219 -0.066375
vn -0.363063 0.129719 -0.922625
vn -0.115844 0.301844 -0.946250
vn 0.135188 0.213375 -0.967531
vn -0.370438 -0.370750 0.851562
vn -0.661969 0.047781 0.747938
vn 0.992063 0.055281 -0.112125
vn 0.638344 0.389969 -0.663500
vn -0.222656 0.974281 -0.032938
vn -0.137313 -0.395281 0.908188
vn 0.935969 0.058594 -0.347094
vn -0.450063 0.827344 -0.335750
vn 0.961563 0.250750 -0.111719
vn 0.898625 0.033750 -0.437375
vn -0.495375 0.357781 0.791531
vn -0.094344 0.477188 0.873688
vn -0.919656 -0.358438 0.160156
vn -0.910688 -0.103594 0.399781
vn -0.254656 -0.951594 -0.171875
vn -0.090000 -0.981531 -0.168375
vn -0.442969 -0.852406 0.277500
vn 0.047375 0.042094 -0.997938
vn 0.051281 -0.388281 -0.920094
vn 0.172875 -0.223656 -0.959156
vn 0.004875 0.998125 0.060125
vn 0.588531 -0.648531 -0.482563
vn -0.010188 -0.716094 -0.697906
vn 0.552063 0.830063 -0.077781
vn 0.130094 0.546313 0.827344
vn 0.065063 0.920438 0.385188
vn -0.148438 0.850469 0.504438
vn -0.397281 0.007000 -0.917625
vn -0.563250 -0.788500 -0.246688
vn -0.971750 -0.225094 -0.070469
vn -0.004250 -0.999781 -0.017938
vn -0.234781 -0.965125 -0.115625
vn 0.238875 0.616750 0.749969
vn -0.999781 0.008969 0.017000
vn 0.064438 0.533375 -0.843375
vn 0.572781 0.784781 -0.236594
vn -0.259969 0.438188 -0.860438
vn -0.460156 -0.140188 0.876625
vn -0.200219 -0.028875 0.979250
vn -0.882031 -0.228781 0.411781
vn 0.590906 0.654063 -0.472156
vn 0.606188 -0.203938 0.768656
vn 0.016188 0.999625 -0.021969
vn -0.165500 0.985656 -0.030500
vn -0.369875 0.387906 -0.844156
vn -0.340750 0.841781 -0.418438
vn 0.057438 0.945156 -0.321438
vn -0.001094 0.715375 -0.698656
vn -0.142063 0.147813 -0.978719
vn 0.730219 0.239500 0.639813
vn -0.275375 0.961250 -0.007000
vn -0.254000 0.967094 -0.013875
vn 0.742375 -0.369875 0.558594
vn -0.416375 0.161156 -0.894719
vn -0.470031 0.154594 -0.868906
vn -0.898406 0.402281 0.176094
vn -0.797188 0.533375 0.282750
vn -0.267500 0.963531 0.004000
vn 0.369656 -0.805000 0.463969
vn 0.498688 -0.750188 0.434063
vn 0.273000 -0.568000 -0.776344
vn 0.124375 0.561188 0.818250
vn -0.756063 -0.650281 -0.073375
vn -0.755313 -0.638188 -0.148844
vn 0.071188 -0.079125 0.994313
vn -0.932281 -0.046969 0.358594
vn -0.987594 0.021094 0.155406
vn -0.246688 0.542750 -0.802719
vn 0.045938 0.569531 -0.820625
vn 0.105156 0.859156 -0.500625
vn -0.213375 0.256438 -0.942656
vn 0.192188 0.226969 -0.954719
vn 0.114375 0.231469 -0.966031
vn 0.140969 0.004469 -0.989969
vn -0.065469 0.997813 -0.007375
vn 0.125188 0.479375 0.868594
vn 0.666219 -0.394469 0.632781
vn -0.831688 0.473406 0.289969
vn -0.832875 0.369406 0.412000
vn -0.557813 0.775594 0.295063
vn -0.634750 0.118781 0.763438
vn -0.591125 0.021781 0.806188
vn -0.272438 0.087563 0.958094
vn 0.908063 0.050781 0.415688
vn 0.977406 -0.181938 -0.107094
vn 0.817031 0.574281 0.050563
vn 0.894594 -0.115219 -0.431688
vn -0.151500 0.202281 -0.967531
vn -0.743375 -0.000375 -0.668813
vn 0.630531 0.744656 -0.218688
vn -0.351594 0.849906 0.392281
vn -0.747375 0.292563 0.596438
vn 0.983813 0.176594 0.029594
vn 0.999344 -0.028781 -0.019938
vn -0.875844 -0.091156 0.473781
vn 0.144875 -0.118906 0.982188
vn 0.240531 0.515688 0.822250
vn -0.032938 0.999438 -0.003469
vn -0.126625 0.991750 -0.018594
vn 0.857625 0.479688 0.185031
vn 0.616188 0.779188 0.114188
vn -0.952125 -0.262688 -0.156188
vn 0.775469 -0.606875 0.174125
vn -0.929781 -0.352688 -0.104625
vn -0.980781 -0.094656 0.170219
vn -0.912188 0.046969 0.407000
vn 0.724469 -0.452688 0.519719
vn -0.604156 -0.792094 -0.086656
vn -0.682063 -0.530688 -0.503094
vn 0.537313 0.019500 0.843094
vn -0.659281 0.030500 -0.751188
vn -0.547719 0.723594 -0.419844
vn -0.226500 0.899625 -0.373250
vn 0.458000 -0.698563 0.549688
vn 0.517875 -0.704844 0.484531
vn 0.343781 -0.840688 0.418281
vn 0.284063 -0.789594 0.543719
vn -0.414875 0.898750 0.141781
vn 0.182125 -0.513969 -0.838188
vn -0.563469 0.825063 -0.041250
vn 0.139594 0.393156 0.908719
vn 0.075438 -0.250594 -0.965125
vn -0.834625 -0.046344 -0.548781
vn -0.716094 -0.694531 0.068438
vn 0.444219 0.147781 0.883563
vn 0.039563 -0.166688 0.985125
vn 0.317469 0.124875 0.939969
vn 0.160969 0.641375 0.750094
vn -0.592219 -0.157250 -0.790125
vn 0.634531 0.458000 -0.622500
vn 0.544469 0.778594 -0.311844
vn 0.457344 0.888000 -0.047125
vn -0.146563 -0.966750 0.209281
vn -0.087656 -0.864250 0.495219
vn 0.996813 -0.040688 -0.068125
vn -0.597438 0.163375 -0.785031
vn -0.666438 -0.484688 -0.566406
vn 0.716969 0.463688 0.520469
vn 0.856313 0.390875 0.337344
vn 0.542625 0.218938 0.810844
vn 0.876688 0.465906 0.119531
vn 0.859563 0.323500 0.395500
vn -0.622281 0.772438 0.126219
vn 0.952563 0.246094 0.178656
vn -0.405906 -0.069875 -0.911219
vn -0.547063 -0.048344 -0.835594
vn 0.408406 -0.279000 0.869094
vn 0.131500 -0.338688 0.931625
vn 0.805000 -0.002000 0.593188
vn -0.797188 0.598156 0.080969
vn 0.633656 -0.016000 0.773406
vn 0.471938 -0.030188 0.881063
vn 0.427500 -0.019531 0.903750
vn 0.383781 0.322250 0.865313
vn 0.490438 -0.309875 0.814438
vn 0.541656 -0.123250 0.831469
vn -0.037563 -0.523063 0.851438
vn -0.648531 0.086844 -0.756156
vn -0.533719 0.734250 -0.419469
vn -0.551625 0.821813 0.141969
vn 0.512875 -0.242375 -0.823438
vn 0.047063 -0.269781 -0.961688
vn 0.153563 0.453750 0.877688
vn -0.014094 0.185594 0.982500
vn 0.784688 0.347594 0.513188
vn 0.992500 -0.119531 -0.022688
vn -0.098563 0.986313 -0.131969
vn 0.181531 0.973063 0.141594
vn -0.216875 0.957781 0.188688
vn 0.088594 0.984469 0.150875
vn -0.320563 -0.388938 0.863594
vn -0.266094 0.151688 0.951906
vn -0.084188 0.995750 0.036938
vn 0.959188 -0.028188 0.281188
vn -0.870094 -0.007000 0.492781
vn 0.484531 0.005156 0.874656
vn 0.040750 0.998344 -0.040031
vn -0.713844 -0.075750 -0.696156
vn -0.616844 0.781094 0.096594
vn 0.057750 -0.980969 0.185188
vn 0.949406 0.054063 -0.309125
vn 0.932063 0.320094 -0.169188
vn -0.153094 0.241156 -0.958313
vn -0.808375 -0.009688 -0.588500
vn 0.270594 -0.914813 0.299688
vn 0.101031 -0.992719 0.065063
vn 0.067281 -0.990125 0.122406
vn 0.018781 -0.998563 -0.049063
vn -0.654500 -0.592188 -0.469938
vn -0.038688 -0.999219 0.000875
vn -0.729031 -0.682156 0.055188
vn -0.151688 -0.976625 0.152094
vn 0.050313 -0.997031 0.057969
vn 0.679031 0.444750 0.583969
vn 0.939344 0.032375 0.341250
vn 0.529688 -0.426156 0.733281
vn 0.613594 0.079344 0.785563
vn 0.738375 -0.313469 0.597063
vn 0.379063 0.582875 0.718625
vn 0.988906 -0.004000 0.148219
vn 0.934344 0.355625 -0.021531
vn -0.044594 0.997719 -0.050094
vn 0.624094 0.270938 0.732813
vn 0.252688 0.967219 -0.024875
vn 0.214406 0.956250 0.198781
vn -0.014000 -0.656313 0.754313
vn -0.105750 -0.900063 0.422563
vn -0.093938 -0.934313 0.343781
vn 0.630813 -0.700719 0.333156
vn 0.149188 0.250688 -0.956469
vn 0.120875 0.481000 -0.868250
vn 0.816906 -0.373188 0.439656
vn 0.366531 -0.912969 0.178969
vn -0.270375 -0.690625 -0.670656
vn -0.221406 -0.874781 -0.430813
vn -0.334563 -0.939313 0.075219
vn -0.051188 0.425563 -0.903406
vn 0.411438 -0.033656 -0.910781
vn 0.972438 0.172469 0.156375
vn 0.952563 0.074813 0.294844
vn 0.684625 0.198781 0.701156
vn 0.369781 0.463031 0.805438
vn -0.276469 0.960938 -0.009156
vn -0.453656 0.800781 -0.390875
vn 0.813969 -0.105156 0.571281
vn 0.872719 -0.252156 0.418000
vn -0.164656 -0.193656 -0.967094
vn 0.095063 -0.995438 0.006688
vn -0.033094 0.277719 -0.960063
vn 0.205094 0.407594 -0.889813
vn 0.656031 0.747156 0.106281
vn 0.125188 0.980563 0.150469
vn -0.396531 0.912406 -0.100406
vn -0.759219 0.579844 0.295344
vn -0.467594 0.871281 0.148844
vn -0.571063 0.804656 -0.162406
vn -0.605781 0.765281 0.217281
vn 0.080469 0.423656 -0.902188
vn 0.845000 -0.245188 0.475188
vn 0.589688 -0.724500 -0.356750
vn -0.781125 0.494781 0.380688
vn -0.126625 -0.658938 -0.741375
vn -0.620719 -0.632375 -0.463406
vn 0.573125 0.311063 0.758000
vn -0.233688 0.469875 0.851188
vn -0.453656 0.374063 0.808781
vn 0.990875 -0.125000 -0.048969
vn -0.147188 0.662625 -0.734250
vn -0.037500 -0.879438 0.474375
vn 0.327781 0.158688 -0.931313
vn -0.057250 0.513750 -0.855969
vn 0.045156 0.425781 -0.903625
vn 0.845000 0.520813 0.120875
vn 0.583188 -0.333969 0.740438
vn 0.542750 -0.160281 -0.824406
vn 0.229188 0.174313 -0.957563
vn -0.080563 -0.984688 0.153969
vn -0.796875 -0.456844 -0.395156
vn -0.707781 -0.671875 0.217906
vn 0.526656 -0.404063 -0.747813
vn 0.177594 0.045875 0.982938
vn 0.785656 0.039656 0.617281
vn 0.760375 -0.061719 0.646469
vn -0.584813 -0.188500 0.788906
vn -0.798719 -0.570719 0.190500
vn -0.318188 -0.767031 0.557063
vn 0.434406 -0.672813 0.598813
vn -0.261969 0.379750 -0.887125
vn -0.086938 0.333375 -0.938750
vn -0.767781 0.570844 0.290625
vn -0.995406 0.068000 0.067094
vn 0.006000 0.995000 0.099281
vn 0.010250 -0.574094 0.818656
vn -0.999344 0.023563 0.025688
vn -0.007688 -0.821063 0.570625
vn -0.028594 -0.998250 0.050500
vn 0.941188 -0.000094 -0.337781
vn 0.726313 0.045781 0.685750
vn -0.879656 0.082313 -0.468250
vn 0.872563 0.204344 -0.443625
vn 0.020500 -0.136281 -0.990438
vn 0.395438 -0.466938 -0.790875
vn -0.056781 -0.439875 0.896219
vn 0.776563 -0.338250 -0.531344
vn 0.039094 0.311188 0.949531
vn -0.191188 -0.923063 0.333688
vn 0.142875 0.850656 0.505844
vn -0.556625 0.700844 0.445844
vn -0.538844 0.002344 -0.842313
vn -0.531344 0.101125 -0.841031
vn -0.542406 0.676063 -0.498563
vn -0.274500 0.960156 -0.050656
vn 0.278188 -0.957219 -0.078594
vn -0.970250 0.205375 -0.127656
vn -0.767656 -0.242594 -0.593094
vn -0.154375 -0.970375 0.185625
vn -0.335531 -0.903750 0.265656
vn 0.447188 -0.149438 0.881813
vn 0.630094 -0.121375 0.766906
vn -0.299563 -0.419250 -0.856969
vn -0.105156 0.111313 -0.988156
vn -0.426594 0.896781 -0.117375
vn -0.330594 0.894719 -0.300063
vn 0.264250 -0.556406 0.787625
vn 0.433531 -0.865531 0.250531
vn 0.989906 -0.105250 0.094656
vn 0.287750 -0.666313 -0.687781
vn 0.715594 -0.614125 -0.332656
vn 0.822031 -0.220375 -0.524938
vn -0.807688 0.375750 0.454250
vn -0.090563 -0.011500 0.995750
vn -0.327688 -0.417188 0.847656
vn 0.443063 0.045938 -0.895281
vn 0.243969 0.155813 -0.957125
vn -0.100094 0.979031 0.177000
vn -0.006750 -0.822344 -0.568781
vn -0.141625 -0.983500 -0.112031
vn 0.829594 0.557594 0.028500
vn -0.495594 -0.784594 -0.372375
vn 0.944438 0.228781 -0.235781
vn 0.832969 0.086938 -0.546313
vn 0.774281 -0.047125 -0.630938
vn 0.708875 0.039313 -0.704188
vn 0.682813 -0.046969 0.728938
vn -0.797500 0.516781 0.311063
vn 0.243000 -0.861625 0.445469
vn 0.258063 -0.920875 0.292094
vn -0.012125 -0.958750 0.283781
vn 0.416656 -0.908719 -0.023094
vn 0.379750 -0.918500 -0.109969
vn 0.347969 0.921875 -0.170375
vn 0.301688 -0.857938 0.415688
vn -0.671313 0.058281 0.738781
vn -0.795344 0.230188 0.560531
vn -0.946500 -0.066875 0.315531
vn -0.709938 -0.172281 0.682781
vn -0.005156 -0.999875 -0.013438
vn -0.810844 0.491469 0.317469
vn -0.117375 0.989469 0.084375
vn 0.407750 -0.194188 0.892125
vn 0.116875 -0.992938 0.018469
vn 0.996188 0.041625 -0.076469
vn 0.978500 0.048719 -0.200219
vn 0.958750 0.250844 0.133188
vn 0.271250 -0.020781 0.962219
vn 0.656438 -0.745719 -0.113375
vn -0.263594 0.964406 -0.020688
vn 0.119344 -0.986094 0.115313
vn 0.110281 -0.988375 0.104188
vn -0.171875 -0.983500 0.055281
vn 0.504531 -0.464781 -0.727531
vn 0.182125 0.042688 -0.982313
vn 0.804875 -0.002219 -0.593375
vn 0.629531 -0.621844 -0.465688
vn 0.998469 0.054781 -0.006063
vn 0.934344 0.289375 0.207594
vn 0.571375 -0.783406 -0.244219
vn 0.313031 -0.947563 0.062688
vn -0.987063 -0.010844 0.159313
vn 0.185438 0.979656 -0.076375
vn -0.887344 0.066094 -0.456156
vn -0.937781 0.109563 -0.329313
vn -0.592656 0.377094 -0.711688
vn -0.471875 0.854031 -0.218750
vn 0.993875 -0.003375 -0.110281
vn 0.997781 -0.056938 -0.034375
vn 0.923813 -0.015594 -0.382469
vn 0.429688 -0.895063 -0.119094
vn 0.274781 -0.926844 0.255688
vn 0.738375 0.374344 -0.560844
vn 0.164469 -0.059875 0.984469
vn -0.161594 0.981094 -0.105750
vn -0.559781 -0.026156 -0.828188
vn -0.241906 0.443781 -0.862844
vn 0.863375 -0.399938 -0.307438
vn -0.812500 0.378781 -0.443063
vn -0.203469 -0.978813 -0.020531
vn 0.645781 0.333375 -0.686844
vn -0.285688 0.957781 -0.031844
vn -0.012281 0.996188 -0.086000
vn -0.291594 0.955813 -0.035594
vn -0.350844 0.927063 -0.131781
vn 0.665469 -0.743813 0.061500
vn 0.509094 -0.856531 0.083750
vn 0.795000 -0.434125 0.423438
vn -0.936625 0.341031 -0.079344
vn -0.547500 0.696563 -0.463531
vn -0.998781 -0.042344 -0.024969
vn -0.333688 0.942656 0.002906
vn -0.673375 0.086219 0.734156
vn 0.487125 0.134656 -0.862844
vn -0.214781 0.975750 -0.041469
vn -0.451219 0.890938 0.049281
vn -0.916656 -0.061156 -0.394844
vn 0.066594 -0.847844 0.525906
vn -0.402000 0.020094 0.915344
vn -0.085813 -0.084969 -0.992594
vn 0.567688 -0.061656 -0.820844
vn 0.490156 -0.176375 -0.853500
vn -0.318938 0.262563 0.910656
vn -0.631938 -0.364844 0.683688
vn 0.840250 0.226750 0.492438
vn -0.552625 -0.783281 -0.284375
vn -0.332063 -0.605656 -0.722969
vn -0.205156 0.726000 -0.656250
vn -0.572563 0.578531 -0.580813
vn -0.573563 0.178844 0.799344
vn -0.137531 0.920656 -0.365063
vn -0.552063 0.821156 -0.144281
vn 0.773000 -0.063719 0.631063
vn 0.990875 0.002469 0.134250
vn -0.327688 0.578656 -0.746719
vn -0.424906 0.889313 0.168375
vn -0.188469 0.962656 0.194188
vn -0.421688 -0.342156 -0.839688
vn 0.675438 0.717656 -0.168969
vn -0.236813 -0.945594 0.222969
vn -0.507000 0.059188 -0.859906
vn 0.558656 0.608594 0.563344
vn 0.155406 0.456094 0.876188
vn 0.549781 0.209688 0.808469
vn 0.291156 -0.111281 -0.950156
vn 0.210469 -0.908188 0.361531
vn 0.069156 -0.841344 0.535906
vn -0.979688 0.192781 -0.055094
vn -0.996281 0.040375 0.075438
vn 0.016625 -0.980125 0.197344
vn -0.190281 -0.735438 0.650156
vn -0.647344 -0.353063 0.675406
vn 0.942031 0.302344 -0.144938
vn 0.884313 0.406344 -0.229625
vn 0.771781 -0.002469 -0.635719
vn 0.963531 -0.026031 -0.266156
vn 0.782438 0.415469 -0.463750
vn 0.668156 0.547625 -0.503563
vn -0.845688 -0.321875 -0.425594
vn 0.704094 0.691813 -0.159688
vn 0.914125 0.263656 -0.307875
vn 0.166500 -0.771250 0.614250
vn -0.979906 -0.099094 0.172469
vn 0.140406 0.990000 0.011500
vn -0.343031 -0.119344 0.931625
vn -0.106188 -0.215188 0.970688
vn 0.100594 0.989250 -0.105969
vn -0.143500 0.197500 0.969719
vn 0.178781 -0.144094 0.973188
vn 0.775469 -0.150688 0.613063
vn -0.299781 -0.072656 0.951156
vn 0.019219 0.496469 0.867813
vn 0.018063 0.007188 0.999781
vn -0.064125 0.127438 0.989750
vn 0.041781 -0.213188 0.976094
vn 0.761156 -0.162188 0.627813
vn 0.953219 0.131281 -0.272188
vn 0.813125 -0.296094 0.500969
vn -0.992281 -0.112031 -0.052313
vn 0.267844 0.921938 -0.279656
vn -0.984469 0.113781 0.133000
vn -0.323344 -0.443188 -0.836031
vn 0.255906 0.951688 -0.169406
vn 0.569750 0.747500 -0.341250
vn -0.529188 0.569219 -0.629219
vn 0.025875 -0.187063 0.981969
vn -0.649938 -0.751281 -0.114094
vn -0.063719 -0.930188 -0.361469
vn 0.367656 0.524906 0.767563
vn -0.314375 0.928375 0.197969
vn -0.069469 0.987688 0.140000
vn -0.011281 0.924031 0.381938
vn -0.317813 0.935625 -0.153500
vn -0.007594 -0.999875 -0.007000
vn 0.003469 -0.999969 0.001781
vn 0.790563 -0.020781 -0.611844
vn 0.968156 0.184813 0.168563
vn 0.557594 -0.480281 -0.676969
vn 0.767344 -0.125969 0.628656
vn -0.616094 0.709500 -0.342000
vn 0.042344 0.169406 0.984563
vn -0.928813 -0.254500 0.269250
vn -0.978594 0.076563 0.190781
vn 0.707000 0.622688 0.335156
vn -0.354969 0.823563 0.442250
vn -0.207031 0.248500 0.946156
vn -0.627250 0.764094 0.150281
vn 0.927281 0.340813 -0.154594
vn -0.910469 -0.384375 0.152281
vn 0.241750 -0.381875 -0.891906
vn 0.988156 0.116031 -0.099906
vn 0.364688 -0.567156 -0.738375
vn -0.724906 0.498469 0.475250
vn -0.233875 -0.972219 0.004188
vn -0.031188 -0.987688 0.153094
vn -0.982938 0.002094 -0.183594
vn 0.742281 -0.098375 -0.662750
vn 0.948125 0.317531 -0.009750
vn -0.072156 -0.281500 -0.956813
vn -0.263281 -0.790250 -0.553250
vn 0.370969 -0.760063 -0.533406
vn -0.150875 -0.575688 0.803594
vn -0.473469 0.357688 -0.804875
vn -0.488219 0.168281 -0.856313
vn -0.466938 -0.884219 0.000531
vn 0.312156 0.932594 0.181094
vn -0.972000 -0.233875 0.022500
vn -0.704844 0.632781 -0.320469
vn -0.411281 0.655594 0.633219
vn -0.725906 0.558000 0.402063
vn 0.701594 0.523281 0.483594
vn 0.046344 -0.997906 -0.044344
vn -0.951563 -0.304844 -0.038844
vn -0.941063 -0.323063 -0.099688
vn -0.287250 -0.193438 0.938031
vn -0.256375 0.508969 -0.821688
vn -0.044281 0.431781 -0.900813
vn 0.902656 -0.074594 0.423656
vn 0.021375 -0.581219 0.813438
vn 0.074500 -0.962000 0.262563
vn 0.030656 -0.992500 0.117688
vn 0.122406 -0.989563 0.075844
vn 0.084281 -0.030656 -0.995938
vn 0.912750 0.313688 -0.261594
vn 0.101656 -0.637031 0.764063
vn 0.075125 0.775906 0.626281
vn 0.705938 0.705063 0.065969
vn 0.695312 0.539469 -0.474813
vn 0.691375 0.438094 -0.574406
vn 0.340469 0.299906 0.891125
vn 0.392188 0.911125 -0.126219
vn -0.447469 0.889531 0.091469
vn 0.567594 0.135000 -0.812125
vn -0.668469 0.053344 0.741750
vn 0.894938 -0.415469 -0.162188
vn 0.938125 0.321063 0.129500
vn 0.594719 0.519719 0.613250
vn 0.709625 -0.378781 0.593938
vn 0.842219 -0.518438 -0.147375
vn 0.194594 -0.979469 -0.051188
vn 0.303594 -0.196938 -0.932156
vn -0.007000 -0.994656 -0.102156
vn 0.791656 -0.509531 0.336906
vn 0.754750 -0.527750 0.389531
vn 0.629406 0.334563 0.701250
vn -0.615531 0.153563 -0.772875
vn -0.517344 0.157250 -0.841125
vn -0.086125 0.291531 0.952563
vn -0.349063 -0.250750 -0.902875
vn -0.409156 -0.659156 -0.630844
vn -0.241344 -0.507031 -0.827344
vn -0.318406 0.083969 -0.944219
vn -0.706250 0.180281 -0.684563
vn 0.095688 -0.484969 -0.869219
vn -0.414969 0.012000 0.909719
vn 0.310000 0.207188 0.927813
vn 0.846000 -0.512906 0.145281
vn 0.855781 -0.376281 0.354969
vn 0.814344 -0.375688 0.442250
vn -0.382750 0.685531 -0.619125
vn 0.003031 0.199969 -0.979781
vn -0.409656 -0.839281 0.357344
vn -0.355188 -0.112344 0.927938
vn -0.782719 0.148000 0.604469
vn -0.477406 0.086125 0.874406
vn 0.116750 0.004250 0.993125
vn -0.202500 0.958406 0.201063
vn 0.726750 0.541438 -0.422563
vn 0.907750 0.402063 -0.118813
vn 0.862375 0.376656 -0.338156
vn 0.868344 -0.158281 -0.469938
vn 0.873000 -0.389406 -0.293594
vn -0.206188 0.534688 0.819438
vn -0.203125 -0.919156 0.337281
vn -0.056781 -0.998000 -0.026594
vn -0.785344 -0.022406 0.618563
vn 0.286656 -0.558594 -0.778281
vn 0.864563 0.021094 -0.501938
vn -0.072656 -0.543719 0.836031
vn -0.334688 -0.242594 0.910469
vn -0.139781 -0.936719 0.320906
vn 0.111938 -0.969250 -0.219063
vn 0.794250 -0.342656 0.501625
vn -0.834938 0.377688 0.400094
vn 0.788406 -0.329188 0.519594
vn 0.093531 -0.153281 -0.983719
vn -0.072156 -0.997281 -0.011563
vn 0.010531 -0.999875 -0.001000
vn -0.002219 -0.999969 -0.003969
vn 0.974906 0.162594 -0.151469
vn -0.480844 0.743250 -0.465000
vn 0.427344 -0.432656 0.793719
vn 0.891875 0.367438 -0.263594
vn 0.908500 0.307656 -0.282656
vn 0.920344 0.247063 -0.303000
vn 0.876500 0.385938 -0.287375
vn 0.217281 -0.975250 0.040688
vn 0.232500 -0.952688 0.195312
vn -0.256594 0.966344 0.015750
vn -0.628563 -0.545125 -0.554656
vn -0.164375 0.493375 0.854031
vn -0.706688 0.398594 0.584500
vn 0.794469 -0.464781 -0.390656
vn -0.984781 0.138563 0.103906
vn -0.124469 -0.947031 -0.296000
vn -0.340969 -0.924344 -0.171031
vn -0.653625 -0.707094 -0.269563
vn -0.214000 -0.967000 0.138094
vn -0.821813 -0.339281 0.457625
vn 0.246688 -0.535031 -0.807938
vn -0.271031 0.958844 0.084188
vn 0.873563 -0.481375 -0.071531
vn 0.684344 0.724063 0.085281
vn -0.136500 -0.669250 0.730313
vn -0.365156 -0.521688 0.770938
vn -0.213375 -0.690969 0.690625
vn -0.229625 -0.492281 0.839500
vn -0.673906 -0.175969 0.717438
vn 0.876844 0.310250 0.367063
vn 0.562813 -0.822469 -0.081781
vn 0.417844 -0.060781 0.906438
vn -0.964844 -0.149375 -0.216188
vn 0.049188 -0.972094 0.229188
vn 0.277281 -0.878906 -0.388063
vn 0.720781 0.379656 -0.579844
vn 0.370094 0.732594 -0.571156
vn -0.014094 0.884969 0.465313
vn -0.855750 -0.028344 0.516563
vn -0.330875 0.548500 -0.767781
vn -0.878906 -0.374875 0.294750
vn 0.005844 -0.005094 -0.999969
vn 0.033813 0.821594 0.569000
vn 0.027281 -0.999563 -0.004875
vn -0.838844 0.265281 -0.475250
vn -0.841250 -0.163438 -0.515281
vn -0.627594 -0.207219 0.750406
vn -0.922625 0.359469 -0.139563
vn 0.092094 0.690719 -0.717219
vn 0.265781 -0.210875 -0.940625
vn -0.048969 0.574281 -0.817156
vn -0.419531 0.438469 -0.794688
vn -0.637125 0.411000 -0.652000
vn 0.154781 -0.987188 0.037563
vn 0.511594 -0.830156 0.221375
vn 0.035656 -0.963063 0.266750
vn -0.115000 0.744656 0.657406
vn -0.186656 0.087969 0.978469
vn 0.229438 -0.809969 0.539594
vn 0.841344 -0.457563 -0.287531
vn 0.648531 0.746094 -0.150469
vn -0.241281 0.970438 -0.000250
vn -0.970688 -0.025281 0.238875
vn -0.449688 0.861500 -0.235594
vn 0.110188 0.571156 -0.813344
vn -0.052625 -0.996844 -0.057750
vn 0.081281 0.006063 0.996625
vn -0.942375 -0.023125 -0.333688
vn -0.920531 -0.192406 0.339875
vn 0.036469 -0.998563 0.037875
vn 0.800125 0.590375 -0.105656
vn -0.636906 -0.556313 0.533625
vn -0.945063 -0.099688 0.311281
vn -0.166500 0.831469 -0.529938
vn -0.389250 -0.351938 -0.851188
vn -0.121469 0.992500 -0.000438
vn -0.282063 0.959188 0.015594
vn 0.822469 0.056000 -0.565969
vn -0.448875 -0.835813 -0.315844
vn -0.069156 -0.996719 0.041625
vn 0.127438 -0.898313 -0.420281
vn -0.511563 0.046594 -0.857938
vn 0.167125 -0.853813 -0.492875
vn 0.060438 -0.993906 -0.091781
vn 0.708000 -0.645500 0.286344
vn 0.028875 0.998000 0.056156
vn 0.825938 -0.255250 0.502563
vn 0.114281 0.641250 0.758656
vn -0.977813 0.103000 0.182344
vn 0.234281 -0.279188 0.931188
vn 0.104438 -0.991531 -0.076375
vn 0.996406 -0.057250 0.061250
vn 0.956375 -0.097438 -0.275281
vn -0.306344 0.935625 -0.174938
vn 0.302875 0.071188 0.950281
vn -0.873438 -0.448063 -0.190500
vn -0.906563 -0.377969 -0.187500
vn 0.686938 0.605969 -0.400969
vn 0.970781 0.220094 -0.095063
vn -0.231063 0.971000 -0.061094
vn -0.384219 0.135063 0.913250
vn 0.073375 0.984875 -0.156781
vn -0.381125 0.419094 0.824000
vn -0.571813 -0.285094 -0.769188
vn -0.639094 0.268656 0.720594
vn 0.108625 -0.616844 -0.779469
vn -0.068844 -0.987938 0.138563
vn -0.784594 -0.376188 -0.492656
vn -0.479531 -0.875000 0.065375
vn 0.428750 -0.317594 -0.845688
vn 0.774281 0.454781 -0.439969
vn 0.224094 0.556531 -0.799969
vn 0.750531 -0.283469 -0.596875
vn 0.797594 0.335281 -0.501375
vn 0.746625 -0.644063 -0.166094
vn 0.742281 -0.306563 -0.595781
vn 0.887219 0.056156 -0.457875
vn -0.112844 -0.405031 -0.907219
vn 0.923063 -0.126844 -0.363000
vn -0.157875 0.986406 0.044188
vn -0.407969 0.895813 -0.175969
vn 0.208188 0.971125 0.115938
vn -0.399344 0.766375 -0.503094
vn 0.560438 -0.573969 -0.596969
vn 0.142250 0.652219 0.744531
vn 0.064844 0.994656 0.079844
vn 0.261156 -0.891156 0.370875
vn 0.034063 -0.409813 0.911531
vn -0.180906 0.328375 -0.927031
vn 0.446719 0.894594 0.004375
vn -0.093531 -0.958656 0.268594
vn 0.528625 -0.802188 0.277375
vn 0.071188 -0.916531 0.393438
vn -0.941281 -0.337500 0.004000
vn -0.622469 0.776250 0.099281
vn 0.820375 0.456031 0.344875
vn 0.676406 -0.034531 0.735656
vn -0.105969 0.993594 0.037656
vn 0.772000 -0.109250 0.626063
vn 0.691063 0.393156 0.606406
vn 0.018344 0.211750 0.977094
vn 0.863281 -0.497500 0.084469
vn -0.327781 0.379594 0.865094
vn -0.277156 0.339188 -0.898844
vn -0.147188 0.426750 -0.892250
vn 0.027625 0.113563 0.993125
vn 0.848844 0.420344 -0.320469
vn 0.141188 0.820625 -0.553594
vn -0.222438 0.974781 -0.015875
vn -0.586875 0.777844 -0.224688
vn -0.052000 0.904063 0.424094
vn -0.293875 0.955688 -0.015875
vn -0.388875 0.903813 -0.178438
vn 0.604250 -0.771781 -0.197688
vn 0.272875 0.944094 -0.184594
vn -0.223875 -0.890375 0.396250
vn -0.466563 0.181500 -0.865625
vn -0.191406 0.054781 -0.979906
vn -0.851875 0.215000 -0.477406
vn -0.660344 -0.637125 0.397281
vn 0.469063 -0.141625 0.871625
vn 0.859563 0.490000 0.144688
vn -0.441500 0.273594 0.854469
vn 0.998906 -0.041875 -0.019656
vn 0.996938 -0.075938 -0.013875
vn 0.405813 -0.907500 -0.108125
vn -0.628781 0.441563 0.639938
vn 0.223656 0.851000 0.474969
vn -0.242969 0.732844 0.635406
vn 0.311344 -0.290250 -0.904813
vn 0.272000 -0.200219 -0.941188
vn 0.411656 -0.702250 -0.580719
vn 0.954938 -0.077375 0.286500
vn 0.982406 0.103688 -0.155188
vn 0.848813 0.068344 0.524188
vn 0.441063 -0.111188 0.890500
vn 0.096688 -0.847750 0.521375
vn -0.814625 0.488094 -0.313188
vn -0.144469 -0.989469 0.007438
vn 0.419750 0.520063 -0.743781
vn -0.990406 -0.062281 0.123125
vn -0.890406 -0.006531 0.455063
vn 0.107094 0.624875 -0.773313
vn -0.047844 -0.391000 0.919125
vn -0.603281 -0.089406 0.792406
vn -0.173688 0.918375 -0.355406
vn -0.182094 0.915125 -0.359469
vn 0.367188 -0.296594 -0.881500
vn 0.116656 -0.453750 0.883438
vn -0.836906 0.151875 -0.525813
vn 0.160969 -0.879531 0.447531
vn -0.686719 -0.634969 -0.353656
vn 0.261750 -0.377000 -0.888406
vn -0.092469 0.537969 0.837844
vn -0.911781 -0.005781 0.410531
vn 0.769938 -0.062031 0.635063
vn -0.054563 0.935625 -0.348500
vn 0.080781 -0.947563 0.309063
vn 0.007594 -0.999656 -0.022094
vn 0.691719 -0.024438 0.721656
vn -0.346500 0.819875 0.455656
vn 0.909938 -0.329188 -0.252094
vn -0.818031 0.487406 0.305156
vn -0.600781 -0.757594 0.255094
vn -0.280969 -0.958438 0.048344
vn -0.320125 0.947344 -0.003156
vn -0.291875 0.928594 -0.229000
vn 0.726438 -0.283469 -0.625969
vn -0.117281 -0.935531 0.333094
vn 0.020250 0.998250 -0.054219
vn -0.333969 0.922938 0.190969
vn 0.898313 0.424625 -0.112031
vn 0.046969 0.982313 -0.181094
vn -0.224875 0.961250 0.159281
vn 0.231906 -0.224063 -0.946500
vn -0.824531 -0.565625 -0.006750
vn -0.699281 -0.706688 -0.107406
vn -0.035250 -0.682500 0.730000
vn 0.611313 0.636156 0.470594
vn 0.855344 -0.209063 0.473781
vn 0.151313 0.117188 -0.981438
vn -0.281875 0.959406 -0.006750
vn 0.669875 -0.001344 -0.742469
vn 0.274063 -0.701813 -0.657438
vn -0.724781 0.680969 -0.104219
vn 0.042594 0.933781 -0.355281
vn -0.035344 0.999000 -0.025438
vn -0.381125 0.839906 0.386281
vn 0.060688 -0.923344 0.379063
vn -0.802719 0.499656 -0.325281
vn 0.487781 0.047281 -0.871625
vn 0.571281 -0.779469 -0.256875
vn -0.233281 0.371938 0.898438
vn 0.427281 0.860000 -0.278688
vn -0.098156 0.044281 -0.994125
vn -0.488063 0.711125 -0.505938
vn -0.195281 0.979781 0.043063
vn 0.624219 0.302063 -0.720375
vn 0.434500 0.877344 0.203531
vn 0.021688 -0.990094 0.138563
vn 0.018594 -0.890938 0.453656
vn -0.039313 -0.111594 -0.992938
vn 0.941063 -0.047781 -0.334563
vn -0.826375 -0.121375 0.549781
vn -0.985656 -0.167281 -0.018500
vn -0.347594 0.666531 -0.659375
# 4433 normals

vt 0.861130 0.267898 0.000000
vt 0.864755 0.248376 0.000000
vt 0.851051 0.247738 0.000000
vt 0.000000 1.000000 0.000000
vt 0.886662 0.181825 0.000000
vt 0.899292 0.202447 0.000000
vt 0.923117 0.166659 0.000000
vt 0.036359 0.638625 0.000000
vt 0.027586 0.625703 0.000000
vt 0.011298 0.641201 0.000000
vt 0.084069 0.616690 0.000000
vt 0.090627 0.604594 0.000000
vt 0.074786 0.611080 0.000000
vt 0.026056 0.702871 0.000000
vt 0.030046 0.699012 0.000000
vt 0.019842 0.695291 0.000000
vt 0.038020 0.715145 0.000000
vt 0.048740 0.709410 0.000000
vt 0.035361 0.702311 0.000000
vt 0.111514 0.663184 0.000000
vt 0.094618 0.658898 0.000000
vt 0.100007 0.677381 0.000000
vt 0.351065 0.249522 0.000000
vt 0.345412 0.251614 0.000000
vt 0.355740 0.254023 0.000000
vt 0.089606 0.703492 0.000000
vt 0.081780 0.702026 0.000000
vt 0.073977 0.702899 0.000000
vt 0.667335 0.203905 0.000000
vt 0.655868 0.197301 0.000000
vt 0.653914 0.215504 0.000000
vt 0.037974 0.725324 0.000000
vt 0.048393 0.736403 0.000000
vt 0.045477 0.723169 0.000000
vt 0.312538 0.134998 0.000000
vt 0.312402 0.147347 0.000000
vt 0.318447 0.136161 0.000000
vt 0.309777 0.140685 0.000000
vt 0.069836 0.720688 0.000000
vt 0.062361 0.718123 0.000000
vt 0.065490 0.726917 0.000000
vt 0.296528 0.160625 0.000000
vt 0.304892 0.150064 0.000000
vt 0.286971 0.152107 0.000000
vt 0.715569 0.310382 0.000000
vt 0.750892 0.323482 0.000000
vt 0.727360 0.299874 0.000000
vt 0.883530 0.293302 0.000000
vt 0.880956 0.318001 0.000000
vt 0.910278 0.304249 0.000000
vt 0.034873 0.732885 0.000000
vt 0.032757 0.746254 0.000000
vt 0.039711 0.749765 0.000000
vt 0.658619 0.142583 0.000000
vt 0.646323 0.156425 0.000000
vt 0.674325 0.148387 0.000000
vt 0.262722 0.202995 0.000000
vt 0.271065 0.228598 0.000000
vt 0.279034 0.209011 0.000000
vt 0.845582 0.297356 0.000000
vt 0.836571 0.320513 0.000000
vt 0.838668 0.325602 0.000000
vt 0.283141 0.105314 0.000000
vt 0.266676 0.111887 0.000000
vt 0.283637 0.117424 0.000000
vt 0.396101 0.151963 0.000000
vt 0.408188 0.150243 0.000000
vt 0.397654 0.144355 0.000000
vt 0.914705 0.792615 0.000000
vt 0.904548 0.794878 0.000000
vt 0.909451 0.799480 0.000000
vt 0.921062 0.807065 0.000000
vt 0.915630 0.803772 0.000000
vt 0.158890 0.607386 0.000000
vt 0.149031 0.594458 0.000000
vt 0.144248 0.607634 0.000000
vt 0.266614 0.119657 0.000000
vt 0.271030 0.125424 0.000000
vt 0.280174 0.125291 0.000000
vt 0.804408 0.268459 0.000000
vt 0.798416 0.273036 0.000000
vt 0.800110 0.280507 0.000000
vt 0.240691 0.112479 0.000000
vt 0.238169 0.124160 0.000000
vt 0.249652 0.117781 0.000000
vt 0.643515 0.109606 0.000000
vt 0.622686 0.108288 0.000000
vt 0.603996 0.124367 0.000000
vt 0.809610 0.267395 0.000000
vt 0.167607 0.575717 0.000000
vt 0.166223 0.560028 0.000000
vt 0.156161 0.577793 0.000000
vt 0.281763 0.133026 0.000000
vt 0.263716 0.128076 0.000000
vt 0.260623 0.147168 0.000000
vt 0.248377 0.130415 0.000000
vt 0.252994 0.139087 0.000000
vt 0.252265 0.125294 0.000000
vt 0.709014 0.235928 0.000000
vt 0.737805 0.223263 0.000000
vt 0.731622 0.219062 0.000000
vt 0.220945 0.138837 0.000000
vt 0.212537 0.168118 0.000000
vt 0.222369 0.172273 0.000000
vt 0.791691 0.288115 0.000000
vt 0.797869 0.264265 0.000000
vt 0.802199 0.266729 0.000000
vt 0.306674 0.274969 0.000000
vt 0.307679 0.268704 0.000000
vt 0.297007 0.279413 0.000000
vt 0.656843 0.043573 0.000000
vt 0.663036 0.038822 0.000000
vt 0.647734 0.037009 0.000000
vt 0.214924 0.177711 0.000000
vt 0.203563 0.189991 0.000000
vt 0.218366 0.182138 0.000000
vt 0.031813 0.757356 0.000000
vt 0.031118 0.762014 0.000000
vt 0.032503 0.767964 0.000000
vt 0.744547 0.228764 0.000000
vt 0.725798 0.254772 0.000000
vt 0.182758 0.174572 0.000000
vt 0.190280 0.187311 0.000000
vt 0.192898 0.172742 0.000000
vt 0.203367 0.515542 0.000000
vt 0.204375 0.494658 0.000000
vt 0.188517 0.518393 0.000000
vt 0.150034 0.116570 0.000000
vt 0.149557 0.125517 0.000000
vt 0.165208 0.122528 0.000000
vt 0.796033 0.254549 0.000000
vt 0.786056 0.219438 0.000000
vt 0.225607 0.454277 0.000000
vt 0.218799 0.455565 0.000000
vt 0.222895 0.460086 0.000000
vt 0.809610 0.228620 0.000000
vt 0.222775 0.238885 0.000000
vt 0.231983 0.245329 0.000000
vt 0.235373 0.238030 0.000000
vt 0.682506 0.330069 0.000000
vt 0.691483 0.299874 0.000000
vt 0.659631 0.299874 0.000000
vt 0.185819 0.492273 0.000000
vt 0.178689 0.492626 0.000000
vt 0.171014 0.499722 0.000000
vt 0.214591 0.491109 0.000000
vt 0.225788 0.500702 0.000000
vt 0.236809 0.502641 0.000000
vt 0.735264 0.357788 0.000000
vt 0.720405 0.344912 0.000000
vt 0.703645 0.372051 0.000000
vt 0.171843 0.487504 0.000000
vt 0.209853 0.243070 0.000000
vt 0.211771 0.232257 0.000000
vt 0.197282 0.232302 0.000000
vt 0.886988 0.362298 0.000000
vt 0.883045 0.353513 0.000000
vt 0.878645 0.367620 0.000000
vt 0.809610 0.219976 0.000000
vt 0.801866 0.217114 0.000000
vt 0.224334 0.513903 0.000000
vt 0.235529 0.517531 0.000000
vt 0.697441 0.119043 0.000000
vt 0.712441 0.116176 0.000000
vt 0.703887 0.113479 0.000000
vt 0.495170 0.360199 0.000000
vt 0.507868 0.367905 0.000000
vt 0.506377 0.345350 0.000000
vt 0.056961 0.796400 0.000000
vt 0.059348 0.788453 0.000000
vt 0.053656 0.784192 0.000000
vt 0.227960 0.481875 0.000000
vt 0.242704 0.490281 0.000000
vt 0.255130 0.490114 0.000000
vt 0.798156 0.212625 0.000000
vt 0.193536 0.229950 0.000000
vt 0.184462 0.227846 0.000000
vt 0.183971 0.237956 0.000000
vt 0.180324 0.235130 0.000000
vt 0.654613 0.304671 0.000000
vt 0.652444 0.330567 0.000000
vt 0.177785 0.225161 0.000000
vt 0.248175 0.492944 0.000000
vt 0.256901 0.500181 0.000000
vt 0.172506 0.232937 0.000000
vt 0.153076 0.831278 0.000000
vt 0.160122 0.833367 0.000000
vt 0.164625 0.826511 0.000000
vt 0.214706 0.553920 0.000000
vt 0.187952 0.590915 0.000000
vt 0.255405 0.605917 0.000000
vt 0.647974 0.305293 0.000000
vt 0.251741 0.462515 0.000000
vt 0.261766 0.472594 0.000000
vt 0.271567 0.473768 0.000000
vt 0.101330 0.128747 0.000000
vt 0.114631 0.135420 0.000000
vt 0.107423 0.123336 0.000000
vt 0.496661 0.302081 0.000000
vt 0.498339 0.333548 0.000000
vt 0.516187 0.305370 0.000000
vt 0.627351 0.309185 0.000000
vt 0.106374 0.144064 0.000000
vt 0.111150 0.151877 0.000000
vt 0.116295 0.143911 0.000000
vt 0.139774 0.236430 0.000000
vt 0.154798 0.231980 0.000000
vt 0.145987 0.228622 0.000000
vt 0.576312 0.325586 0.000000
vt 0.558558 0.345811 0.000000
vt 0.581639 0.336894 0.000000
vt 0.636536 0.299874 0.000000
vt 0.642512 0.305150 0.000000
vt 0.617827 0.310788 0.000000
vt 0.301153 0.446019 0.000000
vt 0.299256 0.438738 0.000000
vt 0.293930 0.450397 0.000000
vt 0.767840 0.439954 0.000000
vt 0.737190 0.447409 0.000000
vt 0.758920 0.481110 0.000000
vt 0.723611 0.071459 0.000000
vt 0.738169 0.062262 0.000000
vt 0.723797 0.060901 0.000000
vt 0.522826 0.154534 0.000000
vt 0.512043 0.158167 0.000000
vt 0.528205 0.156029 0.000000
vt 0.117457 0.178594 0.000000
vt 0.108734 0.172713 0.000000
vt 0.104684 0.189464 0.000000
vt 0.117247 0.215327 0.000000
vt 0.130012 0.211453 0.000000
vt 0.121245 0.204759 0.000000
vt 0.526769 0.627389 0.000000
vt 0.530492 0.633273 0.000000
vt 0.539578 0.627389 0.000000
vt 0.299500 0.460014 0.000000
vt 0.304855 0.473629 0.000000
vt 0.320801 0.456815 0.000000
vt 0.482515 0.248510 0.000000
vt 0.475990 0.269067 0.000000
vt 0.500386 0.248285 0.000000
vt 0.734871 0.081684 0.000000
vt 0.741938 0.082368 0.000000
vt 0.745458 0.069837 0.000000
vt 0.522589 0.618437 0.000000
vt 0.520562 0.624231 0.000000
vt 0.526769 0.613944 0.000000
vt 0.061193 0.035083 0.000000
vt 0.061638 0.046506 0.000000
vt 0.073123 0.044143 0.000000
vt 0.545842 0.102364 0.000000
vt 0.543427 0.092371 0.000000
vt 0.539520 0.104241 0.000000
vt 0.535408 0.061034 0.000000
vt 0.551464 0.085210 0.000000
vt 0.543617 0.057514 0.000000
vt 0.219062 0.807283 0.000000
vt 0.231427 0.803572 0.000000
vt 0.226075 0.791738 0.000000
vt 0.103153 0.241262 0.000000
vt 0.107354 0.252865 0.000000
vt 0.113595 0.236909 0.000000
vt 0.751120 0.508997 0.000000
vt 0.734284 0.507452 0.000000
vt 0.743225 0.514351 0.000000
vt 0.847405 0.628312 0.000000
vt 0.854355 0.624461 0.000000
vt 0.841624 0.620414 0.000000
vt 0.836667 0.629555 0.000000
vt 0.731544 0.485664 0.000000
vt 0.869978 0.653860 0.000000
vt 0.862304 0.653141 0.000000
vt 0.854439 0.664194 0.000000
vt 0.763896 0.526011 0.000000
vt 0.743965 0.541840 0.000000
vt 0.781912 0.556529 0.000000
vt 0.815295 0.603542 0.000000
vt 0.807802 0.616967 0.000000
vt 0.824108 0.610639 0.000000
vt 0.716724 0.489410 0.000000
vt 0.706265 0.505464 0.000000
vt 0.612138 0.399424 0.000000
vt 0.617223 0.396781 0.000000
vt 0.605827 0.371508 0.000000
vt 0.592701 0.361551 0.000000
vt 0.594495 0.386331 0.000000
vt 0.323126 0.732558 0.000000
vt 0.283680 0.704766 0.000000
vt 0.283768 0.749394 0.000000
vt 0.105475 0.426500 0.000000
vt 0.105182 0.448680 0.000000
vt 0.116461 0.429672 0.000000
vt 0.688636 0.493951 0.000000
vt 0.663202 0.486748 0.000000
vt 0.673326 0.507716 0.000000
vt 0.590702 0.421347 0.000000
vt 0.336086 0.638903 0.000000
vt 0.349609 0.666615 0.000000
vt 0.370700 0.625530 0.000000
vt 0.035757 0.902888 0.000000
vt 0.025591 0.913405 0.000000
vt 0.041031 0.910007 0.000000
vt 0.675296 0.714673 0.000000
vt 0.670059 0.728338 0.000000
vt 0.675296 0.726198 0.000000
vt 0.675296 0.731322 0.000000
vt 0.664244 0.731322 0.000000
vt 0.665844 0.722030 0.000000
vt 0.244544 0.331022 0.000000
vt 0.232821 0.328843 0.000000
vt 0.255575 0.338523 0.000000
vt 0.133981 0.920506 0.000000
vt 0.112534 0.933236 0.000000
vt 0.127473 0.933330 0.000000
vt 0.093869 0.901519 0.000000
vt 0.079631 0.896803 0.000000
vt 0.078420 0.907763 0.000000
vt 0.006425 0.558102 0.000000
vt 0.028543 0.558184 0.000000
vt 0.017782 0.553800 0.000000
vt 0.757089 0.879115 0.000000
vt 0.770195 0.859557 0.000000
vt 0.751718 0.870198 0.000000
vt 0.340683 0.830738 0.000000
vt 0.344375 0.818887 0.000000
vt 0.311336 0.813230 0.000000
vt 0.393074 0.650901 0.000000
vt 0.394087 0.680389 0.000000
vt 0.777594 0.903257 0.000000
vt 0.771360 0.915480 0.000000
vt 0.781307 0.911427 0.000000
vt 0.757226 0.889410 0.000000
vt 0.764711 0.893469 0.000000
vt 0.765045 0.881129 0.000000
vt 0.366851 0.769271 0.000000
vt 0.366333 0.757795 0.000000
vt 0.352744 0.762396 0.000000
vt 0.347631 0.837828 0.000000
vt 0.353051 0.829799 0.000000
vt 0.348366 0.812500 0.000000
vt 0.047263 0.547343 0.000000
vt 0.031602 0.551496 0.000000
vt 0.044321 0.556625 0.000000
vt 0.049983 0.533923 0.000000
vt 0.367042 0.871696 0.000000
vt 0.370354 0.853595 0.000000
vt 0.349462 0.856114 0.000000
vt 0.031353 0.570619 0.000000
vt 0.040718 0.569161 0.000000
vt 0.412323 0.673150 0.000000
vt 0.056942 0.542258 0.000000
vt 0.897898 0.945268 0.000000
vt 0.896702 0.964142 0.000000
vt 0.905260 0.957618 0.000000
vt 0.740497 0.662873 0.000000
vt 0.751422 0.676590 0.000000
vt 0.743663 0.657273 0.000000
vt 0.753729 0.906104 0.000000
vt 0.756644 0.914834 0.000000
vt 0.762059 0.901702 0.000000
vt 0.691925 0.603898 0.000000
vt 0.672613 0.579984 0.000000
vt 0.676929 0.622160 0.000000
vt 0.715113 0.670689 0.000000
vt 0.392624 0.733991 0.000000
vt 0.393148 0.724369 0.000000
vt 0.381916 0.734339 0.000000
vt 0.868171 0.055015 0.000000
vt 0.866990 0.047805 0.000000
vt 0.862292 0.056815 0.000000
vt 0.400458 0.725499 0.000000
vt 0.397959 0.717920 0.000000
vt 0.063829 0.570619 0.000000
vt 0.392910 0.706202 0.000000
vt 0.406487 0.708055 0.000000
vt 0.409291 0.695142 0.000000
vt 0.085450 0.519793 0.000000
vt 0.075648 0.510860 0.000000
vt 0.074412 0.522907 0.000000
vt 0.748850 0.927384 0.000000
vt 0.750285 0.916567 0.000000
vt 0.744181 0.910250 0.000000
vt 0.054389 0.551630 0.000000
vt 0.051723 0.563889 0.000000
vt 0.069886 0.565695 0.000000
vt 0.130410 0.380927 0.000000
vt 0.164187 0.379060 0.000000
vt 0.160398 0.371049 0.000000
vt 0.332389 0.339773 0.000000
vt 0.332389 0.317007 0.000000
vt 0.329608 0.326473 0.000000
vt 0.422411 0.902113 0.000000
vt 0.431951 0.901163 0.000000
vt 0.428129 0.893351 0.000000
vt 0.328791 0.332647 0.000000
vt 0.324154 0.329479 0.000000
vt 0.406010 0.763207 0.000000
vt 0.388556 0.756752 0.000000
vt 0.397329 0.771621 0.000000
vt 0.408966 0.725778 0.000000
vt 0.420367 0.728619 0.000000
vt 0.408922 0.716609 0.000000
vt 0.418480 0.718529 0.000000
vt 0.703254 0.667322 0.000000
vt 0.697827 0.673628 0.000000
vt 0.404103 0.855005 0.000000
vt 0.397976 0.863875 0.000000
vt 0.409243 0.877097 0.000000
vt 0.096676 0.520459 0.000000
vt 0.109245 0.527744 0.000000
vt 0.109264 0.517792 0.000000
vt 0.420135 0.739643 0.000000
vt 0.410982 0.748660 0.000000
vt 0.415674 0.752435 0.000000
vt 0.092924 0.524414 0.000000
vt 0.091601 0.537687 0.000000
vt 0.107612 0.536390 0.000000
vt 0.099523 0.560401 0.000000
vt 0.080471 0.553744 0.000000
vt 0.085452 0.570619 0.000000
vt 0.088182 0.552038 0.000000
vt 0.722674 0.914331 0.000000
vt 0.716915 0.918821 0.000000
vt 0.719063 0.935700 0.000000
vt 0.469025 0.184886 0.000000
vt 0.465821 0.193283 0.000000
vt 0.470928 0.199170 0.000000
vt 0.104416 0.387239 0.000000
vt 0.116765 0.388854 0.000000
vt 0.119171 0.382457 0.000000
vt 0.422825 0.755775 0.000000
vt 0.428384 0.740088 0.000000
vt 0.627777 0.635645 0.000000
vt 0.641898 0.650045 0.000000
vt 0.671968 0.629781 0.000000
vt 0.444699 0.198591 0.000000
vt 0.466906 0.202518 0.000000
vt 0.823603 0.047027 0.000000
vt 0.805534 0.066703 0.000000
vt 0.819729 0.069335 0.000000
vt 0.100524 0.553075 0.000000
vt 0.430540 0.750300 0.000000
vt 0.438514 0.746364 0.000000
vt 0.415664 0.828734 0.000000
vt 0.409142 0.833455 0.000000
vt 0.415212 0.847852 0.000000
vt 0.413834 0.790813 0.000000
vt 0.418573 0.788301 0.000000
vt 0.422504 0.777244 0.000000
vt 0.110781 0.716053 0.000000
vt 0.118528 0.712459 0.000000
vt 0.112681 0.711225 0.000000
vt 0.659764 0.664741 0.000000
vt 0.671452 0.656876 0.000000
vt 0.644303 0.664225 0.000000
vt 0.915849 0.738385 0.000000
vt 0.930006 0.738598 0.000000
vt 0.930297 0.731048 0.000000
vt 0.447871 0.871515 0.000000
vt 0.445810 0.883058 0.000000
vt 0.456991 0.877840 0.000000
vt 0.685069 0.930138 0.000000
vt 0.691769 0.920987 0.000000
vt 0.674057 0.919291 0.000000
vt 0.451491 0.729841 0.000000
vt 0.449572 0.738796 0.000000
vt 0.462385 0.724051 0.000000
vt 0.427077 0.027860 0.000000
vt 0.423112 0.040103 0.000000
vt 0.427687 0.044003 0.000000
vt 0.879085 0.725365 0.000000
vt 0.898081 0.714842 0.000000
vt 0.871672 0.719827 0.000000
vt 0.660184 0.911084 0.000000
vt 0.653660 0.924472 0.000000
vt 0.666915 0.914359 0.000000
vt 0.418613 0.193357 0.000000
vt 0.411153 0.197370 0.000000
vt 0.429156 0.211145 0.000000
vt 0.054048 0.334152 0.000000
vt 0.038047 0.343053 0.000000
vt 0.048917 0.340117 0.000000
vt 0.648695 0.916771 0.000000
vt 0.633835 0.649513 0.000000
vt 0.625418 0.653508 0.000000
vt 0.437663 0.755965 0.000000
vt 0.437153 0.768461 0.000000
vt 0.451130 0.763714 0.000000
vt 0.508164 0.521935 0.000000
vt 0.491094 0.526588 0.000000
vt 0.507625 0.538798 0.000000
vt 0.475182 0.876773 0.000000
vt 0.468796 0.877077 0.000000
vt 0.470600 0.881729 0.000000
vt 0.554362 0.957298 0.000000
vt 0.536144 0.945266 0.000000
vt 0.542783 0.958693 0.000000
vt 0.663463 0.947155 0.000000
vt 0.672586 0.936795 0.000000
vt 0.659987 0.926495 0.000000
vt 0.471183 0.868498 0.000000
vt 0.465888 0.872384 0.000000
vt 0.421886 0.811448 0.000000
vt 0.433963 0.827648 0.000000
vt 0.431239 0.818076 0.000000
vt 0.707371 0.833758 0.000000
vt 0.690551 0.842679 0.000000
vt 0.717724 0.840117 0.000000
vt 0.578937 0.666195 0.000000
vt 0.591316 0.660163 0.000000
vt 0.577063 0.652178 0.000000
vt 0.446610 0.852221 0.000000
vt 0.443552 0.847098 0.000000
vt 0.438275 0.855862 0.000000
vt 0.189107 0.243084 0.000000
vt 0.192494 0.238595 0.000000
vt 0.466663 0.751686 0.000000
vt 0.468404 0.761834 0.000000
vt 0.483005 0.758855 0.000000
vt 0.479532 0.842372 0.000000
vt 0.488835 0.842971 0.000000
vt 0.480320 0.831048 0.000000
vt 0.551483 0.837261 0.000000
vt 0.537859 0.843240 0.000000
vt 0.545317 0.848224 0.000000
vt 0.616259 0.875234 0.000000
vt 0.611904 0.869572 0.000000
vt 0.601391 0.870865 0.000000
vt 0.534795 0.803483 0.000000
vt 0.540962 0.810796 0.000000
vt 0.550499 0.804057 0.000000
vt 0.212530 0.856777 0.000000
vt 0.207826 0.869641 0.000000
vt 0.217206 0.866173 0.000000
vt 0.237168 0.844913 0.000000
vt 0.244168 0.852685 0.000000
vt 0.244972 0.845624 0.000000
vt 0.026205 0.744473 0.000000
vt 0.438008 0.359285 0.000000
vt 0.477669 0.374285 0.000000
vt 0.452411 0.344951 0.000000
vt 0.442029 0.326472 0.000000
vt 0.429019 0.349769 0.000000
vt 0.443746 0.340100 0.000000
vt 0.909251 0.779736 0.000000
vt 0.908606 0.761910 0.000000
vt 0.896513 0.770691 0.000000
vt 0.678519 0.180372 0.000000
vt 0.667222 0.182446 0.000000
vt 0.675249 0.187669 0.000000
vt 0.881765 0.010853 0.000000
vt 0.885200 0.016838 0.000000
vt 0.897199 0.004975 0.000000
vt 0.039056 0.113781 0.000000
vt 0.050713 0.122341 0.000000
vt 0.051576 0.111865 0.000000
vt 0.360630 0.274342 0.000000
vt 0.356308 0.280365 0.000000
vt 0.368714 0.268850 0.000000
vt 0.501659 0.992278 0.000000
vt 0.508920 0.993950 0.000000
vt 0.509346 0.986474 0.000000
vt 0.507789 0.606811 0.000000
vt 0.500232 0.611156 0.000000
vt 0.507648 0.612388 0.000000
vt 0.054447 0.193106 0.000000
vt 0.055814 0.206049 0.000000
vt 0.065296 0.196162 0.000000
vt 0.078278 0.214440 0.000000
vt 0.088256 0.212285 0.000000
vt 0.076537 0.203273 0.000000
vt 0.026297 0.754854 0.000000
vt 0.012028 0.777412 0.000000
vt 0.535882 0.110154 0.000000
vt 0.550465 0.109622 0.000000
vt 0.708177 0.813292 0.000000
vt 0.718661 0.818356 0.000000
vt 0.707677 0.801460 0.000000
vt 0.620853 0.935470 0.000000
vt 0.638334 0.934127 0.000000
vt 0.633732 0.924650 0.000000
vt 0.468895 0.442319 0.000000
vt 0.494579 0.457461 0.000000
vt 0.477567 0.427826 0.000000
vt 0.842024 0.218420 0.000000
vt 0.847983 0.233265 0.000000
vt 0.854191 0.228604 0.000000
vt 0.731463 0.799050 0.000000
vt 0.728446 0.814400 0.000000
vt 0.745779 0.804953 0.000000
vt 0.613577 0.812661 0.000000
vt 0.607120 0.819691 0.000000
vt 0.631271 0.815306 0.000000
vt 0.766812 0.784864 0.000000
vt 0.750020 0.795234 0.000000
vt 0.766325 0.801816 0.000000
vt 0.822833 0.765769 0.000000
vt 0.820784 0.782546 0.000000
vt 0.830064 0.769726 0.000000
vt 0.232264 0.673293 0.000000
vt 0.254906 0.706707 0.000000
vt 0.242917 0.652698 0.000000
vt 0.077938 0.719907 0.000000
vt 0.086419 0.718949 0.000000
vt 0.082545 0.712050 0.000000
vt 0.558101 0.338502 0.000000
vt 0.838908 0.381436 0.000000
vt 0.839575 0.335530 0.000000
vt 0.827686 0.353244 0.000000
vt 0.555612 0.491629 0.000000
vt 0.549593 0.527579 0.000000
vt 0.575555 0.524755 0.000000
vt 0.592682 0.580003 0.000000
vt 0.594130 0.570436 0.000000
vt 0.584643 0.587634 0.000000
vt 0.487917 0.612388 0.000000
vt 0.202989 0.696403 0.000000
vt 0.211382 0.738765 0.000000
vt 0.234255 0.719694 0.000000
vt 0.191635 0.780455 0.000000
vt 0.201086 0.786495 0.000000
vt 0.204514 0.770352 0.000000
vt 0.207994 0.886670 0.000000
vt 0.215683 0.885441 0.000000
vt 0.213089 0.881117 0.000000
vt 0.250333 0.853156 0.000000
vt 0.244731 0.857508 0.000000
vt 0.252036 0.864653 0.000000
vt 0.903515 0.757334 0.000000
vt 0.885729 0.767159 0.000000
vt 0.886991 0.792109 0.000000
vt 0.879836 0.784206 0.000000
vt 0.878541 0.792081 0.000000
vt 0.017976 0.045960 0.000000
vt 0.025874 0.041102 0.000000
vt 0.018530 0.034202 0.000000
vt 0.169929 0.814736 0.000000
vt 0.153124 0.823694 0.000000
vt 0.910503 0.963011 0.000000
vt 0.927154 0.966932 0.000000
vt 0.913534 0.952790 0.000000
vt 0.090002 0.237688 0.000000
vt 0.091427 0.251868 0.000000
vt 0.487462 0.877187 0.000000
vt 0.519012 0.871191 0.000000
vt 0.538921 0.872924 0.000000
vt 0.502434 0.863542 0.000000
vt 0.652459 0.080486 0.000000
vt 0.660151 0.086653 0.000000
vt 0.658970 0.072162 0.000000
vt 0.633328 0.051660 0.000000
vt 0.634031 0.059291 0.000000
vt 0.649674 0.060018 0.000000
vt 0.247361 0.802193 0.000000
vt 0.268472 0.803091 0.000000
vt 0.249565 0.797187 0.000000
vt 0.218908 0.766717 0.000000
vt 0.249181 0.773393 0.000000
vt 0.220292 0.748619 0.000000
vt 0.361607 0.266243 0.000000
vt 0.348168 0.266490 0.000000
vt 0.465091 0.739771 0.000000
vt 0.476736 0.731845 0.000000
vt 0.481784 0.722944 0.000000
vt 0.700541 0.081400 0.000000
vt 0.681039 0.076600 0.000000
vt 0.678632 0.086496 0.000000
vt 0.715427 0.112899 0.000000
vt 0.723453 0.105710 0.000000
vt 0.159806 0.409279 0.000000
vt 0.174127 0.413982 0.000000
vt 0.189206 0.397067 0.000000
vt 0.214637 0.333128 0.000000
vt 0.243539 0.340006 0.000000
vt 0.643716 0.581712 0.000000
vt 0.703016 0.522407 0.000000
vt 0.737544 0.523968 0.000000
vt 0.347784 0.862453 0.000000
vt 0.355205 0.881259 0.000000
vt 0.248523 0.878576 0.000000
vt 0.263470 0.891141 0.000000
vt 0.266353 0.877024 0.000000
vt 0.145317 0.617068 0.000000
vt 0.148511 0.635627 0.000000
vt 0.164733 0.689207 0.000000
vt 0.179017 0.711139 0.000000
vt 0.061090 0.069675 0.000000
vt 0.073123 0.070514 0.000000
vt 0.064408 0.061130 0.000000
vt 0.024422 0.092707 0.000000
vt 0.030832 0.084351 0.000000
vt 0.022448 0.084354 0.000000
vt 0.501070 0.750769 0.000000
vt 0.506132 0.762369 0.000000
vt 0.538455 0.739324 0.000000
vt 0.482133 0.765947 0.000000
vt 0.493941 0.759274 0.000000
vt 0.270942 0.390218 0.000000
vt 0.252301 0.369988 0.000000
vt 0.238325 0.376032 0.000000
vt 0.242159 0.360372 0.000000
vt 0.227853 0.349793 0.000000
vt 0.230940 0.369573 0.000000
vt 0.226512 0.342533 0.000000
vt 0.251412 0.352507 0.000000
vt 0.246687 0.346529 0.000000
vt 0.275640 0.348831 0.000000
vt 0.269588 0.356895 0.000000
vt 0.292098 0.360679 0.000000
vt 0.104370 0.817325 0.000000
vt 0.111565 0.827682 0.000000
vt 0.113684 0.811316 0.000000
vt 0.007478 0.186451 0.000000
vt 0.011515 0.178226 0.000000
vt 0.001669 0.178226 0.000000
vt 0.650818 0.652665 0.000000
vt 0.631648 0.661714 0.000000
vt 0.598307 0.672796 0.000000
vt 0.733945 0.394168 0.000000
vt 0.777629 0.400688 0.000000
vt 0.758247 0.383867 0.000000
vt 0.804411 0.383063 0.000000
vt 0.799954 0.359554 0.000000
vt 0.798817 0.378788 0.000000
vt 0.240437 0.866933 0.000000
vt 0.237208 0.874080 0.000000
vt 0.246055 0.870014 0.000000
vt 0.220221 0.845977 0.000000
vt 0.223984 0.854455 0.000000
vt 0.466859 0.688058 0.000000
vt 0.454041 0.718658 0.000000
vt 0.476245 0.695830 0.000000
vt 0.498015 0.702899 0.000000
vt 0.497726 0.721893 0.000000
vt 0.507996 0.698928 0.000000
vt 0.822733 0.027588 0.000000
vt 0.820329 0.039502 0.000000
vt 0.832300 0.033405 0.000000
vt 0.349598 0.547949 0.000000
vt 0.376564 0.566626 0.000000
vt 0.382907 0.543991 0.000000
vt 0.035135 0.355425 0.000000
vt 0.047035 0.358624 0.000000
vt 0.029995 0.347792 0.000000
vt 0.376159 0.456290 0.000000
vt 0.372466 0.443541 0.000000
vt 0.371124 0.450892 0.000000
vt 0.682004 0.472043 0.000000
vt 0.760607 0.435535 0.000000
vt 0.742290 0.416121 0.000000
vt 0.744796 0.439616 0.000000
vt 0.500848 0.256177 0.000000
vt 0.484073 0.272173 0.000000
vt 0.466039 0.269508 0.000000
vt 0.452920 0.262413 0.000000
vt 0.460273 0.285136 0.000000
vt 0.830649 0.920142 0.000000
vt 0.838792 0.910441 0.000000
vt 0.820612 0.912448 0.000000
vt 0.807770 0.930245 0.000000
vt 0.806779 0.920661 0.000000
vt 0.795529 0.931188 0.000000
vt 0.460651 0.852137 0.000000
vt 0.466620 0.853085 0.000000
vt 0.461401 0.843601 0.000000
vt 0.453593 0.867913 0.000000
vt 0.455898 0.863863 0.000000
vt 0.488570 0.375158 0.000000
vt 0.488410 0.388859 0.000000
vt 0.508026 0.392715 0.000000
vt 0.241563 0.247588 0.000000
vt 0.240733 0.256323 0.000000
vt 0.023347 0.369408 0.000000
vt 0.038341 0.369502 0.000000
vt 0.023448 0.362651 0.000000
vt 0.049229 0.364182 0.000000
vt 0.058539 0.362168 0.000000
vt 0.916526 0.271026 0.000000
vt 0.915341 0.262560 0.000000
vt 0.888827 0.283404 0.000000
vt 0.913649 0.288368 0.000000
vt 0.260114 0.398399 0.000000
vt 0.239770 0.400633 0.000000
vt 0.776041 0.021281 0.000000
vt 0.755095 0.016348 0.000000
vt 0.747758 0.021281 0.000000
vt 0.533399 0.079154 0.000000
vt 0.518877 0.073340 0.000000
vt 0.179572 0.845551 0.000000
vt 0.186658 0.836640 0.000000
vt 0.175034 0.842752 0.000000
vt 0.546270 0.816411 0.000000
vt 0.527592 0.817227 0.000000
vt 0.520845 0.837068 0.000000
vt 0.478423 0.558839 0.000000
vt 0.466838 0.566799 0.000000
vt 0.492900 0.570863 0.000000
vt 0.851849 0.563619 0.000000
vt 0.825878 0.573349 0.000000
vt 0.865865 0.586669 0.000000
vt 0.803351 0.487055 0.000000
vt 0.783562 0.496106 0.000000
vt 0.806855 0.504981 0.000000
vt 0.877508 0.050172 0.000000
vt 0.886154 0.071918 0.000000
vt 0.910437 0.072770 0.000000
vt 0.904886 0.065009 0.000000
vt 0.560452 0.836225 0.000000
vt 0.572482 0.848376 0.000000
vt 0.583908 0.838400 0.000000
vt 0.716622 0.804270 0.000000
vt 0.576651 0.508259 0.000000
vt 0.549593 0.453073 0.000000
vt 0.556615 0.442316 0.000000
vt 0.554595 0.432039 0.000000
vt 0.824987 0.901961 0.000000
vt 0.822478 0.891203 0.000000
vt 0.811961 0.897975 0.000000
vt 0.648440 0.715600 0.000000
vt 0.650218 0.705315 0.000000
vt 0.633214 0.702382 0.000000
vt 0.563972 0.788233 0.000000
vt 0.586892 0.775423 0.000000
vt 0.570165 0.772335 0.000000
vt 0.532695 0.795963 0.000000
vt 0.548852 0.781968 0.000000
vt 0.602004 0.609943 0.000000
vt 0.614064 0.640259 0.000000
vt 0.609002 0.603461 0.000000
vt 0.033704 0.707748 0.000000
vt 0.031322 0.714675 0.000000
vt 0.023865 0.721506 0.000000
vt 0.023606 0.738563 0.000000
vt 0.845469 0.833773 0.000000
vt 0.832497 0.830863 0.000000
vt 0.848105 0.847352 0.000000
vt 0.888923 0.975253 0.000000
vt 0.885362 0.962274 0.000000
vt 0.876296 0.973276 0.000000
vt 0.343415 0.208385 0.000000
vt 0.338514 0.213027 0.000000
vt 0.351183 0.211839 0.000000
vt 0.318276 0.162953 0.000000
vt 0.336453 0.167186 0.000000
vt 0.412434 0.144932 0.000000
vt 0.411846 0.131581 0.000000
vt 0.005207 0.781912 0.000000
vt 0.799248 0.784423 0.000000
vt 0.798565 0.798272 0.000000
vt 0.810576 0.792626 0.000000
vt 0.852591 0.993524 0.000000
vt 0.857660 0.998331 0.000000
vt 0.885503 0.998331 0.000000
vt 0.289928 0.228939 0.000000
vt 0.271538 0.239712 0.000000
vt 0.294665 0.246829 0.000000
vt 0.326001 0.196667 0.000000
vt 0.323655 0.205916 0.000000
vt 0.334184 0.203542 0.000000
vt 0.509471 0.451941 0.000000
vt 0.278058 0.262571 0.000000
vt 0.284941 0.255510 0.000000
vt 0.591058 0.610385 0.000000
vt 0.615883 0.656168 0.000000
vt 0.409667 0.815002 0.000000
vt 0.409751 0.819029 0.000000
vt 0.417713 0.819887 0.000000
vt 0.374982 0.783515 0.000000
vt 0.351635 0.792623 0.000000
vt 0.367565 0.799270 0.000000
vt 0.359907 0.513795 0.000000
vt 0.326071 0.522059 0.000000
vt 0.232060 0.546223 0.000000
vt 0.869264 0.358351 0.000000
vt 0.502296 0.560560 0.000000
vt 0.644004 0.789800 0.000000
vt 0.655008 0.796009 0.000000
vt 0.663711 0.789836 0.000000
vt 0.050836 0.269701 0.000000
vt 0.051618 0.278625 0.000000
vt 0.060363 0.269812 0.000000
vt 0.510975 0.195765 0.000000
vt 0.529629 0.199750 0.000000
vt 0.538946 0.198306 0.000000
vt 0.836575 0.601744 0.000000
vt 0.821765 0.589154 0.000000
vt 0.819020 0.596168 0.000000
vt 0.823528 0.599272 0.000000
vt 0.324231 0.844273 0.000000
vt 0.313894 0.847788 0.000000
vt 0.320822 0.862274 0.000000
vt 0.317898 0.829476 0.000000
vt 0.116300 0.157531 0.000000
vt 0.167477 0.132609 0.000000
vt 0.788839 0.740690 0.000000
vt 0.795996 0.726668 0.000000
vt 0.781435 0.719697 0.000000
vt 0.788651 0.031760 0.000000
vt 0.786056 0.049092 0.000000
vt 0.795194 0.051216 0.000000
vt 0.461050 0.887628 0.000000
vt 0.740934 0.950459 0.000000
vt 0.733744 0.931273 0.000000
vt 0.730374 0.937929 0.000000
vt 0.399945 0.068883 0.000000
vt 0.405772 0.075438 0.000000
vt 0.400880 0.056095 0.000000
vt 0.121077 0.466247 0.000000
vt 0.863678 0.921850 0.000000
vt 0.871394 0.915705 0.000000
vt 0.860812 0.900541 0.000000
vt 0.852170 0.653408 0.000000
vt 0.856848 0.650152 0.000000
vt 0.228112 0.982683 0.000000
vt 0.214557 0.986156 0.000000
vt 0.213269 0.995864 0.000000
vt 0.057425 0.265249 0.000000
vt 0.063747 0.254843 0.000000
vt 0.049698 0.255387 0.000000
vt 0.104530 0.289859 0.000000
vt 0.095533 0.271171 0.000000
vt 0.070282 0.289859 0.000000
vt 0.496667 0.064381 0.000000
vt 0.484587 0.072515 0.000000
vt 0.496747 0.077430 0.000000
vt 0.511725 0.061473 0.000000
vt 0.502556 0.057312 0.000000
vt 0.509417 0.070089 0.000000
vt 0.438162 0.830092 0.000000
vt 0.446270 0.833585 0.000000
vt 0.441967 0.822820 0.000000
vt 0.450528 0.847672 0.000000
vt 0.458254 0.839285 0.000000
vt 0.592366 0.272184 0.000000
vt 0.590574 0.253386 0.000000
vt 0.563686 0.269559 0.000000
vt 0.889728 0.228265 0.000000
vt 0.904574 0.228561 0.000000
vt 0.432777 0.769889 0.000000
vt 0.429240 0.781179 0.000000
vt 0.436209 0.783215 0.000000
vt 0.446222 0.820221 0.000000
vt 0.444596 0.827281 0.000000
vt 0.200565 0.847116 0.000000
vt 0.191145 0.839845 0.000000
vt 0.192233 0.861285 0.000000
vt 0.202357 0.799481 0.000000
vt 0.209835 0.802839 0.000000
vt 0.208455 0.782246 0.000000
vt 0.891751 0.235994 0.000000
vt 0.889452 0.241539 0.000000
vt 0.899844 0.233464 0.000000
vt 0.871345 0.249306 0.000000
vt 0.870802 0.271606 0.000000
vt 0.877041 0.263278 0.000000
vt 0.320111 0.129385 0.000000
vt 0.339518 0.143688 0.000000
vt 0.343032 0.155452 0.000000
vt 0.845050 0.673627 0.000000
vt 0.844746 0.656571 0.000000
vt 0.821745 0.657046 0.000000
vt 0.811685 0.656020 0.000000
vt 0.826806 0.663833 0.000000
vt 0.057578 0.138646 0.000000
vt 0.059238 0.130904 0.000000
vt 0.044091 0.134787 0.000000
vt 0.052503 0.249229 0.000000
vt 0.093386 0.467388 0.000000
vt 0.490896 0.903922 0.000000
vt 0.481820 0.916658 0.000000
vt 0.497081 0.905281 0.000000
vt 0.335988 0.808916 0.000000
vt 0.319535 0.795133 0.000000
vt 0.311022 0.804376 0.000000
vt 0.264881 0.780037 0.000000
vt 0.279388 0.784565 0.000000
vt 0.277388 0.771918 0.000000
vt 0.249643 0.177035 0.000000
vt 0.261901 0.176534 0.000000
vt 0.256551 0.168304 0.000000
vt 0.243061 0.151015 0.000000
vt 0.248961 0.157775 0.000000
vt 0.252874 0.148956 0.000000
vt 0.549593 0.505546 0.000000
vt 0.549593 0.488483 0.000000
vt 0.553203 0.460282 0.000000
vt 0.560186 0.452766 0.000000
vt 0.482993 0.459608 0.000000
vt 0.871010 0.206031 0.000000
vt 0.866913 0.199402 0.000000
vt 0.860507 0.212783 0.000000
vt 0.480742 0.687664 0.000000
vt 0.439340 0.649849 0.000000
vt 0.434223 0.673615 0.000000
vt 0.451599 0.653061 0.000000
vt 0.486495 0.089395 0.000000
vt 0.482596 0.085935 0.000000
vt 0.480099 0.096652 0.000000
vt 0.433672 0.102723 0.000000
vt 0.404412 0.110587 0.000000
vt 0.442074 0.112129 0.000000
vt 0.482226 0.681210 0.000000
vt 0.488054 0.701136 0.000000
vt 0.498181 0.689692 0.000000
vt 0.786056 0.020712 0.000000
vt 0.792741 0.014135 0.000000
vt 0.602401 0.235045 0.000000
vt 0.606968 0.245776 0.000000
vt 0.608699 0.235796 0.000000
vt 0.577965 0.249089 0.000000
vt 0.890617 0.056085 0.000000
vt 0.892491 0.065604 0.000000
vt 0.897584 0.059021 0.000000
vt 0.037845 0.127558 0.000000
vt 0.602626 0.226001 0.000000
vt 0.644074 0.226545 0.000000
vt 0.679932 0.249965 0.000000
vt 0.675412 0.234940 0.000000
vt 0.662176 0.255633 0.000000
vt 0.034943 0.413982 0.000000
vt 0.055053 0.409425 0.000000
vt 0.040834 0.402020 0.000000
vt 0.388627 0.453833 0.000000
vt 0.394196 0.456290 0.000000
vt 0.394300 0.447647 0.000000
vt 0.744629 0.088865 0.000000
vt 0.749833 0.097633 0.000000
vt 0.756360 0.096031 0.000000
vt 0.842211 0.594597 0.000000
vt 0.193003 0.794124 0.000000
vt 0.180182 0.781989 0.000000
vt 0.165528 0.716094 0.000000
vt 0.166574 0.731068 0.000000
vt 0.179005 0.727540 0.000000
vt 0.295006 0.289859 0.000000
vt 0.279389 0.289859 0.000000
vt 0.275041 0.276290 0.000000
vt 0.268472 0.276369 0.000000
vt 0.704466 0.973558 0.000000
vt 0.709937 0.958845 0.000000
vt 0.697614 0.976415 0.000000
vt 0.724654 0.965974 0.000000
vt 0.715409 0.957648 0.000000
vt 0.714881 0.971873 0.000000
vt 0.626346 0.580494 0.000000
vt 0.613336 0.595957 0.000000
vt 0.598682 0.575357 0.000000
vt 0.804726 0.785970 0.000000
vt 0.810083 0.741053 0.000000
vt 0.802347 0.732009 0.000000
vt 0.801488 0.746175 0.000000
vt 0.434100 0.837483 0.000000
vt 0.446965 0.842794 0.000000
vt 0.443823 0.856405 0.000000
vt 0.433923 0.865841 0.000000
vt 0.854264 0.439181 0.000000
vt 0.853390 0.429757 0.000000
vt 0.843518 0.448081 0.000000
vt 0.775047 0.869899 0.000000
vt 0.054165 0.707316 0.000000
vt 0.056835 0.692881 0.000000
vt 0.048475 0.698107 0.000000
vt 0.049062 0.668784 0.000000
vt 0.031214 0.672557 0.000000
vt 0.038049 0.688379 0.000000
vt 0.882256 0.340114 0.000000
vt 0.875472 0.340193 0.000000
vt 0.908732 0.314326 0.000000
vt 0.891994 0.335861 0.000000
vt 0.938022 0.974373 0.000000
vt 0.912606 0.980137 0.000000
vt 0.924458 0.992387 0.000000
vt 0.876583 0.991242 0.000000
vt 0.035946 0.068604 0.000000
vt 0.043768 0.082259 0.000000
vt 0.044043 0.070464 0.000000
vt 0.349633 0.471661 0.000000
vt 0.342241 0.455931 0.000000
vt 0.579246 0.722354 0.000000
vt 0.569530 0.746430 0.000000
vt 0.593886 0.736613 0.000000
vt 0.562026 0.715571 0.000000
vt 0.554514 0.733316 0.000000
vt 0.549825 0.933719 0.000000
vt 0.556995 0.944486 0.000000
vt 0.532615 0.926909 0.000000
vt 0.544818 0.915868 0.000000
vt 0.537263 0.910736 0.000000
vt 0.294433 0.173802 0.000000
vt 0.276365 0.153322 0.000000
vt 0.281116 0.171058 0.000000
vt 0.267045 0.194658 0.000000
vt 0.251486 0.196683 0.000000
vt 0.526035 0.911135 0.000000
vt 0.542733 0.907060 0.000000
vt 0.526035 0.899804 0.000000
vt 0.944293 0.421170 0.000000
vt 0.951702 0.413120 0.000000
vt 0.926231 0.421078 0.000000
vt 0.287424 0.193322 0.000000
vt 0.273477 0.193363 0.000000
vt 0.285157 0.204659 0.000000
vt 0.294180 0.207571 0.000000
vt 0.307379 0.205845 0.000000
vt 0.298903 0.201034 0.000000
vt 0.301228 0.406191 0.000000
vt 0.305506 0.389683 0.000000
vt 0.287888 0.393459 0.000000
vt 0.322614 0.376084 0.000000
vt 0.297650 0.350854 0.000000
vt 0.649146 0.097355 0.000000
vt 0.624399 0.098112 0.000000
vt 0.627996 0.061141 0.000000
vt 0.622038 0.055626 0.000000
vt 0.613408 0.063449 0.000000
vt 0.112437 0.275484 0.000000
vt 0.038529 0.758779 0.000000
vt 0.044973 0.769135 0.000000
vt 0.051075 0.763860 0.000000
vt 0.055952 0.726943 0.000000
vt 0.047087 0.719129 0.000000
vt 0.136142 0.358384 0.000000
vt 0.162372 0.351541 0.000000
vt 0.154666 0.350371 0.000000
vt 0.188062 0.336705 0.000000
vt 0.177648 0.332874 0.000000
vt 0.173752 0.341634 0.000000
vt 0.378646 0.769127 0.000000
vt 0.386495 0.796768 0.000000
vt 0.373008 0.791222 0.000000
vt 0.274770 0.924577 0.000000
vt 0.282004 0.907781 0.000000
vt 0.268871 0.917298 0.000000
vt 0.369209 0.325117 0.000000
vt 0.376433 0.341279 0.000000
vt 0.392149 0.325117 0.000000
vt 0.821184 0.078771 0.000000
vt 0.818660 0.086191 0.000000
vt 0.833838 0.089202 0.000000
vt 0.813310 0.088793 0.000000
vt 0.807209 0.076609 0.000000
vt 0.796930 0.091811 0.000000
vt 0.698789 0.708523 0.000000
vt 0.703122 0.695500 0.000000
vt 0.692044 0.706942 0.000000
vt 0.836245 0.224476 0.000000
vt 0.840673 0.232266 0.000000
vt 0.180203 0.751236 0.000000
vt 0.165208 0.749592 0.000000
vt 0.168231 0.763826 0.000000
vt 0.120467 0.779973 0.000000
vt 0.142133 0.769539 0.000000
vt 0.120815 0.770481 0.000000
vt 0.733375 0.916399 0.000000
vt 0.740687 0.926234 0.000000
vt 0.742570 0.892212 0.000000
vt 0.742689 0.903611 0.000000
vt 0.752927 0.895907 0.000000
vt 0.300023 0.867519 0.000000
vt 0.282201 0.854872 0.000000
vt 0.282390 0.877094 0.000000
vt 0.289677 0.848136 0.000000
vt 0.301376 0.851303 0.000000
vt 0.296190 0.840702 0.000000
vt 0.936498 0.104974 0.000000
vt 0.924796 0.092826 0.000000
vt 0.927335 0.104187 0.000000
vt 0.028719 0.235954 0.000000
vt 0.036141 0.240896 0.000000
vt 0.044093 0.233954 0.000000
vt 0.150187 0.144160 0.000000
vt 0.151252 0.158714 0.000000
vt 0.164556 0.150551 0.000000
vt 0.166266 0.185548 0.000000
vt 0.149459 0.190651 0.000000
vt 0.160000 0.193426 0.000000
vt 0.225732 0.958462 0.000000
vt 0.218320 0.957989 0.000000
vt 0.224123 0.969182 0.000000
vt 0.369335 0.337004 0.000000
vt 0.554679 0.978622 0.000000
vt 0.564149 0.970565 0.000000
vt 0.564149 0.955070 0.000000
vt 0.622109 0.675226 0.000000
vt 0.603934 0.679451 0.000000
vt 0.633326 0.196173 0.000000
vt 0.609291 0.208421 0.000000
vt 0.633835 0.212788 0.000000
vt 0.713950 0.076874 0.000000
vt 0.491335 0.338196 0.000000
vt 0.505732 0.336145 0.000000
vt 0.489803 0.321891 0.000000
vt 0.633342 0.083686 0.000000
vt 0.618433 0.080199 0.000000
vt 0.644651 0.070708 0.000000
vt 0.047284 0.815860 0.000000
vt 0.035495 0.806126 0.000000
vt 0.038945 0.827034 0.000000
vt 0.046385 0.790578 0.000000
vt 0.758395 0.082674 0.000000
vt 0.284717 0.893344 0.000000
vt 0.300599 0.875631 0.000000
vt 0.274272 0.885762 0.000000
vt 0.266067 0.898694 0.000000
vt 0.482716 0.858818 0.000000
vt 0.506029 0.871850 0.000000
vt 0.475380 0.850911 0.000000
vt 0.501112 0.853937 0.000000
vt 0.476564 0.846660 0.000000
vt 0.358920 0.218588 0.000000
vt 0.362422 0.213926 0.000000
vt 0.356470 0.206736 0.000000
vt 0.520937 0.759400 0.000000
vt 0.485771 0.781455 0.000000
vt 0.465243 0.804784 0.000000
vt 0.477567 0.796460 0.000000
vt 0.736028 0.731820 0.000000
vt 0.740867 0.747141 0.000000
vt 0.753545 0.730936 0.000000
vt 0.773891 0.725875 0.000000
vt 0.766747 0.732983 0.000000
vt 0.310660 0.632249 0.000000
vt 0.313023 0.683371 0.000000
vt 0.244323 0.555335 0.000000
vt 0.293497 0.563557 0.000000
vt 0.870312 0.935253 0.000000
vt 0.472642 0.131660 0.000000
vt 0.469957 0.140822 0.000000
vt 0.485763 0.153128 0.000000
vt 0.463846 0.106831 0.000000
vt 0.455930 0.097145 0.000000
vt 0.456056 0.108258 0.000000
vt 0.183089 0.811972 0.000000
vt 0.178151 0.811699 0.000000
vt 0.179431 0.818254 0.000000
vt 0.196241 0.821629 0.000000
vt 0.191127 0.823165 0.000000
vt 0.195257 0.824412 0.000000
vt 0.647053 0.963230 0.000000
vt 0.632418 0.985968 0.000000
vt 0.656058 0.986290 0.000000
vt 0.769577 0.706953 0.000000
vt 0.752044 0.700276 0.000000
vt 0.754528 0.709682 0.000000
vt 0.054737 0.243440 0.000000
vt 0.046001 0.243818 0.000000
vt 0.046203 0.251672 0.000000
vt 0.050389 0.204755 0.000000
vt 0.781300 0.803588 0.000000
vt 0.777562 0.818253 0.000000
vt 0.790031 0.810083 0.000000
vt 0.220356 0.945834 0.000000
vt 0.206979 0.948729 0.000000
vt 0.212302 0.957823 0.000000
vt 0.556776 0.216238 0.000000
vt 0.553372 0.225526 0.000000
vt 0.560306 0.224549 0.000000
vt 0.232433 0.821615 0.000000
vt 0.247532 0.836667 0.000000
vt 0.249571 0.824061 0.000000
vt 0.267453 0.823597 0.000000
vt 0.268532 0.809728 0.000000
vt 0.254742 0.808504 0.000000
vt 0.707999 0.542128 0.000000
vt 0.679363 0.540329 0.000000
vt 0.678141 0.561401 0.000000
vt 0.751266 0.565938 0.000000
vt 0.695402 0.572902 0.000000
vt 0.134656 0.227416 0.000000
vt 0.123923 0.220079 0.000000
vt 0.717979 0.744014 0.000000
vt 0.711985 0.754572 0.000000
vt 0.718991 0.756212 0.000000
vt 0.736855 0.770150 0.000000
vt 0.723609 0.749692 0.000000
vt 0.777195 0.320027 0.000000
vt 0.760462 0.306442 0.000000
vt 0.766100 0.314810 0.000000
vt 0.907716 0.240947 0.000000
vt 0.923117 0.239738 0.000000
vt 0.617043 0.451845 0.000000
vt 0.604479 0.468455 0.000000
vt 0.615337 0.477605 0.000000
vt 0.662104 0.425788 0.000000
vt 0.653491 0.433069 0.000000
vt 0.657867 0.443648 0.000000
vt 0.279924 0.342212 0.000000
vt 0.294447 0.341769 0.000000
vt 0.277734 0.325542 0.000000
vt 0.405546 0.797706 0.000000
vt 0.391233 0.801531 0.000000
vt 0.394176 0.806264 0.000000
vt 0.183331 0.194775 0.000000
vt 0.174625 0.201028 0.000000
vt 0.190651 0.205670 0.000000
vt 0.141218 0.205372 0.000000
vt 0.133261 0.220605 0.000000
vt 0.152010 0.217144 0.000000
vt 0.129302 0.704061 0.000000
vt 0.114957 0.704116 0.000000
vt 0.124229 0.672572 0.000000
vt 0.117925 0.697223 0.000000
vt 0.129043 0.686365 0.000000
vt 0.429303 0.360373 0.000000
vt 0.423095 0.356799 0.000000
vt 0.419807 0.372342 0.000000
vt 0.437799 0.345983 0.000000
vt 0.512481 0.092681 0.000000
vt 0.525858 0.087260 0.000000
vt 0.512606 0.077272 0.000000
vt 0.500828 0.074474 0.000000
vt 0.652352 0.237125 0.000000
vt 0.665067 0.222849 0.000000
vt 0.631007 0.258338 0.000000
vt 0.658088 0.239569 0.000000
vt 0.644852 0.243646 0.000000
vt 0.711138 0.629057 0.000000
vt 0.728852 0.630511 0.000000
vt 0.734871 0.625194 0.000000
vt 0.720942 0.614303 0.000000
vt 0.870956 0.070755 0.000000
vt 0.887061 0.081544 0.000000
vt 0.808327 0.664810 0.000000
vt 0.761751 0.660850 0.000000
vt 0.765298 0.667604 0.000000
vt 0.771991 0.660383 0.000000
vt 0.876555 0.667285 0.000000
vt 0.870986 0.669155 0.000000
vt 0.879059 0.672263 0.000000
vt 0.896594 0.650927 0.000000
vt 0.889228 0.642199 0.000000
vt 0.889108 0.653248 0.000000
vt 0.621494 0.528914 0.000000
vt 0.602433 0.538587 0.000000
vt 0.621889 0.537875 0.000000
vt 0.602047 0.519755 0.000000
vt 0.600378 0.513316 0.000000
vt 0.591272 0.516192 0.000000
vt 0.267665 0.910585 0.000000
vt 0.250470 0.915505 0.000000
vt 0.213580 0.935156 0.000000
vt 0.872276 0.101643 0.000000
vt 0.874926 0.113064 0.000000
vt 0.880451 0.104128 0.000000
vt 0.861566 0.290009 0.000000
vt 0.853378 0.294892 0.000000
vt 0.855900 0.308235 0.000000
vt 0.877334 0.296901 0.000000
vt 0.868802 0.283234 0.000000
vt 0.866091 0.303995 0.000000
vt 0.395140 0.817861 0.000000
vt 0.376680 0.822019 0.000000
vt 0.384048 0.832601 0.000000
vt 0.379093 0.408442 0.000000
vt 0.379093 0.382417 0.000000
vt 0.373196 0.405082 0.000000
vt 0.388272 0.965926 0.000000
vt 0.394616 0.955622 0.000000
vt 0.383489 0.959873 0.000000
vt 0.197771 0.365775 0.000000
vt 0.212629 0.357588 0.000000
vt 0.193636 0.348578 0.000000
vt 0.216667 0.384187 0.000000
vt 0.202490 0.373884 0.000000
vt 0.197049 0.390589 0.000000
vt 0.787550 0.659634 0.000000
vt 0.783087 0.649800 0.000000
vt 0.779227 0.666555 0.000000
vt 0.791955 0.645799 0.000000
vt 0.797854 0.651007 0.000000
vt 0.802972 0.644793 0.000000
vt 0.812881 0.008639 0.000000
vt 0.804268 0.004975 0.000000
vt 0.801780 0.016816 0.000000
vt 0.839764 0.011032 0.000000
vt 0.831585 0.025819 0.000000
vt 0.848326 0.016243 0.000000
vt 0.315348 0.493750 0.000000
vt 0.367881 0.499526 0.000000
vt 0.317999 0.467603 0.000000
vt 0.341035 0.475978 0.000000
vt 0.306681 0.216467 0.000000
vt 0.338405 0.220682 0.000000
vt 0.125185 0.650967 0.000000
vt 0.137070 0.638045 0.000000
vt 0.127630 0.626884 0.000000
vt 0.336101 0.133612 0.000000
vt 0.641238 0.811972 0.000000
vt 0.624821 0.796634 0.000000
vt 0.591291 0.793777 0.000000
vt 0.570818 0.804976 0.000000
vt 0.592348 0.803908 0.000000
vt 0.475057 0.290981 0.000000
vt 0.485644 0.276833 0.000000
vt 0.461567 0.305465 0.000000
vt 0.469811 0.319800 0.000000
vt 0.467265 0.298495 0.000000
vt 0.881633 0.269266 0.000000
vt 0.876320 0.274385 0.000000
vt 0.887383 0.266227 0.000000
vt 0.891918 0.278543 0.000000
vt 0.396877 0.199865 0.000000
vt 0.407443 0.216967 0.000000
vt 0.410597 0.206884 0.000000
vt 0.916512 0.719434 0.000000
vt 0.655509 0.181232 0.000000
vt 0.673124 0.179093 0.000000
vt 0.660327 0.176273 0.000000
vt 0.620635 0.176164 0.000000
vt 0.620808 0.167886 0.000000
vt 0.610005 0.171960 0.000000
vt 0.064996 0.326346 0.000000
vt 0.054191 0.342793 0.000000
vt 0.078166 0.335717 0.000000
vt 0.774736 0.806566 0.000000
vt 0.871048 0.314785 0.000000
vt 0.861855 0.325733 0.000000
vt 0.875958 0.320500 0.000000
vt 0.607228 0.258445 0.000000
vt 0.599374 0.269470 0.000000
vt 0.632284 0.252094 0.000000
vt 0.622957 0.249115 0.000000
vt 0.052872 0.261859 0.000000
vt 0.931647 0.956797 0.000000
vt 0.276808 0.815259 0.000000
vt 0.293725 0.810960 0.000000
vt 0.276879 0.807017 0.000000
vt 0.309966 0.790102 0.000000
vt 0.295735 0.789790 0.000000
vt 0.299502 0.803354 0.000000
vt 0.631898 0.561585 0.000000
vt 0.624091 0.520600 0.000000
vt 0.614373 0.581788 0.000000
vt 0.090253 0.623667 0.000000
vt 0.046292 0.687848 0.000000
vt 0.047436 0.693946 0.000000
vt 0.200977 0.242395 0.000000
vt 0.227753 0.193910 0.000000
vt 0.233394 0.197837 0.000000
vt 0.228273 0.184261 0.000000
vt 0.207256 0.881603 0.000000
vt 0.206887 0.876040 0.000000
vt 0.201945 0.872880 0.000000
vt 0.180092 0.854166 0.000000
vt 0.185918 0.855359 0.000000
vt 0.487767 0.121161 0.000000
vt 0.499652 0.122816 0.000000
vt 0.495148 0.112607 0.000000
vt 0.495086 0.101385 0.000000
vt 0.501780 0.103982 0.000000
vt 0.502190 0.093328 0.000000
vt 0.470271 0.777198 0.000000
vt 0.465019 0.773647 0.000000
vt 0.459549 0.792049 0.000000
vt 0.449272 0.778456 0.000000
vt 0.450361 0.771378 0.000000
vt 0.834564 0.264246 0.000000
vt 0.837488 0.275274 0.000000
vt 0.843198 0.269738 0.000000
vt 0.822488 0.248738 0.000000
vt 0.825705 0.269231 0.000000
vt 0.832380 0.250562 0.000000
vt 0.684543 0.240105 0.000000
vt 0.686067 0.229674 0.000000
vt 0.694347 0.218922 0.000000
vt 0.682623 0.226272 0.000000
vt 0.018570 0.377489 0.000000
vt 0.054894 0.396076 0.000000
vt 0.046314 0.384283 0.000000
vt 0.011765 0.399402 0.000000
vt 0.023830 0.403137 0.000000
vt 0.925275 0.114963 0.000000
vt 0.931162 0.110982 0.000000
vt 0.021368 0.260751 0.000000
vt 0.012828 0.250133 0.000000
vt 0.008189 0.259588 0.000000
vt 0.103148 0.359642 0.000000
vt 0.106125 0.345083 0.000000
vt 0.092134 0.349599 0.000000
vt 0.828576 0.849542 0.000000
vt 0.813073 0.849314 0.000000
vt 0.232961 0.209124 0.000000
vt 0.244969 0.223965 0.000000
vt 0.257502 0.206865 0.000000
vt 0.257314 0.222956 0.000000
vt 0.262911 0.223539 0.000000
vt 0.860092 0.038365 0.000000
vt 0.876434 0.025691 0.000000
vt 0.867233 0.025135 0.000000
vt 0.912092 0.710510 0.000000
vt 0.915389 0.704820 0.000000
vt 0.905250 0.702090 0.000000
vt 0.948266 0.738971 0.000000
vt 0.932791 0.713813 0.000000
vt 0.109353 0.803374 0.000000
vt 0.096727 0.807926 0.000000
vt 0.105140 0.809119 0.000000
vt 0.120770 0.798888 0.000000
vt 0.849098 0.617811 0.000000
vt 0.868570 0.620833 0.000000
vt 0.857200 0.605299 0.000000
vt 0.828737 0.677258 0.000000
vt 0.820290 0.685485 0.000000
vt 0.827069 0.683862 0.000000
vt 0.837116 0.684107 0.000000
vt 0.847824 0.685485 0.000000
vt 0.850221 0.676215 0.000000
vt 0.464355 0.124162 0.000000
vt 0.465282 0.113070 0.000000
vt 0.454594 0.119530 0.000000
vt 0.669692 0.029501 0.000000
vt 0.690286 0.039651 0.000000
vt 0.695013 0.016072 0.000000
vt 0.269031 0.262710 0.000000
vt 0.262179 0.240824 0.000000
vt 0.253203 0.233976 0.000000
vt 0.254072 0.249847 0.000000
vt 0.611363 0.197778 0.000000
vt 0.617904 0.187770 0.000000
vt 0.607217 0.192832 0.000000
vt 0.416759 0.362706 0.000000
vt 0.411650 0.382514 0.000000
vt 0.806031 0.750238 0.000000
vt 0.801392 0.759940 0.000000
vt 0.819141 0.751167 0.000000
vt 0.888354 0.025860 0.000000
vt 0.883618 0.028500 0.000000
vt 0.421222 0.146853 0.000000
vt 0.426939 0.154214 0.000000
vt 0.562392 0.079886 0.000000
vt 0.550355 0.073038 0.000000
vt 0.804699 0.695500 0.000000
vt 0.795933 0.703532 0.000000
vt 0.810205 0.704615 0.000000
vt 0.033662 0.254501 0.000000
vt 0.033520 0.259651 0.000000
vt 0.957133 0.114347 0.000000
vt 0.965026 0.117010 0.000000
vt 0.965026 0.109076 0.000000
vt 0.011940 0.563262 0.000000
vt 0.765231 0.679273 0.000000
vt 0.788128 0.894735 0.000000
vt 0.772023 0.874901 0.000000
vt 0.773417 0.881524 0.000000
vt 0.781516 0.876767 0.000000
vt 0.118812 0.739535 0.000000
vt 0.102060 0.758282 0.000000
vt 0.127528 0.750368 0.000000
vt 0.150175 0.742956 0.000000
vt 0.773743 0.233360 0.000000
vt 0.888692 0.558431 0.000000
vt 0.869000 0.553970 0.000000
vt 0.880857 0.585274 0.000000
vt 0.494907 0.284984 0.000000
vt 0.511466 0.281074 0.000000
vt 0.496084 0.271807 0.000000
vt 0.276965 0.792586 0.000000
vt 0.266313 0.795833 0.000000
vt 0.506834 0.436941 0.000000
vt 0.484734 0.402521 0.000000
vt 0.262987 0.254891 0.000000
vt 0.793364 0.542511 0.000000
vt 0.812575 0.530626 0.000000
vt 0.791404 0.523880 0.000000
vt 0.779683 0.526314 0.000000
vt 0.006875 0.911951 0.000000
vt 0.001669 0.914838 0.000000
vt 0.012181 0.916565 0.000000
vt 0.020670 0.905514 0.000000
vt 0.293163 0.784195 0.000000
vt 0.312930 0.776996 0.000000
vt 0.307801 0.772163 0.000000
vt 0.355810 0.740816 0.000000
vt 0.343949 0.755378 0.000000
vt 0.117327 0.476653 0.000000
vt 0.093826 0.497208 0.000000
vt 0.116671 0.493619 0.000000
vt 0.752918 0.009586 0.000000
vt 0.739934 0.015664 0.000000
vt 0.211617 0.485646 0.000000
vt 0.206691 0.475347 0.000000
vt 0.204091 0.484053 0.000000
vt 0.183514 0.470444 0.000000
vt 0.190163 0.459608 0.000000
vt 0.162664 0.455231 0.000000
vt 0.163106 0.871886 0.000000
vt 0.160249 0.856881 0.000000
vt 0.155071 0.863322 0.000000
vt 0.157439 0.839385 0.000000
vt 0.148351 0.839981 0.000000
vt 0.043181 0.264257 0.000000
vt 0.037055 0.283852 0.000000
vt 0.038718 0.279229 0.000000
vt 0.028523 0.280776 0.000000
vt 0.797342 0.900470 0.000000
vt 0.790507 0.902747 0.000000
vt 0.804812 0.890539 0.000000
vt 0.817263 0.890242 0.000000
vt 0.079856 0.772342 0.000000
vt 0.078449 0.788774 0.000000
vt 0.093093 0.780797 0.000000
vt 0.104664 0.775011 0.000000
vt 0.109870 0.766115 0.000000
vt 0.092081 0.770984 0.000000
vt 0.740657 0.795016 0.000000
vt 0.709136 0.780717 0.000000
vt 0.716054 0.778502 0.000000
vt 0.707696 0.765520 0.000000
vt 0.740877 0.105505 0.000000
vt 0.735607 0.115847 0.000000
vt 0.759313 0.102542 0.000000
vt 0.727366 0.110467 0.000000
vt 0.074685 0.776575 0.000000
vt 0.073496 0.768558 0.000000
vt 0.054383 0.747089 0.000000
vt 0.083242 0.765382 0.000000
vt 0.308242 0.757213 0.000000
vt 0.278644 0.777739 0.000000
vt 0.377112 0.800599 0.000000
vt 0.369979 0.816217 0.000000
vt 0.359865 0.817465 0.000000
vt 0.450484 0.436171 0.000000
vt 0.450105 0.420285 0.000000
vt 0.434806 0.433075 0.000000
vt 0.470813 0.453624 0.000000
vt 0.462196 0.464825 0.000000
vt 0.472690 0.471925 0.000000
vt 0.521039 0.779285 0.000000
vt 0.538237 0.761730 0.000000
vt 0.518157 0.768154 0.000000
vt 0.482474 0.810708 0.000000
vt 0.492050 0.816221 0.000000
vt 0.492086 0.809118 0.000000
vt 0.477182 0.601527 0.000000
vt 0.491864 0.607139 0.000000
vt 0.473900 0.091571 0.000000
vt 0.466351 0.081965 0.000000
vt 0.457134 0.091799 0.000000
vt 0.438521 0.094656 0.000000
vt 0.439352 0.084470 0.000000
vt 0.429375 0.083087 0.000000
vt 0.797164 0.626635 0.000000
vt 0.791910 0.621256 0.000000
vt 0.782397 0.630387 0.000000
vt 0.797169 0.636556 0.000000
vt 0.075053 0.275349 0.000000
vt 0.066029 0.280924 0.000000
vt 0.410351 0.477554 0.000000
vt 0.417841 0.494599 0.000000
vt 0.418953 0.482840 0.000000
vt 0.692892 0.670187 0.000000
vt 0.683433 0.672904 0.000000
vt 0.687348 0.677536 0.000000
vt 0.281673 0.480035 0.000000
vt 0.293247 0.475265 0.000000
vt 0.287617 0.466730 0.000000
vt 0.271759 0.545134 0.000000
vt 0.581258 0.403605 0.000000
vt 0.575159 0.393804 0.000000
vt 0.565597 0.400639 0.000000
vt 0.084917 0.529811 0.000000
vt 0.054520 0.520125 0.000000
vt 0.066666 0.527936 0.000000
vt 0.066398 0.519559 0.000000
vt 0.201538 0.401078 0.000000
vt 0.187213 0.413982 0.000000
vt 0.570913 0.787001 0.000000
vt 0.584066 0.785585 0.000000
vt 0.480641 0.577184 0.000000
vt 0.483501 0.590775 0.000000
vt 0.491041 0.586418 0.000000
vt 0.440919 0.421938 0.000000
vt 0.835604 0.176345 0.000000
vt 0.822488 0.176592 0.000000
vt 0.829669 0.201448 0.000000
vt 0.463478 0.075514 0.000000
vt 0.014656 0.171084 0.000000
vt 0.014986 0.186451 0.000000
vt 0.279824 0.186089 0.000000
vt 0.300297 0.192806 0.000000
vt 0.299194 0.184358 0.000000
vt 0.311604 0.176647 0.000000
vt 0.317654 0.180632 0.000000
vt 0.826990 0.639728 0.000000
vt 0.822084 0.646893 0.000000
vt 0.836922 0.643313 0.000000
vt 0.831643 0.657304 0.000000
vt 0.842418 0.651453 0.000000
vt 0.832320 0.648579 0.000000
vt 0.076513 0.183043 0.000000
vt 0.074427 0.191685 0.000000
vt 0.083637 0.188294 0.000000
vt 0.090470 0.190957 0.000000
vt 0.090290 0.198008 0.000000
vt 0.100486 0.193097 0.000000
vt 0.679487 0.107766 0.000000
vt 0.683769 0.114360 0.000000
vt 0.692019 0.101270 0.000000
vt 0.517573 0.225701 0.000000
vt 0.499811 0.217476 0.000000
vt 0.516258 0.232202 0.000000
vt 0.515985 0.932370 0.000000
vt 0.508589 0.932710 0.000000
vt 0.512587 0.947391 0.000000
vt 0.136236 0.720339 0.000000
vt 0.131927 0.722891 0.000000
vt 0.135586 0.741293 0.000000
vt 0.134878 0.700523 0.000000
vt 0.130654 0.710065 0.000000
vt 0.143554 0.718451 0.000000
vt 0.228167 0.852421 0.000000
vt 0.228754 0.845623 0.000000
vt 0.220237 0.823875 0.000000
vt 0.225483 0.823764 0.000000
vt 0.231182 0.811027 0.000000
vt 0.623928 0.767531 0.000000
vt 0.623698 0.774716 0.000000
vt 0.641234 0.765047 0.000000
vt 0.593998 0.787032 0.000000
vt 0.605725 0.779603 0.000000
vt 0.877379 0.700142 0.000000
vt 0.840217 0.703167 0.000000
vt 0.859490 0.719294 0.000000
vt 0.854084 0.741336 0.000000
vt 0.472328 0.356399 0.000000
vt 0.467291 0.328809 0.000000
vt 0.455284 0.309289 0.000000
vt 0.451161 0.336125 0.000000
vt 0.193014 0.819262 0.000000
vt 0.186140 0.819649 0.000000
vt 0.164230 0.835159 0.000000
vt 0.173648 0.832840 0.000000
vt 0.176041 0.823841 0.000000
vt 0.667221 0.711862 0.000000
vt 0.661354 0.704647 0.000000
vt 0.676856 0.050668 0.000000
vt 0.688531 0.074333 0.000000
vt 0.703251 0.073272 0.000000
vt 0.613608 0.881260 0.000000
vt 0.603314 0.885436 0.000000
vt 0.517997 0.670540 0.000000
vt 0.495246 0.674575 0.000000
vt 0.906694 0.986335 0.000000
vt 0.912621 0.994472 0.000000
vt 0.798772 0.664089 0.000000
vt 0.116027 0.922730 0.000000
vt 0.133142 0.914364 0.000000
vt 0.348867 0.238098 0.000000
vt 0.355611 0.239300 0.000000
vt 0.372783 0.244671 0.000000
vt 0.378109 0.231548 0.000000
vt 0.368815 0.235836 0.000000
vt 0.264781 0.327170 0.000000
vt 0.273670 0.344349 0.000000
vt 0.267147 0.344213 0.000000
vt 0.256859 0.342340 0.000000
vt 0.258613 0.346293 0.000000
vt 0.571774 0.458904 0.000000
vt 0.567119 0.433244 0.000000
vt 0.554725 0.474952 0.000000
vt 0.613528 0.443194 0.000000
vt 0.603709 0.443370 0.000000
vt 0.598212 0.460957 0.000000
vt 0.730595 0.576270 0.000000
vt 0.688755 0.589674 0.000000
vt 0.723239 0.585647 0.000000
vt 0.751118 0.592321 0.000000
vt 0.740859 0.580893 0.000000
vt 0.647649 0.181965 0.000000
vt 0.654966 0.170662 0.000000
vt 0.626711 0.195091 0.000000
vt 0.628773 0.186780 0.000000
vt 0.243798 0.189423 0.000000
vt 0.261274 0.182974 0.000000
vt 0.252930 0.184784 0.000000
vt 0.076215 0.688524 0.000000
vt 0.077900 0.698272 0.000000
vt 0.065622 0.678439 0.000000
vt 0.060542 0.688101 0.000000
vt 0.541389 0.975370 0.000000
vt 0.439892 0.491440 0.000000
vt 0.427529 0.489660 0.000000
vt 0.032336 0.778208 0.000000
vt 0.049247 0.806500 0.000000
vt 0.880321 0.649216 0.000000
vt 0.877607 0.643310 0.000000
vt 0.862345 0.646717 0.000000
vt 0.693218 0.339064 0.000000
vt 0.714765 0.321012 0.000000
vt 0.653653 0.386512 0.000000
vt 0.665074 0.370739 0.000000
vt 0.653949 0.365556 0.000000
vt 0.302400 0.252385 0.000000
vt 0.316231 0.239487 0.000000
vt 0.308262 0.224707 0.000000
vt 0.317909 0.264584 0.000000
vt 0.320224 0.248521 0.000000
vt 0.307377 0.256304 0.000000
vt 0.514332 0.833449 0.000000
vt 0.498270 0.840817 0.000000
vt 0.504937 0.849205 0.000000
vt 0.494088 0.847438 0.000000
vt 0.295252 0.142112 0.000000
vt 0.286075 0.139027 0.000000
vt 0.088158 0.512484 0.000000
vt 0.101043 0.625903 0.000000
vt 0.100219 0.611841 0.000000
vt 0.117782 0.603452 0.000000
vt 0.102642 0.604135 0.000000
vt 0.114524 0.609197 0.000000
vt 0.725689 0.596865 0.000000
vt 0.743325 0.605893 0.000000
vt 0.768061 0.622583 0.000000
vt 0.953874 0.050978 0.000000
vt 0.948882 0.039792 0.000000
vt 0.933828 0.042728 0.000000
vt 0.005733 0.363035 0.000000
vt 0.484809 0.538174 0.000000
vt 0.486155 0.548003 0.000000
vt 0.504585 0.545353 0.000000
vt 0.518649 0.680858 0.000000
vt 0.533544 0.668524 0.000000
vt 0.674815 0.770899 0.000000
vt 0.688826 0.772047 0.000000
vt 0.677377 0.754757 0.000000
vt 0.237454 0.894411 0.000000
vt 0.231060 0.888046 0.000000
vt 0.234253 0.904942 0.000000
vt 0.678892 0.116554 0.000000
vt 0.672187 0.112888 0.000000
vt 0.674356 0.100225 0.000000
vt 0.664180 0.101619 0.000000
vt 0.720858 0.711718 0.000000
vt 0.712929 0.700799 0.000000
vt 0.707819 0.713493 0.000000
vt 0.886095 0.144010 0.000000
vt 0.013082 0.144484 0.000000
vt 0.025595 0.146577 0.000000
vt 0.019217 0.139749 0.000000
vt 0.893562 0.015434 0.000000
vt 0.655143 0.161954 0.000000
vt 0.661057 0.169540 0.000000
vt 0.668208 0.164921 0.000000
vt 0.480068 0.464678 0.000000
vt 0.273762 0.336037 0.000000
vt 0.274987 0.318073 0.000000
vt 0.050758 0.288496 0.000000
vt 0.405656 0.158541 0.000000
vt 0.392557 0.164127 0.000000
vt 0.899489 0.408992 0.000000
vt 0.906929 0.408992 0.000000
vt 0.905831 0.397711 0.000000
vt 0.781080 0.793604 0.000000
vt 0.792117 0.762532 0.000000
vt 0.785655 0.768890 0.000000
vt 0.792508 0.769736 0.000000
vt 0.089337 0.688065 0.000000
vt 0.079238 0.684945 0.000000
vt 0.087100 0.696085 0.000000
vt 0.098311 0.707514 0.000000
vt 0.184852 0.377003 0.000000
vt 0.191992 0.391595 0.000000
vt 0.175735 0.373030 0.000000
vt 0.178144 0.367120 0.000000
vt 0.398401 0.739066 0.000000
vt 0.379730 0.741312 0.000000
vt 0.390528 0.749929 0.000000
vt 0.377494 0.755045 0.000000
vt 0.094428 0.208428 0.000000
vt 0.111707 0.213723 0.000000
vt 0.111814 0.202703 0.000000
vt 0.761853 0.605173 0.000000
vt 0.755167 0.618244 0.000000
vt 0.786454 0.616753 0.000000
vt 0.896594 0.546196 0.000000
vt 0.882614 0.528674 0.000000
vt 0.866043 0.528343 0.000000
vt 0.012081 0.789282 0.000000
vt 0.001669 0.800387 0.000000
vt 0.019351 0.806954 0.000000
vt 0.025921 0.792605 0.000000
vt 0.433924 0.870216 0.000000
vt 0.442765 0.866651 0.000000
vt 0.856806 0.216634 0.000000
vt 0.859636 0.225406 0.000000
vt 0.863730 0.218219 0.000000
vt 0.867213 0.257712 0.000000
vt 0.465277 0.290171 0.000000
vt 0.829673 0.314026 0.000000
vt 0.822488 0.343628 0.000000
vt 0.221489 0.836088 0.000000
vt 0.213039 0.836964 0.000000
vt 0.220173 0.842005 0.000000
vt 0.216152 0.843554 0.000000
vt 0.209726 0.841715 0.000000
vt 0.207730 0.863855 0.000000
vt 0.514991 0.561834 0.000000
vt 0.518615 0.577120 0.000000
vt 0.530851 0.565187 0.000000
vt 0.530851 0.556520 0.000000
vt 0.505908 0.078739 0.000000
vt 0.512198 0.099353 0.000000
vt 0.436877 0.478960 0.000000
vt 0.455090 0.189590 0.000000
vt 0.435902 0.178408 0.000000
vt 0.450743 0.671956 0.000000
vt 0.423426 0.712197 0.000000
vt 0.421140 0.701693 0.000000
vt 0.413031 0.707985 0.000000
vt 0.105271 0.114012 0.000000
vt 0.118186 0.105314 0.000000
vt 0.236718 0.461575 0.000000
vt 0.235543 0.453426 0.000000
vt 0.228149 0.462536 0.000000
vt 0.842701 0.278108 0.000000
vt 0.839086 0.282811 0.000000
vt 0.852357 0.275656 0.000000
vt 0.838702 0.291193 0.000000
vt 0.526035 0.970805 0.000000
vt 0.369776 0.097224 0.000000
vt 0.382678 0.094733 0.000000
vt 0.378364 0.083148 0.000000
vt 0.054036 0.638329 0.000000
vt 0.071985 0.636850 0.000000
vt 0.070150 0.616263 0.000000
vt 0.362883 0.161098 0.000000
vt 0.354276 0.150447 0.000000
vt 0.556678 0.744139 0.000000
vt 0.533688 0.754401 0.000000
vt 0.849353 0.038029 0.000000
vt 0.856072 0.025000 0.000000
vt 0.835174 0.041111 0.000000
vt 0.840433 0.052850 0.000000
vt 0.196712 0.997401 0.000000
vt 0.205112 0.984910 0.000000
vt 0.191600 0.990071 0.000000
vt 0.204848 0.972087 0.000000
vt 0.198405 0.962328 0.000000
vt 0.191155 0.980783 0.000000
vt 0.555758 0.382407 0.000000
vt 0.573114 0.380965 0.000000
vt 0.557748 0.377248 0.000000
vt 0.403200 0.080742 0.000000
vt 0.203686 0.313933 0.000000
vt 0.188039 0.324897 0.000000
vt 0.205449 0.323955 0.000000
vt 0.211297 0.222974 0.000000
vt 0.209561 0.217317 0.000000
vt 0.205174 0.219585 0.000000
vt 0.219081 0.217388 0.000000
vt 0.215753 0.205080 0.000000
vt 0.044114 0.105098 0.000000
vt 0.047202 0.089620 0.000000
vt 0.041337 0.095227 0.000000
vt 0.048379 0.079724 0.000000
vt 0.055697 0.073358 0.000000
vt 0.051278 0.066268 0.000000
vt 0.095280 0.367467 0.000000
vt 0.087357 0.382747 0.000000
vt 0.098099 0.385529 0.000000
vt 0.100477 0.372503 0.000000
vt 0.833752 0.004975 0.000000
vt 0.821560 0.011662 0.000000
vt 0.124592 0.351138 0.000000
vt 0.334338 0.183928 0.000000
vt 0.361149 0.168170 0.000000
vt 0.348924 0.178560 0.000000
vt 0.198291 0.479131 0.000000
vt 0.188151 0.509014 0.000000
vt 0.180301 0.499397 0.000000
vt 0.822718 0.788587 0.000000
vt 0.840627 0.790266 0.000000
vt 0.858325 0.982665 0.000000
vt 0.873226 0.985991 0.000000
vt 0.122760 0.618252 0.000000
vt 0.110160 0.629867 0.000000
vt 0.101630 0.643979 0.000000
vt 0.087956 0.651442 0.000000
vt 0.589831 0.532689 0.000000
vt 0.597143 0.526616 0.000000
vt 0.604978 0.543597 0.000000
vt 0.598046 0.537512 0.000000
vt 0.598268 0.549310 0.000000
vt 0.862118 0.105881 0.000000
vt 0.869730 0.096233 0.000000
vt 0.861801 0.095100 0.000000
vt 0.867887 0.108258 0.000000
vt 0.774337 0.052429 0.000000
vt 0.762929 0.065297 0.000000
vt 0.776041 0.062139 0.000000
vt 0.540012 0.147944 0.000000
vt 0.526515 0.148355 0.000000
vt 0.532064 0.152367 0.000000
vt 0.551845 0.377470 0.000000
vt 0.556443 0.413495 0.000000
vt 0.565101 0.415281 0.000000
vt 0.248973 0.935992 0.000000
vt 0.246863 0.943047 0.000000
vt 0.270926 0.933152 0.000000
vt 0.268449 0.466336 0.000000
vt 0.715086 0.634937 0.000000
vt 0.700036 0.637366 0.000000
vt 0.693999 0.646080 0.000000
vt 0.716826 0.657901 0.000000
vt 0.193237 0.327942 0.000000
vt 0.694412 0.949829 0.000000
vt 0.683200 0.975917 0.000000
vt 0.697743 0.961603 0.000000
vt 0.705434 0.925747 0.000000
vt 0.697566 0.933441 0.000000
vt 0.706255 0.940255 0.000000
vt 0.404472 0.248007 0.000000
vt 0.395880 0.263946 0.000000
vt 0.402532 0.274754 0.000000
vt 0.535148 0.469495 0.000000
vt 0.523969 0.477758 0.000000
vt 0.531637 0.482798 0.000000
vt 0.244378 0.840493 0.000000
vt 0.283211 0.825793 0.000000
vt 0.285693 0.842934 0.000000
vt 0.292286 0.827701 0.000000
vt 0.445889 0.442777 0.000000
vt 0.446634 0.449058 0.000000
vt 0.451673 0.441265 0.000000
vt 0.709189 0.695500 0.000000
vt 0.706230 0.704834 0.000000
vt 0.017539 0.491952 0.000000
vt 0.001669 0.491952 0.000000
vt 0.010330 0.496655 0.000000
vt 0.222560 0.976736 0.000000
vt 0.214871 0.967723 0.000000
vt 0.459785 0.755412 0.000000
vt 0.452837 0.749339 0.000000
vt 0.458957 0.747371 0.000000
vt 0.526815 0.469120 0.000000
vt 0.505294 0.473288 0.000000
vt 0.516855 0.478246 0.000000
vt 0.520651 0.473551 0.000000
vt 0.380969 0.904421 0.000000
vt 0.385172 0.892250 0.000000
vt 0.368389 0.895453 0.000000
vt 0.406115 0.890550 0.000000
vt 0.413508 0.899778 0.000000
vt 0.420716 0.890025 0.000000
vt 0.092030 0.672462 0.000000
vt 0.084519 0.664802 0.000000
vt 0.077808 0.656022 0.000000
vt 0.070926 0.658538 0.000000
vt 0.077859 0.663176 0.000000
vt 0.786056 0.210951 0.000000
vt 0.270294 0.982951 0.000000
vt 0.280968 0.979957 0.000000
vt 0.270294 0.967187 0.000000
vt 0.048022 0.223328 0.000000
vt 0.043774 0.225102 0.000000
vt 0.772391 0.415285 0.000000
vt 0.805764 0.397936 0.000000
vt 0.797315 0.385031 0.000000
vt 0.824341 0.870892 0.000000
vt 0.839216 0.870892 0.000000
vt 0.836776 0.862331 0.000000
vt 0.734185 0.302876 0.000000
vt 0.873663 0.233679 0.000000
vt 0.865526 0.227500 0.000000
vt 0.867716 0.234882 0.000000
vt 0.427765 0.596167 0.000000
vt 0.440080 0.611323 0.000000
vt 0.442087 0.596670 0.000000
vt 0.419611 0.581016 0.000000
vt 0.431087 0.584658 0.000000
vt 0.428499 0.563663 0.000000
vt 0.192405 0.493312 0.000000
vt 0.735710 0.090863 0.000000
vt 0.696671 0.089009 0.000000
vt 0.723453 0.095091 0.000000
vt 0.843337 0.914734 0.000000
vt 0.295276 0.886148 0.000000
vt 0.297239 0.894814 0.000000
vt 0.309142 0.873726 0.000000
vt 0.836675 0.211797 0.000000
vt 0.844544 0.202519 0.000000
vt 0.620152 0.368842 0.000000
vt 0.599670 0.350823 0.000000
vt 0.757462 0.059108 0.000000
vt 0.731620 0.068826 0.000000
vt 0.084168 0.675660 0.000000
vt 0.074728 0.676296 0.000000
vt 0.065905 0.657405 0.000000
vt 0.684053 0.119109 0.000000
vt 0.675235 0.132568 0.000000
vt 0.693765 0.125198 0.000000
vt 0.737995 0.636173 0.000000
vt 0.747729 0.632895 0.000000
vt 0.762050 0.635989 0.000000
vt 0.758079 0.625131 0.000000
vt 0.844321 0.250696 0.000000
vt 0.833043 0.241547 0.000000
vt 0.222718 0.247787 0.000000
vt 0.495806 0.373456 0.000000
vt 0.163772 0.177844 0.000000
vt 0.147497 0.176501 0.000000
vt 0.149213 0.181949 0.000000
vt 0.124517 0.172184 0.000000
vt 0.116712 0.187349 0.000000
vt 0.122265 0.190693 0.000000
vt 0.069287 0.244696 0.000000
vt 0.152808 0.338446 0.000000
vt 0.144196 0.337677 0.000000
vt 0.116553 0.347090 0.000000
vt 0.172192 0.331440 0.000000
vt 0.161627 0.331396 0.000000
vt 0.163177 0.339822 0.000000
vt 0.163284 0.158112 0.000000
vt 0.158492 0.465115 0.000000
vt 0.612201 0.073461 0.000000
vt 0.268575 0.375804 0.000000
vt 0.278384 0.376316 0.000000
vt 0.532118 0.736633 0.000000
vt 0.483429 0.749369 0.000000
vt 0.500112 0.733502 0.000000
vt 0.493802 0.652725 0.000000
vt 0.496368 0.642737 0.000000
vt 0.488768 0.644556 0.000000
vt 0.469006 0.673122 0.000000
vt 0.876990 0.589181 0.000000
vt 0.849352 0.601724 0.000000
vt 0.584653 0.479733 0.000000
vt 0.593118 0.491851 0.000000
vt 0.601072 0.480715 0.000000
vt 0.576785 0.485548 0.000000
vt 0.575305 0.497591 0.000000
vt 0.668074 0.440193 0.000000
vt 0.687984 0.434839 0.000000
vt 0.721039 0.376171 0.000000
vt 0.135129 0.792395 0.000000
vt 0.132442 0.802630 0.000000
vt 0.140969 0.795004 0.000000
vt 0.139875 0.146911 0.000000
vt 0.139890 0.137757 0.000000
vt 0.128244 0.152061 0.000000
vt 0.085075 0.952844 0.000000
vt 0.084088 0.959816 0.000000
vt 0.091369 0.950869 0.000000
vt 0.110755 0.395800 0.000000
vt 0.093061 0.393010 0.000000
vt 0.092961 0.403660 0.000000
vt 0.192399 0.902121 0.000000
vt 0.196434 0.892742 0.000000
vt 0.185031 0.896131 0.000000
vt 0.191055 0.865693 0.000000
vt 0.187513 0.871062 0.000000
vt 0.198326 0.875360 0.000000
vt 0.661087 0.270916 0.000000
vt 0.681256 0.265383 0.000000
vt 0.662042 0.264320 0.000000
vt 0.824753 0.242977 0.000000
vt 0.595576 0.111158 0.000000
vt 0.708368 0.204353 0.000000
vt 0.691133 0.193315 0.000000
vt 0.695276 0.206182 0.000000
vt 0.170075 0.396193 0.000000
vt 0.179730 0.387921 0.000000
vt 0.174679 0.381312 0.000000
vt 0.167931 0.386607 0.000000
vt 0.142531 0.401238 0.000000
vt 0.183346 0.166973 0.000000
vt 0.190615 0.162597 0.000000
vt 0.857510 0.323320 0.000000
vt 0.336782 0.740929 0.000000
vt 0.345946 0.732468 0.000000
vt 0.364658 0.721642 0.000000
vt 0.444740 0.800237 0.000000
vt 0.453110 0.809292 0.000000
vt 0.456201 0.796629 0.000000
vt 0.225564 0.881256 0.000000
vt 0.219737 0.882819 0.000000
vt 0.221917 0.886466 0.000000
vt 0.225482 0.869030 0.000000
vt 0.227746 0.876016 0.000000
vt 0.230285 0.867431 0.000000
vt 0.358900 0.071641 0.000000
vt 0.354123 0.067725 0.000000
vt 0.351420 0.071641 0.000000
vt 0.557946 0.679302 0.000000
vt 0.573843 0.676120 0.000000
vt 0.565762 0.671461 0.000000
vt 0.444540 0.804409 0.000000
vt 0.420758 0.798804 0.000000
vt 0.432635 0.806813 0.000000
vt 0.425905 0.796642 0.000000
vt 0.818101 0.618878 0.000000
vt 0.828304 0.620080 0.000000
vt 0.834833 0.609251 0.000000
vt 0.841831 0.602938 0.000000
vt 0.171328 0.993851 0.000000
vt 0.177214 0.993851 0.000000
vt 0.171328 0.982489 0.000000
vt 0.207020 0.899943 0.000000
vt 0.221199 0.902995 0.000000
vt 0.568733 0.072034 0.000000
vt 0.562495 0.061632 0.000000
vt 0.735571 0.905190 0.000000
vt 0.176175 0.875488 0.000000
vt 0.167782 0.860854 0.000000
vt 0.264966 0.306992 0.000000
vt 0.242483 0.315860 0.000000
vt 0.240486 0.325482 0.000000
vt 0.141132 0.779275 0.000000
vt 0.152071 0.780200 0.000000
vt 0.238352 0.776788 0.000000
vt 0.215450 0.793131 0.000000
vt 0.522330 0.860633 0.000000
vt 0.500917 0.858941 0.000000
vt 0.492504 0.293040 0.000000
vt 0.477703 0.327852 0.000000
vt 0.486963 0.305338 0.000000
vt 0.779490 0.755000 0.000000
vt 0.790192 0.757429 0.000000
vt 0.788967 0.751845 0.000000
vt 0.774127 0.748976 0.000000
vt 0.784281 0.747602 0.000000
vt 0.768313 0.742867 0.000000
vt 0.442731 0.752194 0.000000
vt 0.441933 0.742186 0.000000
vt 0.034671 0.774992 0.000000
vt 0.038495 0.773924 0.000000
vt 0.070570 0.257362 0.000000
vt 0.066642 0.270111 0.000000
vt 0.429428 0.385142 0.000000
vt 0.442216 0.399908 0.000000
vt 0.436861 0.371816 0.000000
vt 0.453149 0.389241 0.000000
vt 0.298262 0.114535 0.000000
vt 0.295852 0.131616 0.000000
vt 0.306396 0.130661 0.000000
vt 0.308903 0.112314 0.000000
vt 0.778019 0.685485 0.000000
vt 0.778004 0.674158 0.000000
vt 0.788791 0.680391 0.000000
vt 0.587596 0.629620 0.000000
vt 0.583973 0.639082 0.000000
vt 0.605737 0.656871 0.000000
vt 0.412816 0.448096 0.000000
vt 0.407218 0.445037 0.000000
vt 0.409595 0.456290 0.000000
vt 0.564537 0.120193 0.000000
vt 0.566425 0.130161 0.000000
vt 0.573081 0.122239 0.000000
vt 0.561212 0.129114 0.000000
vt 0.157809 0.850164 0.000000
vt 0.152483 0.846006 0.000000
vt 0.148178 0.854993 0.000000
vt 0.099697 0.986001 0.000000
vt 0.104297 0.983141 0.000000
vt 0.096710 0.980678 0.000000
vt 0.211541 0.907116 0.000000
vt 0.604667 0.706370 0.000000
vt 0.619834 0.706370 0.000000
vt 0.617599 0.695500 0.000000
vt 0.096856 0.734699 0.000000
vt 0.079779 0.733169 0.000000
vt 0.091354 0.743405 0.000000
vt 0.066650 0.741153 0.000000
vt 0.061288 0.735987 0.000000
vt 0.598870 0.192642 0.000000
vt 0.598591 0.215829 0.000000
vt 0.600352 0.201345 0.000000
vt 0.860886 0.184143 0.000000
vt 0.858866 0.127914 0.000000
vt 0.232301 0.833874 0.000000
vt 0.232066 0.843658 0.000000
vt 0.238163 0.839499 0.000000
vt 0.225646 0.841034 0.000000
vt 0.679497 0.661903 0.000000
vt 0.693112 0.655568 0.000000
vt 0.698220 0.660491 0.000000
vt 0.711158 0.660595 0.000000
vt 0.778389 0.567600 0.000000
vt 0.763931 0.580699 0.000000
vt 0.802548 0.590277 0.000000
vt 0.752832 0.557787 0.000000
vt 0.704159 0.645911 0.000000
vt 0.729116 0.644204 0.000000
vt 0.706988 0.652469 0.000000
vt 0.476295 0.768517 0.000000
vt 0.460729 0.771282 0.000000
vt 0.015568 0.670910 0.000000
vt 0.015673 0.679738 0.000000
vt 0.025186 0.678348 0.000000
vt 0.048096 0.657690 0.000000
vt 0.023340 0.658841 0.000000
vt 0.024968 0.665646 0.000000
vt 0.604220 0.214686 0.000000
vt 0.602496 0.208180 0.000000
vt 0.026726 0.118117 0.000000
vt 0.019246 0.134555 0.000000
vt 0.032415 0.130554 0.000000
vt 0.014407 0.097380 0.000000
vt 0.020602 0.105180 0.000000
vt 0.486280 0.827335 0.000000
vt 0.493217 0.841943 0.000000
vt 0.488644 0.819241 0.000000
vt 0.506535 0.835160 0.000000
vt 0.856519 0.245877 0.000000
vt 0.712128 0.084932 0.000000
vt 0.745955 0.840181 0.000000
vt 0.762823 0.834030 0.000000
vt 0.746768 0.832474 0.000000
vt 0.704525 0.849542 0.000000
vt 0.258789 0.850424 0.000000
vt 0.272759 0.839520 0.000000
vt 0.262770 0.837947 0.000000
vt 0.254926 0.818931 0.000000
vt 0.258293 0.829469 0.000000
vt 0.212304 0.826767 0.000000
vt 0.213253 0.832212 0.000000
vt 0.217811 0.829017 0.000000
vt 0.204043 0.822349 0.000000
vt 0.683189 0.161363 0.000000
vt 0.689807 0.178828 0.000000
vt 0.675374 0.171004 0.000000
vt 0.653985 0.830825 0.000000
vt 0.653644 0.846835 0.000000
vt 0.660203 0.849542 0.000000
vt 0.193390 0.213139 0.000000
vt 0.209111 0.200998 0.000000
vt 0.193109 0.191857 0.000000
vt 0.073341 0.745722 0.000000
vt 0.333587 0.794484 0.000000
vt 0.433126 0.876486 0.000000
vt 0.419333 0.884629 0.000000
vt 0.784655 0.604560 0.000000
vt 0.768879 0.601537 0.000000
vt 0.898759 0.109407 0.000000
vt 0.898745 0.097491 0.000000
vt 0.890856 0.098855 0.000000
vt 0.908598 0.109559 0.000000
vt 0.914332 0.115070 0.000000
vt 0.918810 0.104398 0.000000
vt 0.032222 0.782206 0.000000
vt 0.088387 0.542293 0.000000
vt 0.896594 0.653128 0.000000
vt 0.507949 0.124981 0.000000
vt 0.517557 0.123843 0.000000
vt 0.515388 0.115458 0.000000
vt 0.791379 0.916181 0.000000
vt 0.802913 0.900777 0.000000
vt 0.805889 0.906396 0.000000
vt 0.760629 0.729714 0.000000
vt 0.051195 0.086657 0.000000
vt 0.058048 0.080075 0.000000
vt 0.068679 0.080038 0.000000
vt 0.061481 0.076827 0.000000
vt 0.065188 0.089220 0.000000
vt 0.747808 0.262005 0.000000
vt 0.787207 0.413792 0.000000
vt 0.782514 0.422469 0.000000
vt 0.804973 0.763636 0.000000
vt 0.810148 0.768407 0.000000
vt 0.801891 0.772676 0.000000
vt 0.243347 0.916035 0.000000
vt 0.245060 0.903343 0.000000
vt 0.073123 0.055048 0.000000
vt 0.068416 0.048565 0.000000
vt 0.094739 0.176010 0.000000
vt 0.156075 0.725042 0.000000
vt 0.153127 0.713919 0.000000
vt 0.151753 0.732652 0.000000
vt 0.141160 0.727391 0.000000
vt 0.141916 0.735539 0.000000
vt 0.668585 0.404179 0.000000
vt 0.671953 0.386527 0.000000
vt 0.655124 0.412130 0.000000
vt 0.692891 0.395998 0.000000
vt 0.685001 0.384422 0.000000
vt 0.590971 0.977194 0.000000
vt 0.597690 0.952770 0.000000
vt 0.590971 0.958408 0.000000
vt 0.632409 0.964538 0.000000
vt 0.615711 0.988997 0.000000
vt 0.638197 0.169534 0.000000
vt 0.634760 0.175675 0.000000
vt 0.424170 0.724672 0.000000
vt 0.434117 0.732536 0.000000
vt 0.450308 0.707845 0.000000
vt 0.422871 0.298758 0.000000
vt 0.418168 0.271594 0.000000
vt 0.413652 0.290893 0.000000
vt 0.804781 0.438607 0.000000
vt 0.775958 0.424032 0.000000
vt 0.794886 0.440892 0.000000
vt 0.653891 0.050868 0.000000
vt 0.692411 0.058242 0.000000
vt 0.677335 0.062445 0.000000
vt 0.684713 0.068887 0.000000
vt 0.082498 0.195246 0.000000
vt 0.068921 0.199883 0.000000
vt 0.064975 0.207759 0.000000
vt 0.071840 0.210155 0.000000
vt 0.670092 0.060820 0.000000
vt 0.679437 0.071236 0.000000
vt 0.665254 0.065347 0.000000
vt 0.861301 0.436494 0.000000
vt 0.654618 0.722405 0.000000
vt 0.078701 0.264899 0.000000
vt 0.078344 0.254438 0.000000
vt 0.085548 0.253377 0.000000
vt 0.082296 0.245740 0.000000
vt 0.810914 0.022317 0.000000
vt 0.812528 0.036050 0.000000
vt 0.816166 0.024369 0.000000
vt 0.470465 0.836081 0.000000
vt 0.464413 0.839893 0.000000
vt 0.468729 0.846559 0.000000
vt 0.453866 0.826498 0.000000
vt 0.456419 0.820125 0.000000
vt 0.226699 0.894081 0.000000
vt 0.206704 0.891611 0.000000
vt 0.698392 0.914752 0.000000
vt 0.696740 0.923631 0.000000
vt 0.697469 0.895967 0.000000
vt 0.694730 0.909573 0.000000
vt 0.706719 0.909698 0.000000
vt 0.580894 0.710251 0.000000
vt 0.466838 0.585588 0.000000
vt 0.478211 0.591504 0.000000
vt 0.468817 0.579560 0.000000
vt 0.430160 0.190069 0.000000
vt 0.369776 0.083964 0.000000
vt 0.711020 0.928013 0.000000
vt 0.710769 0.941904 0.000000
vt 0.897907 0.086519 0.000000
vt 0.912535 0.085578 0.000000
vt 0.915230 0.075444 0.000000
vt 0.920281 0.071597 0.000000
vt 0.906932 0.057664 0.000000
vt 0.914997 0.070120 0.000000
vt 0.500325 0.085361 0.000000
vt 0.613179 0.502654 0.000000
vt 0.596289 0.504932 0.000000
vt 0.605023 0.508970 0.000000
vt 0.230376 0.473573 0.000000
vt 0.209024 0.465225 0.000000
vt 0.210926 0.456590 0.000000
vt 0.195515 0.457249 0.000000
vt 0.063437 0.798105 0.000000
vt 0.081571 0.803209 0.000000
vt 0.067073 0.785402 0.000000
vt 0.058171 0.806198 0.000000
vt 0.653000 0.493342 0.000000
vt 0.626150 0.503225 0.000000
vt 0.645523 0.501969 0.000000
vt 0.646949 0.452745 0.000000
vt 0.481711 0.350516 0.000000
vt 0.525797 0.800190 0.000000
vt 0.503993 0.814217 0.000000
vt 0.522023 0.815861 0.000000
vt 0.504381 0.820120 0.000000
vt 0.510418 0.828337 0.000000
vt 0.406041 0.749698 0.000000
vt 0.145660 0.932707 0.000000
vt 0.153117 0.925493 0.000000
vt 0.144162 0.919880 0.000000
vt 0.789375 0.675339 0.000000
vt 0.798795 0.670687 0.000000
vt 0.493916 0.089975 0.000000
vt 0.488856 0.101650 0.000000
vt 0.471853 0.106227 0.000000
vt 0.476243 0.117424 0.000000
vt 0.939589 0.945268 0.000000
vt 0.923108 0.946725 0.000000
vt 0.881182 0.255660 0.000000
vt 0.877258 0.247138 0.000000
vt 0.598976 0.884138 0.000000
vt 0.590971 0.869572 0.000000
vt 0.590971 0.891562 0.000000
vt 0.608336 0.899021 0.000000
vt 0.604360 0.894523 0.000000
vt 0.597692 0.901143 0.000000
vt 0.191429 0.476380 0.000000
vt 0.283218 0.217756 0.000000
vt 0.759379 0.585430 0.000000
vt 0.763008 0.598760 0.000000
vt 0.786056 0.104585 0.000000
vt 0.786056 0.117010 0.000000
vt 0.795163 0.104713 0.000000
vt 0.511202 0.575236 0.000000
vt 0.513708 0.582568 0.000000
vt 0.513867 0.577998 0.000000
vt 0.476092 0.511947 0.000000
vt 0.466838 0.523455 0.000000
vt 0.486193 0.517013 0.000000
vt 0.478485 0.675600 0.000000
vt 0.062001 0.413982 0.000000
vt 0.078397 0.407171 0.000000
vt 0.065462 0.397900 0.000000
vt 0.858078 0.893628 0.000000
vt 0.867223 0.881081 0.000000
vt 0.858078 0.874709 0.000000
vt 0.057512 0.716459 0.000000
vt 0.052764 0.717025 0.000000
vt 0.497081 0.947902 0.000000
vt 0.494410 0.914555 0.000000
vt 0.490485 0.949354 0.000000
vt 0.753574 0.814513 0.000000
vt 0.763558 0.825665 0.000000
vt 0.760614 0.818238 0.000000
vt 0.753065 0.826367 0.000000
vt 0.511491 0.148579 0.000000
vt 0.698246 0.049732 0.000000
vt 0.426353 0.824118 0.000000
vt 0.416677 0.815162 0.000000
vt 0.429231 0.845105 0.000000
vt 0.424900 0.856031 0.000000
vt 0.649268 0.366543 0.000000
vt 0.646379 0.344144 0.000000
vt 0.617919 0.347788 0.000000
vt 0.664115 0.359731 0.000000
vt 0.025851 0.098627 0.000000
vt 0.033214 0.103314 0.000000
vt 0.033961 0.089097 0.000000
vt 0.025982 0.111969 0.000000
vt 0.829156 0.211357 0.000000
vt 0.822488 0.215957 0.000000
vt 0.412032 0.408426 0.000000
vt 0.409571 0.400760 0.000000
vt 0.404771 0.400098 0.000000
vt 0.077660 0.345431 0.000000
vt 0.083546 0.353642 0.000000
vt 0.088088 0.320753 0.000000
vt 0.091577 0.342252 0.000000
vt 0.112697 0.337422 0.000000
vt 0.287790 0.634947 0.000000
vt 0.300568 0.583458 0.000000
vt 0.222034 0.624303 0.000000
vt 0.214490 0.653902 0.000000
vt 0.243192 0.642334 0.000000
vt 0.792876 0.005977 0.000000
vt 0.464784 0.656999 0.000000
vt 0.583691 0.499603 0.000000
vt 0.609588 0.492614 0.000000
vt 0.596055 0.497141 0.000000
vt 0.592478 0.507498 0.000000
vt 0.591957 0.497217 0.000000
vt 0.106329 0.889397 0.000000
vt 0.130156 0.893519 0.000000
vt 0.118476 0.876502 0.000000
vt 0.900397 0.091189 0.000000
vt 0.872237 0.089601 0.000000
vt 0.146093 0.201517 0.000000
vt 0.143324 0.193409 0.000000
vt 0.153136 0.205474 0.000000
vt 0.163363 0.212363 0.000000
vt 0.654116 0.092529 0.000000
vt 0.667761 0.095694 0.000000
vt 0.674950 0.092731 0.000000
vt 0.683617 0.094369 0.000000
vt 0.034489 0.223868 0.000000
vt 0.034901 0.217069 0.000000
vt 0.018604 0.217797 0.000000
vt 0.021634 0.222879 0.000000
vt 0.670349 0.086238 0.000000
vt 0.032828 0.204254 0.000000
vt 0.037433 0.213113 0.000000
vt 0.043530 0.207817 0.000000
vt 0.043742 0.215793 0.000000
vt 0.053204 0.211108 0.000000
vt 0.042361 0.211128 0.000000
vt 0.686969 0.197830 0.000000
vt 0.679547 0.214888 0.000000
vt 0.530851 0.575189 0.000000
vt 0.528834 0.581859 0.000000
vt 0.522987 0.573310 0.000000
vt 0.869445 0.636831 0.000000
vt 0.852278 0.643211 0.000000
vt 0.854876 0.629755 0.000000
vt 0.847424 0.634205 0.000000
vt 0.352909 0.588678 0.000000
vt 0.224925 0.470709 0.000000
vt 0.229070 0.488831 0.000000
vt 0.857733 0.346312 0.000000
vt 0.864438 0.331902 0.000000
vt 0.875989 0.327588 0.000000
vt 0.120531 0.360819 0.000000
vt 0.112328 0.366446 0.000000
vt 0.068660 0.732989 0.000000
vt 0.446660 0.084106 0.000000
vt 0.457878 0.074683 0.000000
vt 0.365816 0.383391 0.000000
vt 0.128073 0.157292 0.000000
vt 0.119473 0.165159 0.000000
vt 0.126779 0.164457 0.000000
vt 0.147940 0.154766 0.000000
vt 0.146110 0.147282 0.000000
vt 0.007912 0.861104 0.000000
vt 0.002330 0.853315 0.000000
vt 0.001669 0.862593 0.000000
vt 0.802075 0.205300 0.000000
vt 0.786056 0.197951 0.000000
vt 0.178001 0.528113 0.000000
vt 0.169311 0.522958 0.000000
vt 0.162655 0.533720 0.000000
vt 0.194554 0.528261 0.000000
vt 0.179712 0.535102 0.000000
vt 0.041317 0.219797 0.000000
vt 0.260116 0.120485 0.000000
vt 0.165070 0.544555 0.000000
vt 0.322252 0.258469 0.000000
vt 0.425606 0.251408 0.000000
vt 0.427171 0.243962 0.000000
vt 0.411610 0.253712 0.000000
vt 0.560278 0.862550 0.000000
vt 0.571257 0.855564 0.000000
vt 0.556025 0.847881 0.000000
vt 0.607362 0.972280 0.000000
vt 0.601010 0.980520 0.000000
vt 0.609002 0.990277 0.000000
vt 0.638816 0.731322 0.000000
vt 0.647759 0.731322 0.000000
vt 0.633214 0.720387 0.000000
vt 0.059819 0.898407 0.000000
vt 0.048526 0.889252 0.000000
vt 0.055521 0.901401 0.000000
vt 0.300024 0.827673 0.000000
vt 0.334799 0.830330 0.000000
vt 0.387033 0.841217 0.000000
vt 0.394099 0.841526 0.000000
vt 0.504282 0.413136 0.000000
vt 0.503271 0.428450 0.000000
vt 0.058725 0.063141 0.000000
vt 0.045843 0.056453 0.000000
vt 0.053952 0.044891 0.000000
vt 0.052636 0.035083 0.000000
vt 0.419382 0.414432 0.000000
vt 0.430263 0.401370 0.000000
vt 0.420939 0.397156 0.000000
vt 0.429671 0.423704 0.000000
vt 0.190953 0.817596 0.000000
vt 0.201691 0.814210 0.000000
vt 0.206035 0.817427 0.000000
vt 0.208859 0.807473 0.000000
vt 0.399079 0.454311 0.000000
vt 0.403981 0.450112 0.000000
vt 0.018388 0.396032 0.000000
vt 0.592927 0.542513 0.000000
vt 0.585709 0.554864 0.000000
vt 0.597996 0.559349 0.000000
vt 0.509090 0.730431 0.000000
vt 0.518250 0.730122 0.000000
vt 0.508032 0.725112 0.000000
vt 0.488421 0.749177 0.000000
vt 0.163065 0.366022 0.000000
vt 0.174100 0.360252 0.000000
vt 0.183355 0.364084 0.000000
vt 0.176941 0.348052 0.000000
vt 0.212540 0.349684 0.000000
vt 0.197036 0.336004 0.000000
vt 0.215270 0.342456 0.000000
vt 0.564149 0.985972 0.000000
vt 0.564149 0.977482 0.000000
vt 0.056371 0.220974 0.000000
vt 0.054574 0.234242 0.000000
vt 0.066774 0.230826 0.000000
vt 0.063520 0.220496 0.000000
vt 0.333056 0.836216 0.000000
vt 0.439433 0.321407 0.000000
vt 0.445646 0.314661 0.000000
vt 0.446933 0.302698 0.000000
vt 0.647894 0.234678 0.000000
vt 0.643119 0.215592 0.000000
vt 0.862372 0.381584 0.000000
vt 0.859415 0.396060 0.000000
vt 0.867563 0.404500 0.000000
vt 0.860669 0.363107 0.000000
vt 0.761296 0.808647 0.000000
vt 0.763264 0.813608 0.000000
vt 0.730647 0.120018 0.000000
vt 0.717082 0.118846 0.000000
vt 0.709125 0.124349 0.000000
vt 0.750914 0.945173 0.000000
vt 0.742440 0.943094 0.000000
vt 0.749323 0.954391 0.000000
vt 0.436659 0.899211 0.000000
vt 0.293591 0.493211 0.000000
vt 0.274740 0.507755 0.000000
vt 0.291642 0.516099 0.000000
vt 0.253749 0.511513 0.000000
vt 0.754048 0.952438 0.000000
vt 0.762121 0.944892 0.000000
vt 0.614721 0.510273 0.000000
vt 0.169588 0.875019 0.000000
vt 0.520291 0.058274 0.000000
vt 0.520788 0.066480 0.000000
vt 0.401303 0.284274 0.000000
vt 0.396266 0.277612 0.000000
vt 0.399950 0.297943 0.000000
vt 0.411374 0.300210 0.000000
vt 0.492473 0.151863 0.000000
vt 0.491481 0.133337 0.000000
vt 0.879471 0.030992 0.000000
vt 0.458264 0.139532 0.000000
vt 0.342370 0.716273 0.000000
vt 0.077904 0.222604 0.000000
vt 0.079227 0.237954 0.000000
vt 0.058681 0.087562 0.000000
vt 0.058797 0.098551 0.000000
vt 0.042072 0.194902 0.000000
vt 0.566992 0.136322 0.000000
vt 0.557008 0.141135 0.000000
vt 0.880570 0.330468 0.000000
vt 0.771634 0.653778 0.000000
vt 0.775926 0.649303 0.000000
vt 0.495670 0.263934 0.000000
vt 0.505319 0.270457 0.000000
vt 0.507771 0.587117 0.000000
vt 0.501215 0.581886 0.000000
vt 0.107772 0.551094 0.000000
vt 0.921944 0.725942 0.000000
vt 0.902731 0.731490 0.000000
vt 0.229017 0.375381 0.000000
vt 0.215363 0.397123 0.000000
vt 0.220980 0.390867 0.000000
vt 0.534409 0.938115 0.000000
vt 0.398975 0.190000 0.000000
vt 0.388125 0.190133 0.000000
vt 0.404901 0.200478 0.000000
vt 0.528851 0.663667 0.000000
vt 0.522625 0.659679 0.000000
vt 0.508681 0.659654 0.000000
vt 0.287363 0.374762 0.000000
vt 0.287324 0.366063 0.000000
vt 0.881409 0.067872 0.000000
vt 0.872897 0.061536 0.000000
vt 0.883288 0.061788 0.000000
vt 0.155896 0.445440 0.000000
vt 0.161216 0.434840 0.000000
vt 0.147083 0.447497 0.000000
vt 0.192472 0.157436 0.000000
vt 0.177500 0.152280 0.000000
vt 0.178531 0.161218 0.000000
vt 0.598411 0.244563 0.000000
vt 0.588134 0.241924 0.000000
vt 0.021056 0.269596 0.000000
vt 0.038538 0.269315 0.000000
vt 0.033576 0.264815 0.000000
vt 0.033813 0.271465 0.000000
vt 0.728124 0.636890 0.000000
vt 0.715065 0.643082 0.000000
vt 0.167984 0.843991 0.000000
vt 0.192359 0.826053 0.000000
vt 0.191061 0.832152 0.000000
vt 0.816392 0.649749 0.000000
vt 0.405780 0.755707 0.000000
vt 0.420001 0.763302 0.000000
vt 0.408132 0.773918 0.000000
vt 0.368329 0.222016 0.000000
vt 0.360254 0.225944 0.000000
vt 0.018743 0.642281 0.000000
vt 0.018690 0.651473 0.000000
vt 0.489070 0.669688 0.000000
vt 0.867223 0.887437 0.000000
vt 0.108111 0.210098 0.000000
vt 0.102814 0.202934 0.000000
vt 0.102584 0.231710 0.000000
vt 0.108458 0.229955 0.000000
vt 0.927179 0.050978 0.000000
vt 0.928407 0.038176 0.000000
vt 0.922403 0.044491 0.000000
vt 0.030968 0.358875 0.000000
vt 0.036778 0.361070 0.000000
vt 0.801637 0.541930 0.000000
vt 0.831298 0.551567 0.000000
vt 0.857908 0.562026 0.000000
vt 0.740788 0.835703 0.000000
vt 0.671218 0.538597 0.000000
vt 0.672970 0.552675 0.000000
vt 0.695476 0.498270 0.000000
vt 0.400951 0.214464 0.000000
vt 0.391556 0.198657 0.000000
vt 0.903312 0.712954 0.000000
vt 0.545246 0.769407 0.000000
vt 0.535655 0.769354 0.000000
vt 0.530250 0.783670 0.000000
vt 0.541366 0.754843 0.000000
vt 0.734155 0.648414 0.000000
vt 0.736463 0.656079 0.000000
vt 0.739250 0.647214 0.000000
vt 0.729814 0.650776 0.000000
vt 0.386805 0.953970 0.000000
vt 0.395466 0.948177 0.000000
vt 0.377516 0.953702 0.000000
vt 0.416226 0.125268 0.000000
vt 0.387323 0.114273 0.000000
vt 0.390350 0.123195 0.000000
vt 0.781785 0.737572 0.000000
vt 0.126093 0.228571 0.000000
vt 0.129176 0.248123 0.000000
vt 0.133195 0.236197 0.000000
vt 0.499854 0.291207 0.000000
vt 0.197419 0.741513 0.000000
vt 0.201943 0.761033 0.000000
vt 0.789650 0.064390 0.000000
vt 0.810359 0.043904 0.000000
vt 0.805705 0.056425 0.000000
vt 0.663522 0.510209 0.000000
vt 0.656299 0.498641 0.000000
vt 0.654904 0.505994 0.000000
vt 0.197709 0.858651 0.000000
vt 0.127339 0.718711 0.000000
vt 0.124476 0.731588 0.000000
vt 0.838932 0.989679 0.000000
vt 0.836653 0.998331 0.000000
vt 0.846459 0.989870 0.000000
vt 0.836653 0.979221 0.000000
vt 0.864568 0.972481 0.000000
vt 0.763631 0.951489 0.000000
vt 0.787584 0.951191 0.000000
vt 0.775344 0.941101 0.000000
vt 0.772626 0.953824 0.000000
vt 0.579841 0.449809 0.000000
vt 0.596462 0.436286 0.000000
vt 0.599359 0.428034 0.000000
vt 0.582166 0.432472 0.000000
vt 0.670387 0.232320 0.000000
vt 0.643548 0.254957 0.000000
vt 0.849432 0.549245 0.000000
vt 0.846850 0.555053 0.000000
vt 0.850528 0.533190 0.000000
vt 0.834079 0.501368 0.000000
vt 0.826080 0.526129 0.000000
vt 0.263749 0.368291 0.000000
vt 0.265398 0.363518 0.000000
vt 0.205995 0.448047 0.000000
vt 0.217993 0.436575 0.000000
vt 0.202219 0.439055 0.000000
vt 0.192499 0.443529 0.000000
vt 0.195097 0.434377 0.000000
vt 0.184186 0.428735 0.000000
vt 0.834093 0.680155 0.000000
vt 0.838892 0.662494 0.000000
vt 0.136382 0.677878 0.000000
vt 0.163558 0.646916 0.000000
vt 0.149600 0.676640 0.000000
vt 0.167630 0.673603 0.000000
vt 0.636781 0.258834 0.000000
vt 0.624997 0.269232 0.000000
vt 0.640980 0.271580 0.000000
vt 0.186810 0.744309 0.000000
vt 0.193892 0.731781 0.000000
vt 0.836487 0.480968 0.000000
vt 0.821211 0.437024 0.000000
vt 0.651187 0.255818 0.000000
vt 0.545409 0.749431 0.000000
vt 0.552445 0.757179 0.000000
vt 0.567441 0.754887 0.000000
vt 0.564515 0.767395 0.000000
vt 0.585146 0.764918 0.000000
vt 0.797085 0.179231 0.000000
vt 0.801045 0.171363 0.000000
vt 0.793736 0.176775 0.000000
vt 0.804529 0.185383 0.000000
vt 0.809610 0.161626 0.000000
vt 0.594666 0.750010 0.000000
vt 0.505280 0.162198 0.000000
vt 0.710145 0.050736 0.000000
vt 0.704289 0.036854 0.000000
vt 0.883348 0.096928 0.000000
vt 0.879133 0.089419 0.000000
vt 0.577268 0.422498 0.000000
vt 0.280833 0.491453 0.000000
vt 0.265492 0.483909 0.000000
vt 0.665173 0.523034 0.000000
vt 0.651170 0.573039 0.000000
vt 0.757847 0.765562 0.000000
vt 0.745400 0.775492 0.000000
vt 0.760180 0.773286 0.000000
vt 0.774512 0.759189 0.000000
vt 0.784720 0.762202 0.000000
vt 0.315112 0.447728 0.000000
vt 0.114529 0.247258 0.000000
vt 0.520490 0.298177 0.000000
vt 0.529455 0.297213 0.000000
vt 0.135011 0.815727 0.000000
vt 0.125078 0.819907 0.000000
vt 0.245302 0.140082 0.000000
vt 0.026439 0.140899 0.000000
vt 0.031116 0.136371 0.000000
vt 0.030393 0.144233 0.000000
vt 0.036946 0.153131 0.000000
vt 0.051363 0.152027 0.000000
vt 0.689272 0.092484 0.000000
vt 0.694484 0.093784 0.000000
vt 0.585155 0.444026 0.000000
vt 0.583309 0.455000 0.000000
vt 0.592898 0.462782 0.000000
vt 0.594436 0.450755 0.000000
vt 0.435188 0.795962 0.000000
vt 0.432469 0.801940 0.000000
vt 0.737231 0.883399 0.000000
vt 0.734270 0.898768 0.000000
vt 0.408698 0.738252 0.000000
vt 0.417347 0.732333 0.000000
vt 0.771941 0.979779 0.000000
vt 0.748366 0.976345 0.000000
vt 0.767492 0.990954 0.000000
vt 0.316071 0.190219 0.000000
vt 0.306381 0.182119 0.000000
vt 0.308452 0.191930 0.000000
vt 0.326953 0.176149 0.000000
vt 0.324111 0.185888 0.000000
vt 0.690298 0.760851 0.000000
vt 0.684226 0.759601 0.000000
vt 0.685061 0.750112 0.000000
vt 0.691894 0.753108 0.000000
vt 0.693194 0.746166 0.000000
vt 0.584772 0.510412 0.000000
vt 0.042417 0.699492 0.000000
vt 0.512626 0.877996 0.000000
vt 0.763268 0.695544 0.000000
vt 0.774624 0.703450 0.000000
vt 0.169225 0.792124 0.000000
vt 0.163896 0.776497 0.000000
vt 0.156927 0.786257 0.000000
vt 0.153198 0.805839 0.000000
vt 0.147005 0.802660 0.000000
vt 0.140339 0.820286 0.000000
vt 0.229719 0.153832 0.000000
vt 0.242364 0.167770 0.000000
vt 0.749674 0.765830 0.000000
vt 0.727376 0.782581 0.000000
vt 0.725954 0.789505 0.000000
vt 0.731971 0.788402 0.000000
vt 0.054005 0.768399 0.000000
vt 0.048662 0.776806 0.000000
vt 0.059084 0.779101 0.000000
vt 0.568443 0.812294 0.000000
vt 0.546589 0.833368 0.000000
vt 0.887926 0.117010 0.000000
vt 0.826358 0.631842 0.000000
vt 0.826910 0.624646 0.000000
vt 0.798004 0.621498 0.000000
vt 0.830443 0.635788 0.000000
vt 0.652900 0.190427 0.000000
vt 0.638889 0.193534 0.000000
vt 0.764961 0.045789 0.000000
vt 0.746906 0.053927 0.000000
vt 0.767409 0.054377 0.000000
vt 0.643468 0.183927 0.000000
vt 0.639742 0.179374 0.000000
vt 0.234029 0.144427 0.000000
vt 0.241902 0.129012 0.000000
vt 0.012543 0.154857 0.000000
vt 0.868678 0.016564 0.000000
vt 0.158533 0.767870 0.000000
vt 0.138830 0.754640 0.000000
vt 0.762091 0.075877 0.000000
vt 0.757395 0.069610 0.000000
vt 0.750299 0.060725 0.000000
vt 0.751293 0.067817 0.000000
vt 0.854264 0.453803 0.000000
vt 0.843518 0.456610 0.000000
vt 0.037788 0.507223 0.000000
vt 0.045174 0.522547 0.000000
vt 0.047094 0.512968 0.000000
vt 0.098127 0.741595 0.000000
vt 0.105363 0.727543 0.000000
vt 0.109080 0.722408 0.000000
vt 0.860503 0.279172 0.000000
vt 0.850137 0.286820 0.000000
vt 0.863505 0.284485 0.000000
vt 0.556691 0.425563 0.000000
vt 0.562818 0.427979 0.000000
vt 0.571452 0.430215 0.000000
vt 0.196273 0.819092 0.000000
vt 0.134586 0.161286 0.000000
vt 0.136954 0.169604 0.000000
vt 0.410351 0.487055 0.000000
vt 0.411153 0.497522 0.000000
vt 0.666605 0.664348 0.000000
vt 0.804682 0.630372 0.000000
vt 0.750398 0.328507 0.000000
vt 0.753815 0.358290 0.000000
vt 0.780706 0.363555 0.000000
vt 0.784630 0.348430 0.000000
vt 0.766300 0.360059 0.000000
vt 0.940087 0.409430 0.000000
vt 0.607050 0.487001 0.000000
vt 0.633380 0.492059 0.000000
vt 0.621360 0.483928 0.000000
vt 0.620131 0.501333 0.000000
vt 0.811688 0.781951 0.000000
vt 0.150041 0.693681 0.000000
vt 0.127309 0.403824 0.000000
vt 0.118373 0.396305 0.000000
vt 0.110449 0.401823 0.000000
vt 0.230847 0.306992 0.000000
vt 0.228767 0.322247 0.000000
vt 0.252553 0.477649 0.000000
vt 0.240862 0.474541 0.000000
vt 0.528309 0.062400 0.000000
vt 0.193560 0.881747 0.000000
vt 0.183384 0.886463 0.000000
vt 0.759600 0.641740 0.000000
vt 0.747163 0.646548 0.000000
vt 0.763525 0.649141 0.000000
vt 0.765505 0.908061 0.000000
vt 0.779461 0.893338 0.000000
vt 0.278382 0.844812 0.000000
vt 0.264474 0.856148 0.000000
vt 0.270319 0.871383 0.000000
vt 0.606316 0.806296 0.000000
vt 0.568643 0.819631 0.000000
vt 0.533859 0.289996 0.000000
vt 0.536558 0.274506 0.000000
vt 0.325864 0.370377 0.000000
vt 0.336426 0.362971 0.000000
vt 0.310980 0.356633 0.000000
vt 0.490746 0.234743 0.000000
vt 0.555448 0.125799 0.000000
vt 0.545014 0.137483 0.000000
vt 0.523460 0.125154 0.000000
vt 0.253436 0.905938 0.000000
vt 0.682632 0.651863 0.000000
vt 0.077776 0.628457 0.000000
vt 0.041284 0.885613 0.000000
vt 0.032421 0.878355 0.000000
vt 0.027063 0.890713 0.000000
vt 0.023236 0.899481 0.000000
vt 0.407458 0.844739 0.000000
vt 0.410679 0.857803 0.000000
vt 0.053619 0.617771 0.000000
vt 0.044146 0.631338 0.000000
vt 0.045086 0.618156 0.000000
vt 0.032769 0.622258 0.000000
vt 0.338109 0.233543 0.000000
vt 0.330182 0.264204 0.000000
vt 0.330226 0.242666 0.000000
vt 0.521407 0.114608 0.000000
vt 0.514278 0.109640 0.000000
vt 0.517784 0.100127 0.000000
vt 0.142982 0.113029 0.000000
vt 0.114547 0.120738 0.000000
vt 0.130668 0.121158 0.000000
vt 0.875064 0.443099 0.000000
vt 0.898674 0.508720 0.000000
vt 0.964295 0.485110 0.000000
vt 0.064215 0.713391 0.000000
vt 0.747755 0.781255 0.000000
vt 0.737931 0.778047 0.000000
vt 0.746527 0.791312 0.000000
vt 0.455549 0.302088 0.000000
vt 0.240248 0.925289 0.000000
vt 0.232123 0.922099 0.000000
vt 0.238177 0.940921 0.000000
vt 0.236130 0.918482 0.000000
vt 0.248424 0.780624 0.000000
vt 0.244630 0.788113 0.000000
vt 0.268197 0.788127 0.000000
vt 0.235796 0.782529 0.000000
vt 0.416826 0.259472 0.000000
vt 0.413101 0.269580 0.000000
vt 0.522401 0.090691 0.000000
vt 0.523815 0.097163 0.000000
vt 0.180971 0.325015 0.000000
vt 0.164464 0.322634 0.000000
vt 0.149726 0.306992 0.000000
vt 0.151347 0.325702 0.000000
vt 0.302758 0.112252 0.000000
vt 0.307253 0.105314 0.000000
vt 0.133735 0.620629 0.000000
vt 0.122674 0.607763 0.000000
vt 0.681304 0.897222 0.000000
vt 0.675349 0.910019 0.000000
vt 0.666066 0.901364 0.000000
vt 0.674699 0.899349 0.000000
vt 0.733571 0.418224 0.000000
vt 0.712511 0.410050 0.000000
vt 0.716249 0.418707 0.000000
vt 0.698102 0.399393 0.000000
vt 0.125763 0.765849 0.000000
vt 0.137199 0.125459 0.000000
vt 0.145709 0.130828 0.000000
vt 0.143726 0.123927 0.000000
vt 0.361479 0.248067 0.000000
vt 0.347623 0.232267 0.000000
vt 0.352580 0.232438 0.000000
vt 0.359731 0.232178 0.000000
vt 0.286674 0.310343 0.000000
vt 0.703408 0.188487 0.000000
vt 0.274197 0.144629 0.000000
vt 0.170411 0.219946 0.000000
vt 0.174099 0.217146 0.000000
vt 0.700087 0.804956 0.000000
vt 0.621053 0.955087 0.000000
vt 0.447809 0.848704 0.000000
vt 0.453040 0.854398 0.000000
vt 0.405383 0.825339 0.000000
vt 0.433508 0.841978 0.000000
vt 0.429442 0.838740 0.000000
vt 0.450583 0.855767 0.000000
vt 0.446660 0.858538 0.000000
vt 0.042969 0.065970 0.000000
vt 0.034935 0.062944 0.000000
vt 0.336836 0.485920 0.000000
vt 0.315920 0.482950 0.000000
vt 0.227934 0.942790 0.000000
vt 0.234784 0.948220 0.000000
vt 0.226888 0.935346 0.000000
vt 0.848063 0.911239 0.000000
vt 0.848063 0.895865 0.000000
vt 0.256197 0.927535 0.000000
vt 0.832869 0.897056 0.000000
vt 0.839949 0.902666 0.000000
vt 0.557920 0.289859 0.000000
vt 0.575432 0.285769 0.000000
vt 0.562791 0.283678 0.000000
vt 0.763887 0.331493 0.000000
vt 0.249628 0.362397 0.000000
vt 0.261831 0.359054 0.000000
vt 0.256059 0.355788 0.000000
vt 0.266058 0.350240 0.000000
vt 0.809610 0.211525 0.000000
vt 0.448710 0.313936 0.000000
vt 0.287536 0.902230 0.000000
vt 0.277480 0.899115 0.000000
vt 0.327226 0.914523 0.000000
vt 0.322974 0.919146 0.000000
vt 0.326215 0.924397 0.000000
vt 0.187350 0.812630 0.000000
vt 0.951988 0.117010 0.000000
vt 0.422238 0.826566 0.000000
vt 0.066237 0.535765 0.000000
vt 0.082693 0.535701 0.000000
vt 0.058213 0.710074 0.000000
vt 0.066818 0.702367 0.000000
vt 0.066321 0.694115 0.000000
vt 0.063028 0.700361 0.000000
vt 0.253094 0.535852 0.000000
vt 0.258466 0.541614 0.000000
vt 0.260299 0.523482 0.000000
vt 0.581872 0.598443 0.000000
vt 0.566840 0.595258 0.000000
vt 0.577720 0.605538 0.000000
vt 0.370801 0.491973 0.000000
vt 0.382325 0.500594 0.000000
vt 0.379778 0.485039 0.000000
vt 0.655781 0.587922 0.000000
vt 0.220524 0.199200 0.000000
vt 0.217283 0.232659 0.000000
vt 0.203100 0.863632 0.000000
vt 0.880573 0.299624 0.000000
vt 0.880419 0.280924 0.000000
vt 0.795392 0.558863 0.000000
vt 0.510223 0.927609 0.000000
vt 0.507096 0.916101 0.000000
vt 0.126794 0.277659 0.000000
vt 0.113912 0.288366 0.000000
vt 0.566921 0.695671 0.000000
vt 0.539308 0.705011 0.000000
vt 0.546681 0.718666 0.000000
vt 0.573803 0.705439 0.000000
vt 0.736216 0.827804 0.000000
vt 0.748524 0.819919 0.000000
vt 0.578670 0.465092 0.000000
vt 0.530028 0.839127 0.000000
vt 0.675672 0.125651 0.000000
vt 0.911241 0.043455 0.000000
vt 0.891955 0.041070 0.000000
vt 0.897196 0.047250 0.000000
vt 0.027898 0.156749 0.000000
vt 0.216346 0.362060 0.000000
vt 0.219249 0.368993 0.000000
vt 0.053136 0.225415 0.000000
vt 0.833236 0.079337 0.000000
vt 0.830711 0.064189 0.000000
vt 0.741116 0.822767 0.000000
vt 0.171741 0.294618 0.000000
vt 0.183011 0.296582 0.000000
vt 0.179811 0.288855 0.000000
vt 0.301327 0.914523 0.000000
vt 0.317821 0.918684 0.000000
vt 0.053739 0.059918 0.000000
vt 0.059583 0.052518 0.000000
vt 0.707802 0.916636 0.000000
vt 0.720444 0.906028 0.000000
vt 0.056201 0.352305 0.000000
vt 0.848109 0.084453 0.000000
vt 0.852667 0.078859 0.000000
vt 0.837899 0.075826 0.000000
vt 0.860530 0.075506 0.000000
vt 0.859123 0.086865 0.000000
vt 0.866957 0.081771 0.000000
vt 0.072755 0.911615 0.000000
vt 0.066947 0.899854 0.000000
vt 0.041345 0.743566 0.000000
vt 0.872984 0.035155 0.000000
vt 0.881990 0.035437 0.000000
vt 0.843627 0.757708 0.000000
vt 0.836121 0.769355 0.000000
vt 0.847682 0.769479 0.000000
vt 0.049571 0.371946 0.000000
vt 0.089070 0.375736 0.000000
vt 0.078355 0.362474 0.000000
vt 0.660566 0.724607 0.000000
vt 0.644499 0.722803 0.000000
vt 0.807381 0.599263 0.000000
vt 0.798956 0.603134 0.000000
vt 0.830645 0.071545 0.000000
vt 0.852229 0.070846 0.000000
vt 0.842731 0.068521 0.000000
vt 0.923117 0.297067 0.000000
vt 0.786056 0.297183 0.000000
vt 0.795190 0.300281 0.000000
vt 0.857325 0.062021 0.000000
vt 0.853308 0.065392 0.000000
vt 0.720764 0.674751 0.000000
vt 0.703058 0.685485 0.000000
vt 0.511045 0.200815 0.000000
vt 0.507618 0.205057 0.000000
vt 0.521988 0.210369 0.000000
vt 0.135098 0.176184 0.000000
vt 0.473858 0.274560 0.000000
vt 0.408251 0.730288 0.000000
vt 0.549593 0.411639 0.000000
vt 0.555170 0.406617 0.000000
vt 0.549593 0.392827 0.000000
vt 0.554831 0.393449 0.000000
vt 0.908856 0.791597 0.000000
vt 0.908755 0.786353 0.000000
vt 0.277481 0.998331 0.000000
vt 0.280968 0.993193 0.000000
vt 0.274080 0.992797 0.000000
vt 0.047127 0.157206 0.000000
vt 0.054535 0.160433 0.000000
vt 0.658437 0.067209 0.000000
vt 0.664855 0.059087 0.000000
vt 0.663915 0.053624 0.000000
vt 0.656270 0.061321 0.000000
vt 0.858502 0.234191 0.000000
vt 0.859320 0.242166 0.000000
vt 0.864175 0.240611 0.000000
vt 0.555302 0.094151 0.000000
vt 0.554093 0.103735 0.000000
vt 0.557824 0.108913 0.000000
vt 0.565349 0.092351 0.000000
vt 0.559879 0.103467 0.000000
vt 0.452401 0.695420 0.000000
vt 0.438512 0.691660 0.000000
vt 0.432108 0.711028 0.000000
vt 0.761003 0.142583 0.000000
vt 0.733238 0.160650 0.000000
vt 0.773743 0.175574 0.000000
vt 0.582405 0.051015 0.000000
vt 0.583192 0.063090 0.000000
vt 0.583192 0.031112 0.000000
vt 0.781040 0.822825 0.000000
vt 0.798570 0.828647 0.000000
vt 0.798810 0.815767 0.000000
vt 0.244376 0.174625 0.000000
vt 0.229163 0.167300 0.000000
vt 0.119300 0.542509 0.000000
vt 0.117932 0.531459 0.000000
vt 0.123795 0.527936 0.000000
vt 0.118628 0.524043 0.000000
vt 0.266693 0.761631 0.000000
vt 0.227993 0.735009 0.000000
vt 0.259313 0.772378 0.000000
vt 0.606217 0.961665 0.000000
vt 0.615800 0.944141 0.000000
vt 0.611293 0.955522 0.000000
vt 0.189501 0.805897 0.000000
vt 0.187328 0.794691 0.000000
vt 0.181144 0.807225 0.000000
vt 0.436605 0.130129 0.000000
vt 0.439129 0.136930 0.000000
vt 0.450085 0.128358 0.000000
vt 0.419068 0.118635 0.000000
vt 0.847093 0.055097 0.000000
vt 0.856708 0.054390 0.000000
vt 0.851818 0.046276 0.000000
vt 0.187344 0.638131 0.000000
vt 0.153428 0.648663 0.000000
vt 0.690412 0.976154 0.000000
vt 0.494534 0.877447 0.000000
vt 0.576260 0.536209 0.000000
vt 0.558237 0.552350 0.000000
vt 0.567162 0.548672 0.000000
vt 0.192282 0.468268 0.000000
vt 0.206963 0.284611 0.000000
vt 0.214681 0.282768 0.000000
vt 0.212512 0.272022 0.000000
vt 0.218563 0.290250 0.000000
vt 0.490342 0.723809 0.000000
vt 0.488836 0.729696 0.000000
vt 0.499764 0.788951 0.000000
vt 0.504291 0.791939 0.000000
vt 0.502396 0.783357 0.000000
vt 0.399189 0.826916 0.000000
vt 0.236411 0.220254 0.000000
vt 0.229544 0.214347 0.000000
vt 0.507707 0.844168 0.000000
vt 0.512450 0.852990 0.000000
vt 0.522615 0.845851 0.000000
vt 0.511913 0.846712 0.000000
vt 0.630850 0.244325 0.000000
vt 0.042826 0.271473 0.000000
vt 0.341587 0.271609 0.000000
vt 0.335019 0.273122 0.000000
vt 0.340355 0.277884 0.000000
vt 0.344500 0.244091 0.000000
vt 0.798777 0.945190 0.000000
vt 0.909434 0.218764 0.000000
vt 0.923117 0.179776 0.000000
vt 0.173960 0.430823 0.000000
vt 0.179862 0.447741 0.000000
vt 0.111091 0.691979 0.000000
vt 0.111521 0.699712 0.000000
vt 0.923264 0.088880 0.000000
vt 0.929344 0.082245 0.000000
vt 0.922312 0.080617 0.000000
vt 0.936991 0.093925 0.000000
vt 0.459563 0.337051 0.000000
vt 0.443958 0.345316 0.000000
vt 0.208297 0.290268 0.000000
vt 0.616939 0.093208 0.000000
vt 0.609407 0.090367 0.000000
vt 0.597423 0.097335 0.000000
vt 0.508276 0.802317 0.000000
vt 0.195952 0.800364 0.000000
vt 0.686126 0.949265 0.000000
vt 0.680213 0.956197 0.000000
vt 0.677623 0.974748 0.000000
vt 0.744557 0.703600 0.000000
vt 0.518516 0.582194 0.000000
vt 0.655621 0.776755 0.000000
vt 0.642780 0.776001 0.000000
vt 0.609305 0.057794 0.000000
vt 0.603780 0.065506 0.000000
vt 0.605392 0.071089 0.000000
vt 0.176746 0.396947 0.000000
vt 0.740510 0.100262 0.000000
vt 0.728051 0.096845 0.000000
vt 0.093959 0.696577 0.000000
vt 0.095452 0.715066 0.000000
vt 0.487450 0.473808 0.000000
vt 0.516892 0.485972 0.000000
vt 0.503009 0.477823 0.000000
vt 0.688468 0.421013 0.000000
vt 0.690231 0.403767 0.000000
vt 0.668491 0.412068 0.000000
vt 0.677963 0.443783 0.000000
vt 0.693121 0.442832 0.000000
vt 0.426397 0.134657 0.000000
vt 0.258527 0.153639 0.000000
vt 0.702057 0.416519 0.000000
vt 0.704708 0.428973 0.000000
vt 0.812349 0.633056 0.000000
vt 0.810834 0.642457 0.000000
vt 0.648278 0.442470 0.000000
vt 0.644079 0.424914 0.000000
vt 0.618455 0.420791 0.000000
vt 0.621321 0.407617 0.000000
vt 0.062924 0.691079 0.000000
vt 0.064773 0.687998 0.000000
vt 0.072777 0.691952 0.000000
vt 0.814014 0.911615 0.000000
vt 0.644613 0.373839 0.000000
vt 0.624407 0.379960 0.000000
vt 0.626412 0.373260 0.000000
vt 0.183692 0.826037 0.000000
vt 0.188086 0.827198 0.000000
vt 0.181056 0.823896 0.000000
vt 0.168412 0.142774 0.000000
vt 0.153591 0.133392 0.000000
vt 0.645458 0.045519 0.000000
vt 0.296672 0.269281 0.000000
vt 0.706511 0.748443 0.000000
vt 0.712797 0.787498 0.000000
vt 0.709150 0.790926 0.000000
vt 0.706797 0.796108 0.000000
vt 0.700212 0.795675 0.000000
vt 0.872331 0.675022 0.000000
vt 0.430231 0.627645 0.000000
vt 0.394415 0.610550 0.000000
vt 0.124304 0.127501 0.000000
vt 0.124035 0.139551 0.000000
vt 0.135803 0.130630 0.000000
vt 0.128913 0.144497 0.000000
vt 0.133479 0.135147 0.000000
vt 0.376541 0.879541 0.000000
vt 0.400158 0.884643 0.000000
vt 0.365718 0.889077 0.000000
vt 0.667787 0.047759 0.000000
vt 0.616979 0.795973 0.000000
vt 0.632258 0.783446 0.000000
vt 0.617703 0.777120 0.000000
vt 0.747658 0.301081 0.000000
vt 0.670598 0.052405 0.000000
vt 0.667179 0.056685 0.000000
vt 0.250840 0.306992 0.000000
vt 0.522167 0.486394 0.000000
vt 0.520772 0.491044 0.000000
vt 0.762829 0.755594 0.000000
vt 0.762884 0.745882 0.000000
vt 0.755630 0.751105 0.000000
vt 0.748547 0.751334 0.000000
vt 0.845293 0.242228 0.000000
vt 0.382635 0.725705 0.000000
vt 0.363042 0.742802 0.000000
vt 0.371129 0.727733 0.000000
vt 0.003372 0.143827 0.000000
vt 0.012420 0.131982 0.000000
vt 0.001669 0.132166 0.000000
vt 0.017893 0.114985 0.000000
vt 0.312367 0.199611 0.000000
vt 0.314956 0.214633 0.000000
vt 0.328795 0.213726 0.000000
vt 0.316695 0.224718 0.000000
vt 0.235875 0.878612 0.000000
vt 0.522362 0.739615 0.000000
vt 0.532238 0.731309 0.000000
vt 0.540924 0.729929 0.000000
vt 0.286751 0.284022 0.000000
vt 0.289472 0.265088 0.000000
vt 0.278619 0.271455 0.000000
vt 0.918483 0.968774 0.000000
vt 0.925317 0.972196 0.000000
vt 0.738788 0.641841 0.000000
vt 0.753319 0.639831 0.000000
vt 0.748308 0.653220 0.000000
vt 0.738865 0.052917 0.000000
vt 0.730461 0.060366 0.000000
vt 0.283680 0.650433 0.000000
vt 0.060287 0.147583 0.000000
vt 0.062384 0.141134 0.000000
vt 0.930542 0.089210 0.000000
vt 0.912267 0.969100 0.000000
vt 0.900636 0.973092 0.000000
vt 0.894876 0.981718 0.000000
vt 0.738768 0.467314 0.000000
vt 0.721532 0.457980 0.000000
vt 0.717310 0.443879 0.000000
vt 0.475407 0.721003 0.000000
vt 0.468940 0.731674 0.000000
vt 0.739652 0.789091 0.000000
vt 0.040639 0.899043 0.000000
vt 0.041062 0.891929 0.000000
vt 0.605694 0.768955 0.000000
vt 0.618710 0.760219 0.000000
vt 0.235663 0.866426 0.000000
vt 0.234285 0.852417 0.000000
vt 0.240348 0.852069 0.000000
vt 0.236186 0.850644 0.000000
vt 0.232072 0.863107 0.000000
vt 0.238419 0.857526 0.000000
vt 0.085147 0.268013 0.000000
vt 0.892139 0.950905 0.000000
vt 0.880996 0.945268 0.000000
vt 0.872850 0.948193 0.000000
vt 0.885408 0.951778 0.000000
vt 0.885243 0.102449 0.000000
vt 0.514722 0.735674 0.000000
vt 0.509456 0.736516 0.000000
vt 0.687842 0.914590 0.000000
vt 0.826882 0.166424 0.000000
vt 0.202733 0.165064 0.000000
vt 0.222959 0.178199 0.000000
vt 0.835449 0.100146 0.000000
vt 0.832512 0.108881 0.000000
vt 0.849650 0.095867 0.000000
vt 0.848588 0.105713 0.000000
vt 0.852590 0.102564 0.000000
vt 0.405215 0.817668 0.000000
vt 0.718873 0.054965 0.000000
vt 0.701611 0.059953 0.000000
vt 0.019153 0.917100 0.000000
vt 0.152009 0.935979 0.000000
vt 0.213517 0.120498 0.000000
vt 0.201974 0.140687 0.000000
vt 0.205937 0.136174 0.000000
vt 0.009735 0.373249 0.000000
vt 0.063839 0.665460 0.000000
vt 0.064089 0.647375 0.000000
vt 0.068845 0.642140 0.000000
vt 0.001669 0.590126 0.000000
vt 0.011594 0.590126 0.000000
vt 0.010324 0.583053 0.000000
vt 0.619943 0.049013 0.000000
vt 0.610159 0.043901 0.000000
vt 0.901776 0.393240 0.000000
vt 0.892706 0.393240 0.000000
vt 0.898532 0.399020 0.000000
vt 0.479978 0.825223 0.000000
vt 0.469448 0.828639 0.000000
vt 0.468784 0.821113 0.000000
vt 0.473273 0.814873 0.000000
vt 0.463274 0.819463 0.000000
vt 0.478596 0.815396 0.000000
vt 0.053189 0.711983 0.000000
vt 0.685013 0.646053 0.000000
vt 0.677910 0.642720 0.000000
vt 0.399739 0.747822 0.000000
vt 0.204898 0.829271 0.000000
vt 0.193523 0.834447 0.000000
vt 0.201049 0.837719 0.000000
vt 0.209215 0.829637 0.000000
vt 0.207535 0.835077 0.000000
vt 0.613366 0.299874 0.000000
vt 0.790348 0.171188 0.000000
vt 0.147071 0.829096 0.000000
vt 0.133101 0.835402 0.000000
vt 0.141318 0.847981 0.000000
vt 0.132144 0.822553 0.000000
vt 0.794743 0.881021 0.000000
vt 0.788358 0.887737 0.000000
vt 0.627023 0.173287 0.000000
vt 0.619077 0.181152 0.000000
vt 0.173073 0.803214 0.000000
vt 0.159405 0.816749 0.000000
vt 0.153342 0.796043 0.000000
vt 0.152495 0.801203 0.000000
vt 0.160158 0.798925 0.000000
vt 0.108886 0.306992 0.000000
vt 0.813404 0.824313 0.000000
vt 0.634095 0.031948 0.000000
vt 0.893671 0.401845 0.000000
vt 0.888408 0.408992 0.000000
vt 0.571126 0.662073 0.000000
vt 0.566038 0.650926 0.000000
vt 0.558911 0.651759 0.000000
vt 0.562153 0.665882 0.000000
vt 0.549593 0.667444 0.000000
vt 0.500584 0.746151 0.000000
vt 0.227783 0.403000 0.000000
vt 0.225352 0.410832 0.000000
vt 0.570614 0.369437 0.000000
vt 0.566523 0.375537 0.000000
vt 0.561709 0.439603 0.000000
vt 0.172557 0.210716 0.000000
vt 0.816116 0.669697 0.000000
vt 0.831275 0.672503 0.000000
vt 0.839280 0.671851 0.000000
vt 0.715059 0.794953 0.000000
vt 0.723870 0.801266 0.000000
vt 0.448837 0.836833 0.000000
vt 0.453086 0.836429 0.000000
vt 0.601608 0.184278 0.000000
vt 0.723930 0.716253 0.000000
vt 0.731120 0.720502 0.000000
vt 0.402067 0.734542 0.000000
vt 0.163298 0.222349 0.000000
vt 0.155038 0.222914 0.000000
vt 0.169975 0.225971 0.000000
vt 0.206024 0.845948 0.000000
vt 0.167371 0.798163 0.000000
vt 0.176683 0.799530 0.000000
vt 0.817354 0.814890 0.000000
vt 0.803453 0.808095 0.000000
vt 0.810243 0.802190 0.000000
vt 0.795600 0.806575 0.000000
vt 0.858022 0.673639 0.000000
vt 0.866702 0.676524 0.000000
vt 0.863994 0.666194 0.000000
vt 0.861505 0.624622 0.000000
vt 0.867585 0.630688 0.000000
vt 0.481903 0.482088 0.000000
vt 0.252154 0.954906 0.000000
vt 0.242534 0.953706 0.000000
vt 0.157668 0.340302 0.000000
vt 0.202239 0.841231 0.000000
vt 0.414086 0.779328 0.000000
vt 0.434255 0.763985 0.000000
vt 0.429687 0.757693 0.000000
vt 0.130595 0.362973 0.000000
vt 0.169040 0.194378 0.000000
vt 0.178522 0.189833 0.000000
vt 0.173023 0.185323 0.000000
vt 0.478079 0.807082 0.000000
vt 0.468294 0.809931 0.000000
vt 0.530928 0.123321 0.000000
vt 0.527031 0.105751 0.000000
vt 0.423536 0.765396 0.000000
vt 0.538193 0.118179 0.000000
vt 0.426987 0.664562 0.000000
vt 0.418625 0.644594 0.000000
vt 0.456843 0.606928 0.000000
vt 0.197317 0.176127 0.000000
vt 0.198229 0.184542 0.000000
vt 0.160749 0.232603 0.000000
vt 0.510269 0.316861 0.000000
vt 0.677545 0.573369 0.000000
vt 0.795227 0.792754 0.000000
vt 0.786988 0.799255 0.000000
vt 0.788309 0.787937 0.000000
vt 0.424929 0.125176 0.000000
vt 0.440294 0.118384 0.000000
vt 0.414365 0.136803 0.000000
vt 0.196506 0.808249 0.000000
vt 0.203193 0.804962 0.000000
vt 0.843105 0.102372 0.000000
vt 0.844902 0.110650 0.000000
vt 0.858763 0.102058 0.000000
vt 0.116733 0.371490 0.000000
vt 0.105772 0.365407 0.000000
vt 0.762736 0.683378 0.000000
vt 0.725211 0.681836 0.000000
vt 0.633658 0.329189 0.000000
vt 0.619679 0.328385 0.000000
vt 0.511274 0.704524 0.000000
vt 0.526857 0.708605 0.000000
vt 0.529516 0.700129 0.000000
vt 0.506443 0.688379 0.000000
vt 0.189043 0.954751 0.000000
vt 0.194352 0.967913 0.000000
vt 0.219495 0.833050 0.000000
vt 0.224493 0.834382 0.000000
vt 0.221863 0.829320 0.000000
vt 0.122611 0.842142 0.000000
vt 0.115871 0.853132 0.000000
vt 0.137955 0.857400 0.000000
vt 0.129840 0.829331 0.000000
vt 0.124585 0.835957 0.000000
vt 0.065462 0.364329 0.000000
vt 0.078021 0.378557 0.000000
vt 0.587152 0.384713 0.000000
vt 0.575611 0.376239 0.000000
vt 0.585385 0.396146 0.000000
vt 0.811989 0.518744 0.000000
vt 0.816734 0.499354 0.000000
vt 0.817493 0.514219 0.000000
vt 0.053840 0.380869 0.000000
vt 0.062607 0.385814 0.000000
vt 0.078839 0.393414 0.000000
vt 0.424293 0.376975 0.000000
vt 0.408231 0.387499 0.000000
vt 0.491750 0.800322 0.000000
vt 0.497168 0.806493 0.000000
vt 0.492380 0.794653 0.000000
vt 0.391401 0.856365 0.000000
vt 0.269285 0.246035 0.000000
vt 0.835954 0.532416 0.000000
vt 0.834973 0.546037 0.000000
vt 0.282381 0.180867 0.000000
vt 0.265276 0.159264 0.000000
vt 0.271562 0.174820 0.000000
vt 0.436732 0.738836 0.000000
vt 0.878437 0.223045 0.000000
vt 0.507561 0.966512 0.000000
vt 0.360671 0.118083 0.000000
vt 0.361065 0.107239 0.000000
vt 0.356755 0.122746 0.000000
vt 0.886874 0.207948 0.000000
vt 0.874093 0.194003 0.000000
vt 0.453009 0.142446 0.000000
vt 0.530468 0.087304 0.000000
vt 0.531438 0.094087 0.000000
vt 0.445029 0.125914 0.000000
vt 0.133853 0.664414 0.000000
vt 0.142548 0.673041 0.000000
vt 0.138968 0.659831 0.000000
vt 0.743301 0.957606 0.000000
vt 0.722676 0.950657 0.000000
vt 0.735149 0.961632 0.000000
vt 0.442647 0.895996 0.000000
vt 0.440722 0.884167 0.000000
vt 0.434832 0.886188 0.000000
vt 0.843093 0.086957 0.000000
vt 0.113589 0.672345 0.000000
vt 0.607100 0.555901 0.000000
vt 0.624034 0.555287 0.000000
vt 0.422259 0.681695 0.000000
vt 0.367623 0.781537 0.000000
vt 0.339534 0.777741 0.000000
vt 0.328148 0.772665 0.000000
vt 0.395609 0.044578 0.000000
vt 0.410037 0.018551 0.000000
vt 0.397612 0.025419 0.000000
vt 0.273398 0.395338 0.000000
vt 0.761212 0.655621 0.000000
vt 0.766526 0.654617 0.000000
vt 0.374921 0.772594 0.000000
vt 0.345963 0.770503 0.000000
vt 0.135366 0.439673 0.000000
vt 0.400880 0.049221 0.000000
vt 0.706059 0.620403 0.000000
vt 0.577357 0.557517 0.000000
vt 0.603047 0.563136 0.000000
vt 0.032946 0.721962 0.000000
vt 0.037876 0.719551 0.000000
vt 0.270899 0.185256 0.000000
vt 0.392884 0.789935 0.000000
vt 0.394668 0.780989 0.000000
vt 0.386032 0.782299 0.000000
vt 0.746622 0.368160 0.000000
vt 0.729346 0.372394 0.000000
vt 0.747067 0.387925 0.000000
vt 0.712460 0.392169 0.000000
vt 0.040705 0.142626 0.000000
vt 0.600279 0.878745 0.000000
vt 0.853454 0.327883 0.000000
vt 0.846605 0.326741 0.000000
vt 0.010020 0.832272 0.000000
vt 0.001669 0.837856 0.000000
vt 0.012733 0.837856 0.000000
vt 0.628047 0.164091 0.000000
vt 0.387530 0.141846 0.000000
vt 0.379995 0.149693 0.000000
vt 0.382692 0.157091 0.000000
vt 0.377668 0.136506 0.000000
vt 0.903171 0.255212 0.000000
vt 0.894786 0.250313 0.000000
vt 0.870584 0.954834 0.000000
vt 0.090542 0.730791 0.000000
vt 0.197180 0.941700 0.000000
vt 0.206537 0.941684 0.000000
vt 0.682471 0.745504 0.000000
vt 0.673726 0.745952 0.000000
vt 0.665842 0.966540 0.000000
vt 0.785918 0.709682 0.000000
vt 0.477211 0.338373 0.000000
vt 0.470030 0.343005 0.000000
vt 0.101143 0.181338 0.000000
vt 0.105505 0.196661 0.000000
vt 0.446127 0.575296 0.000000
vt 0.190693 0.564426 0.000000
vt 0.175666 0.567758 0.000000
vt 0.207592 0.526969 0.000000
vt 0.608460 0.937898 0.000000
vt 0.597092 0.945698 0.000000
vt 0.512980 0.918715 0.000000
vt 0.512264 0.240665 0.000000
vt 0.526035 0.923755 0.000000
vt 0.159923 0.998331 0.000000
vt 0.151235 0.993453 0.000000
vt 0.145655 0.998331 0.000000
vt 0.863277 0.827078 0.000000
vt 0.877290 0.841041 0.000000
vt 0.891479 0.834384 0.000000
vt 0.795399 0.353572 0.000000
vt 0.586167 0.283569 0.000000
vt 0.097311 0.217643 0.000000
vt 0.106150 0.225464 0.000000
vt 0.088760 0.223078 0.000000
vt 0.203059 0.979324 0.000000
vt 0.216661 0.975522 0.000000
vt 0.848664 0.280988 0.000000
vt 0.687116 0.245593 0.000000
vt 0.725975 0.607045 0.000000
vt 0.739187 0.613094 0.000000
vt 0.292813 0.857662 0.000000
vt 0.309186 0.862747 0.000000
vt 0.375389 0.807029 0.000000
vt 0.694146 0.806067 0.000000
vt 0.692985 0.813638 0.000000
vt 0.701636 0.818357 0.000000
vt 0.702445 0.828779 0.000000
vt 0.710205 0.820968 0.000000
vt 0.718565 0.830760 0.000000
vt 0.178724 0.861700 0.000000
vt 0.181554 0.871143 0.000000
vt 0.184370 0.867261 0.000000
vt 0.386728 0.937694 0.000000
vt 0.388280 0.945025 0.000000
vt 0.394894 0.943168 0.000000
vt 0.881206 0.249931 0.000000
vt 0.886707 0.250256 0.000000
vt 0.494615 0.661988 0.000000
vt 0.707198 0.950875 0.000000
vt 0.672484 0.161107 0.000000
vt 0.677777 0.152680 0.000000
vt 0.448108 0.067862 0.000000
vt 0.606965 0.906311 0.000000
vt 0.597062 0.908100 0.000000
vt 0.603235 0.913591 0.000000
vt 0.516628 0.651736 0.000000
vt 0.427760 0.885806 0.000000
vt 0.827214 0.229384 0.000000
vt 0.831736 0.233791 0.000000
vt 0.121829 0.234865 0.000000
vt 0.122247 0.242674 0.000000
vt 0.117692 0.225289 0.000000
vt 0.405414 0.015712 0.000000
vt 0.125573 0.478931 0.000000
vt 0.131621 0.459990 0.000000
vt 0.596042 0.655640 0.000000
vt 0.112975 0.220288 0.000000
vt 0.250592 0.322833 0.000000
vt 0.029077 0.289859 0.000000
vt 0.371222 0.261181 0.000000
vt 0.027379 0.708667 0.000000
vt 0.381316 0.813719 0.000000
vt 0.881656 0.252385 0.000000
vt 0.397481 0.137777 0.000000
vt 0.370229 0.941786 0.000000
vt 0.375231 0.935811 0.000000
vt 0.369358 0.933332 0.000000
vt 0.836432 0.825835 0.000000
vt 0.854361 0.831140 0.000000
vt 0.764155 0.737967 0.000000
vt 0.755079 0.744706 0.000000
vt 0.120667 0.199753 0.000000
vt 0.202949 0.857661 0.000000
vt 0.541222 0.990799 0.000000
vt 0.544903 0.984280 0.000000
vt 0.532961 0.982313 0.000000
vt 0.544252 0.998331 0.000000
vt 0.546497 0.989167 0.000000
vt 0.485054 0.771203 0.000000
vt 0.477373 0.775713 0.000000
vt 0.491006 0.774357 0.000000
vt 0.345611 0.692230 0.000000
vt 0.302913 0.714271 0.000000
vt 0.209942 0.343899 0.000000
vt 0.218988 0.351656 0.000000
vt 0.410265 0.549519 0.000000
vt 0.393760 0.525736 0.000000
vt 0.421755 0.539456 0.000000
vt 0.407191 0.523670 0.000000
vt 0.267597 0.105314 0.000000
vt 0.248581 0.250338 0.000000
vt 0.248831 0.239205 0.000000
vt 0.751402 0.573187 0.000000
vt 0.077713 0.229668 0.000000
vt 0.082674 0.230676 0.000000
vt 0.020075 0.541561 0.000000
vt 0.028624 0.519881 0.000000
vt 0.022560 0.533326 0.000000
vt 0.430050 0.829362 0.000000
vt 0.421721 0.803345 0.000000
vt 0.403313 0.803853 0.000000
vt 0.535856 0.097740 0.000000
vt 0.803802 0.192580 0.000000
vt 0.881561 0.372360 0.000000
vt 0.872597 0.381467 0.000000
vt 0.871053 0.395158 0.000000
vt 0.195096 0.449160 0.000000
vt 0.670069 0.468097 0.000000
vt 0.661591 0.462941 0.000000
vt 0.051349 0.141517 0.000000
vt 0.458279 0.061000 0.000000
vt 0.162441 0.741965 0.000000
vt 0.466715 0.065946 0.000000
vt 0.111821 0.843130 0.000000
vt 0.657425 0.942718 0.000000
vt 0.647184 0.083985 0.000000
vt 0.656946 0.098789 0.000000
vt 0.829926 0.295683 0.000000
vt 0.824811 0.285942 0.000000
vt 0.822488 0.308156 0.000000
vt 0.834079 0.280876 0.000000
vt 0.337857 0.843689 0.000000
vt 0.337722 0.859557 0.000000
vt 0.456975 0.442318 0.000000
vt 0.457449 0.447130 0.000000
vt 0.454925 0.458071 0.000000
vt 0.242157 0.891895 0.000000
vt 0.252470 0.896089 0.000000
vt 0.313141 0.413982 0.000000
vt 0.311943 0.402425 0.000000
vt 0.304820 0.400458 0.000000
vt 0.166672 0.265920 0.000000
vt 0.156502 0.267747 0.000000
vt 0.162461 0.272652 0.000000
vt 0.734542 0.714062 0.000000
vt 0.727229 0.712373 0.000000
vt 0.386057 0.435180 0.000000
vt 0.260718 0.268752 0.000000
vt 0.254667 0.257627 0.000000
vt 0.867009 0.614294 0.000000
vt 0.121149 0.289859 0.000000
vt 0.835973 0.618685 0.000000
vt 0.840752 0.614893 0.000000
vt 0.833756 0.782551 0.000000
vt 0.825771 0.653152 0.000000
vt 0.065162 0.608150 0.000000
vt 0.081030 0.603567 0.000000
vt 0.413609 0.398105 0.000000
vt 0.445937 0.462438 0.000000
vt 0.454044 0.466017 0.000000
vt 0.593266 0.187357 0.000000
vt 0.593788 0.177141 0.000000
vt 0.588349 0.183619 0.000000
vt 0.743696 0.475854 0.000000
vt 0.725714 0.464311 0.000000
vt 0.707992 0.472074 0.000000
vt 0.700622 0.483825 0.000000
vt 0.712244 0.480618 0.000000
vt 0.810278 0.137228 0.000000
vt 0.801174 0.137732 0.000000
vt 0.796246 0.145682 0.000000
vt 0.725416 0.901402 0.000000
vt 0.716280 0.475287 0.000000
vt 0.707495 0.456433 0.000000
vt 0.443628 0.065133 0.000000
vt 0.238015 0.805308 0.000000
vt 0.241256 0.821208 0.000000
vt 0.575503 0.685485 0.000000
vt 0.589626 0.683820 0.000000
vt 0.589192 0.676477 0.000000
vt 0.580899 0.671468 0.000000
vt 0.222824 0.148236 0.000000
vt 0.233915 0.137889 0.000000
vt 0.722755 0.289678 0.000000
vt 0.725902 0.275077 0.000000
vt 0.770418 0.811081 0.000000
vt 0.768762 0.818371 0.000000
vt 0.774825 0.828162 0.000000
vt 0.694152 0.414708 0.000000
vt 0.411971 0.796302 0.000000
vt 0.410300 0.803296 0.000000
vt 0.415166 0.802102 0.000000
vt 0.395329 0.811300 0.000000
vt 0.412897 0.809085 0.000000
vt 0.343079 0.914364 0.000000
vt 0.337241 0.923317 0.000000
vt 0.348539 0.923317 0.000000
vt 0.679082 0.668910 0.000000
vt 0.528163 0.213371 0.000000
vt 0.522754 0.216089 0.000000
vt 0.395383 0.331227 0.000000
vt 0.395344 0.338993 0.000000
vt 0.401221 0.345240 0.000000
vt 0.687456 0.533464 0.000000
vt 0.133332 0.105314 0.000000
vt 0.222935 0.447372 0.000000
vt 0.023951 0.497208 0.000000
vt 0.389533 0.333660 0.000000
vt 0.387921 0.342209 0.000000
vt 0.483633 0.806428 0.000000
vt 0.817422 0.925312 0.000000
vt 0.175051 0.282667 0.000000
vt 0.166372 0.289361 0.000000
vt 0.790605 0.653611 0.000000
vt 0.787495 0.636670 0.000000
vt 0.672125 0.520227 0.000000
vt 0.670972 0.529987 0.000000
vt 0.355310 0.837807 0.000000
vt 0.905287 0.099173 0.000000
vt 0.917244 0.090588 0.000000
vt 0.779878 0.774312 0.000000
vt 0.787694 0.779121 0.000000
vt 0.766411 0.765737 0.000000
vt 0.777055 0.764568 0.000000
vt 0.035278 0.895443 0.000000
vt 0.231503 0.116145 0.000000
vt 0.226102 0.105314 0.000000
vt 0.221979 0.117115 0.000000
vt 0.608700 0.795437 0.000000
vt 0.676472 0.363675 0.000000
vt 0.700018 0.378941 0.000000
vt 0.706899 0.384890 0.000000
vt 0.162405 0.852352 0.000000
vt 0.162807 0.842434 0.000000
vt 0.022453 0.255238 0.000000
vt 0.943698 0.110933 0.000000
vt 0.935854 0.112113 0.000000
vt 0.604539 0.216985 0.000000
vt 0.604732 0.216189 0.000000
vt 0.604265 0.214632 0.000000
vt 0.181387 0.828481 0.000000
vt 0.879855 0.234792 0.000000
vt 0.874722 0.239843 0.000000
vt 0.880548 0.240401 0.000000
vt 0.885315 0.241265 0.000000
vt 0.466851 0.681190 0.000000
vt 0.452884 0.677713 0.000000
vt 0.691118 0.741337 0.000000
vt 0.553630 0.814521 0.000000
vt 0.557271 0.804819 0.000000
vt 0.950660 0.109535 0.000000
vt 0.956149 0.103849 0.000000
vt 0.330103 0.571864 0.000000
vt 0.341044 0.563178 0.000000
vt 0.321296 0.566878 0.000000
vt 0.020853 0.710999 0.000000
vt 0.013063 0.706722 0.000000
vt 0.012532 0.717131 0.000000
vt 0.136164 0.605464 0.000000
vt 0.720014 0.899251 0.000000
vt 0.709004 0.895226 0.000000
vt 0.221848 0.926813 0.000000
vt 0.229043 0.917530 0.000000
vt 0.942841 0.097562 0.000000
vt 0.942768 0.103758 0.000000
vt 0.280968 0.987571 0.000000
vt 0.227926 0.901556 0.000000
vt 0.221043 0.913551 0.000000
vt 0.217473 0.920837 0.000000
vt 0.539764 0.131922 0.000000
vt 0.372035 0.231411 0.000000
vt 0.017535 0.830825 0.000000
vt 0.380762 0.944884 0.000000
vt 0.380123 0.934361 0.000000
vt 0.775218 0.517866 0.000000
vt 0.711645 0.760410 0.000000
vt 0.707329 0.758249 0.000000
vt 0.721828 0.766598 0.000000
vt 0.120096 0.792639 0.000000
vt 0.111782 0.792686 0.000000
vt 0.146287 0.785151 0.000000
vt 0.082249 0.742748 0.000000
vt 0.082562 0.756534 0.000000
vt 0.697640 0.451387 0.000000
vt 0.874526 0.244545 0.000000
vt 0.221767 0.874758 0.000000
vt 0.574312 0.587584 0.000000
vt 0.560072 0.559957 0.000000
vt 0.774779 0.929741 0.000000
vt 0.765907 0.935855 0.000000
vt 0.022687 0.862593 0.000000
vt 0.017738 0.847871 0.000000
vt 0.010499 0.856140 0.000000
vt 0.361024 0.179393 0.000000
vt 0.355470 0.196521 0.000000
vt 0.360911 0.199133 0.000000
vt 0.858185 0.332000 0.000000
vt 0.849965 0.362177 0.000000
vt 0.524618 0.724401 0.000000
vt 0.515508 0.715363 0.000000
vt 0.503584 0.717287 0.000000
vt 0.718924 0.787642 0.000000
vt 0.725400 0.777923 0.000000
vt 0.725041 0.773239 0.000000
vt 0.630022 0.673927 0.000000
vt 0.637858 0.666438 0.000000
vt 0.784483 0.534155 0.000000
vt 0.455073 0.789038 0.000000
vt 0.442123 0.789522 0.000000
vt 0.484206 0.192792 0.000000
vt 0.825838 0.604699 0.000000
vt 0.191408 0.222303 0.000000
vt 0.197610 0.221665 0.000000
vt 0.731723 0.775928 0.000000
vt 0.008625 0.111562 0.000000
vt 0.016484 0.102842 0.000000
vt 0.373426 0.523609 0.000000
vt 0.392037 0.516166 0.000000
vt 0.294163 0.256313 0.000000
vt 0.747119 0.989651 0.000000
vt 0.740244 0.981457 0.000000
vt 0.463318 0.867482 0.000000
vt 0.470747 0.858776 0.000000
vt 0.812473 0.131207 0.000000
vt 0.071228 0.513720 0.000000
vt 0.063656 0.507223 0.000000
vt 0.129647 0.794394 0.000000
vt 0.120551 0.814679 0.000000
vt 0.033589 0.116921 0.000000
vt 0.799836 0.658801 0.000000
vt 0.030824 0.796268 0.000000
vt 0.680893 0.449854 0.000000
vt 0.697707 0.469675 0.000000
vt 0.568399 0.556117 0.000000
vt 0.575365 0.563896 0.000000
vt 0.449616 0.859329 0.000000
vt 0.730396 0.819638 0.000000
vt 0.739521 0.819006 0.000000
vt 0.035006 0.786975 0.000000
vt 0.625225 0.432201 0.000000
vt 0.623301 0.441645 0.000000
vt 0.652177 0.222101 0.000000
vt 0.845514 0.984022 0.000000
vt 0.899985 0.705886 0.000000
vt 0.888937 0.697160 0.000000
vt 0.925063 0.431782 0.000000
vt 0.907387 0.430280 0.000000
vt 0.145235 0.139834 0.000000
vt 0.155197 0.139415 0.000000
vt 0.649364 0.475964 0.000000
vt 0.686522 0.836370 0.000000
vt 0.679929 0.839848 0.000000
vt 0.682760 0.844641 0.000000
vt 0.042910 0.693474 0.000000
vt 0.378452 0.077156 0.000000
vt 0.360729 0.491045 0.000000
vt 0.351231 0.482643 0.000000
vt 0.693206 0.712346 0.000000
vt 0.689055 0.720502 0.000000
vt 0.344593 0.167305 0.000000
vt 0.342508 0.175232 0.000000
vt 0.016688 0.408661 0.000000
vt 0.011097 0.404377 0.000000
vt 0.005525 0.413982 0.000000
vt 0.583118 0.623179 0.000000
vt 0.573335 0.616770 0.000000
vt 0.721972 0.792582 0.000000
vt 0.516853 0.788867 0.000000
vt 0.515108 0.799744 0.000000
vt 0.503746 0.799568 0.000000
vt 0.618501 0.546772 0.000000
vt 0.312819 0.274919 0.000000
vt 0.316803 0.281224 0.000000
vt 0.319080 0.272389 0.000000
vt 0.643411 0.088843 0.000000
vt 0.394689 0.425165 0.000000
vt 0.393653 0.410498 0.000000
vt 0.389108 0.408202 0.000000
vt 0.417119 0.451071 0.000000
vt 0.163611 0.163646 0.000000
vt 0.173908 0.162214 0.000000
vt 0.173231 0.172001 0.000000
vt 0.896530 0.780168 0.000000
vt 0.896232 0.789453 0.000000
vt 0.890104 0.778376 0.000000
vt 0.730213 0.925436 0.000000
vt 0.729775 0.944452 0.000000
vt 0.750547 0.886921 0.000000
vt 0.739491 0.877601 0.000000
vt 0.054879 0.514342 0.000000
vt 0.715668 0.945820 0.000000
vt 0.119677 0.937481 0.000000
vt 0.800844 0.777764 0.000000
vt 0.797468 0.611709 0.000000
vt 0.204030 0.223831 0.000000
vt 0.207220 0.226396 0.000000
vt 0.428252 0.863928 0.000000
vt 0.420095 0.855897 0.000000
vt 0.060380 0.241112 0.000000
vt 0.891301 0.210775 0.000000
vt 0.882225 0.229979 0.000000
vt 0.013936 0.596373 0.000000
vt 0.025896 0.584873 0.000000
vt 0.767019 0.508369 0.000000
vt 0.755091 0.526127 0.000000
vt 0.198765 0.882036 0.000000
vt 0.195490 0.886976 0.000000
vt 0.740244 0.991693 0.000000
vt 0.849110 0.395198 0.000000
vt 0.417687 0.133504 0.000000
vt 0.515985 0.911531 0.000000
vt 0.860908 0.446908 0.000000
vt 0.787146 0.872800 0.000000
vt 0.785730 0.867765 0.000000
vt 0.839877 0.388373 0.000000
vt 0.846669 0.389626 0.000000
vt 0.846462 0.374145 0.000000
vt 0.070554 0.682205 0.000000
vt 0.929511 0.989177 0.000000
vt 0.929028 0.998331 0.000000
vt 0.948684 0.989158 0.000000
vt 0.215129 0.322251 0.000000
vt 0.885142 0.726842 0.000000
vt 0.881845 0.775467 0.000000
vt 0.024744 0.601946 0.000000
vt 0.025490 0.593497 0.000000
vt 0.017755 0.592577 0.000000
vt 0.154432 0.367948 0.000000
vt 0.157667 0.361132 0.000000
vt 0.169211 0.352672 0.000000
vt 0.780935 0.446786 0.000000
vt 0.098123 0.692791 0.000000
vt 0.091107 0.680663 0.000000
vt 0.106248 0.675754 0.000000
vt 0.104329 0.688464 0.000000
vt 0.612315 0.432657 0.000000
vt 0.664599 0.695670 0.000000
vt 0.655603 0.700100 0.000000
vt 0.583734 0.468300 0.000000
vt 0.681151 0.012904 0.000000
vt 0.653644 0.709402 0.000000
vt 0.022092 0.275119 0.000000
vt 0.026734 0.269104 0.000000
vt 0.850574 0.184623 0.000000
vt 0.852249 0.206480 0.000000
vt 0.858160 0.206954 0.000000
vt 0.863119 0.195199 0.000000
vt 0.936223 0.948669 0.000000
vt 0.809316 0.676904 0.000000
vt 0.821684 0.680006 0.000000
vt 0.808004 0.685485 0.000000
vt 0.751256 0.602888 0.000000
vt 0.201197 0.533007 0.000000
vt 0.185452 0.546192 0.000000
vt 0.196215 0.829531 0.000000
vt 0.445946 0.518407 0.000000
vt 0.445935 0.510998 0.000000
vt 0.435007 0.510882 0.000000
vt 0.145597 0.413982 0.000000
vt 0.629611 0.046771 0.000000
vt 0.506833 0.145651 0.000000
vt 0.520873 0.130336 0.000000
vt 0.500542 0.131644 0.000000
vt 0.188366 0.833662 0.000000
vt 0.131296 0.196456 0.000000
vt 0.560306 0.236646 0.000000
vt 0.548961 0.231600 0.000000
vt 0.555336 0.112721 0.000000
vt 0.146393 0.331711 0.000000
vt 0.155330 0.330719 0.000000
vt 0.121737 0.250418 0.000000
vt 0.089834 0.979679 0.000000
vt 0.107087 0.969831 0.000000
vt 0.496115 0.055617 0.000000
vt 0.754943 0.299874 0.000000
vt 0.093258 0.986500 0.000000
vt 0.129835 0.332863 0.000000
vt 0.683160 0.208800 0.000000
vt 0.676222 0.206356 0.000000
vt 0.665145 0.210392 0.000000
vt 0.689763 0.205920 0.000000
vt 0.679379 0.199633 0.000000
vt 0.824234 0.404500 0.000000
vt 0.839035 0.404500 0.000000
vt 0.836664 0.399536 0.000000
vt 0.390703 0.266646 0.000000
vt 0.388125 0.272887 0.000000
vt 0.747171 0.812089 0.000000
vt 0.560763 0.397195 0.000000
vt 0.572667 0.387177 0.000000
vt 0.793517 0.193035 0.000000
vt 0.694561 0.823736 0.000000
vt 0.690578 0.825140 0.000000
vt 0.839279 0.742143 0.000000
vt 0.839727 0.733501 0.000000
vt 0.233956 0.180665 0.000000
vt 0.233294 0.173908 0.000000
vt 0.873346 0.658861 0.000000
vt 0.875637 0.655137 0.000000
vt 0.760432 0.366325 0.000000
vt 0.783526 0.382790 0.000000
vt 0.795945 0.399400 0.000000
vt 0.790692 0.381777 0.000000
vt 0.305323 0.143500 0.000000
vt 0.305949 0.172172 0.000000
vt 0.761321 0.491682 0.000000
vt 0.859641 0.641393 0.000000
vt 0.846039 0.337350 0.000000
vt 0.593223 0.103842 0.000000
vt 0.691979 0.212346 0.000000
vt 0.337055 0.240049 0.000000
vt 0.809190 0.777051 0.000000
vt 0.606717 0.514319 0.000000
vt 0.463118 0.429314 0.000000
vt 0.787117 0.931583 0.000000
vt 0.779851 0.924752 0.000000
vt 0.867063 0.090581 0.000000
vt 0.876194 0.083153 0.000000
vt 0.502291 0.465055 0.000000
vt 0.518036 0.462052 0.000000
vt 0.243801 0.522842 0.000000
vt 0.245148 0.537391 0.000000
vt 0.266443 0.506589 0.000000
vt 0.598535 0.888822 0.000000
vt 0.168694 0.623439 0.000000
vt 0.492701 0.631599 0.000000
vt 0.482549 0.630962 0.000000
vt 0.487249 0.639031 0.000000
vt 0.483261 0.645003 0.000000
vt 0.468055 0.662089 0.000000
vt 0.522416 0.140045 0.000000
vt 0.549433 0.144246 0.000000
vt 0.703788 0.230889 0.000000
vt 0.690837 0.230580 0.000000
vt 0.688251 0.236060 0.000000
vt 0.680892 0.232132 0.000000
vt 0.696351 0.237139 0.000000
vt 0.414754 0.864942 0.000000
vt 0.423254 0.865080 0.000000
vt 0.787750 0.507040 0.000000
vt 0.435738 0.122751 0.000000
vt 0.804962 0.580123 0.000000
vt 0.808371 0.574625 0.000000
vt 0.201804 0.462669 0.000000
vt 0.477653 0.636092 0.000000
vt 0.472895 0.642440 0.000000
vt 0.459961 0.632669 0.000000
vt 0.415363 0.763899 0.000000
vt 0.237481 0.870125 0.000000
vt 0.229064 0.883485 0.000000
vt 0.394616 0.966512 0.000000
vt 0.365816 0.406986 0.000000
vt 0.368989 0.402582 0.000000
vt 0.524422 0.715672 0.000000
vt 0.533420 0.715774 0.000000
vt 0.532969 0.726116 0.000000
vt 0.646590 0.956554 0.000000
vt 0.657293 0.951625 0.000000
vt 0.419156 0.872526 0.000000
vt 0.410670 0.882924 0.000000
vt 0.532784 0.141370 0.000000
vt 0.526673 0.135905 0.000000
vt 0.532841 0.936666 0.000000
vt 0.616272 0.558574 0.000000
vt 0.602149 0.555771 0.000000
vt 0.094988 0.702966 0.000000
vt 0.094642 0.720540 0.000000
vt 0.791555 0.828759 0.000000
vt 0.220936 0.777265 0.000000
vt 0.554975 0.766006 0.000000
vt 0.533139 0.788985 0.000000
vt 0.424143 0.881244 0.000000
vt 0.432745 0.881214 0.000000
vt 0.097068 0.479748 0.000000
vt 0.746207 0.011218 0.000000
vt 0.737604 0.009586 0.000000
vt 0.771637 0.486750 0.000000
vt 0.254082 0.364677 0.000000
vt 0.793737 0.682731 0.000000
vt 0.280810 0.387841 0.000000
vt 0.278105 0.381261 0.000000
vt 0.488804 0.917836 0.000000
vt 0.650117 0.901927 0.000000
vt 0.650609 0.909241 0.000000
vt 0.658957 0.901265 0.000000
vt 0.194266 0.827834 0.000000
vt 0.907906 0.548129 0.000000
vt 0.913658 0.546355 0.000000
vt 0.912141 0.541014 0.000000
vt 0.044836 0.276769 0.000000
vt 0.866582 0.074317 0.000000
vt 0.884456 0.043083 0.000000
vt 0.226984 0.232231 0.000000
vt 0.220773 0.226943 0.000000
vt 0.436811 0.847400 0.000000
vt 0.517276 0.824616 0.000000
vt 0.721430 0.685485 0.000000
vt 0.904818 0.117010 0.000000
vt 0.447794 0.308564 0.000000
vt 0.678491 0.939470 0.000000
vt 0.673849 0.944903 0.000000
vt 0.638769 0.953828 0.000000
vt 0.631434 0.946029 0.000000
vt 0.503537 0.110245 0.000000
vt 0.501379 0.079565 0.000000
vt 0.459620 0.812230 0.000000
vt 0.467551 0.814820 0.000000
vt 0.090411 0.264777 0.000000
vt 0.111645 0.256723 0.000000
vt 0.101465 0.257458 0.000000
vt 0.453936 0.813919 0.000000
vt 0.669750 0.018410 0.000000
vt 0.660552 0.024374 0.000000
vt 0.656778 0.028741 0.000000
vt 0.086008 0.262234 0.000000
vt 0.091935 0.260442 0.000000
vt 0.199226 0.488368 0.000000
vt 0.693194 0.774604 0.000000
vt 0.448528 0.093681 0.000000
vt 0.648955 0.941330 0.000000
vt 0.650681 0.933643 0.000000
vt 0.646609 0.931000 0.000000
vt 0.112671 0.197434 0.000000
vt 0.781577 0.375449 0.000000
vt 0.087225 0.634564 0.000000
vt 0.057080 0.279943 0.000000
vt 0.465748 0.645292 0.000000
vt 0.745742 0.103746 0.000000
vt 0.753128 0.101780 0.000000
vt 0.670224 0.192843 0.000000
vt 0.252007 0.344342 0.000000
vt 0.403568 0.456290 0.000000
vt 0.439449 0.808894 0.000000
vt 0.079487 0.648607 0.000000
vt 0.435893 0.820701 0.000000
vt 0.236512 0.186876 0.000000
vt 0.463662 0.341520 0.000000
vt 0.203396 0.212368 0.000000
vt 0.032835 0.692421 0.000000
vt 0.156041 0.988088 0.000000
vt 0.172453 0.324407 0.000000
vt 0.068456 0.379848 0.000000
vt 0.079082 0.384700 0.000000
vt 0.101895 0.391968 0.000000
vt 0.662163 0.450025 0.000000
vt 0.033147 0.514689 0.000000
vt 0.194819 0.814725 0.000000
vt 0.826128 0.061343 0.000000
vt 0.495620 0.533582 0.000000
vt 0.516097 0.535788 0.000000
vt 0.525306 0.548438 0.000000
vt 0.011113 0.628682 0.000000
vt 0.405938 0.350472 0.000000
vt 0.391259 0.350472 0.000000
vt 0.402352 0.325117 0.000000
vt 0.405512 0.339217 0.000000
vt 0.515481 0.356336 0.000000
vt 0.289309 0.487534 0.000000
vt 0.297093 0.481312 0.000000
vt 0.662080 0.187632 0.000000
vt 0.677166 0.194845 0.000000
vt 0.062298 0.348076 0.000000
vt 0.856271 0.096924 0.000000
vt 0.227208 0.387982 0.000000
vt 0.223729 0.383064 0.000000
vt 0.231143 0.105314 0.000000
vt 0.125561 0.711733 0.000000
vt 0.119556 0.721814 0.000000
vt 0.437775 0.800017 0.000000
vt 0.435084 0.810820 0.000000
vt 0.226615 0.907858 0.000000
vt 0.171707 0.155550 0.000000
vt 0.417738 0.214864 0.000000
vt 0.504986 0.601527 0.000000
vt 0.499677 0.605221 0.000000
vt 0.494169 0.823074 0.000000
vt 0.511410 0.818993 0.000000
vt 0.605098 0.695972 0.000000
vt 0.177214 0.981755 0.000000
vt 0.811741 0.417298 0.000000
vt 0.800979 0.412022 0.000000
vt 0.862948 0.859847 0.000000
vt 0.519306 0.689710 0.000000
vt 0.523319 0.697074 0.000000
vt 0.774841 0.887561 0.000000
vt 0.528842 0.690584 0.000000
vt 0.613013 0.887244 0.000000
vt 0.001669 0.349256 0.000000
vt 0.766224 0.927047 0.000000
vt 0.753589 0.932032 0.000000
vt 0.759371 0.937996 0.000000
vt 0.750378 0.938644 0.000000
vt 0.499862 0.488473 0.000000
vt 0.489098 0.484848 0.000000
vt 0.130458 0.189413 0.000000
vt 0.101135 0.650681 0.000000
vt 0.118953 0.649459 0.000000
vt 0.120229 0.637424 0.000000
vt 0.232798 0.788539 0.000000
vt 0.233718 0.796174 0.000000
vt 0.746152 0.621257 0.000000
vt 0.457168 0.432922 0.000000
vt 0.552507 0.468160 0.000000
vt 0.317101 0.390948 0.000000
vt 0.327410 0.385164 0.000000
vt 0.338506 0.375145 0.000000
vt 0.343608 0.378819 0.000000
vt 0.346864 0.373338 0.000000
vt 0.201139 0.666929 0.000000
vt 0.145208 0.163887 0.000000
vt 0.007500 0.686497 0.000000
vt 0.743139 0.528742 0.000000
vt 0.188246 0.823476 0.000000
vt 0.468386 0.396967 0.000000
vt 0.311165 0.841873 0.000000
vt 0.310353 0.832234 0.000000
vt 0.526787 0.491125 0.000000
vt 0.583208 0.124761 0.000000
vt 0.576076 0.130639 0.000000
vt 0.886213 0.664481 0.000000
vt 0.894404 0.757015 0.000000
vt 0.846076 0.213740 0.000000
vt 0.617509 0.745960 0.000000
vt 0.602502 0.740598 0.000000
vt 0.430203 0.811144 0.000000
vt 0.683250 0.464668 0.000000
vt 0.468134 0.410507 0.000000
vt 0.464435 0.416245 0.000000
vt 0.472310 0.426304 0.000000
vt 0.961446 0.045135 0.000000
vt 0.363744 0.456290 0.000000
vt 0.438057 0.209303 0.000000
vt 0.235362 0.855421 0.000000
vt 0.230325 0.858339 0.000000
vt 0.232188 0.849632 0.000000
vt 0.199170 0.862766 0.000000
vt 0.195650 0.866871 0.000000
vt 0.364655 0.806014 0.000000
vt 0.346982 0.801579 0.000000
vt 0.072922 0.233511 0.000000
vt 0.634764 0.159550 0.000000
vt 0.747591 0.579563 0.000000
vt 0.039511 0.082155 0.000000
vt 0.028775 0.066816 0.000000
vt 0.023503 0.076313 0.000000
vt 0.027800 0.077380 0.000000
vt 0.035390 0.078426 0.000000
vt 0.715098 0.424973 0.000000
vt 0.226108 0.857446 0.000000
vt 0.223398 0.864627 0.000000
vt 0.228146 0.864596 0.000000
vt 0.001669 0.548355 0.000000
vt 0.010767 0.535011 0.000000
vt 0.013685 0.547568 0.000000
vt 0.614051 0.315544 0.000000
vt 0.611296 0.307627 0.000000
vt 0.493007 0.467125 0.000000
vt 0.796411 0.630832 0.000000
vt 0.174667 0.817489 0.000000
vt 0.725828 0.477925 0.000000
vt 0.068378 0.387132 0.000000
vt 0.066804 0.391863 0.000000
vt 0.212207 0.926392 0.000000
vt 0.599507 0.695782 0.000000
vt 0.598296 0.705901 0.000000
vt 0.485511 0.905978 0.000000
vt 0.409193 0.012001 0.000000
vt 0.269311 0.490949 0.000000
vt 0.091065 0.761256 0.000000
vt 0.701530 0.391118 0.000000
vt 0.688618 0.357535 0.000000
vt 0.673016 0.368750 0.000000
vt 0.694264 0.363322 0.000000
vt 0.517103 0.070448 0.000000
vt 0.513118 0.066309 0.000000
vt 0.084380 0.180424 0.000000
vt 0.100061 0.723612 0.000000
vt 0.889517 0.090942 0.000000
vt 0.073751 0.848618 0.000000
vt 0.084062 0.854949 0.000000
vt 0.078291 0.845413 0.000000
vt 0.026664 0.408551 0.000000
vt 0.144265 0.244320 0.000000
vt 0.155512 0.239560 0.000000
vt 0.136997 0.246139 0.000000
vt 0.094364 0.158588 0.000000
vt 0.099456 0.167495 0.000000
vt 0.103527 0.158419 0.000000
vt 0.693707 0.370340 0.000000
vt 0.273564 0.163296 0.000000
vt 0.445126 0.181720 0.000000
vt 0.462487 0.180542 0.000000
vt 0.454125 0.177196 0.000000
vt 0.586270 0.449418 0.000000
vt 0.592182 0.441475 0.000000
vt 0.774117 0.276286 0.000000
vt 0.773054 0.289859 0.000000
vt 0.776041 0.284028 0.000000
vt 0.466930 0.355680 0.000000
vt 0.106722 0.833544 0.000000
vt 0.379031 0.436305 0.000000
vt 0.377991 0.448162 0.000000
vt 0.387318 0.443740 0.000000
vt 0.330938 0.275255 0.000000
vt 0.332672 0.279125 0.000000
vt 0.219189 0.877201 0.000000
vt 0.443508 0.563476 0.000000
vt 0.611450 0.892005 0.000000
vt 0.448734 0.057342 0.000000
vt 0.624443 0.987405 0.000000
vt 0.184756 0.351079 0.000000
vt 0.587428 0.570549 0.000000
vt 0.583176 0.567675 0.000000
vt 0.580864 0.582112 0.000000
vt 0.823679 0.929456 0.000000
vt 0.848063 0.918073 0.000000
vt 0.466506 0.473072 0.000000
vt 0.475191 0.478655 0.000000
vt 0.451073 0.113121 0.000000
vt 0.796565 0.956285 0.000000
vt 0.731826 0.740695 0.000000
vt 0.596922 0.822816 0.000000
vt 0.361639 0.289859 0.000000
vt 0.366985 0.287144 0.000000
vt 0.358513 0.285352 0.000000
vt 0.370596 0.277361 0.000000
vt 0.883264 0.986541 0.000000
vt 0.143023 0.286519 0.000000
vt 0.137164 0.295388 0.000000
vt 0.148652 0.296775 0.000000
vt 0.247581 0.467091 0.000000
vt 0.207736 0.329845 0.000000
vt 0.670804 0.121130 0.000000
vt 0.651998 0.118908 0.000000
vt 0.117549 0.759796 0.000000
vt 0.419665 0.476866 0.000000
vt 0.119191 0.655212 0.000000
vt 0.106440 0.655288 0.000000
vt 0.261116 0.351186 0.000000
vt 0.263667 0.354204 0.000000
vt 0.113932 0.621256 0.000000
vt 0.104517 0.616849 0.000000
vt 0.673726 0.840460 0.000000
vt 0.892616 0.794472 0.000000
vt 0.628042 0.041441 0.000000
vt 0.346134 0.874418 0.000000
vt 0.324130 0.888737 0.000000
vt 0.310299 0.894083 0.000000
vt 0.324465 0.895724 0.000000
vt 0.017108 0.897514 0.000000
vt 0.013366 0.904174 0.000000
vt 0.014703 0.909928 0.000000
vt 0.460273 0.187504 0.000000
vt 0.894845 0.093223 0.000000
vt 0.161088 0.296362 0.000000
vt 0.341319 0.879219 0.000000
vt 0.337812 0.893571 0.000000
vt 0.484862 0.467133 0.000000
vt 0.487394 0.953304 0.000000
vt 0.487771 0.961692 0.000000
vt 0.495504 0.966512 0.000000
vt 0.792434 0.567098 0.000000
vt 0.472974 0.100252 0.000000
vt 0.477339 0.108001 0.000000
vt 0.227484 0.440027 0.000000
vt 0.858647 0.555440 0.000000
vt 0.466687 0.093681 0.000000
vt 0.461753 0.097547 0.000000
vt 0.059794 0.678227 0.000000
vt 0.064085 0.190890 0.000000
vt 0.049846 0.682987 0.000000
vt 0.658282 0.116904 0.000000
vt 0.660178 0.111292 0.000000
vt 0.654162 0.113482 0.000000
vt 0.657469 0.104207 0.000000
vt 0.704559 0.084028 0.000000
vt 0.758963 0.921387 0.000000
vt 0.844443 0.642925 0.000000
vt 0.771941 0.995664 0.000000
vt 0.743649 0.998331 0.000000
vt 0.165751 0.235706 0.000000
vt 0.420052 0.051713 0.000000
vt 0.076089 0.198366 0.000000
vt 0.542868 0.735380 0.000000
vt 0.298310 0.312627 0.000000
vt 0.057708 0.285574 0.000000
vt 0.785102 0.956718 0.000000
vt 0.718353 0.595210 0.000000
vt 0.707886 0.598923 0.000000
vt 0.136799 0.394497 0.000000
vt 0.171984 0.807490 0.000000
vt 0.522509 0.272615 0.000000
vt 0.517055 0.274184 0.000000
vt 0.226898 0.829601 0.000000
vt 0.135503 0.829601 0.000000
vt 0.355386 0.269485 0.000000
vt 0.342951 0.263632 0.000000
vt 0.332066 0.268978 0.000000
vt 0.463589 0.216967 0.000000
vt 0.889679 0.329677 0.000000
vt 0.465694 0.711753 0.000000
vt 0.472555 0.702155 0.000000
vt 0.242614 0.296877 0.000000
vt 0.238816 0.287508 0.000000
vt 0.233860 0.296977 0.000000
vt 0.207823 0.961597 0.000000
vt 0.539356 0.084084 0.000000
vt 0.479200 0.782019 0.000000
vt 0.091939 0.791661 0.000000
vt 0.565938 0.832457 0.000000
vt 0.132255 0.841573 0.000000
vt 0.340037 0.188373 0.000000
vt 0.349743 0.186208 0.000000
vt 0.032953 0.160433 0.000000
vt 0.035502 0.137793 0.000000
vt 0.057169 0.126031 0.000000
vt 0.498243 0.089484 0.000000
vt 0.252003 0.225961 0.000000
vt 0.326380 0.276855 0.000000
vt 0.883884 0.276246 0.000000
vt 0.049627 0.742633 0.000000
vt 0.043531 0.238593 0.000000
vt 0.377957 0.350472 0.000000
vt 0.366170 0.342722 0.000000
vt 0.792547 0.074585 0.000000
vt 0.791627 0.084118 0.000000
vt 0.689459 0.849527 0.000000
vt 0.228813 0.837558 0.000000
vt 0.549593 0.427616 0.000000
vt 0.876043 0.827054 0.000000
vt 0.342841 0.201308 0.000000
vt 0.060408 0.892827 0.000000
vt 0.305501 0.484932 0.000000
vt 0.448897 0.625088 0.000000
vt 0.052957 0.216750 0.000000
vt 0.094548 0.515191 0.000000
vt 0.180387 0.513575 0.000000
vt 0.187167 0.842156 0.000000
vt 0.038779 0.916259 0.000000
vt 0.132975 0.926211 0.000000
vt 0.450118 0.788184 0.000000
vt 0.174363 0.515636 0.000000
vt 0.234039 0.110148 0.000000
vt 0.048791 0.377257 0.000000
vt 0.038043 0.375265 0.000000
vt 0.056265 0.111524 0.000000
vt 0.042667 0.202347 0.000000
vt 0.044339 0.872608 0.000000
vt 0.290983 0.993216 0.000000
vt 0.349787 0.998331 0.000000
vt 0.354902 0.939527 0.000000
vt 0.010166 0.696366 0.000000
vt 0.053365 0.099303 0.000000
vt 0.797805 0.749528 0.000000
vt 0.179346 0.213407 0.000000
vt 0.177394 0.208375 0.000000
vt 0.526365 0.111088 0.000000
vt 0.467174 0.718462 0.000000
vt 0.049891 0.096952 0.000000
vt 0.051913 0.092055 0.000000
vt 0.099751 0.152016 0.000000
vt 0.610511 0.216290 0.000000
vt 0.056341 0.927643 0.000000
vt 0.061715 0.934497 0.000000
vt 0.064777 0.929966 0.000000
vt 0.066951 0.937060 0.000000
vt 0.074073 0.952708 0.000000
vt 0.074073 0.932686 0.000000
vt 0.515709 0.164127 0.000000
vt 0.731933 0.047648 0.000000
vt 0.726345 0.051804 0.000000
vt 0.175717 0.792782 0.000000
vt 0.447048 0.406562 0.000000
vt 0.453090 0.408741 0.000000
vt 0.461298 0.403373 0.000000
vt 0.244549 0.897247 0.000000
vt 0.171803 0.857155 0.000000
vt 0.176576 0.773029 0.000000
vt 0.812352 0.104712 0.000000
vt 0.789984 0.096687 0.000000
vt 0.545978 0.868748 0.000000
vt 0.656063 0.130260 0.000000
vt 0.343821 0.136682 0.000000
vt 0.520994 0.076007 0.000000
vt 0.636577 0.843958 0.000000
vt 0.637048 0.833420 0.000000
vt 0.622004 0.847169 0.000000
vt 0.883631 0.654996 0.000000
vt 0.177488 0.827575 0.000000
vt 0.050560 0.910471 0.000000
vt 0.215840 0.889237 0.000000
vt 0.583675 0.416302 0.000000
vt 0.337863 0.916613 0.000000
vt 0.691719 0.934880 0.000000
vt 0.127856 0.789319 0.000000
vt 0.100053 0.141127 0.000000
vt 0.375643 0.815609 0.000000
vt 0.955212 0.039332 0.000000
vt 0.010743 0.359526 0.000000
vt 0.801953 0.709682 0.000000
vt 0.822912 0.709682 0.000000
vt 0.820663 0.827140 0.000000
vt 0.674160 0.081658 0.000000
vt 0.741479 0.048298 0.000000
vt 0.746978 0.041588 0.000000
vt 0.736547 0.044313 0.000000
vt 0.511910 0.055214 0.000000
vt 0.820787 0.106087 0.000000
vt 0.097818 0.784032 0.000000
vt 0.492425 0.684467 0.000000
vt 0.458437 0.833775 0.000000
vt 0.482708 0.697119 0.000000
vt 0.379093 0.371519 0.000000
vt 0.367611 0.370294 0.000000
vt 0.101567 0.788883 0.000000
vt 0.105770 0.784230 0.000000
vt 0.772950 0.778804 0.000000
vt 0.763078 0.779928 0.000000
vt 0.123375 0.787436 0.000000
vt 0.450714 0.891970 0.000000
vt 0.849983 0.827957 0.000000
vt 0.024019 0.056941 0.000000
vt 0.031231 0.057028 0.000000
vt 0.851593 0.821294 0.000000
vt 0.825695 0.813347 0.000000
vt 0.829313 0.819030 0.000000
vt 0.841857 0.823482 0.000000
vt 0.850793 0.089676 0.000000
vt 0.845305 0.093275 0.000000
vt 0.249569 0.846415 0.000000
vt 0.494822 0.601527 0.000000
vt 0.133513 0.778506 0.000000
vt 0.070852 0.711758 0.000000
vt 0.064918 0.707750 0.000000
vt 0.058912 0.702818 0.000000
vt 0.124121 0.396186 0.000000
vt 0.518177 0.820311 0.000000
vt 0.410056 0.260506 0.000000
vt 0.421554 0.259920 0.000000
vt 0.423323 0.268970 0.000000
vt 0.428300 0.259259 0.000000
vt 0.084635 0.629663 0.000000
vt 0.848063 0.870892 0.000000
vt 0.913999 0.276965 0.000000
vt 0.819691 0.637166 0.000000
vt 0.423697 0.278386 0.000000
vt 0.651350 0.695670 0.000000
vt 0.583250 0.179473 0.000000
vt 0.099442 0.512856 0.000000
vt 0.075871 0.753927 0.000000
vt 0.835370 0.615530 0.000000
vt 0.057448 0.155056 0.000000
vt 0.417316 0.810363 0.000000
vt 0.231949 0.225630 0.000000
vt 0.214357 0.506093 0.000000
vt 0.215255 0.528008 0.000000
vt 0.133049 0.975894 0.000000
vt 0.133049 0.957737 0.000000
vt 0.127854 0.957566 0.000000
vt 0.835727 0.391250 0.000000
vt 0.841675 0.395885 0.000000
vt 0.434322 0.552644 0.000000
vt 0.114824 0.940839 0.000000
vt 0.106329 0.933457 0.000000
vt 0.004161 0.542438 0.000000
vt 0.741457 0.936525 0.000000
vt 0.527309 0.460304 0.000000
vt 0.522207 0.466241 0.000000
vt 0.152337 0.407605 0.000000
vt 0.450812 0.515436 0.000000
vt 0.261077 0.190133 0.000000
vt 0.420727 0.388544 0.000000
vt 0.215670 0.816198 0.000000
vt 0.695465 0.681769 0.000000
vt 0.694102 0.064775 0.000000
vt 0.159670 0.262099 0.000000
vt 0.168690 0.262099 0.000000
vt 0.170113 0.257429 0.000000
vt 0.172978 0.264640 0.000000
vt 0.708081 0.062069 0.000000
vt 0.498773 0.555514 0.000000
vt 0.200816 0.542224 0.000000
vt 0.336352 0.614091 0.000000
vt 0.318681 0.598113 0.000000
vt 0.860892 0.634260 0.000000
vt 0.722591 0.741282 0.000000
vt 0.681282 0.101343 0.000000
vt 0.332068 0.878484 0.000000
vt 0.313059 0.855917 0.000000
vt 0.315332 0.868493 0.000000
vt 0.317232 0.876855 0.000000
vt 0.253616 0.263349 0.000000
vt 0.141378 0.695329 0.000000
vt 0.139486 0.686256 0.000000
vt 0.597005 0.994220 0.000000
vt 0.590971 0.986019 0.000000
vt 0.590971 0.998331 0.000000
vt 0.607539 0.345846 0.000000
vt 0.933029 0.967031 0.000000
vt 0.948684 0.966953 0.000000
vt 0.186709 0.220784 0.000000
vt 0.700425 0.881533 0.000000
vt 0.392693 0.056095 0.000000
vt 0.396977 0.062244 0.000000
vt 0.392693 0.063663 0.000000
vt 0.424180 0.348545 0.000000
vt 0.431939 0.330631 0.000000
vt 0.152105 0.172232 0.000000
vt 0.770156 0.066446 0.000000
vt 0.236887 0.979741 0.000000
vt 0.233351 0.972005 0.000000
vt 0.224173 0.998331 0.000000
vt 0.232192 0.997166 0.000000
vt 0.490574 0.533291 0.000000
vt 0.776041 0.271148 0.000000
vt 0.113803 0.269874 0.000000
vt 0.110052 0.265023 0.000000
vt 0.566118 0.369213 0.000000
vt 0.178617 0.889839 0.000000
vt 0.173122 0.881132 0.000000
vt 0.163409 0.879159 0.000000
vt 0.512553 0.268391 0.000000
vt 0.119463 0.274084 0.000000
vt 0.311085 0.123854 0.000000
vt 0.126037 0.595156 0.000000
vt 0.440734 0.783344 0.000000
vt 0.096314 0.895098 0.000000
vt 0.624821 0.361026 0.000000
vt 0.742975 0.095648 0.000000
vt 0.174183 0.998331 0.000000
vt 0.711761 0.881315 0.000000
vt 0.213295 0.469571 0.000000
vt 0.220196 0.466924 0.000000
vt 0.215623 0.460571 0.000000
vt 0.122458 0.262658 0.000000
vt 0.125607 0.268538 0.000000
vt 0.080794 0.621487 0.000000
vt 0.070977 0.600501 0.000000
vt 0.168317 0.850146 0.000000
vt 0.056220 0.526399 0.000000
vt 0.080725 0.319423 0.000000
vt 0.416741 0.243317 0.000000
vt 0.505591 0.377826 0.000000
vt 0.574255 0.086689 0.000000
vt 0.435619 0.324265 0.000000
vt 0.431307 0.322250 0.000000
vt 0.401731 0.784990 0.000000
vt 0.771747 0.217790 0.000000
vt 0.698593 0.033863 0.000000
vt 0.919798 0.303811 0.000000
vt 0.425116 0.789201 0.000000
vt 0.685929 0.009586 0.000000
vt 0.558233 0.055971 0.000000
vt 0.809104 0.670506 0.000000
vt 0.769639 0.949625 0.000000
vt 0.419420 0.897651 0.000000
vt 0.335775 0.379721 0.000000
vt 0.329894 0.379552 0.000000
vt 0.655890 0.936314 0.000000
vt 0.096890 0.134090 0.000000
vt 0.460652 0.617174 0.000000
vt 0.547599 0.760778 0.000000
vt 0.012523 0.662472 0.000000
vt 0.389633 0.587910 0.000000
vt 0.906404 0.953113 0.000000
vt 0.913979 0.945268 0.000000
vt 0.296772 0.105314 0.000000
vt 0.873897 0.685485 0.000000
vt 0.874851 0.679682 0.000000
vt 0.233205 0.250855 0.000000
vt 0.369533 0.039930 0.000000
vt 0.325384 0.053075 0.000000
vt 0.338530 0.097224 0.000000
vt 0.541408 0.898700 0.000000
vt 0.011102 0.653771 0.000000
vt 0.122316 0.145829 0.000000
vt 0.096802 0.830973 0.000000
vt 0.530022 0.893479 0.000000
vt 0.952960 0.406232 0.000000
vt 0.714758 0.874585 0.000000
vt 0.086865 0.507223 0.000000
vt 0.512021 0.786925 0.000000
vt 0.019893 0.413982 0.000000
vt 0.561815 0.780076 0.000000
vt 0.384412 0.998331 0.000000
vt 0.371257 0.996322 0.000000
vt 0.364917 0.998331 0.000000
vt 0.069087 0.373482 0.000000
vt 0.058701 0.374780 0.000000
vt 0.429675 0.416708 0.000000
vt 0.434967 0.402494 0.000000
vt 0.438103 0.416678 0.000000
vt 0.908805 0.755530 0.000000
vt 0.557884 0.269956 0.000000
vt 0.923117 0.222626 0.000000
vt 0.185655 0.760206 0.000000
vt 0.324028 0.283708 0.000000
vt 0.227166 0.951072 0.000000
vt 0.878995 0.658271 0.000000
vt 0.329914 0.286728 0.000000
vt 0.632532 0.338643 0.000000
vt 0.143158 0.222924 0.000000
vt 0.205334 0.393440 0.000000
vt 0.114461 0.998331 0.000000
vt 0.647063 0.834637 0.000000
vt 0.690352 0.955718 0.000000
vt 0.131293 0.528146 0.000000
vt 0.427021 0.735470 0.000000
vt 0.857892 0.421660 0.000000
vt 0.484674 0.113632 0.000000
vt 0.473549 0.579560 0.000000
vt 0.472907 0.572867 0.000000
vt 0.461568 0.423134 0.000000
vt 0.727557 0.910458 0.000000
vt 0.470275 0.291778 0.000000
vt 0.469822 0.078097 0.000000
vt 0.472463 0.071698 0.000000
vt 0.484364 0.065277 0.000000
vt 0.033493 0.111545 0.000000
vt 0.859327 0.834987 0.000000
vt 0.164330 0.359141 0.000000
vt 0.168842 0.364918 0.000000
vt 0.650692 0.517808 0.000000
vt 0.284744 0.459018 0.000000
vt 0.077615 0.494556 0.000000
vt 0.611563 0.330513 0.000000
vt 0.094275 0.750956 0.000000
vt 0.796524 0.027219 0.000000
vt 0.843626 0.862331 0.000000
vt 0.160426 0.555432 0.000000
vt 0.452249 0.723616 0.000000
vt 0.448461 0.714281 0.000000
vt 0.838031 0.759455 0.000000
vt 0.895033 0.706858 0.000000
vt 0.489118 0.348467 0.000000
vt 0.394427 0.996382 0.000000
vt 0.468792 0.996382 0.000000
vt 0.468792 0.922016 0.000000
vt 0.372302 0.421100 0.000000
vt 0.365816 0.414971 0.000000
vt 0.365816 0.421825 0.000000
vt 0.362769 0.255965 0.000000
vt 0.719186 0.080018 0.000000
vt 0.199403 0.225880 0.000000
vt 0.006540 0.252889 0.000000
vt 0.779756 0.338437 0.000000
vt 0.769533 0.323166 0.000000
vt 0.802240 0.179499 0.000000
vt 0.373512 0.360487 0.000000
vt 0.445608 0.101852 0.000000
vt 0.622080 0.185286 0.000000
vt 0.203075 0.553797 0.000000
vt 0.213520 0.871187 0.000000
vt 0.221304 0.867355 0.000000
vt 0.707003 0.406790 0.000000
vt 0.225890 0.124059 0.000000
vt 0.014577 0.108619 0.000000
vt 0.940823 0.998331 0.000000
vt 0.347918 0.144438 0.000000
vt 0.011954 0.118937 0.000000
vt 0.729966 0.963748 0.000000
vt 0.455825 0.889854 0.000000
vt 0.437766 0.812945 0.000000
vt 0.632983 0.425151 0.000000
vt 0.403280 0.292677 0.000000
vt 0.870386 0.802780 0.000000
vt 0.877993 0.807065 0.000000
vt 0.819742 0.539572 0.000000
vt 0.246836 0.230817 0.000000
vt 0.871452 0.081586 0.000000
vt 0.265350 0.233957 0.000000
vt 0.841071 0.892466 0.000000
vt 0.270005 0.930071 0.000000
vt 0.138392 0.652911 0.000000
vt 0.888090 0.050442 0.000000
vt 0.938413 0.980774 0.000000
vt 0.941881 0.970184 0.000000
vt 0.260479 0.901058 0.000000
vt 0.712420 0.918989 0.000000
vt 0.466838 0.507537 0.000000
vt 0.466838 0.574572 0.000000
vt 0.697781 0.666341 0.000000
vt 0.766850 0.944828 0.000000
vt 0.377795 0.838562 0.000000
vt 0.416404 0.903976 0.000000
vt 0.883442 0.796864 0.000000
vt 0.550962 0.988780 0.000000
vt 0.561437 0.990592 0.000000
vt 0.368392 0.834158 0.000000
vt 0.361731 0.836738 0.000000
vt 0.144765 0.861146 0.000000
vt 0.911075 0.957830 0.000000
vt 0.358821 0.831345 0.000000
vt 0.328753 0.221140 0.000000
vt 0.603751 0.570161 0.000000
vt 0.084712 0.862593 0.000000
vt 0.689593 0.895096 0.000000
vt 0.549595 0.996114 0.000000
vt 0.221248 0.345902 0.000000
vt 0.229704 0.968242 0.000000
vt 0.323342 0.267374 0.000000
vt 0.340842 0.257558 0.000000
vt 0.660324 0.803830 0.000000
vt 0.115372 0.678206 0.000000
vt 0.181387 0.520618 0.000000
vt 0.173425 0.423997 0.000000
vt 0.009962 0.443239 0.000000
vt 0.017319 0.441303 0.000000
vt 0.001669 0.442567 0.000000
vt 0.131830 0.408131 0.000000
vt 0.640231 0.945905 0.000000
vt 0.791705 0.609378 0.000000
vt 0.822560 0.884689 0.000000
vt 0.198534 0.816031 0.000000
vt 0.374305 0.414888 0.000000
vt 0.015888 0.381711 0.000000
vt 0.374023 0.435180 0.000000
vt 0.112453 0.641146 0.000000
vt 0.025948 0.215946 0.000000
vt 0.504413 0.998067 0.000000
vt 0.496137 0.990268 0.000000
vt 0.489445 0.992160 0.000000
vt 0.420514 0.239312 0.000000
vt 0.057328 0.119591 0.000000
vt 0.062409 0.122137 0.000000
vt 0.673526 0.476991 0.000000
vt 0.498341 0.149282 0.000000
vt 0.344358 0.193104 0.000000
vt 0.391501 0.227104 0.000000
vt 0.388125 0.234516 0.000000
vt 0.391501 0.241476 0.000000
vt 0.672516 0.198959 0.000000
vt 0.015100 0.388983 0.000000
vt 0.081822 0.480187 0.000000
vt 0.615317 0.340626 0.000000
vt 0.304994 0.348580 0.000000
vt 0.503586 0.200290 0.000000
vt 0.292157 0.460222 0.000000
vt 0.087695 0.465318 0.000000
vt 0.843018 0.638665 0.000000
vt 0.012913 0.850679 0.000000
vt 0.544298 0.149576 0.000000
vt 0.554817 0.147902 0.000000
vt 0.751659 0.044790 0.000000
vt 0.017469 0.250387 0.000000
vt 0.445584 0.587282 0.000000
vt 0.379093 0.425165 0.000000
vt 0.215029 0.152596 0.000000
vt 0.070862 0.705787 0.000000
vt 0.100501 0.173407 0.000000
vt 0.199636 0.155627 0.000000
vt 0.726788 0.794802 0.000000
vt 0.732886 0.793668 0.000000
vt 0.118109 0.832876 0.000000
vt 0.780901 0.638769 0.000000
vt 0.786209 0.644826 0.000000
vt 0.633659 0.432836 0.000000
vt 0.040253 0.287919 0.000000
vt 0.465305 0.627639 0.000000
vt 0.684138 0.828809 0.000000
vt 0.690348 0.819315 0.000000
vt 0.717972 0.339717 0.000000
vt 0.696229 0.350957 0.000000
vt 0.698453 0.361026 0.000000
vt 0.037599 0.562207 0.000000
vt 0.692659 0.635161 0.000000
vt 0.826234 0.020393 0.000000
vt 0.802421 0.289957 0.000000
vt 0.838627 0.775773 0.000000
vt 0.843039 0.781730 0.000000
vt 0.850648 0.774565 0.000000
vt 0.035677 0.082743 0.000000
vt 0.948187 0.101326 0.000000
vt 0.926043 0.708504 0.000000
vt 0.353470 0.350472 0.000000
vt 0.344985 0.339878 0.000000
vt 0.678306 0.102771 0.000000
vt 0.425518 0.875886 0.000000
vt 0.405739 0.482122 0.000000
vt 0.512393 0.990007 0.000000
vt 0.510547 0.601527 0.000000
vt 0.612099 0.904307 0.000000
vt 0.227524 0.219377 0.000000
vt 0.515745 0.941633 0.000000
vt 0.499252 0.515728 0.000000
vt 0.399565 0.843204 0.000000
vt 0.566889 0.107409 0.000000
vt 0.567550 0.101554 0.000000
vt 0.404717 0.836237 0.000000
vt 0.508874 0.998331 0.000000
vt 0.621064 0.870610 0.000000
vt 0.217269 0.820404 0.000000
vt 0.117092 0.231266 0.000000
vt 0.714736 0.895452 0.000000
vt 0.225870 0.199465 0.000000
vt 0.509440 0.778410 0.000000
vt 0.500043 0.767977 0.000000
vt 0.486784 0.766706 0.000000
vt 0.352110 0.331900 0.000000
vt 0.803275 0.475155 0.000000
vt 0.724041 0.289859 0.000000
vt 0.747074 0.279077 0.000000
vt 0.503200 0.264506 0.000000
vt 0.618292 0.926368 0.000000
vt 0.439846 0.441278 0.000000
vt 0.198338 0.870055 0.000000
vt 0.760335 0.841442 0.000000
vt 0.484113 0.183976 0.000000
vt 0.025365 0.250099 0.000000
vt 0.117265 0.915252 0.000000
vt 0.497931 0.050350 0.000000
vt 0.155157 0.872816 0.000000
vt 0.789105 0.145939 0.000000
vt 0.791975 0.151611 0.000000
vt 0.816434 0.938097 0.000000
vt 0.427453 0.140631 0.000000
vt 0.432364 0.040703 0.000000
vt 0.061420 0.654431 0.000000
vt 0.105430 0.636581 0.000000
vt 0.196262 0.954909 0.000000
vt 0.059697 0.213236 0.000000
vt 0.557056 0.278675 0.000000
vt 0.288500 0.769199 0.000000
vt 0.550477 0.207663 0.000000
vt 0.704020 0.959794 0.000000
vt 0.038140 0.105232 0.000000
vt 0.772963 0.314269 0.000000
vt 0.784564 0.322396 0.000000
vt 0.430308 0.149458 0.000000
vt 0.440266 0.144013 0.000000
vt 0.065306 0.239389 0.000000
vt 0.513254 0.446106 0.000000
vt 0.703116 0.178593 0.000000
vt 0.693774 0.183802 0.000000
vt 0.708944 0.965271 0.000000
vt 0.480805 0.880044 0.000000
vt 0.710130 0.976829 0.000000
vt 0.196948 0.291852 0.000000
vt 0.044094 0.917100 0.000000
vt 0.031364 0.211915 0.000000
vt 0.114461 0.971269 0.000000
vt 0.017027 0.181132 0.000000
vt 0.488327 0.079971 0.000000
vt 0.689436 0.887900 0.000000
vt 0.271655 0.150618 0.000000
vt 0.001669 0.464242 0.000000
vt 0.034634 0.497208 0.000000
vt 0.067600 0.464242 0.000000
vt 0.518077 0.853073 0.000000
vt 0.514987 0.858745 0.000000
vt 0.699009 0.651762 0.000000
vt 0.476905 0.077096 0.000000
vt 0.482336 0.078959 0.000000
vt 0.516020 0.986258 0.000000
vt 0.065183 0.146562 0.000000
vt 0.070376 0.143211 0.000000
vt 0.067022 0.139019 0.000000
vt 0.950313 0.097164 0.000000
vt 0.073123 0.135478 0.000000
vt 0.524824 0.497522 0.000000
vt 0.507926 0.328484 0.000000
vt 0.907811 0.088745 0.000000
vt 0.129788 0.655557 0.000000
vt 0.363394 0.448125 0.000000
vt 0.746000 0.697844 0.000000
vt 0.001669 0.148579 0.000000
vt 0.008975 0.150262 0.000000
vt 0.857723 0.019669 0.000000
vt 0.192730 0.288855 0.000000
vt 0.304902 0.918684 0.000000
vt 0.069892 0.062631 0.000000
vt 0.744038 0.212182 0.000000
vt 0.638454 0.126284 0.000000
vt 0.639886 0.046616 0.000000
vt 0.590971 0.949133 0.000000
vt 0.259968 0.918608 0.000000
vt 0.065562 0.948301 0.000000
vt 0.237185 0.232751 0.000000
vt 0.147621 0.260870 0.000000
vt 0.866914 0.371261 0.000000
vt 0.208203 0.992125 0.000000
vt 0.404771 0.488089 0.000000
vt 0.159162 0.845248 0.000000
vt 0.528028 0.682751 0.000000
vt 0.165185 0.308848 0.000000
vt 0.030686 0.226952 0.000000
vt 0.523575 0.161121 0.000000
vt 0.428300 0.298590 0.000000
vt 0.454677 0.858126 0.000000
vt 0.482819 0.954875 0.000000
vt 0.406223 0.779271 0.000000
vt 0.628777 0.849542 0.000000
vt 0.325449 0.756997 0.000000
vt 0.397596 0.513440 0.000000
vt 0.525575 0.131141 0.000000
vt 0.349257 0.272201 0.000000
vt 0.348282 0.283451 0.000000
vt 0.807207 0.936086 0.000000
vt 0.577366 0.318676 0.000000
vt 0.324260 0.439095 0.000000
vt 0.310571 0.439006 0.000000
vt 0.307709 0.433767 0.000000
vt 0.351158 0.369025 0.000000
vt 0.486189 0.243060 0.000000
vt 0.344826 0.366982 0.000000
vt 0.045592 0.269298 0.000000
vt 0.098432 0.796984 0.000000
vt 0.001669 0.040426 0.000000
vt 0.012037 0.028879 0.000000
vt 0.218932 0.295889 0.000000
vt 0.223845 0.296977 0.000000
vt 0.186327 0.182697 0.000000
vt 0.277719 0.934071 0.000000
vt 0.919928 0.687145 0.000000
vt 0.936536 0.625261 0.000000
vt 0.922480 0.039044 0.000000
vt 0.572581 0.095298 0.000000
vt 0.621942 0.804458 0.000000
vt 0.382678 0.073143 0.000000
vt 0.554530 0.866038 0.000000
vt 0.906609 0.538117 0.000000
vt 0.904082 0.050785 0.000000
vt 0.938200 0.431782 0.000000
vt 0.078959 0.569462 0.000000
vt 0.477486 0.199441 0.000000
vt 0.831426 0.399536 0.000000
vt 0.359285 0.755409 0.000000
vt 0.698950 0.538320 0.000000
vt 0.449493 0.185829 0.000000
vt 0.416184 0.471053 0.000000
vt 0.752387 0.220753 0.000000
vt 0.823089 0.702091 0.000000
vt 0.810042 0.697254 0.000000
vt 0.812825 0.463549 0.000000
vt 0.889632 0.127914 0.000000
vt 0.911020 0.144586 0.000000
vt 0.923117 0.131849 0.000000
vt 0.786056 0.265558 0.000000
vt 0.374692 0.225346 0.000000
vt 0.748029 0.903350 0.000000
vt 0.829756 0.556155 0.000000
vt 0.136476 0.904349 0.000000
vt 0.428280 0.103700 0.000000
vt 0.176599 0.181845 0.000000
vt 0.704238 0.309432 0.000000
vt 0.611713 0.911632 0.000000
vt 0.621064 0.913591 0.000000
vt 0.070768 0.893234 0.000000
vt 0.075468 0.889571 0.000000
vt 0.490441 0.055220 0.000000
vt 0.588974 0.833654 0.000000
vt 0.560952 0.352391 0.000000
vt 0.538946 0.459491 0.000000
vt 0.846016 0.140545 0.000000
vt 0.833948 0.138844 0.000000
vt 0.822488 0.149812 0.000000
vt 0.303527 0.280102 0.000000
vt 0.001669 0.121028 0.000000
vt 0.009523 0.126148 0.000000
vt 0.353499 0.893224 0.000000
vt 0.371748 0.252778 0.000000
vt 0.730773 0.881164 0.000000
vt 0.447873 0.744061 0.000000
vt 0.822488 0.389223 0.000000
vt 0.828096 0.401066 0.000000
vt 0.827702 0.395820 0.000000
vt 0.697721 0.123142 0.000000
vt 0.024032 0.570619 0.000000
vt 0.755794 0.685485 0.000000
vt 0.439516 0.816119 0.000000
vt 0.526974 0.807460 0.000000
vt 0.714872 0.328191 0.000000
vt 0.747328 0.933751 0.000000
vt 0.920403 0.117010 0.000000
vt 0.675296 0.700588 0.000000
vt 0.590971 0.705987 0.000000
vt 0.853762 0.414515 0.000000
vt 0.597971 0.682532 0.000000
vt 0.560803 0.950767 0.000000
vt 0.923117 0.261283 0.000000
vt 0.923117 0.279691 0.000000
vt 0.815229 0.870892 0.000000
vt 0.512369 0.903922 0.000000
vt 0.921408 0.249147 0.000000
vt 0.821853 0.862331 0.000000
vt 0.361697 0.332820 0.000000
vt 0.354711 0.325117 0.000000
vt 0.780490 0.699285 0.000000
vt 0.784121 0.702704 0.000000
vt 0.507128 0.878854 0.000000
vt 0.163082 0.115948 0.000000
vt 0.867885 0.376741 0.000000
vt 0.522382 0.763605 0.000000
vt 0.837987 0.753913 0.000000
vt 0.743026 0.271149 0.000000
vt 0.806400 0.143721 0.000000
vt 0.555496 0.237765 0.000000
vt 0.887582 0.827834 0.000000
vt 0.850579 0.764053 0.000000
vt 0.878943 0.117010 0.000000
vt 0.509027 0.404569 0.000000
vt 0.408307 0.085846 0.000000
vt 0.896594 0.646114 0.000000
vt 0.361065 0.127866 0.000000
vt 0.020306 0.726293 0.000000
vt 0.774486 0.009586 0.000000
vt 0.119628 0.482823 0.000000
vt 0.595390 0.130178 0.000000
vt 0.116914 0.584691 0.000000
vt 0.364917 0.944341 0.000000
vt 0.096691 0.459480 0.000000
vt 0.405277 0.036478 0.000000
vt 0.136476 0.446394 0.000000
vt 0.942603 0.950735 0.000000
vt 0.423866 0.392663 0.000000
vt 0.277985 0.306992 0.000000
vt 0.822488 0.204717 0.000000
vt 0.822488 0.277456 0.000000
vt 0.402067 0.439870 0.000000
vt 0.397039 0.438366 0.000000
vt 0.576598 0.641791 0.000000
vt 0.854520 0.768836 0.000000
vt 0.259170 0.362141 0.000000
vt 0.365816 0.363218 0.000000
vt 0.010901 0.170448 0.000000
vt 0.464510 0.809686 0.000000
vt 0.004063 0.155145 0.000000
vt 0.475655 0.800788 0.000000
vt 0.193528 0.296977 0.000000
vt 0.157627 0.929818 0.000000
vt 0.160269 0.936924 0.000000
vt 0.529114 0.676328 0.000000
vt 0.156512 0.940839 0.000000
vt 0.548961 0.345811 0.000000
vt 0.555478 0.338954 0.000000
vt 0.180782 0.507154 0.000000
vt 0.110488 0.596045 0.000000
vt 0.219834 0.282780 0.000000
vt 0.207626 0.143016 0.000000
vt 0.685311 0.712165 0.000000
vt 0.223845 0.267308 0.000000
vt 0.886300 0.659788 0.000000
vt 0.265415 0.924843 0.000000
vt 0.336502 0.226207 0.000000
vt 0.170284 0.975516 0.000000
vt 0.132700 0.933122 0.000000
vt 0.440757 0.518407 0.000000
vt 0.916343 0.787573 0.000000
vt 0.004001 0.580634 0.000000
vt 0.014539 0.192999 0.000000
vt 0.019713 0.183272 0.000000
vt 0.016194 0.530599 0.000000
vt 0.501615 0.877685 0.000000
vt 0.934461 0.742143 0.000000
vt 0.103809 0.564890 0.000000
vt 0.938123 0.087957 0.000000
vt 0.846852 0.175468 0.000000
vt 0.746898 0.524327 0.000000
vt 0.695203 0.820174 0.000000
vt 0.328364 0.126883 0.000000
vt 0.405876 0.190812 0.000000
vt 0.954242 0.687145 0.000000
vt 0.952499 0.684786 0.000000
vt 0.946551 0.686071 0.000000
vt 0.564584 0.140828 0.000000
vt 0.919928 0.534688 0.000000
vt 0.918289 0.543430 0.000000
vt 0.318220 0.355497 0.000000
vt 0.678668 0.742842 0.000000
vt 0.715457 0.906242 0.000000
vt 0.548961 0.289064 0.000000
vt 0.262669 0.790959 0.000000
vt 0.199767 0.794879 0.000000
vt 0.871278 0.842111 0.000000
vt 0.257287 0.112054 0.000000
vt 0.517368 0.844448 0.000000
vt 0.042054 0.596816 0.000000
vt 0.038385 0.601489 0.000000
vt 0.043376 0.601946 0.000000
vt 0.786056 0.151611 0.000000
vt 0.035911 0.596848 0.000000
vt 0.021885 0.443239 0.000000
vt 0.425460 0.507537 0.000000
vt 0.338274 0.385213 0.000000
vt 0.355801 0.393546 0.000000
vt 0.001669 0.943541 0.000000
vt 0.018095 0.998331 0.000000
vt 0.072884 0.981905 0.000000
vt 0.135640 0.971174 0.000000
vt 0.918479 0.208706 0.000000
vt 0.800465 0.131207 0.000000
vt 0.707033 0.128583 0.000000
vt 0.037861 0.090488 0.000000
vt 0.310876 0.396539 0.000000
vt 0.573147 0.883464 0.000000
vt 0.573147 0.872594 0.000000
vt 0.570282 0.879118 0.000000
vt 0.571265 0.645862 0.000000
vt 0.001669 0.254190 0.000000
vt 0.124048 0.341298 0.000000
vt 0.510533 0.259848 0.000000
vt 0.009126 0.160433 0.000000
# 5421 texture coordinates

o 5
usemtl Default_1
f 1/3/3 2785/2/2 2/1/1
f 3/7/6 4/6/5 5/5/4
f 6/10/9 7/9/8 8/8/7
f 10/13/12 1182/12/11 11/11/10
f 3983/16/15 12/15/14 13/14/13
f 749/19/18 14/18/17 15/17/16
f 3539/22/21 17/21/20 3141/20/19
f 18/25/24 19/24/23 20/23/22
f 4335/28/27 3725/27/26 3659/26/25
f 3469/31/30 21/30/29 3709/29/28
f 23/34/33 4375/33/32 24/32/31
f 22/37/36 1441/36/35 25/35/34
f 1441/36/35 26/38/37 25/35/34
f 27/41/40 28/40/39 29/39/38
f 30/44/43 31/43/42 32/42/41
f 34/47/46 35/46/45 36/45/44
f 38/50/49 39/49/48 2704/48/47
f 42/53/52 4052/52/51 43/51/50
f 56/56/55 44/55/54 2925/54/53
f 45/59/58 46/58/57 47/57/56
f 1209/62/61 1620/61/60 48/60/59
f 49/65/64 50/64/63 51/63/62
f 52/68/67 53/67/66 54/66/65
f 57/71/69 55/70/68 56/69/55
f 58/73/70 56/69/55 2925/72/53
f 59/76/73 60/75/72 61/74/71
f 62/79/76 63/78/75 64/77/74
f 65/82/79 41/81/78 66/80/77
f 67/85/82 68/84/81 69/83/80
f 70/88/85 71/87/84 72/86/83
f 66/80/77 114/89/86 65/82/79
f 51/92/62 75/91/88 76/90/87
f 77/95/91 78/94/90 79/93/89
f 80/98/94 87/97/93 81/96/92
f 76/90/87 61/74/71 60/75/72
f 82/101/97 83/100/96 84/99/95
f 85/104/100 3056/103/99 2497/102/98
f 89/106/102 41/81/78 40/105/101
f 77/95/91 87/97/93 78/94/90
f 80/98/94 78/94/90 87/97/93
f 41/81/78 88/107/103 66/80/77
f 41/81/78 89/106/102 88/107/103
f 114/89/86 66/80/77 88/107/103
f 114/89/86 88/107/103 89/106/102
f 90/110/106 91/109/105 92/108/104
f 96/113/109 97/112/108 98/111/107
f 101/116/112 2061/115/111 102/114/110
f 103/119/115 93/118/114 99/117/113
f 104/121/117 84/99/95 105/120/116
f 106/124/120 107/123/119 108/122/118
f 95/127/123 3697/126/122 109/125/121
f 110/130/126 111/129/125 112/128/124
f 113/132/128 114/89/86 115/131/127
f 117/135/131 116/134/130 118/133/129
f 135/136/132 114/89/86 113/132/128
f 119/139/135 120/138/134 121/137/133
f 113/142/128 115/141/127 122/140/136
f 4284/145/139 4291/144/138 1762/143/137
f 138/148/142 126/147/141 127/146/140
f 128/151/145 129/150/144 130/149/143
f 4291/144/138 73/152/146 1762/143/137
f 3915/155/149 132/154/148 133/153/147
f 134/158/151 135/157/132 136/156/150
f 135/136/132 137/160/152 136/159/150
f 138/148/142 139/162/154 140/161/153
f 137/160/152 135/136/132 113/132/128
f 141/165/157 142/164/156 143/163/155
f 144/168/160 3398/167/159 145/166/158
f 147/171/163 152/170/162 148/169/161
f 150/174/166 149/173/165 2084/172/164
f 151/175/167 136/159/150 137/160/152
f 161/178/170 154/177/169 155/176/168
f 161/178/170 144/179/160 154/177/169
f 156/181/172 153/180/171 113/142/128
f 154/177/169 144/179/160 3051/182/173
f 157/184/175 138/148/142 158/183/174
f 144/179/160 4349/185/176 3051/182/173
f 159/188/179 160/187/178 1360/186/177
f 165/191/182 166/190/181 167/189/180
f 156/181/172 163/192/183 153/180/171
f 168/195/186 169/194/185 170/193/184
f 171/198/189 172/197/188 173/196/187
f 174/201/192 175/200/191 176/199/190
f 177/202/193 163/192/183 156/181/172
f 172/197/188 178/203/194 173/196/187
f 179/205/196 180/204/195 178/203/194
f 181/208/199 182/207/198 4270/206/197
f 212/211/202 183/210/201 184/209/200
f 164/213/204 177/202/193 185/212/203
f 185/212/203 177/202/193 186/214/205
f 187/217/208 188/216/207 189/215/206
f 192/220/211 193/219/210 2163/218/209
f 4090/223/214 195/222/213 196/221/212
f 197/226/217 2131/225/216 198/224/215
f 201/229/220 191/228/219 190/227/218
f 202/232/223 203/231/222 204/230/221
f 200/235/226 205/234/225 206/233/224
f 207/238/229 208/237/228 209/236/227
f 210/241/231 211/240/230 212/239/202
f 1772/244/234 1019/243/233 213/242/232
f 205/246/225 214/245/235 206/233/224
f 214/245/235 2008/247/236 206/233/224
f 206/233/224 2008/247/236 200/235/226
f 2008/250/236 215/249/237 200/248/226
f 216/253/240 217/252/239 218/251/238
f 219/256/243 220/255/242 221/254/241
f 222/259/246 223/258/245 224/257/244
f 225/262/249 226/261/248 227/260/247
f 232/265/252 228/264/251 3514/263/250
f 229/268/255 230/267/254 231/266/253
f 231/266/253 4266/269/256 229/268/255
f 3319/270/257 3514/263/250 228/264/251
f 233/273/260 234/272/259 235/271/258
f 236/276/263 237/275/262 238/274/261
f 239/279/266 3508/278/265 240/277/264
f 228/264/251 2360/281/268 2361/280/267
f 241/284/271 242/283/270 243/282/269
f 244/286/273 245/285/272 243/282/269
f 246/289/276 247/288/275 248/287/274
f 249/292/277 245/291/272 244/290/273
f 250/295/280 3279/294/279 251/293/278
f 243/282/269 253/296/281 244/286/273
f 254/299/284 255/298/283 256/297/282
f 4343/302/287 257/301/286 258/300/285
f 261/305/290 262/304/289 3020/303/288
f 263/306/291 262/304/289 261/305/290
f 263/306/291 264/307/292 262/304/289
f 262/304/289 264/307/292 265/308/293
f 3020/303/288 262/304/289 265/308/293
f 266/311/296 267/310/295 268/309/294
f 269/314/299 3504/313/298 270/312/297
f 271/317/302 272/316/301 273/315/300
f 274/320/305 283/319/304 275/318/303
f 276/323/308 2530/322/307 277/321/306
f 278/326/311 279/325/310 280/324/309
f 281/328/313 255/298/283 282/327/312
f 285/331/316 286/330/315 287/329/314
f 288/334/319 289/333/318 290/332/317
f 291/337/322 292/336/321 293/335/320
f 3800/340/325 294/339/324 295/338/323
f 296/343/328 297/342/327 298/341/326
f 2836/344/329 298/341/326 297/342/327
f 299/347/332 300/346/331 301/345/330
f 302/349/334 303/348/333 283/319/304
f 304/350/335 281/328/313 282/327/312
f 298/341/326 2836/344/329 305/351/336
f 306/354/339 307/353/338 2106/352/337
f 2960/357/342 308/356/341 309/355/340
f 310/360/345 311/359/344 312/358/343
f 313/363/348 314/362/347 315/361/346
f 316/364/349 309/355/340 308/356/341
f 317/367/352 318/366/351 4414/365/350
f 319/370/355 320/369/354 321/368/353
f 323/372/357 322/371/356 318/366/351
f 302/349/334 324/373/358 303/348/333
f 325/376/361 326/375/360 327/374/359
f 328/379/364 3324/378/363 329/377/362
f 330/382/367 331/381/366 4397/380/365
f 332/385/370 333/384/369 334/383/368
f 335/388/373 336/387/372 337/386/371
f 338/391/376 344/390/375 342/389/374
f 339/394/379 340/393/378 341/392/377
f 343/395/380 338/391/376 342/389/374
f 333/384/369 332/385/370 324/373/358
f 343/396/380 344/390/375 338/391/376
f 345/399/383 346/398/382 4191/397/381
f 347/402/386 348/401/385 349/400/384
f 348/401/385 347/402/386 350/403/387
f 316/364/349 351/405/389 352/404/388
f 344/408/375 343/407/380 353/406/390
f 366/411/393 358/410/392 359/409/391
f 2099/414/396 356/413/395 360/412/394
f 361/417/399 362/416/398 363/415/397
f 370/420/402 365/419/401 385/418/400
f 364/421/403 385/418/400 365/419/401
f 3501/424/406 368/423/405 369/422/404
f 370/427/402 381/426/408 354/425/407
f 4053/430/411 371/429/410 372/428/409
f 360/412/394 373/432/413 374/431/412
f 376/435/416 377/434/415 378/433/414
f 379/437/418 380/436/417 381/426/408
f 382/440/421 383/439/420 384/438/419
f 375/441/422 385/418/400 364/421/403
f 373/432/413 386/442/423 374/431/412
f 387/443/424 386/442/423 373/432/413
f 390/446/427 391/445/426 392/444/425
f 393/449/430 394/448/429 395/447/428
f 1595/452/433 1102/451/432 2396/450/431
f 396/455/436 397/454/435 398/453/434
f 399/458/439 388/457/438 389/456/437
f 400/461/442 401/460/441 402/459/440
f 403/464/445 404/463/444 405/462/443
f 406/467/448 3642/466/447 4214/465/446
f 407/470/451 408/469/450 409/468/449
f 410/473/454 4378/472/453 411/471/452
f 412/476/457 413/475/456 414/474/455
f 415/479/459 416/478/458 408/477/450
f 417/482/462 2738/481/461 418/480/460
f 419/483/463 414/474/455 413/475/456
f 437/485/465 420/484/464 377/434/415
f 421/488/468 422/487/467 423/486/466
f 424/491/471 425/490/470 123/489/469
f 426/494/474 427/493/473 428/492/472
f 429/497/476 409/496/449 430/495/475
f 4145/500/479 431/499/478 1051/498/477
f 427/493/473 4211/501/480 428/492/472
f 4211/501/480 427/493/473 432/502/481
f 433/505/484 3712/504/483 3344/503/482
f 434/508/487 435/507/486 436/506/485
f 438/511/490 439/510/489 440/509/488
f 896/514/493 2657/513/492 2656/512/491
f 4173/516/495 162/515/494 161/178/170
f 445/519/498 446/518/497 441/517/496
f 447/522/501 448/521/500 449/520/499
f 450/525/504 451/524/503 452/523/502
f 453/528/507 454/527/506 455/526/505
f 456/531/510 457/530/509 458/529/508
f 459/534/513 460/533/512 4356/532/511
f 461/537/516 462/536/515 4071/535/514
f 43/51/50 4052/52/51 463/538/517
f 464/541/520 465/540/519 466/539/518
f 467/544/523 468/543/522 2268/542/521
f 469/547/526 470/546/525 4253/545/524
f 471/550/529 472/549/528 1963/548/527
f 473/553/532 474/552/531 475/551/530
f 476/556/535 477/555/534 478/554/533
f 3235/559/538 37/558/537 33/557/536
f 479/562/541 480/561/540 481/560/539
f 482/565/544 483/564/543 484/563/542
f 485/568/547 486/567/546 487/566/545
f 3797/571/550 488/570/549 489/569/548
f 490/573/552 491/572/551 103/119/115
f 216/253/240 492/575/554 493/574/553
f 494/578/557 495/577/556 496/576/555
f 497/581/560 498/580/559 499/579/558
f 500/584/563 501/583/562 502/582/561
f 503/587/566 504/586/565 968/585/564
f 505/590/569 506/589/568 507/588/567
f 508/593/572 4236/592/571 509/591/570
f 510/596/575 511/595/574 512/594/573
f 4197/599/578 513/598/577 514/597/576
f 515/602/581 516/601/580 517/600/579
f 518/605/584 519/604/583 520/603/582
f 183/210/201 521/606/585 184/209/200
f 522/609/588 4183/608/587 523/607/586
f 524/612/591 836/611/590 525/610/589
f 887/615/594 526/614/593 527/613/592
f 483/564/543 482/565/544 528/616/595
f 529/619/598 530/618/597 531/617/596
f 532/622/601 533/621/600 534/620/599
f 535/625/604 536/624/603 537/623/602
f 538/628/607 539/627/606 540/626/605
f 541/630/609 542/629/608 469/547/526
f 543/633/612 544/632/611 545/631/610
f 546/636/615 547/635/614 548/634/613
f 3927/638/617 549/637/616 159/188/179
f 550/641/620 551/640/619 2950/639/618
f 552/643/622 3193/642/621 227/260/247
f 428/492/472 4211/501/480 553/644/623
f 554/647/626 555/646/625 556/645/624
f 2779/650/629 557/649/628 558/648/627
f 559/653/632 560/652/631 561/651/630
f 562/656/635 563/655/634 564/654/633
f 565/659/638 4208/658/637 566/657/636
f 567/661/640 18/25/24 568/660/639
f 570/664/643 571/663/642 572/662/641
f 2174/667/646 2181/666/645 573/665/644
f 141/165/157 574/669/648 2277/668/647
f 575/672/651 576/671/650 577/670/649
f 578/674/653 579/673/652 267/310/295
f 376/435/416 378/433/414 4006/675/654
f 3792/677/656 580/676/655 232/265/252
f 301/345/330 581/679/658 582/678/657
f 583/682/661 2002/681/660 2942/680/659
f 61/74/71 584/684/663 585/683/662
f 531/617/596 586/686/665 587/685/664
f 2005/689/668 588/688/667 589/687/666
f 2699/692/671 590/691/670 591/690/669
f 592/695/674 593/694/673 594/693/672
f 595/697/676 596/696/675 594/693/672
f 3735/700/679 597/699/678 598/698/677
f 599/703/682 600/702/681 601/701/680
f 602/706/685 603/705/684 604/704/683
f 605/709/688 606/708/687 607/707/686
f 1283/712/691 608/711/690 609/710/689
f 608/715/690 610/714/692 609/713/689
f 611/717/694 437/485/465 612/716/693
f 439/510/489 613/718/695 440/509/488
f 614/721/698 615/720/697 616/719/696
f 617/724/701 618/723/700 619/722/699
f 620/727/704 621/726/703 622/725/702
f 623/729/706 459/534/513 624/728/705
f 625/732/709 626/731/708 627/730/707
f 628/735/712 4170/734/711 4038/733/710
f 629/738/715 630/737/714 631/736/713
f 632/741/718 633/740/717 634/739/716
f 635/744/721 663/743/720 636/742/719
f 637/747/724 638/746/723 639/745/722
f 3279/294/279 640/748/725 251/293/278
f 641/751/728 642/750/727 643/749/726
f 644/753/730 211/240/230 645/752/729
f 2859/756/732 523/755/586 646/754/731
f 647/759/735 648/758/734 649/757/733
f 650/762/738 651/761/737 652/760/736
f 653/765/741 654/764/740 655/763/739
f 3449/767/743 656/766/742 402/459/440
f 1783/770/746 3781/769/745 657/768/744
f 658/772/748 120/138/134 659/771/747
f 660/775/751 661/774/750 662/773/749
f 663/743/720 664/777/753 665/776/752
f 666/780/756 667/779/755 668/778/754
f 2704/48/47 669/781/757 38/50/49
f 670/783/759 598/698/677 671/782/758
f 672/786/762 673/785/761 674/784/760
f 675/788/764 221/254/241 676/787/763
f 677/791/767 3567/790/766 4004/789/765
f 678/794/770 4056/793/769 679/792/768
f 680/797/773 2712/796/772 681/795/771
f 682/800/776 683/799/775 684/798/774
f 685/803/779 686/802/778 687/801/777
f 321/368/353 320/369/354 688/804/780
f 689/807/783 690/806/782 691/805/781
f 692/810/786 693/809/785 3945/808/784
f 694/811/787 495/577/556 494/578/557
f 524/612/591 525/610/589 695/812/788
f 696/815/791 697/814/790 4085/813/789
f 698/818/794 699/817/793 700/816/792
f 701/821/797 702/820/796 703/819/795
f 704/824/800 1426/823/799 705/822/798
f 706/826/802 456/531/510 707/825/801
f 378/433/414 708/828/804 709/827/803
f 4006/675/654 378/433/414 710/829/805
f 711/831/807 3236/830/806 15/17/16
f 712/833/809 713/832/808 43/51/50
f 714/836/812 715/835/811 716/834/810
f 717/839/815 718/838/814 719/837/813
f 2212/842/818 720/841/817 721/840/816
f 722/844/820 723/843/819 22/37/36
f 52/68/67 4094/846/822 724/845/821
f 725/847/823 463/538/517 490/573/552
f 726/850/826 727/849/825 3975/848/824
f 728/853/829 729/852/828 730/851/827
f 731/856/832 1296/855/831 732/854/830
f 733/859/835 734/858/834 735/857/833
f 500/584/563 736/860/836 501/583/562
f 1296/855/831 737/862/838 738/861/837
f 709/827/803 708/828/804 739/863/839
f 708/828/804 1000/864/840 739/863/839
f 740/867/843 741/866/842 742/865/841
f 743/870/846 744/869/845 745/868/844
f 634/739/716 746/872/848 747/871/847
f 748/873/849 165/191/182 167/189/180
f 3236/830/806 749/19/18 15/17/16
f 749/19/18 13/14/13 12/15/14
f 134/158/151 2196/874/850 135/157/132
f 1627/875/851 680/797/773 681/795/771
f 2116/878/854 4249/877/853 750/876/852
f 751/881/857 2646/880/856 752/879/855
f 753/884/860 754/883/859 755/882/858
f 756/886/862 683/799/775 3922/885/861
f 757/888/864 240/277/264 758/887/863
f 759/891/867 760/890/866 761/889/865
f 761/889/865 760/890/866 762/892/868
f 179/205/196 763/893/869 191/228/219
f 110/130/126 764/894/870 111/129/125
f 765/897/873 766/896/872 767/895/871
f 768/900/875 769/899/874 123/898/469
f 427/493/473 426/494/474 4040/901/876
f 770/904/879 771/903/878 772/902/877
f 773/907/881 249/906/277 774/905/880
f 775/908/882 245/291/272 249/292/277
f 869/911/885 776/910/884 777/909/883
f 779/913/887 233/273/260 780/912/886
f 1343/916/890 781/915/889 4117/914/888
f 1315/919/893 782/918/892 783/917/891
f 754/922/859 784/921/895 785/920/894
f 2078/925/898 786/924/897 3354/923/896
f 787/928/901 3577/927/900 788/926/899
f 789/931/904 3042/930/903 790/929/902
f 4073/933/906 655/763/739 2663/932/905
f 4167/936/909 791/935/908 792/934/907
f 4/6/5 793/938/911 794/937/910
f 795/941/914 2468/940/913 796/939/912
f 797/943/916 789/931/904 798/942/915
f 799/946/919 800/945/918 801/944/917
f 802/949/922 803/948/921 804/947/920
f 805/952/925 806/951/924 807/950/923
f 1192/955/928 808/954/927 809/953/926
f 810/957/930 22/37/36 811/956/929
f 812/958/931 22/37/36 810/957/930
f 813/960/933 233/273/260 814/959/932
f 815/963/936 816/962/935 817/961/934
f 818/966/939 819/965/938 820/964/937
f 782/918/892 1315/919/893 821/967/940
f 775/908/882 822/968/941 245/291/272
f 598/971/677 823/970/943 824/969/942
f 825/974/946 826/973/945 827/972/944
f 828/977/949 829/976/948 830/975/947
f 831/980/952 832/979/951 833/978/950
f 86/983/955 3946/982/954 834/981/953
f 835/985/957 836/611/590 837/984/956
f 838/987/959 839/986/958 4085/813/789
f 502/582/561 501/583/562 840/988/960
f 841/991/963 842/990/962 843/989/961
f 844/992/964 625/732/709 627/730/707
f 845/995/967 846/994/966 847/993/965
f 848/998/970 849/997/969 850/996/968
f 851/1001/973 852/1000/972 853/999/971
f 854/1004/976 4032/1003/975 855/1002/974
f 856/1006/978 123/898/469 857/1005/977
f 858/1009/981 859/1008/980 860/1007/979
f 4167/936/909 861/1010/982 791/935/908
f 862/1013/985 863/1012/984 864/1011/983
f 478/554/533 477/555/534 865/1014/986
f 3468/1016/988 858/1009/981 1941/1015/987
f 866/1019/991 867/1018/990 868/1017/989
f 1258/1022/992 869/1021/885 777/1020/883
f 870/1025/995 871/1024/994 872/1023/993
f 1018/1028/998 873/1027/997 874/1026/996
f 875/1029/999 683/799/775 682/800/776
f 876/1031/1001 534/620/599 877/1030/1000
f 878/1034/1004 879/1033/1003 880/1032/1002
f 1397/1035/1005 90/110/106 92/108/104
f 881/1038/1008 882/1037/1007 883/1036/1006
f 553/1041/623 2069/1040/1010 884/1039/1009
f 426/1044/474 885/1043/1011 4040/1042/876
f 4006/675/654 710/829/805 886/1045/1012
f 887/615/594 888/1047/1014 889/1046/1013
f 3975/848/824 890/1048/1015 726/850/826
f 891/1051/1018 892/1050/1017 893/1049/1016
f 894/1053/1020 3713/1052/1019 3042/930/903
f 895/1055/1022 896/514/493 897/1054/1021
f 2837/1058/1025 898/1057/1024 899/1056/1023
f 900/1059/1026 277/321/306 2530/322/307
f 901/1062/1029 902/1061/1028 903/1060/1027
f 904/1065/1032 4192/1064/1031 905/1063/1030
f 2196/874/850 906/1067/1034 907/1066/1033
f 908/1069/1035 114/1068/86 135/157/132
f 909/1072/1038 2956/1071/1037 910/1070/1036
f 911/1073/1039 728/853/829 730/851/827
f 912/1076/1042 913/1075/1041 2667/1074/1040
f 914/1078/1044 915/1077/1043 207/238/229
f 916/1081/1047 917/1080/1046 918/1079/1045
f 919/1083/1049 920/1082/1048 918/1079/1045
f 921/1085/1051 409/496/449 922/1084/1050
f 4372/1088/1054 1856/1087/1053 923/1086/1052
f 924/1091/1057 925/1090/1056 926/1089/1055
f 45/59/58 1268/1093/1059 927/1092/1058
f 928/1096/1062 929/1095/1061 930/1094/1060
f 3478/1099/1063 928/1098/1062 930/1097/1060
f 931/1102/1066 932/1101/1065 933/1100/1064
f 934/1105/1069 935/1104/1068 936/1103/1067
f 937/1108/1072 2473/1107/1071 938/1106/1070
f 605/709/688 939/1110/1074 4143/1109/1073
f 72/86/83 940/1112/1076 941/1111/1075
f 942/1115/1079 943/1114/1078 944/1113/1077
f 227/260/247 226/261/248 552/643/622
f 785/920/894 784/921/895 945/1116/1080
f 946/1119/1083 947/1118/1082 100/1117/1081
f 16/1121/1085 948/1120/1084 4375/33/32
f 949/1124/1088 950/1123/1087 951/1122/1086
f 952/1127/1091 953/1126/1090 3870/1125/1089
f 345/399/383 745/868/844 3856/1128/1092
f 954/1130/1094 4357/1129/1093 743/870/846
f 955/1133/1097 3860/1132/1096 956/1131/1095
f 3676/1136/1100 957/1135/1099 958/1134/1098
f 959/1139/1103 960/1138/1102 961/1137/1101
f 962/1142/1106 963/1141/1105 964/1140/1104
f 965/1145/1109 2986/1144/1108 966/1143/1107
f 3228/1147/1111 967/1146/1110 968/585/564
f 969/1150/1114 970/1149/1113 971/1148/1112
f 547/1153/614 972/1152/1115 548/1151/613
f 973/1155/1117 1869/1154/1116 330/382/367
f 974/1158/1120 975/1157/1119 976/1156/1118
f 977/1161/1123 978/1160/1122 979/1159/1121
f 980/1164/1126 4215/1163/1125 981/1162/1124
f 982/1167/1129 983/1166/1128 984/1165/1127
f 985/1170/1132 986/1169/1131 987/1168/1130
f 988/1173/1135 1800/1172/1134 989/1171/1133
f 990/1176/1138 991/1175/1137 992/1174/1136
f 993/1179/1141 994/1178/1140 995/1177/1139
f 957/1135/1099 996/1180/1142 958/1134/1098
f 997/1183/1145 998/1182/1144 999/1181/1143
f 997/1185/1145 1000/864/840 998/1184/1144
f 1001/1188/1148 1002/1187/1147 1003/1186/1146
f 2181/666/645 1007/1189/1149 573/665/644
f 4349/1191/176 144/168/160 1008/1190/1150
f 176/199/190 175/200/191 1009/1192/1151
f 1010/1194/1153 944/1113/1077 1011/1193/1152
f 1012/1195/1154 1011/1193/1152 560/652/631
f 1013/1198/1157 1014/1197/1156 1015/1196/1155
f 1016/1199/1158 147/171/163 148/169/161
f 874/1026/996 1017/1200/1159 1018/1028/998
f 1017/1200/1159 1019/243/233 1772/244/234
f 1020/1202/1161 2684/1201/1160 977/1161/1123
f 2684/1201/1160 1021/1204/1163 1022/1203/1162
f 3965/1206/1165 1023/1205/1164 554/647/626
f 1024/1209/1168 1025/1208/1167 1026/1207/1166
f 1029/1212/1170 6/1211/9 1030/1210/1169
f 592/695/674 2511/1213/1171 593/694/673
f 1031/1216/1174 1032/1215/1173 2829/1214/1172
f 508/1219/572 1033/1218/1175 4236/1217/571
f 765/897/873 1034/1221/1177 1035/1220/1176
f 255/298/283 1036/1223/1179 1037/1222/1178
f 1038/1225/1181 165/191/182 1039/1224/1180
f 777/909/883 776/910/884 1040/1226/1182
f 1041/1229/1185 1042/1228/1184 2298/1227/1183
f 1043/1232/1188 3932/1231/1187 1044/1230/1186
f 1045/1235/1191 1046/1234/1190 1047/1233/1189
f 1048/1238/1194 1049/1237/1193 1050/1236/1192
f 556/1241/624 555/1240/625 2021/1239/1195
f 1051/1244/477 1052/1243/1197 1053/1242/1196
f 1318/1247/1200 1054/1246/1199 1055/1245/1198
f 487/566/545 486/567/546 1056/1248/1201
f 1057/1251/1204 1058/1250/1203 1059/1249/1202
f 1060/1254/1207 3937/1253/1206 1061/1252/1205
f 1062/1257/1210 1063/1256/1209 1064/1255/1208
f 1065/1260/1213 1066/1259/1212 1067/1258/1211
f 1068/1263/1216 1069/1262/1215 1070/1261/1214
f 1071/1266/1219 1072/1265/1218 1073/1264/1217
f 1074/1268/1221 237/275/262 4370/1267/1220
f 4270/206/197 4271/1269/1222 181/208/199
f 203/231/222 1075/1270/1223 204/230/221
f 1076/1273/1225 1077/1272/1224 692/1271/786
f 4101/1275/1227 1033/1218/1175 1078/1274/1226
f 1079/1278/1230 1080/1277/1229 1081/1276/1228
f 793/938/911 1080/1280/1229 1082/1279/1231
f 1083/1283/1234 1084/1282/1233 1085/1281/1232
f 1086/1286/1237 1087/1285/1236 1088/1284/1235
f 1089/1289/1239 755/1288/858 1090/1287/1238
f 605/709/688 607/707/686 939/1110/1074
f 1091/1292/1242 1092/1291/1241 1093/1290/1240
f 1095/1295/1245 1096/1294/1244 1097/1293/1243
f 1098/1298/1248 1099/1297/1247 3569/1296/1246
f 1100/1300/1250 1101/1299/1249 1102/451/432
f 1103/1303/1253 1104/1302/1252 2418/1301/1251
f 1105/1306/1256 1106/1305/1255 1107/1304/1254
f 1107/1304/1254 468/543/522 1108/1307/1257
f 3703/1310/1260 1109/1309/1259 1110/1308/1258
f 787/928/901 1111/1311/1261 3577/927/900
f 1112/1313/1263 1113/1312/1262 3468/1016/988
f 1114/1316/1266 1115/1315/1265 1116/1314/1264
f 1117/1319/1269 1118/1318/1268 1119/1317/1267
f 1119/1317/1267 1120/1320/1270 1117/1319/1269
f 1121/1321/1271 319/370/355 321/368/353
f 690/806/782 1122/1322/1272 691/805/781
f 1123/1323/1273 816/962/935 815/963/936
f 1124/1326/1276 1125/1325/1275 1126/1324/1274
f 1127/1329/1279 1128/1328/1278 1129/1327/1277
f 1130/1332/1282 1131/1331/1281 1132/1330/1280
f 1133/1335/1285 1134/1334/1284 1135/1333/1283
f 1136/1338/1288 1137/1337/1287 1138/1336/1286
f 1139/1340/1290 1140/1339/1289 955/1133/1097
f 1061/1252/1205 3937/1253/1206 1141/1341/1291
f 1142/1344/1294 1143/1343/1293 1144/1342/1292
f 1145/1347/1297 1146/1346/1296 1147/1345/1295
f 1148/1350/1300 1149/1349/1299 1150/1348/1298
f 3119/1353/1303 1153/1352/1302 2995/1351/1301
f 1155/1356/1304 853/1355/971 852/1354/972
f 1156/1359/1306 479/1358/541 1157/1357/1305
f 1158/1362/1309 1159/1361/1308 1160/1360/1307
f 1161/1365/1312 1162/1364/1311 1163/1363/1310
f 2821/1368/1315 1164/1367/1314 1165/1366/1313
f 1166/1371/1318 1167/1370/1317 1168/1369/1316
f 1169/1374/1321 1170/1373/1320 1171/1372/1319
f 1172/1377/1324 1272/1376/1323 1173/1375/1322
f 1174/1379/1326 747/871/847 1175/1378/1325
f 207/238/229 1176/1381/1328 1177/1380/1327
f 731/856/832 732/854/830 1178/1382/1329
f 1179/1383/1330 720/841/817 2212/842/818
f 1180/1386/1333 4350/1385/1332 1181/1384/1331
f 811/956/929 1182/1387/11 810/957/930
f 3882/1389/1335 750/876/852 1183/1388/1334
f 1184/1392/1338 4135/1391/1337 1185/1390/1336
f 211/240/230 1186/1394/1340 1187/1393/1339
f 1188/1397/1343 1189/1396/1342 1190/1395/1341
f 1191/1399/1345 1192/955/928 1193/1398/1344
f 667/779/755 1194/1401/1347 1195/1400/1346
f 1196/1404/1350 1197/1403/1349 1198/1402/1348
f 411/471/452 4378/472/453 1199/1405/1351
f 1200/1408/1354 1201/1407/1353 1202/1406/1352
f 1005/1411/1357 3803/1410/1356 1203/1409/1355
f 1204/1414/1360 1205/1413/1359 2797/1412/1358
f 1059/1249/1202 1058/1250/1203 1206/1415/1361
f 1207/1418/1364 1842/1417/1363 1208/1416/1362
f 618/1420/700 1210/1419/1365 1116/1314/1264
f 1116/1314/1264 2834/1422/1367 1211/1421/1366
f 783/917/891 752/879/855 1212/1423/1368
f 1213/1424/1369 551/640/619 550/641/620
f 1214/1427/1372 1215/1426/1371 1216/1425/1370
f 1217/1430/1375 1218/1429/1374 1219/1428/1373
f 1133/1335/1285 1220/1432/1377 1221/1431/1376
f 1222/1433/1378 886/1045/1012 889/1046/1013
f 11/11/10 1182/12/11 1223/1434/1379
f 1224/1436/1381 1225/1435/1380 902/1061/1028
f 4173/516/495 3398/1437/159 162/515/494
f 1227/1440/1384 1228/1439/1383 1229/1438/1382
f 1230/1443/1387 1231/1442/1386 1232/1441/1385
f 1233/1445/1389 1234/1444/1388 800/945/918
f 4400/1448/1392 1235/1447/1391 1236/1446/1390
f 1237/1451/1395 1238/1450/1394 1239/1449/1393
f 1240/1454/1398 1241/1453/1397 1242/1452/1396
f 1243/1456/1400 1244/1455/1399 422/487/467
f 1245/1459/1403 1246/1458/1402 1247/1457/1401
f 1248/1462/1406 1249/1461/1405 1250/1460/1404
f 867/1018/990 1251/1463/1407 868/1017/989
f 1252/1466/1410 1253/1465/1409 1254/1464/1408
f 1255/1469/1413 1256/1468/1412 1257/1467/1411
f 1258/1022/992 1259/1471/1415 1260/1470/1414
f 1261/1473/1417 1262/1472/1416 982/1167/1129
f 1263/1476/1419 1261/1475/1417 1264/1474/1418
f 1265/1479/1422 1266/1478/1421 2200/1477/1420
f 3580/1481/1424 715/835/811 1267/1480/1423
f 2301/1483/1426 2701/1482/1425 1268/1093/1059
f 1269/1486/1429 1270/1485/1428 1271/1484/1427
f 629/738/715 1272/1376/1323 1172/1377/1324
f 1273/1489/1432 1274/1488/1431 1275/1487/1430
f 1197/1492/1349 1276/1491/1434 1277/1490/1433
f 399/458/439 1278/1494/1435 379/1493/418
f 1279/1497/1438 1280/1496/1437 1281/1495/1436
f 1282/1498/1439 1283/712/691 1281/1495/1436
f 757/888/864 756/886/862 3922/885/861
f 1018/1501/998 2525/1500/1441 1284/1499/1440
f 1285/1504/1444 1286/1503/1443 1287/1502/1442
f 1288/1507/1447 1289/1506/1446 1290/1505/1445
f 1291/1510/1450 1292/1509/1449 1293/1508/1448
f 1042/1513/1184 1294/1512/1452 1305/1511/1451
f 1296/855/831 738/861/837 3305/1514/1453
f 1297/1517/1456 1298/1516/1455 1299/1515/1454
f 3621/1520/1459 1300/1519/1458 1301/1518/1457
f 1105/1306/1256 1250/1522/1404 1249/1521/1405
f 891/1051/1018 893/1049/1016 1303/1523/1460
f 3093/1525/1462 514/597/576 1304/1524/1461
f 4353/1527/1464 1274/1488/1431 2935/1526/1463
f 1308/1529/1466 53/67/66 1309/1528/1465
f 1310/1531/1468 1311/1530/1467 220/255/242
f 1312/1534/1471 1313/1533/1470 1314/1532/1469
f 1315/919/893 1316/1536/1473 1317/1535/1472
f 1054/1539/1199 1318/1538/1200 1319/1537/1474
f 283/319/304 303/348/333 1320/1540/1475
f 1321/1541/1476 2960/357/342 1125/1325/1275
f 287/329/314 1322/1542/1477 285/331/316
f 1323/1545/1480 1324/1544/1479 1325/1543/1478
f 2394/1548/1483 4189/1547/1482 1326/1546/1481
f 3284/1549/1484 970/1149/1113 969/1150/1114
f 1327/1550/1485 104/121/117 105/120/116
f 1328/1553/1488 1329/1552/1487 1330/1551/1486
f 1331/1556/1491 1332/1555/1490 1333/1554/1489
f 1217/1430/1375 1214/1427/1372 1334/1557/1492
f 562/656/635 1335/1558/1493 563/655/634
f 1336/1560/1495 1337/1559/1494 500/584/563
f 1299/1515/1454 1338/1561/1496 1297/1517/1456
f 236/276/263 238/274/261 1339/1562/1497
f 1340/1565/1500 1341/1564/1499 1342/1563/1498
f 1290/1568/1445 1289/1567/1446 1343/1566/890
f 257/301/286 2591/1569/1501 258/300/285
f 1344/1572/1504 1971/1571/1503 1345/1570/1502
f 1346/1574/1506 1347/1573/1505 291/337/322
f 823/1577/943 1348/1576/1508 1349/1575/1507
f 673/785/761 1350/1579/1509 1348/1578/1508
f 1351/1582/1512 1352/1581/1511 1353/1580/1510
f 1354/1585/1515 1355/1584/1514 1356/1583/1513
f 1357/1588/1518 1358/1587/1517 2288/1586/1516
f 1359/1590/1520 1360/186/177 1361/1589/1519
f 1315/919/893 1362/1591/1521 1316/1536/1473
f 1363/1594/1524 1364/1593/1523 1365/1592/1522
f 1366/1596/1526 1322/1542/1477 4366/1595/1525
f 3544/1598/1528 698/818/794 1367/1597/1527
f 4027/1601/1531 1368/1600/1530 1369/1599/1529
f 1370/1604/1534 1371/1603/1533 1372/1602/1532
f 1373/1605/1535 505/590/569 507/588/567
f 2901/1608/1538 3434/1607/1537 1374/1606/1536
f 3216/1611/1541 1375/1610/1540 1376/1609/1539
f 1375/1610/1540 4029/1612/1542 1376/1609/1539
f 1377/1615/1545 1378/1614/1544 2659/1613/1543
f 3835/1616/1546 4027/1601/1531 1369/1599/1529
f 248/287/274 1379/1617/1547 246/289/276
f 1380/1618/1548 1344/1572/1504 829/976/948
f 743/870/846 4357/1129/1093 1381/1619/1549
f 1382/1621/1551 3800/340/325 1383/1620/1550
f 1384/1624/1554 1385/1623/1553 1386/1622/1552
f 1387/1627/1557 1004/1626/1556 1388/1625/1555
f 4403/1630/1560 1389/1629/1559 1390/1628/1558
f 1391/1633/1563 1392/1632/1562 1393/1631/1561
f 1394/1635/1565 528/616/595 1395/1634/1564
f 1398/1638/1568 1399/1637/1567 1400/1636/1566
f 1401/1641/1571 1402/1640/1570 1403/1639/1569
f 1404/1644/1574 1405/1643/1573 1406/1642/1572
f 1168/1369/1316 1407/1645/1575 1166/1371/1318
f 753/1647/860 1894/1646/1576 754/922/859
f 754/922/859 1894/1646/1576 784/921/895
f 1408/1650/1579 1409/1649/1578 1410/1648/1577
f 1410/1653/1577 2769/1652/1581 1411/1651/1580
f 1412/1656/1584 1413/1655/1583 1414/1654/1582
f 1038/1225/1181 1415/1657/1585 746/872/848
f 1706/1660/1588 1416/1659/1587 1417/1658/1586
f 3735/700/679 598/698/677 670/783/759
f 363/415/397 1418/1661/1589 328/379/364
f 1419/1664/1592 1420/1663/1591 1421/1662/1590
f 1424/1666/1594 575/672/651 1425/1665/1593
f 1426/823/799 1427/1668/1596 1428/1667/1595
f 2312/1671/1599 1429/1670/1598 1430/1669/1597
f 1385/1623/1553 1384/1624/1554 1431/1672/1600
f 1432/1675/1602 1384/1674/1554 1433/1673/1601
f 1398/1638/1568 1434/1676/1603 1399/1637/1567
f 1435/1678/1604 610/714/692 1013/1677/1157
f 1436/1681/1607 1437/1680/1606 1438/1679/1605
f 1439/1683/1609 1440/1682/1608 1441/36/35
f 1442/1686/1612 1443/1685/1611 1444/1684/1610
f 1445/1689/1615 1446/1688/1614 1447/1687/1613
f 1448/1692/1617 588/1691/667 1449/1690/1616
f 1450/1695/1620 1451/1694/1619 1452/1693/1618
f 141/165/157 1453/1697/1622 1568/1696/1621
f 1568/1696/1621 1454/1698/1623 141/165/157
f 1455/1701/1626 1456/1700/1625 1457/1699/1624
f 1457/1704/1624 785/1703/894 1458/1702/1627
f 1459/1707/1630 1460/1706/1629 1461/1705/1628
f 2009/1710/1633 1462/1709/1632 1463/1708/1631
f 1464/1712/1635 1465/1711/1634 624/728/705
f 1466/1715/1638 1467/1714/1637 1468/1713/1636
f 2314/1718/1641 1469/1717/1640 1470/1716/1639
f 1471/1720/1643 1472/1719/1642 1426/823/799
f 410/473/454 1473/1722/1644 3478/1721/1063
f 410/473/454 497/1724/560 1474/1723/1645
f 1475/1725/1646 657/768/744 465/540/519
f 1476/1728/1649 1477/1727/1648 3715/1726/1647
f 1049/1237/1193 1478/1730/1651 1479/1729/1650
f 1480/1733/1654 1481/1732/1653 1482/1731/1652
f 265/308/293 1726/1735/1656 1483/1734/1655
f 1485/1736/1659 1305/1511/1658 1294/1512/1657
f 1487/1738/1661 1007/1189/1149 1488/1737/1660
f 1489/1740/1663 453/528/507 1490/1739/1662
f 854/1004/976 1491/1742/1665 1492/1741/1664
f 1493/1744/1667 728/853/829 1494/1743/1666
f 718/838/814 307/353/338 719/837/813
f 2821/1368/1315 1165/1366/1313 1495/1745/1668
f 1496/1747/1669 3504/313/298 275/1746/303
f 1497/1749/1671 20/23/22 1498/1748/1670
f 1499/1752/1674 1938/1751/1673 1500/1750/1672
f 1501/1754/1676 266/311/296 1502/1753/1675
f 1503/1757/1679 1504/1756/1678 1505/1755/1677
f 1506/1760/1682 1507/1759/1681 1508/1758/1680
f 1509/1763/1685 1510/1762/1684 1511/1761/1683
f 1512/1765/1687 1074/1268/1221 1513/1764/1686
f 1514/1768/1690 3804/1767/1689 3156/1766/1688
f 2024/1770/1692 1202/1406/1352 1515/1769/1691
f 1516/1772/1694 1517/1771/1693 1301/1518/1457
f 1268/1093/1059 2701/1482/1425 2798/1773/1695
f 1518/1775/1697 833/978/950 1519/1774/1696
f 1520/1777/1699 1521/1776/1698 3659/26/25
f 1522/1779/1701 1225/1435/1380 1777/1778/1700
f 429/497/476 430/495/475 1523/1780/1702
f 1524/1782/1704 1408/1650/1579 1525/1781/1703
f 1983/1783/1705 490/573/552 103/119/115
f 1526/1784/1706 1014/1197/1156 1016/1199/1158
f 235/271/258 2514/1786/1708 1527/1785/1707
f 235/271/258 1528/1787/1709 2514/1786/1708
f 122/140/136 1529/1789/1711 1530/1788/1710
f 1531/1792/1714 1532/1791/1713 1533/1790/1712
f 1534/1795/1717 1535/1794/1716 1536/1793/1715
f 1537/1798/1720 1538/1797/1719 1539/1796/1718
f 678/794/770 2097/1800/1722 1540/1799/1721
f 1024/1209/1168 1541/1802/1724 1542/1801/1723
f 1543/1804/1726 1544/1803/1725 30/44/43
f 329/377/362 3324/378/363 1547/1805/1727
f 1223/1434/1379 1548/1807/1729 1549/1806/1728
f 1550/1810/1732 1551/1809/1731 1552/1808/1730
f 1553/1812/1734 1554/1811/1733 3804/1767/1689
f 1555/1813/1735 1405/1643/1573 1404/1644/1574
f 1556/1816/1738 1557/1815/1737 1954/1814/1736
f 662/773/749 1558/1817/1739 660/775/751
f 1559/1820/1742 1560/1819/1741 3224/1818/1740
f 1492/1741/1664 1561/1822/1744 1562/1821/1743
f 1563/1825/1746 1564/1824/1745 1141/1823/1291
f 1565/1828/1749 1566/1827/1748 2940/1826/1747
f 1567/1830/1751 1568/1696/1621 1569/1829/1750
f 1570/1832/1753 4229/1831/1752 1567/1830/1751
f 3046/1835/1756 1571/1834/1755 1572/1833/1754
f 3/7/6 5/5/4 1573/1836/1757
f 1574/1839/1760 1575/1838/1759 1576/1837/1758
f 1577/1840/1761 474/552/531 473/553/532
f 1578/1843/1764 1579/1842/1763 1580/1841/1762
f 1581/1844/1765 1387/1627/1557 1388/1625/1555
f 1582/1846/1767 1583/1845/1766 1502/1753/1675
f 1584/1847/1768 1365/1592/1522 1364/1593/1523
f 3529/1849/1770 54/66/65 2750/1848/1769
f 1586/1852/1773 1587/1851/1772 1588/1850/1771
f 512/594/573 1589/1853/1774 510/596/575
f 1590/1856/1777 1591/1855/1776 1592/1854/1775
f 1593/1859/1780 1776/1858/1779 1594/1857/1778
f 1100/1300/1250 1595/452/433 1596/1860/1781
f 1597/1862/1783 3533/1861/1782 1162/1364/1311
f 335/388/373 1598/1864/1785 1599/1863/1784
f 1600/1867/1788 1601/1866/1787 1602/1865/1786
f 1603/1868/1789 293/335/320 292/336/321
f 1450/1695/1620 1604/1869/1790 1451/1694/1619
f 3702/1871/1792 202/232/223 3969/1870/1791
f 1605/1874/1795 3556/1873/1794 1606/1872/1793
f 1569/1829/1750 1568/1696/1621 1453/1697/1622
f 1327/1877/1485 1608/1876/1797 1609/1875/1796
f 1401/1880/1571 1403/1879/1569 1610/1878/1798
f 1611/1881/1799 490/573/552 1983/1783/1705
f 1612/1883/1801 1614/1882/1800 897/1054/1021
f 1615/1886/1804 1616/1885/1803 1617/1884/1802
f 808/954/927 1618/1887/1805 809/953/926
f 1190/1395/1341 1619/1888/1806 1188/1397/1343
f 1620/61/60 2611/1890/1808 3381/1889/1807
f 1621/1893/1811 1622/1892/1810 1623/1891/1809
f 2707/1896/1814 1624/1895/1813 1625/1894/1812
f 1626/1898/1816 1627/875/851 1628/1897/1815
f 1629/1900/1818 1630/1899/1817 1628/1897/1815
f 3703/1310/1260 1110/1308/1258 1631/1901/1819
f 1237/1451/1395 1632/1902/1820 1238/1450/1394
f 1525/1781/1703 1408/1650/1579 1633/1903/1821
f 380/436/417 1633/1905/1821 1634/1904/1822
f 846/994/966 845/995/967 1635/1906/1823
f 1636/1909/1826 1637/1908/1825 1638/1907/1824
f 170/1911/184 171/198/189 1639/1910/1827
f 1640/1914/1830 1641/1913/1829 1642/1912/1828
f 3242/1917/1833 4010/1916/1832 1643/1915/1831
f 1620/61/60 1644/1918/1834 48/60/59
f 1525/1919/1703 429/497/476 1523/1780/1702
f 1645/1922/1835 1525/1921/1703 1633/1920/1821
f 3312/1925/1838 4057/1924/1837 4331/1923/1836
f 812/958/931 1646/1927/1840 1647/1926/1839
f 918/1079/1045 1648/1928/1841 919/1083/1049
f 1649/1929/1842 1389/1629/1559 4403/1630/1560
f 1650/1931/1844 1651/1930/1843 629/738/715
f 1651/1930/1843 1652/1933/1846 1653/1932/1845
f 1654/1936/1848 4364/1935/1847 1288/1934/1447
f 2906/1939/1851 4330/1938/1850 1655/1937/1849
f 1656/1942/1854 1657/1941/1853 1704/1940/1852
f 774/905/880 249/906/277 1658/1943/1855
f 1659/1946/1858 1660/1945/1857 1661/1944/1856
f 1662/1949/1861 1663/1948/1860 1664/1947/1859
f 1663/1948/1860 1665/1951/1863 1666/1950/1862
f 1667/1954/1866 1668/1953/1865 1669/1952/1864
f 1670/1957/1869 1671/1956/1868 1672/1955/1867
f 2200/1477/1420 4016/1958/1870 1265/1479/1422
f 1673/1961/1873 1674/1960/1872 4348/1959/1871
f 254/299/284 282/327/312 255/298/283
f 1675/1963/1875 1676/1962/1874 1272/1376/1323
f 2200/1477/1420 1266/1478/1421 1678/1964/1876
f 733/859/835 735/857/833 1679/1965/1877
f 1680/1967/1879 812/958/931 1681/1966/1878
f 1682/1968/1880 1352/1581/1511 1351/1582/1512
f 1683/1970/1882 1684/1969/1881 4284/145/139
f 1685/1972/1884 726/850/826 1686/1971/1883
f 1687/1974/1886 1688/1973/1885 717/839/815
f 1180/1386/1333 1689/1976/1888 2628/1975/1887
f 1690/1978/1890 1549/1806/1728 1691/1977/1889
f 1136/1338/1288 1692/1980/1892 1693/1979/1891
f 4368/1983/1895 1694/1982/1894 1695/1981/1893
f 2168/1986/1898 1696/1985/1897 1697/1984/1896
f 1144/1342/1292 1143/1343/1293 1698/1987/1899
f 1699/1990/1901 1700/1989/1900 2514/1988/1708
f 1701/1993/1904 1702/1992/1903 1703/1991/1902
f 1704/1940/1852 1705/1994/1905 1656/1942/1854
f 1423/1996/1907 1422/1995/1906 1706/1660/1588
f 994/1178/1140 1061/1252/1205 995/1177/1139
f 3676/1999/1100 958/1998/1098 1707/1997/1908
f 1639/2000/1827 1412/1656/1584 1414/1654/1582
f 173/196/187 1639/1910/1827 171/198/189
f 355/2003/1911 3593/2002/1910 4012/2001/1909
f 309/355/340 316/364/349 1708/2004/1912
f 1659/1946/1858 1709/2005/1913 1660/1945/1857
f 603/705/684 600/702/681 604/704/683
f 1710/2008/1916 1711/2007/1915 1712/2006/1914
f 1713/2011/1919 1714/2010/1918 1715/2009/1917
f 1716/2014/1921 3585/2013/1920 1397/2012/1005
f 1717/2017/1923 1718/2016/1922 1397/2015/1005
f 4071/535/514 1719/2018/1924 461/537/516
f 1720/2021/1927 1721/2020/1926 1722/2019/1925
f 1723/2024/1929 1571/2023/1755 1724/2022/1928
f 1571/1834/1755 1725/2026/1930 1724/2025/1928
f 265/308/293 703/819/795 1726/1735/1656
f 701/2029/797 1727/2028/1932 1728/2027/1931
f 3940/2031/1934 993/1179/1141 1729/2030/1933
f 1730/2033/1936 441/517/496 1731/2032/1935
f 441/517/496 1732/2034/1937 571/663/642
f 1718/2016/1922 1733/2035/1938 1397/2015/1005
f 1734/2038/1941 1735/2037/1940 1736/2036/1939
f 1737/2041/1944 1738/2040/1943 1739/2039/1942
f 1740/2044/1945 1739/2043/1942 1738/2042/1943
f 1741/2046/1947 17/21/20 1742/2045/1946
f 1743/2049/1950 1744/2048/1949 1745/2047/1948
f 113/132/128 153/2050/171 137/160/152
f 153/2050/171 151/175/167 137/160/152
f 985/2053/1132 987/2052/1130 1746/2051/1951
f 985/1170/1132 1747/2055/1953 1748/2054/1952
f 615/720/697 3535/2056/1954 616/719/696
f 1749/2058/1956 619/722/699 1750/2057/1955
f 1752/2061/1959 4064/2060/1958 1751/2059/1957
f 1752/2062/1959 1080/1277/1229 35/46/45
f 1753/2065/1962 1754/2064/1961 1755/2063/1960
f 1676/2068/1874 1756/2067/1964 1757/2066/1963
f 1758/2071/1967 1759/2070/1966 1760/2069/1965
f 95/127/123 1761/2072/1968 3697/126/122
f 1684/1969/1881 1762/143/137 1761/2072/1968
f 1454/1698/1623 574/669/648 141/165/157
f 1006/2075/1971 2461/2074/1970 194/2073/1969
f 649/757/733 648/758/734 1763/2076/1972
f 1764/2079/1975 1765/2078/1974 1766/2077/1973
f 1767/2081/1977 1768/2080/1976 1432/1675/1602
f 841/991/963 1615/1886/1804 1617/1884/1802
f 242/283/270 241/284/271 1769/2082/1978
f 241/284/271 1770/2083/1979 1769/2082/1978
f 1771/2084/1980 2514/1988/1708 1700/1989/1900
f 1772/244/234 1773/2085/1981 195/222/213
f 1774/2087/1983 1775/2086/1982 1776/1858/1779
f 1777/1778/1700 3000/2088/1984 1774/2087/1983
f 143/163/155 1778/2089/1985 141/165/157
f 1609/2091/1796 1608/2090/1797 1778/2089/1985
f 1779/2093/1987 1787/2092/1986 1117/1319/1269
f 1780/2095/1989 1781/2094/1988 1779/2093/1987
f 1245/1459/1403 1247/1457/1401 1782/2096/1990
f 1831/2097/1991 1782/2096/1990 1248/1462/1406
f 1783/2098/746 133/153/147 121/137/133
f 657/768/744 1784/2099/1992 1783/770/746
f 1000/864/840 437/485/465 611/717/694
f 1788/2102/1995 1789/2101/1994 1790/2100/1993
f 1791/2105/1998 1792/2104/1997 4141/2103/1996
f 1793/2106/1999 782/918/892 821/967/940
f 1795/2109/2002 1796/2108/2001 1797/2107/2000
f 1798/2112/2005 1799/2111/2004 4254/2110/2003
f 1800/1172/1134 988/1173/1135 1801/2113/2006
f 73/152/146 1802/2114/2007 1354/1585/1515
f 1804/2115/2008 944/1113/1077 1010/1194/1153
f 597/699/678 1805/2116/2009 598/698/677
f 937/1108/1072 2323/2117/2010 2473/1107/1071
f 594/693/672 1806/2118/2011 592/695/674
f 2252/2120/2014 1807/2119/2013 441/517/2012
f 1809/2123/2017 1810/2122/2016 2120/2121/2015
f 2120/2121/2015 1811/2124/2018 1809/2123/2017
f 682/800/776 1329/1552/1487 1328/1553/1488
f 3216/2126/1541 682/800/776 1375/2125/1540
f 1812/2129/2021 1813/2128/2020 2353/2127/2019
f 1814/2131/2023 1506/1760/1682 1815/2130/2022
f 1088/1284/1235 1816/2133/2025 1817/2132/2024
f 128/151/145 130/149/143 1818/2134/2026
f 1819/2137/2029 1820/2136/2028 1821/2135/2027
f 179/205/196 178/203/194 172/197/188
f 4068/2140/2032 1822/2139/2031 1823/2138/2030
f 835/2143/957 837/2142/956 1824/2141/2033
f 836/2146/590 1825/2145/2035 1826/2144/2034
f 221/2149/241 1827/2148/2036 219/2147/243
f 4325/2152/2039 1828/2151/2038 2393/2150/2037
f 2428/2155/2042 2037/2154/2041 2426/2153/2040
f 1831/2097/1991 1248/1462/1406 1832/2156/2043
f 1253/2157/1409 71/87/84 70/88/85
f 1833/2160/2046 1803/2159/2045 1834/2158/2044
f 1835/2163/2049 1836/2162/2048 1837/2161/2047
f 1837/2161/2047 1838/2165/2051 1839/2164/2050
f 1841/2167/2053 106/124/120 2968/2166/2052
f 1208/1416/1362 1842/1417/1363 1148/1350/1300
f 1145/1347/1297 1843/2168/2054 1146/1346/1296
f 1347/1573/1505 1346/1574/1506 1844/2169/2055
f 1845/2171/2057 1347/1573/1505 1846/2170/2056
f 2829/1214/1172 1032/1215/1173 1240/1454/1398
f 1847/2174/2060 1848/2173/2059 1849/2172/2058
f 1850/2177/2063 1851/2176/2062 1852/2175/2061
f 1853/2180/2066 1854/2179/2065 1855/2178/2064
f 1856/2183/1053 929/2182/1061 639/2181/722
f 4337/2186/2068 1857/2185/2067 1856/2184/1053
f 1849/2172/2058 1848/2173/2059 1858/2187/2069
f 1859/2190/2072 3786/2189/2071 1860/2188/2070
f 239/279/266 1861/2192/2074 3507/2191/2073
f 1862/2194/2076 1863/2193/2075 239/279/266
f 1864/2197/2079 1865/2196/2078 1866/2195/2077
f 1827/2148/2036 1867/2199/2081 1868/2198/2080
f 1310/1531/1468 1864/2201/2079 1866/2200/2077
f 1868/2198/2080 219/2147/243 1827/2148/2036
f 975/1157/1119 1869/1154/1116 1870/2202/2082
f 1871/2203/2083 1828/2151/2038 4325/2152/2039
f 1358/1587/1517 1872/2204/2084 2288/1586/1516
f 1873/2205/2085 1582/1846/1767 1502/1753/1675
f 1874/2207/2087 267/310/295 1875/2206/2086
f 1877/2209/2089 1878/2208/2088 972/1152/1115
f 4208/658/637 1879/2210/2090 566/657/636
f 1880/2211/2091 803/948/921 802/949/922
f 554/647/626 4340/2212/2092 555/646/625
f 1026/1207/1166 1025/1208/1167 1881/2213/2093
f 1188/1397/1343 1187/1393/1339 1883/2214/2094
f 1188/1397/1343 1884/2216/2096 1885/2215/2095
f 1886/2219/2099 1887/2218/2098 1888/2217/2097
f 2375/2222/2102 4257/2221/2101 1889/2220/2100
f 1730/2033/1936 421/488/468 1890/2223/2103
f 1730/2033/1936 1890/2223/2103 1891/2224/2104
f 103/119/115 1892/2226/2106 1893/2225/2105
f 1894/1646/1576 753/1647/860 751/881/857
f 1894/1646/1576 1895/2228/2108 2299/2227/2107
f 1896/2231/2111 1897/2230/2110 1898/2229/2109
f 465/540/519 1899/2232/2112 1896/2231/2111
f 1546/2235/2115 1545/2234/2114 1900/2233/2113
f 1546/2235/2115 1900/2233/2113 1901/2236/2116
f 1902/2238/2117 1320/2237/1475 1321/1541/1476
f 1902/2238/2117 1903/2239/2118 1320/2237/1475
f 3333/2242/2121 1904/2241/2120 778/2240/2119
f 1904/2245/2120 1905/2244/2123 1906/2243/2122
f 1064/2248/1208 1907/2247/2124 1062/2246/1210
f 1062/2246/1210 1907/2247/2124 1908/2249/2125
f 3355/2252/2128 3527/2251/2127 1909/2250/2126
f 1910/2255/2131 1911/2254/2130 1912/2253/2129
f 1867/2199/2081 1913/2256/2132 1868/2198/2080
f 1913/2259/2132 1867/2258/2081 1914/2257/2133
f 1915/2262/2136 1916/2261/2135 1917/2260/2134
f 1377/1615/1545 1918/2264/2138 1919/2263/2137
f 1920/2267/2140 1573/2266/1757 1921/2265/2139
f 1921/2269/2139 1573/1836/1757 2384/2268/2141
f 1922/2272/2144 4072/2271/2143 1923/2270/2142
f 1924/2273/2145 1621/1893/1811 1623/1891/1809
f 1925/2275/2147 1926/2274/2146 355/2003/1911
f 1927/2277/2149 316/364/349 1928/2276/2148
f 1929/2280/2152 1930/2279/2151 1931/2278/2150
f 236/276/263 1932/2281/2153 237/275/262
f 1933/2283/2155 1708/2004/1912 2584/2282/2154
f 2584/2282/2154 1708/2004/1912 1934/2284/2156
f 1935/2285/2157 446/518/497 445/519/498
f 1243/1456/1400 1936/2286/2158 1244/1455/1399
f 1027/2289/2160 1937/2288/2159 1938/2287/1673
f 3058/2292/2163 1939/2291/2162 1940/2290/2161
f 1941/1015/987 1573/2266/1757 1942/2293/2164
f 1573/2266/1757 1943/2294/2165 1942/2293/2164
f 1944/2297/2168 4193/2296/2167 1945/2295/2166
f 1946/2299/2170 1947/2298/2169 591/690/669
f 1948/2302/2173 4293/2301/2172 1949/2300/2171
f 1950/2303/2174 1540/1799/1721 2097/1800/1722
f 504/586/565 1951/2304/2175 1/3/3
f 194/2073/1969 2461/2074/1970 1952/2305/2176
f 213/242/232 1773/2085/1981 1772/244/234
f 1953/2308/2177 418/2307/460 2738/2306/461
f 1954/2309/1736 435/507/486 434/508/487
f 1955/2312/2180 1956/2311/2179 3455/2310/2178
f 1070/1261/1214 1957/2314/2182 1958/2313/2181
f 1959/2317/2185 1960/2316/2184 1961/2315/2183
f 1962/2318/2186 1048/1238/1194 1050/1236/1192
f 470/2320/525 1963/548/527 4253/2319/524
f 1964/2321/2187 1579/1842/1763 1578/1843/1764
f 1965/2324/2189 1966/2323/2188 1910/2322/2131
f 1967/2326/2191 124/2325/2190 1095/1295/1245
f 1095/1295/1245 1097/1293/1243 1968/2327/2192
f 1378/1614/1544 1377/1615/1545 1970/2328/2193
f 1972/2329/2194 827/972/944 826/973/945
f 1614/1882/1800 1612/1883/1801 1973/2330/2195
f 1740/2044/1945 1738/2042/1943 1974/2331/2196
f 1605/1874/1795 1975/2333/2198 1976/2332/2197
f 1975/2333/2198 1930/2279/2151 1929/2280/2152
f 1977/2336/2201 1978/2335/2200 2506/2334/2199
f 1979/2339/2204 1980/2338/2203 1981/2337/2202
f 1983/1783/1705 1982/2340/2205 1611/1881/1799
f 1892/2226/2106 1982/2340/2205 1983/1783/1705
f 305/351/336 365/419/401 334/383/368
f 375/441/422 364/421/403 1984/2341/2206
f 1130/1332/1282 1132/1330/1280 1985/2342/2207
f 1986/2345/2210 1987/2344/2209 1988/2343/2208
f 650/762/738 1989/2346/2211 651/761/737
f 1990/2348/2213 1989/2346/2211 1991/2347/2212
f 1183/1388/1334 750/876/852 4249/877/853
f 1035/1220/1176 1034/1221/1177 1183/2349/1334
f 1992/2351/2215 1993/2350/2214 1672/1955/1867
f 487/2354/545 1994/2353/2217 1995/2352/2216
f 1996/2355/2218 104/121/117 1327/1550/1485
f 1997/2357/2220 615/720/697 1998/2356/2219
f 1999/2359/2222 2000/2358/2221 514/597/576
f 2000/2358/2221 2001/2360/2223 1590/1856/1777
f 1022/1203/1162 1021/1204/1163 2002/681/660
f 2003/2362/2225 2004/2361/2224 1565/1828/1749
f 2005/689/668 2006/2364/2227 2007/2363/2226
f 2008/2365/236 1450/1695/1620 1452/1693/1618
f 2009/1710/1633 2010/2367/2229 2011/2366/2228
f 2012/2370/2232 2013/2369/2231 2014/2368/2230
f 2015/2373/2235 2016/2372/2234 2017/2371/2233
f 2017/2371/2233 2018/2375/2237 2019/2374/2236
f 1374/2378/1536 2020/2377/2238 2901/2376/1538
f 2021/1239/1195 2022/2380/2240 2023/2379/2239
f 2024/1770/1692 2025/2381/2241 1580/1841/1762
f 2024/1770/1692 2026/2382/2242 2025/2381/2241
f 2027/2385/2245 4151/2384/2244 2028/2383/2243
f 2032/2388/2248 4070/2387/2247 2033/2386/2246
f 2034/2391/2251 2035/2390/2250 2036/2389/2249
f 104/121/117 2037/2154/2041 84/99/95
f 561/651/630 2038/2392/2252 559/653/632
f 2039/2395/2255 2040/2394/2254 2041/2393/2253
f 1448/1692/1617 2042/2396/2256 588/1691/667
f 1794/2399/2259 2043/2398/2258 2044/2397/2257
f 2045/2401/2261 2922/2400/2260 2040/2394/2254
f 557/649/628 2046/2402/2262 2045/2401/2261
f 898/1057/1024 264/2403/292 899/1056/1023
f 703/819/795 265/308/293 2047/2404/2263
f 1894/1646/1576 2299/2227/2107 2048/2405/2264
f 2049/2408/2267 2050/2407/2266 2051/2406/2265
f 2052/2409/2268 1169/1374/1321 1171/1372/1319
f 2053/2411/2270 2054/2410/2269 123/898/469
f 2055/2414/2273 2056/2413/2272 3006/2412/2271
f 2057/2416/2275 3006/2412/2271 2058/2415/2274
f 1566/1827/1748 1565/1828/1749 2059/2417/2276
f 1867/2199/2081 1827/2148/2036 2060/2418/2277
f 1967/2326/2191 1095/1295/1245 2061/115/111
f 1227/1440/1384 2061/115/111 101/116/112
f 2062/2420/2279 404/463/444 2063/2419/2278
f 2064/2423/2282 2065/2422/2281 2066/2421/2280
f 920/1082/1048 2067/2424/2283 918/1079/1045
f 2067/2427/2283 916/2426/1047 918/2425/1045
f 380/436/417 2068/2428/2284 1633/1905/1821
f 2068/2429/2284 1645/1922/1835 1633/1920/1821
f 3501/424/406 2070/2431/2286 2071/2430/2285
f 2072/2434/2289 2073/2433/2288 2074/2432/2287
f 2075/2437/2292 2076/2436/2291 2077/2435/2290
f 1631/1901/1819 1110/1308/1258 2079/2438/2293
f 1220/1432/1377 1133/1335/1285 1135/1333/1283
f 2080/2441/2296 2081/2440/2295 2082/2439/2294
f 2083/2442/2297 1642/1912/1828 2084/172/164
f 2085/2445/2300 2086/2444/2299 2087/2443/2298
f 2088/2448/2303 3416/2447/2302 3770/2446/2301
f 3770/2446/2301 3416/2447/2302 1280/2449/1437
f 2089/2452/2306 2090/2451/2305 2091/2450/2304
f 1083/1283/1234 1085/1281/1232 2092/2453/2307
f 2093/2454/2308 1784/2099/1992 657/768/744
f 2093/2454/2308 657/768/744 1475/1725/1646
f 2094/2457/2311 3749/2456/2310 2095/2455/2309
f 2096/2459/2313 2097/1800/1722 2098/2458/2312
f 356/413/395 2099/414/396 2100/2460/2314
f 2101/2463/2315 1286/2462/1443 257/2461/286
f 2102/2465/2317 2103/2464/2316 2821/1368/1315
f 2104/2467/2319 848/998/970 3954/2466/2318
f 2105/2469/2321 1293/1508/1448 3895/2468/2320
f 1263/2471/1419 2108/2470/2322 550/641/620
f 4303/2473/2324 2109/2472/2323 1192/955/928
f 1192/955/928 2109/2472/2323 1193/1398/1344
f 681/2476/771 2712/2475/772 2110/2474/2325
f 2111/2479/2327 1561/2478/1744 2112/2477/2326
f 1762/143/137 3910/2480/2328 1761/2072/1968
f 732/854/830 46/58/57 2113/2481/2329
f 732/854/830 936/1103/1067 1178/1382/1329
f 1074/1268/1221 4370/1267/1220 1513/1764/1686
f 1930/2279/2151 2114/2483/2331 2115/2482/2330
f 765/2486/873 1035/2485/1176 2116/2484/854
f 2117/2489/2334 2118/2488/2333 2119/2487/2332
f 1810/2492/2016 2320/2491/2335 2120/2490/2015
f 2120/2121/2015 2344/2493/2336 1811/2124/2018
f 2121/2496/2339 2122/2495/2338 2123/2494/2337
f 2122/2499/2338 2124/2498/2340 2123/2497/2337
f 948/1120/1084 2125/2501/2342 2126/2500/2341
f 14/18/17 901/1062/1029 903/1060/1027
f 672/2504/762 2127/2503/2343 938/2502/1070
f 153/180/171 163/192/183 164/213/204
f 2128/2507/2346 2129/2506/2345 2275/2505/2344
f 2275/2505/2344 2129/2506/2345 2130/2508/2347
f 1702/1992/1903 2131/225/216 2132/2509/2348
f 2041/2393/2253 1485/1736/1659 2133/2510/2349
f 740/867/843 2134/2512/2351 2135/2511/2350
f 896/514/493 2136/2514/2353 2137/2513/2352
f 4110/2517/2356 2138/2516/2355 2139/2515/2354
f 1530/1788/1710 2140/2518/2357 2138/2516/2355
f 2141/2521/2360 2142/2520/2359 2143/2519/2358
f 1946/2299/2170 2143/2519/2358 2144/2522/2361
f 2145/2524/2363 2146/2523/2362 967/1146/1110
f 2147/2527/2365 2148/2526/2364 2145/2525/2363
f 1265/1479/1422 2149/2529/2367 2150/2528/2366
f 3580/2532/1424 2151/2531/2369 2152/2530/2368
f 2153/2534/2371 2154/2533/2370 165/191/182
f 2155/2537/2374 2156/2536/2373 2157/2535/2372
f 1170/1373/1320 1169/1374/1321 3640/2538/2375
f 845/995/967 4408/2539/2376 1635/1906/1823
f 1813/2128/2020 2158/2540/2377 2353/2127/2019
f 2081/2440/2295 2159/2542/2379 2160/2541/2378
f 1137/1337/1287 1136/1338/1288 2161/2543/2380
f 2081/2440/2295 2162/2544/2381 2159/2542/2379
f 2164/2547/2384 2165/2546/2383 2166/2545/2382
f 2167/2548/2385 2074/2432/2287 2073/2433/2288
f 2168/1986/1898 2169/2549/2386 1696/1985/1897
f 4157/2551/2388 990/1176/1138 2170/2550/2387
f 990/1176/1138 3035/2553/2390 2171/2552/2389
f 557/649/628 2172/2555/2392 2173/2554/2391
f 2174/667/646 2175/2557/2394 2176/2556/2393
f 1747/2055/1953 985/1170/1132 2177/2558/2395
f 2178/2561/2397 820/2560/937 2179/2559/2396
f 2180/2562/2398 2174/667/646 2176/2556/2393
f 2174/667/646 2180/2562/2398 2181/666/645
f 2182/2565/2401 2183/2564/2400 2184/2563/2399
f 2185/2568/2404 2186/2567/2403 2187/2566/2402
f 2188/2569/2405 471/550/529 1963/548/527
f 1252/1466/1410 3471/2570/2406 1253/1465/1409
f 2116/2572/854 1626/1898/1816 2189/2571/2407
f 1626/1898/1816 1628/1897/1815 2190/2573/2408
f 1528/1787/1709 1699/2574/1901 2514/1786/1708
f 2191/2577/2411 2192/2576/2410 2193/2575/2409
f 633/740/717 2194/2578/2412 634/739/716
f 1037/1222/1178 2154/2533/2370 2153/2534/2371
f 2083/2442/2297 2084/172/164 3949/2579/2413
f 3949/2579/2413 1353/1580/1510 1352/1581/1511
f 2195/2580/2414 138/148/142 1353/1580/1510
f 2084/172/164 1353/1580/1510 3949/2579/2413
f 3604/2581/2415 906/1067/1034 2196/874/850
f 1842/1417/1363 2197/2583/2417 2198/2582/2416
f 2201/2584/2418 337/386/371 4053/430/411
f 2199/2585/2419 2200/1477/1420 2201/2584/2418
f 2126/2500/2341 27/41/40 948/1120/1084
f 1919/2263/2137 1918/2264/2138 2202/2586/2420
f 2203/2588/2422 1398/1638/1568 2204/2587/2421
f 1155/1356/1304 725/2589/823 853/1355/971
f 2205/2592/2425 2206/2591/2424 2207/2590/2423
f 4068/2140/2032 2208/2594/2427 3777/2593/2426
f 2209/2597/2430 2210/2596/2429 2211/2595/2428
f 2212/842/818 721/840/816 1029/1212/1170
f 153/2050/171 164/2599/204 2213/2598/2431
f 67/2602/82 69/2601/80 4251/2600/2432
f 2214/2604/2434 95/127/123 94/2603/2433
f 2179/2559/2396 2215/2605/2435 2177/2558/2395
f 2187/2566/2402 2183/2564/2400 2185/2568/2404
f 2216/2606/2436 78/94/90 80/98/94
f 67/2602/82 4251/2600/2432 3263/2607/2437
f 1538/1797/1719 2217/2608/2438 1539/1796/1718
f 2218/2611/2441 2219/2610/2440 2220/2609/2439
f 2296/2614/2444 2221/2613/2443 2222/2612/2442
f 2222/2617/2442 2223/2616/2446 2224/2615/2445
f 2605/2620/2449 2225/2619/2448 2226/2618/2447
f 2227/2623/2451 2605/2622/2449 2228/2621/2450
f 1216/1425/1370 1215/1426/1371 2229/2624/2452
f 762/892/868 278/326/311 2230/2625/2453
f 343/407/380 3247/2626/2454 353/406/390
f 3119/1353/2456 2231/2627/2455 3247/2626/2454
f 658/2628/748 3781/769/745 1783/770/746
f 658/2628/748 2232/2629/2457 1336/1560/1495
f 2233/2630/2458 1671/1956/1868 1670/1957/1869
f 2234/2633/2460 2235/2632/2459 914/2631/1044
f 3315/2636/2463 1829/2635/2462 2236/2634/2461
f 1384/1624/1554 2236/2634/2461 2237/2637/2464
f 2238/2638/2465 1479/1729/1650 1478/1730/1651
f 2239/2641/2468 2240/2640/2467 2241/2639/2466
f 2242/2643/2470 2243/2642/2469 870/1025/995
f 1257/1467/1411 1256/1468/1412 2244/2644/2471
f 2245/2647/2474 2246/2646/2473 2247/2645/2472
f 1693/1979/1891 524/612/591 1136/1338/1288
f 2248/2650/2477 2249/2649/2476 2250/2648/2475
f 2250/2648/2475 2251/2651/2478 2252/2120/2014
f 1598/1864/1785 335/388/373 2253/2652/2479
f 2254/2655/2482 2255/2654/2481 2256/2653/2480
f 1158/1362/1309 2257/2657/2484 2258/2656/2483
f 2257/2657/2484 579/673/652 2259/2658/2485
f 611/717/694 998/1184/1144 1000/864/840
f 2260/2660/2487 2261/2659/2486 999/1181/1143
f 1748/2054/1952 2215/2605/2435 2262/2661/2488
f 2263/2664/2491 2264/2663/2490 2265/2662/2489
f 295/338/323 300/346/331 299/347/332
f 2266/2665/2492 761/889/865 762/892/868
f 2611/2668/1808 2267/2667/2494 2377/2666/2493
f 1477/1727/1648 1476/1728/1649 2268/542/521
f 2269/2669/2495 3468/1016/988 1113/1312/1262
f 21/30/29 3469/31/30 4046/2670/2496
f 2270/2673/2499 3446/2672/2498 2271/2671/2497
f 2271/2671/2497 2272/2674/2500 2196/874/850
f 511/595/574 2273/2675/2501 505/590/569
f 2274/2676/2502 2128/2507/2346 2275/2505/2344
f 2276/2678/2503 2277/668/647 1328/2677/1488
f 1328/2677/1488 2278/2679/2504 2276/2678/2503
f 2279/2682/2507 2280/2681/2506 2281/2680/2505
f 2279/2683/2507 340/393/378 339/394/379
f 2282/2686/2510 2283/2685/2509 2284/2684/2508
f 2285/2687/2511 139/162/154 138/148/142
f 2279/2682/2507 2281/2680/2505 340/2688/378
f 2286/2689/2512 340/2688/378 2281/2680/2505
f 2287/2690/2513 1220/1432/1377 1135/1333/1283
f 1135/1333/1283 1134/1334/1284 2287/2690/2513
f 4121/2691/2514 2288/1586/1516 1872/2204/2084
f 2289/2693/2516 788/926/899 2563/2692/2515
f 2290/2696/2519 2291/2695/2518 2292/2694/2517
f 2033/2386/2246 2293/2697/2520 2032/2388/2248
f 2294/2699/2522 2295/2698/2521 1041/1229/1185
f 4353/1527/1464 1882/2700/2523 1274/1488/1431
f 2297/2701/2524 2298/1227/1183 1042/1228/1184
f 1844/2169/2055 3255/2702/2525 1846/2170/2056
f 2263/2664/2491 3269/2703/2526 2264/2663/2490
f 2299/2227/2107 1793/2106/1999 2300/2704/2527
f 487/2354/545 3980/2706/2529 2304/2705/2528
f 487/566/545 1056/1248/1201 3980/2707/2529
f 1130/2709/1282 1908/2249/2125 2307/2708/2530
f 502/582/561 840/988/960 1388/1625/1555
f 1384/1624/1554 1386/1622/1552 1723/2024/1929
f 906/1067/1034 2308/2710/2531 907/1066/1033
f 1207/1418/1364 2197/2583/2417 1842/1417/1363
f 2309/2712/2533 2821/1368/1315 2310/2711/2532
f 1781/2094/1988 1780/2095/1989 1404/1644/1574
f 645/752/729 2311/2713/2534 644/753/730
f 2577/2714/2535 1331/1556/1491 2311/2713/2534
f 2312/1671/1599 2313/2716/2536 2314/2715/1641
f 361/417/399 389/2717/437 1984/2341/2206
f 389/456/437 2315/2719/2538 2316/2718/2537
f 1163/1363/1310 1162/1364/1311 3966/2720/2539
f 2317/2722/2540 670/783/759 1705/2721/1905
f 2318/2723/2541 923/1086/1052 1856/1087/1053
f 2319/2726/2542 923/2725/1052 2318/2724/2541
f 1561/1822/1744 1492/1741/1664 2112/2727/2326
f 2320/2729/2335 2321/2728/2543 1492/1741/1664
f 2322/2731/2545 2472/2730/2544 2323/2117/2010
f 2322/2731/2545 2323/2117/2010 606/708/687
f 2324/2733/2547 2325/2732/2546 1121/1321/1271
f 2326/2734/2548 2324/2733/2547 688/804/780
f 2327/2737/2551 2328/2736/2550 2845/2735/2549
f 2329/2740/2552 2328/2739/2550 2327/2738/2551
f 2330/2741/2553 860/1007/979 859/1008/980
f 1573/2266/1757 1941/1015/987 3/2742/6
f 1264/1474/1418 2108/2743/2322 1263/1476/1419
f 2331/2746/2556 2332/2745/2555 2333/2744/2554
f 1787/2092/1986 1933/2283/2155 2334/2747/2557
f 2335/2748/2558 2584/2282/2154 4012/2001/1909
f 1481/1732/1653 3567/790/766 4328/2749/2559
f 1048/1238/1194 3675/2751/2561 2336/2750/2560
f 1442/1686/1612 1445/1689/1615 1443/1685/1611
f 817/961/934 816/962/935 2337/2752/2562
f 2338/2754/2564 2339/2753/2563 374/431/412
f 345/399/383 4191/397/381 2340/2755/2565
f 2341/2757/2567 6/1211/9 2342/2756/2566
f 2343/2759/2569 9/2758/2568 8/8/7
f 2344/2493/2336 844/992/964 627/730/707
f 2345/2760/2570 1492/1741/1664 1491/1742/1665
f 2346/2761/2571 776/910/884 869/911/885
f 2347/2763/2573 2348/2762/2572 1604/1869/1790
f 2349/2765/2575 225/262/249 2350/2764/2574
f 636/2768/719 2351/2767/2576 635/2766/721
f 2352/2770/2577 661/774/750 2351/2769/2576
f 1815/2130/2022 1506/1760/1682 1508/1758/1680
f 2353/2127/2019 1084/1282/1233 1812/2129/2021
f 1340/1565/1500 2354/2772/2579 2355/2771/2578
f 682/800/776 2356/2773/2580 1329/1552/1487
f 1954/1814/1736 635/2766/721 1556/1816/1738
f 2357/2774/2581 1954/2309/1736 434/508/487
f 2358/2776/2583 2359/2775/2582 1072/1265/1218
f 2360/281/268 3349/2777/2584 2361/280/267
f 2362/2779/2586 1197/1403/1349 2363/2778/2585
f 1197/1492/1349 1277/1490/1433 2364/2780/2587
f 2365/2783/2590 2366/2782/2589 2367/2781/2588
f 2367/2781/2588 1389/1629/1559 2368/2784/2591
f 2369/2787/2594 2961/2786/2593 2370/2785/2592
f 1708/2004/1912 2371/2788/2595 2961/2786/2593
f 2373/2791/2597 482/2790/544 2372/2789/2596
f 2373/2794/2597 1156/2793/1306 2374/2792/2598
f 2375/2222/2102 2376/2795/2599 4257/2221/2101
f 892/1050/1017 891/1051/1018 767/895/871
f 430/495/475 999/1181/1143 1523/1780/1702
f 1409/1649/1578 1408/1650/1579 1524/1782/1704
f 2378/2798/2602 2379/2797/2601 2380/2796/2600
f 1332/1555/1490 174/201/192 2381/2799/2603
f 530/618/597 2382/2801/2605 2383/2800/2604
f 1767/2081/1977 1432/1675/1602 1433/1673/1601
f 769/899/874 768/900/875 2385/2802/2606
f 2386/2804/2608 2387/2803/2607 384/438/419
f 2388/2807/2611 2389/2806/2610 2390/2805/2609
f 1221/1431/1376 1220/1432/1377 2089/2452/2306
f 799/946/919 801/944/917 2391/2808/2612
f 2394/1548/1483 2395/2810/2614 3738/2809/2613
f 1596/1860/1781 1595/452/433 2396/450/431
f 2397/2813/2617 2398/2812/2616 2399/2811/2615
f 1685/2815/1884 1688/1973/1885 726/2814/826
f 341/2816/377 340/2688/378 2286/2689/2512
f 1739/2819/1942 2400/2818/2619 2401/2817/2618
f 1507/1759/1681 2402/2820/2620 1508/1758/1680
f 2403/2823/2623 2440/2822/2622 2404/2821/2621
f 1113/1312/1262 1112/1313/1263 2405/2824/2624
f 1115/1315/1265 867/1018/990 2406/2825/2625
f 2407/2827/2627 2354/2772/2579 2408/2826/2626
f 2409/2830/2629 1996/2829/2218 2410/2828/2628
f 2411/2832/2631 2323/2117/2010 2412/2831/2630
f 603/705/684 601/701/680 600/702/681
f 2413/2835/2633 112/2834/124 2414/2833/2632
f 764/2838/870 110/2837/126 2415/2836/2634
f 1287/1502/1442 814/959/932 2416/2839/2635
f 2417/2840/2636 813/960/933 814/959/932
f 1103/1303/1253 2418/1301/1251 2419/2841/2637
f 2420/2844/2640 2421/2843/2639 2422/2842/2638
f 1115/1315/1265 2423/2845/2641 1116/1314/1264
f 1750/2847/1955 619/2846/699 2423/2845/2641
f 878/1034/1004 2424/2848/2642 879/1033/1003
f 2383/2800/2604 878/1034/1004 2425/2849/2643
f 2036/2389/2249 2037/2851/2041 104/2850/117
f 2426/2153/2040 2427/2852/2644 2428/2155/2042
f 1648/1928/1841 2429/2854/2646 2430/2853/2645
f 125/2857/2649 2431/2856/2648 3663/2855/2647
f 2432/2860/2652 2434/2859/2651 2433/2858/2650
f 2434/2859/2651 2435/2862/2653 2270/2861/2499
f 1426/823/799 125/2857/2649 2436/2863/2654
f 2436/2863/2654 125/2857/2649 3663/2855/2647
f 2131/225/216 2437/2864/2655 2132/2509/2348
f 2295/2866/2521 2437/2865/2655 1294/1512/2656
f 2439/2868/2658 1122/1322/1272 3212/2867/2657
f 2325/2732/2546 1122/1322/1272 1121/1321/1271
f 2403/2823/2623 253/296/281 2440/2822/2622
f 1706/1660/1588 1417/1658/1586 2441/2869/2659
f 2284/2684/2508 2283/2685/2509 2442/2870/2660
f 168/195/186 2442/2870/2660 2443/2871/2661
f 1221/1431/1376 2390/2805/2609 2444/2872/2662
f 2445/2873/2663 2444/2872/2662 2358/2776/2583
f 2446/2876/2666 2447/2875/2665 2448/2874/2664
f 1887/2218/2098 2449/2878/2668 2450/2877/2667
f 209/236/227 189/215/206 2234/2879/2460
f 225/262/249 2451/2880/2669 226/261/248
f 2379/2882/2601 2452/2881/2670 1332/1555/1490
f 2453/2883/2671 1820/2136/2028 1819/2137/2029
f 3779/2884/2672 608/711/690 1283/712/691
f 2454/2885/2673 87/97/93 86/983/955
f 1249/1461/1405 1248/1462/1406 1247/1457/1401
f 1247/1457/1401 1248/1462/1406 1782/2096/1990
f 4193/2296/2167 2455/2887/2675 2456/2886/2674
f 3950/2890/2678 2457/2889/2677 2720/2888/2676
f 2460/2891/2679 2174/667/646 2461/2074/1970
f 1006/2075/1971 2462/2892/2680 2461/2074/1970
f 2402/2820/2620 2403/2823/2623 2463/2893/2681
f 2464/2896/2684 2465/2895/2683 2466/2894/2682
f 795/941/914 2467/2897/2685 2468/940/913
f 2469/2898/2686 1859/2190/2072 2467/2897/2685
f 2470/2900/2688 2471/2899/2687 976/1156/1118
f 975/1157/1119 2470/2900/2688 976/1156/1118
f 2472/2730/2544 2473/1107/1071 2323/2117/2010
f 4143/1109/1073 2472/2730/2544 605/709/688
f 356/413/395 2474/2901/2689 360/412/394
f 349/400/384 348/401/385 2475/2902/2690
f 2476/2905/2691 2270/2904/2499 2435/2903/2653
f 4143/1109/1073 2473/1107/1071 2472/2730/2544
f 2477/2908/2694 2478/2907/2693 2479/2906/2692
f 1679/1965/1877 4393/2910/2696 2480/2909/2695
f 2481/2912/2698 2482/2911/2697 1564/1824/1745
f 2483/2915/2701 2484/2914/2700 2485/2913/2699
f 524/612/591 2486/2916/2702 1136/1338/1288
f 2161/2543/2380 1136/1338/1288 2486/2916/2702
f 2487/2917/2703 901/1062/1029 14/18/17
f 901/1062/1029 1224/1436/1381 902/1061/1028
f 554/647/626 556/645/624 2488/2918/2704
f 2489/2920/2706 1053/1242/1196 2490/2919/2705
f 2491/2923/2709 2492/2922/2708 3437/2921/2707
f 2493/2926/2712 2494/2925/2711 2495/2924/2710
f 2496/2928/2714 3335/2927/2713 834/981/953
f 2447/2875/2665 1078/1274/1226 2499/2929/2715
f 2500/2932/2718 2501/2931/2717 2502/2930/2716
f 1016/1199/1158 1892/2226/2106 147/171/163
f 146/2935/2721 2503/2934/2720 2504/2933/2719
f 4135/1391/1337 1184/1392/1338 3944/2936/2722
f 452/523/502 451/524/503 2505/2937/2723
f 1142/1344/1294 2507/2938/2724 1143/1343/1293
f 2508/2941/2727 2509/2940/2726 2510/2939/2725
f 4267/2942/2728 1442/1686/1612 1444/1684/1610
f 1649/1929/1842 592/695/674 1648/1928/1841
f 2511/1213/1171 592/695/674 1649/1929/1842
f 2513/2944/2730 2512/2943/2729 1001/1188/1148
f 2513/2944/2730 1515/1769/1691 2512/2943/2729
f 2514/1786/1708 1131/1331/1281 1527/1785/1707
f 2515/2947/2732 2516/2946/2731 1131/2945/1281
f 1516/1772/1694 2517/2948/2733 2513/2944/2730
f 2026/2382/2242 2024/1770/1692 2518/2949/2734
f 81/96/92 68/84/81 67/85/82
f 68/84/81 2519/2951/2736 3457/2950/2735
f 1576/1837/1758 1575/1838/1759 2520/2952/2737
f 1274/1488/1431 2521/2953/2738 474/552/531
f 1877/2209/2089 972/1152/1115 2522/2954/2739
f 2522/2954/2739 972/1152/1115 2523/2955/2740
f 1772/244/234 2524/2957/2741 2525/2956/1441
f 2526/2959/2743 2527/2958/2742 2524/2957/2741
f 2530/2961/307 2837/1058/1025 900/2960/1026
f 2528/2964/2745 2529/2963/2744 2530/2962/307
f 1001/1188/1148 1003/1186/1146 2513/2944/2730
f 1003/1186/1146 1516/1772/1694 2513/2944/2730
f 2531/2965/2746 1917/2260/2134 1326/1546/1481
f 2532/2967/2748 2395/2810/2614 2533/2966/2747
f 1147/1345/1295 2534/2969/2750 2535/2968/2749
f 1149/1349/1299 1148/1350/1300 3708/2970/2751
f 2536/2972/2753 2537/2971/2752 1423/1996/1907
f 2538/2973/2754 2402/2820/2620 1507/1759/1681
f 2240/2640/2467 1962/2318/2186 2539/2974/2755
f 1959/2317/2185 1961/2315/2183 1468/1713/1636
f 2540/2976/2757 2205/2592/2425 2541/2975/2756
f 190/227/218 4141/2103/1996 1792/2104/1997
f 2542/2978/2759 2543/2977/2758 1410/1648/1577
f 1926/2274/2146 2542/2979/2759 397/454/435
f 2510/2939/2725 2883/2980/2760 2508/2941/2727
f 1405/1643/1573 2508/2941/2727 1406/1642/1572
f 2545/2982/2762 36/45/44 2546/2981/2761
f 2547/2985/2765 2548/2984/2764 2549/2983/2763
f 3478/1099/1063 2550/2986/2766 928/1098/1062
f 3478/1721/1063 4378/472/453 410/473/454
f 2159/2542/2379 2551/2987/2767 2160/2541/2378
f 2552/2990/2770 2553/2989/2769 2554/2988/2768
f 1999/2359/2222 2001/2360/2223 2000/2358/2221
f 726/850/826 890/1048/1015 3976/2991/2771
f 1731/2032/1935 1936/2286/2158 1243/1456/1400
f 421/488/468 1730/2033/1936 1731/2032/1935
f 587/685/664 2555/2992/2772 2421/2843/2639
f 587/685/664 880/1032/1002 2555/2992/2772
f 2/1/1 808/954/927 3708/2970/2751
f 2/1/1 1618/1887/1805 808/954/927
f 837/2995/956 2556/2994/2774 2557/2993/2773
f 1837/2161/2047 577/670/649 1838/2165/2051
f 1875/2206/2086 2558/2997/2776 2559/2996/2775
f 2443/2871/2661 150/174/166 2561/2998/2777
f 150/174/166 2562/2999/2778 2561/2998/2777
f 2563/2692/2515 2564/3000/2779 2289/2693/2516
f 2565/3002/2781 1871/2203/2083 2566/3001/2780
f 2567/3005/2784 2568/3004/2783 2569/3003/2782
f 2567/3005/2784 2569/3003/2782 2309/2712/2533
f 289/333/318 3811/3007/2786 2570/3006/2785
f 4306/3008/2787 3455/2310/2178 1956/2311/2179
f 978/1160/1122 2571/3010/2789 2572/3009/2788
f 2573/3012/2791 2574/3011/2790 692/810/786
f 3944/2936/2722 2574/3011/2790 2573/3012/2791
f 1332/1555/1490 226/3014/248 2575/3013/2792
f 2578/3017/2795 2580/3016/2794 2579/3015/2793
f 1456/1700/1625 1455/1701/1626 2580/3018/2794
f 1130/2709/1282 1985/3020/2207 3571/3019/2796
f 1986/2345/2210 2581/3021/2797 1987/2344/2209
f 2003/2362/2225 2582/3022/2798 1139/1340/1290
f 1139/1340/1290 2582/3022/2798 1140/1339/1289
f 1926/2274/2146 2583/3023/2799 355/2003/1911
f 4012/2001/1909 2584/2282/2154 355/2003/1911
f 2585/3024/2800 4057/1924/1837 3312/1925/1838
f 1939/2291/2162 8/8/7 1940/2290/2161
f 2588/3027/2803 2589/3026/2802 2590/3025/2801
f 2591/1569/1501 2592/3028/2804 258/300/285
f 390/446/427 2593/3030/2806 2594/3029/2805
f 2595/3032/2807 1647/3031/1839 3312/1925/1838
f 2595/3032/2807 2596/3034/2808 1681/3033/1878
f 4201/3035/2809 1179/1383/1330 1030/1210/1169
f 1538/1797/1719 2597/3037/2811 4247/3036/2810
f 2598/3038/2812 2581/3021/2797 1986/2345/2210
f 2599/3040/2814 2598/3038/2812 2600/3039/2813
f 2601/3043/2817 4407/3042/2816 2602/3041/2815
f 2602/3041/2815 4407/3042/2816 170/1911/184
f 835/3046/957 1824/3045/2033 2606/3044/2818
f 525/610/589 1506/1760/1682 1814/2131/2023
f 28/40/39 2607/3047/2819 29/39/38
f 2609/3050/2822 2610/3049/2821 2608/3048/2820
f 2611/2668/1808 523/755/586 2859/756/732
f 2612/3051/2823 1619/1888/1806 1190/1395/1341
f 2613/3054/2826 2614/3053/2825 2615/3052/2824
f 2616/3055/2827 2615/3052/2824 2614/3053/2825
f 2617/3058/2830 2618/3057/2829 2619/3056/2828
f 1879/2210/2090 2620/3059/2831 566/657/636
f 2621/3060/2832 2218/2611/2441 2220/2609/2439
f 2032/2388/2248 1397/2012/1005 2622/3061/2833
f 2623/3063/2835 1110/1308/1258 2624/3062/2834
f 2599/3040/2814 2600/3039/2813 1632/1902/1820
f 953/1126/1090 2625/3064/2836 1660/1945/1857
f 714/3067/812 716/3066/810 2626/3065/2837
f 59/3069/73 1901/2236/2116 2627/3068/2838
f 2628/1975/1887 2629/3071/2840 2630/3070/2839
f 2633/3073/2842 2631/3072/2841 2065/2422/2281
f 2632/3075/2844 2633/3073/2842 2634/3074/2843
f 2635/3078/2847 2636/3077/2846 2637/3076/2845
f 2019/2374/2236 2018/2375/2237 2638/3079/2848
f 2523/2955/2740 972/1152/1115 2639/3080/2849
f 1459/1707/1630 2394/1548/1483 3738/2809/2613
f 2640/3082/2851 1822/2139/2031 2641/3081/2850
f 2602/3041/2815 2642/3083/2852 2601/3043/2817
f 1499/1752/1674 2643/3084/2853 1497/1749/1671
f 1030/1210/1169 2644/3085/2854 4201/3035/2809
f 2599/3040/2814 2623/3063/2835 2598/3038/2812
f 2623/3063/2835 2599/3040/2814 1110/1308/1258
f 2644/3085/2854 1030/1210/1169 3970/3086/2855
f 2342/2756/2566 2645/3087/2856 2341/2757/2567
f 2646/880/856 1584/1847/1768 1364/1593/1523
f 755/1288/858 1089/1289/1239 2647/3088/2857
f 1834/2158/2044 1803/2159/2045 1804/3089/2008
f 542/629/608 470/546/525 469/547/526
f 79/93/89 2650/3090/2858 77/95/91
f 3035/2553/2390 2651/3092/2860 2652/3091/2859
f 3255/2702/2525 1844/2169/2055 248/287/274
f 1327/1877/1485 1330/1551/1486 1329/1552/1487
f 2410/2828/2628 1996/2829/2218 1327/1877/1485
f 494/578/557 496/576/555 2653/3093/2861
f 2654/3094/2862 499/579/558 498/580/559
f 2655/3095/2863 2656/512/491 2657/513/492
f 655/763/739 2658/3096/2864 2663/932/905
f 2659/1613/1543 946/1119/1083 1377/1615/1545
f 2088/2448/2303 2659/1613/1543 1368/1600/1530
f 392/444/425 2660/3097/2865 740/867/843
f 2137/2513/2352 2661/3099/2867 2662/3098/2866
f 2663/932/905 2664/3100/2868 2656/512/491
f 2665/3101/2869 1612/1883/1801 897/1054/1021
f 915/3103/1043 2666/3102/2870 2667/1074/1040
f 2668/3105/2872 1176/1381/1328 2669/3104/2871
f 2613/3054/2826 2670/3107/2874 2671/3106/2873
f 2613/3054/2826 2672/3108/2875 2614/3053/2825
f 648/758/734 956/3110/1095 3860/3109/1096
f 3676/1999/1100 1707/1997/1908 3542/3111/2876
f 699/817/793 2673/3112/2877 700/816/792
f 2673/3112/2877 956/3110/1095 2674/3113/2878
f 2675/3116/2881 2676/3115/2880 4206/3114/2879
f 2547/2985/2765 2677/3117/2882 2548/2984/2764
f 2678/3120/2885 2679/3119/2884 2680/3118/2883
f 607/707/686 606/708/687 2681/3121/2886
f 136/159/150 151/175/167 3277/3122/2887
f 2213/2598/2431 151/175/167 153/2050/171
f 1477/1727/1648 2682/3123/2888 2612/3051/2823
f 2682/3123/2888 1477/1727/1648 2268/542/521
f 2683/3125/2890 2684/1201/1160 2685/3124/2889
f 1765/3128/1974 2686/3127/2891 2685/3126/2889
f 1478/1730/1651 1045/1235/1191 2687/3129/2892
f 1261/1473/1417 982/1167/1129 984/1165/1127
f 1319/1537/1474 1318/1538/1200 1317/3130/1472
f 2688/3131/2893 2137/2513/2352 392/444/425
f 2137/2513/2352 390/446/427 392/444/425
f 328/379/364 1418/1661/1589 2689/3132/2894
f 365/419/401 305/351/336 2690/3133/2895
f 2126/2500/2341 2691/3134/2896 2607/3047/2819
f 2692/3137/2899 2693/3136/2898 2694/3135/2897
f 1415/1657/1585 1038/1225/1181 1039/1224/1180
f 2695/3140/2902 2696/3139/2901 2697/3138/2900
f 739/863/839 2698/3141/2903 710/829/805
f 2698/3141/2903 3309/3143/2904 776/3142/884
f 591/3146/669 1947/3145/2169 2699/3144/671
f 1174/1379/1326 1175/1378/1325 2669/3104/2871
f 314/362/347 313/363/348 2700/3147/2905
f 2700/3147/2905 2445/2873/2663 314/362/347
f 2701/1482/1425 1666/1950/1862 4318/3148/2906
f 121/137/133 133/153/147 2702/3149/2907
f 1230/1443/1387 460/533/512 1231/1442/1386
f 4327/3150/2908 460/533/512 1230/1443/1387
f 2703/3151/2909 1150/1348/1298 2704/48/47
f 2705/3152/2910 2704/48/47 1150/1348/1298
f 683/799/775 2706/3153/2911 1339/1562/1497
f 2355/2771/2578 683/799/775 1339/1562/1497
f 2151/2531/2369 3580/2532/1424 1265/1479/1422
f 1266/1478/1421 1265/1479/1422 3580/2532/1424
f 2707/1896/1814 4356/532/511 460/533/512
f 460/533/512 4327/3150/2908 2707/1896/1814
f 785/1703/894 2708/3155/2913 2709/3154/2912
f 2710/3157/2915 945/1116/1080 2711/3156/2914
f 3807/3160/2916 454/3159/506 2712/3158/772
f 2713/3161/2917 920/1082/1048 3807/3160/2916
f 2357/2774/2581 434/508/487 3392/3162/2918
f 694/811/787 506/589/568 495/577/556
f 2275/2505/2344 2130/2508/2347 2714/3163/2919
f 2715/3164/2920 1508/1758/1680 2466/2894/2682
f 2715/3164/2920 1815/2130/2022 1508/1758/1680
f 678/794/770 679/792/768 2716/3165/2921
f 2718/3166/2922 1569/1829/1750 1778/2089/1985
f 2718/3166/2922 1567/1830/1751 1569/1829/1750
f 2719/3169/2923 2520/3168/2737 1575/3167/1759
f 2720/2888/2676 2721/3170/2924 1575/1838/1759
f 398/453/434 397/454/435 2542/2979/2759
f 1409/1649/1578 2542/2978/2759 1410/1648/1577
f 2722/3171/2925 600/702/681 599/703/682
f 2722/3171/2925 1160/1360/1307 1159/1361/1308
f 1030/1210/1169 1179/1383/1330 2212/842/818
f 1030/1210/1169 2212/842/818 1029/1212/1170
f 2713/3161/2917 3807/3160/2916 2712/3158/772
f 680/797/773 1430/1669/1597 2712/796/772
f 2723/3172/2926 1160/1360/1307 2722/3171/2925
f 3966/2720/2539 2723/3172/2926 2722/3171/2925
f 2265/2662/2489 985/1170/1132 2724/3173/2927
f 2263/2664/2491 2265/2662/2489 2724/3173/2927
f 959/1139/1103 961/1137/1101 2725/3174/2928
f 1652/1933/1846 2726/3175/2929 1653/1932/1845
f 1953/2308/2177 2357/2774/2581 3392/3162/2918
f 3392/3162/2918 2727/3176/2930 2130/2508/2347
f 2728/3179/2933 2729/3178/2932 2730/3177/2931
f 2731/3181/2935 2732/3180/2934 2685/3126/2889
f 914/2631/1044 2235/2632/2459 2735/3182/2936
f 2006/2364/2227 2005/689/668 2736/3183/2937
f 2737/3185/2939 3750/3184/2938 2064/2423/2282
f 644/753/730 1333/1554/1489 1186/1394/1340
f 211/240/230 644/753/730 1186/1394/1340
f 663/743/720 2738/481/461 2739/3186/2940
f 3777/2593/2426 2540/2976/2757 2541/2975/2756
f 2741/3189/2943 2742/3188/2942 2743/3187/2941
f 2744/3192/2946 2745/3191/2945 2746/3190/2944
f 2227/2623/2451 2747/3194/2948 2748/3193/2947
f 43/51/50 2749/3195/2949 42/53/52
f 946/1119/1083 100/1117/1081 1377/1615/1545
f 1882/2700/2523 4354/3196/2950 1274/1488/1431
f 4416/3197/2951 1882/2700/2523 4353/1527/1464
f 2753/3200/2953 2754/3199/2952 1698/3198/1899
f 1276/1491/1434 1278/1494/1435 399/458/439
f 415/479/459 408/477/450 380/436/417
f 664/777/753 2755/3201/2954 665/776/752
f 2756/3203/2956 1673/1961/1873 2757/3202/2955
f 2758/3204/2957 2225/2619/2448 2047/2404/2263
f 2225/2619/2448 2605/2620/2449 2604/3205/2958
f 1929/2280/2152 1976/2332/2197 1975/2333/2198
f 2759/3207/2960 2760/3206/2959 3508/278/265
f 2761/3210/2963 4074/3209/2962 2762/3208/2961
f 2746/3190/2944 319/370/355 1121/1321/1271
f 669/781/757 40/3211/101 38/50/49
f 40/105/101 669/3213/757 34/3212/46
f 2763/3215/2965 2764/3214/2964 2746/3190/2944
f 2761/3210/2963 2726/3175/2929 1652/1933/1846
f 2765/3216/2966 316/364/349 308/356/341
f 316/364/349 2765/3216/2966 354/3217/407
f 2766/3220/2969 2767/3219/2968 2768/3218/2967
f 939/1110/1074 1090/1287/1238 755/1288/858
f 2770/3221/2970 1791/2105/1998 4141/2103/1996
f 646/754/731 212/239/202 211/240/230
f 2859/756/732 646/754/731 2771/3222/2971
f 360/412/394 2474/2901/2689 2772/3223/2972
f 322/371/356 347/402/386 349/400/384
f 1425/3226/1593 2773/3225/2973 1424/3224/1594
f 1425/3226/1593 2774/3227/2974 2773/3225/2973
f 2775/3229/2976 2776/3228/2975 55/70/68
f 1578/1843/1764 1580/1841/1762 56/56/55
f 2178/3232/2397 2777/3231/2977 820/3230/937
f 2778/3234/2978 2077/3233/2290 3950/2890/2678
f 558/648/627 3917/3235/2979 2779/650/629
f 2780/3238/2982 2781/3237/2981 2782/3236/2980
f 3421/3241/2985 2783/3240/2984 2784/3239/2983
f 2786/3244/2988 2787/3243/2987 2788/3242/2986
f 2789/3246/2990 2788/3242/2986 2790/3245/2989
f 2791/3249/2993 2792/3248/2992 2793/3247/2991
f 2792/3248/2992 1638/1907/1824 1637/1908/1825
f 4410/3252/2995 3534/3251/2994 2164/3250/2384
f 2164/3255/2384 3534/3254/2994 2165/3253/2383
f 2794/3258/2997 2152/3257/2368 2795/3256/2996
f 1637/1908/1825 1636/1909/1826 325/376/361
f 846/994/966 2792/3248/2992 1637/1908/1825
f 2798/1773/1695 2799/3259/2998 1518/1775/1697
f 2800/3260/2999 3335/2927/2713 2496/2928/2714
f 2315/3261/2538 389/2717/437 361/417/399
f 2631/3264/2841 2632/3263/2844 2801/3262/3000
f 246/289/276 529/619/598 247/288/275
f 828/977/949 830/975/947 2802/3265/3001
f 1693/1979/1891 1692/1980/1892 1694/1982/1894
f 1138/1336/1286 2287/2690/2513 1134/1334/1284
f 4208/658/637 565/659/638 2803/3266/3002
f 4208/658/637 2802/3265/3001 2804/3267/3003
f 2901/2376/1538 2020/2377/2238 2805/3268/3004
f 2806/3270/3006 2020/2377/2238 2807/3269/3005
f 2808/3273/3009 1876/3272/3008 2809/3271/3007
f 1045/1235/1191 1047/1233/1189 2687/3129/2892
f 3223/3276/3012 2810/3275/3011 2811/3274/3010
f 851/1001/973 2812/3277/3013 852/1000/972
f 2813/3279/3015 2763/3215/2965 2814/3278/3014
f 2813/3279/3015 2815/3280/3016 1275/1487/1430
f 2816/3281/3017 166/190/181 2157/2535/2372
f 61/74/71 2817/3282/3018 584/684/663
f 2818/3283/3019 1711/2007/1915 1710/2008/1916
f 2818/3284/3019 4211/501/480 3965/1206/1165
f 2819/3287/3021 2124/3286/2340 2820/3285/3020
f 2246/2646/2473 2820/3285/3020 1693/1979/1891
f 2821/1368/1315 1903/2239/2118 1902/2238/2117
f 1902/2238/2117 1124/1326/1276 2821/1368/1315
f 1642/1912/1828 1641/1913/1829 170/193/184
f 1642/1912/1828 2561/2998/2777 2562/2999/2778
f 1356/1583/1513 1355/1584/1514 2822/3288/3022
f 1762/143/137 73/152/146 3910/2480/2328
f 2588/3291/2803 2823/3290/3023 2589/3289/2802
f 2823/3290/3023 2824/3292/3024 2589/3289/2802
f 444/3294/3026 570/664/643 2825/3293/3025
f 2826/3297/3029 2827/3296/3028 2828/3295/3027
f 2828/3295/3027 2829/1214/1172 2826/3297/3029
f 2993/3298/3030 3119/1353/2456 2995/1351/1301
f 390/446/427 2594/3029/2805 391/445/426
f 2302/3299/3031 2701/1482/1425 2301/1483/1426
f 2302/3299/3031 2831/3300/3032 2701/1482/1425
f 678/794/770 2832/3301/3033 2097/1800/1722
f 2833/3304/3036 2969/3303/3035 2717/3302/3034
f 859/1008/980 791/935/908 2330/2741/2553
f 2834/1422/1367 859/1008/980 2835/3305/3037
f 2646/880/856 4374/3306/3038 752/879/855
f 1362/1591/1521 1212/1423/1368 752/879/855
f 2689/3132/2894 2836/344/329 2529/2963/2744
f 2838/3309/3041 2839/3308/3040 2840/3307/3039
f 19/24/23 4247/3036/2810 2841/3310/3042
f 2401/2817/2618 2400/2818/2619 3862/3311/3043
f 793/938/911 861/3313/982 2843/3312/3044
f 2843/3312/3044 1080/1280/1229 793/938/911
f 2328/2736/2550 2844/3314/3045 2845/2735/2549
f 2845/2735/2549 2844/3314/3045 2846/3315/3046
f 2847/3316/3047 2418/1301/1251 1104/1302/1252
f 1596/1860/1781 2848/3317/3048 1100/1300/1250
f 2778/3320/2978 2849/3319/3050 2850/3318/3049
f 2851/3321/3051 984/1165/1127 983/1166/1128
f 1476/1728/1649 2852/3322/3052 464/541/520
f 466/539/518 2853/3323/3053 464/541/520
f 2589/3289/2802 2824/3292/3024 1727/3324/1932
f 1833/3327/2046 1834/3326/2044 2856/3325/3054
f 2856/3325/3054 1834/3326/2044 1804/2115/2008
f 2365/2783/2590 1390/1628/1558 2366/2782/2589
f 2095/2455/2309 3749/2456/2310 2857/3328/3055
f 877/1030/1000 2858/3329/3056 2809/3271/3007
f 877/1030/1000 534/620/599 533/621/600
f 2859/756/732 1619/1888/1806 2611/2668/1808
f 2859/756/732 2771/3222/2971 1187/1393/1339
f 2860/3332/3058 2490/3331/2705 2861/3330/3057
f 1051/1244/477 431/3333/478 1052/1243/1197
f 2862/3334/3059 1626/1898/1816 2116/2572/854
f 2116/878/854 2863/3336/3060 2862/3335/3059
f 2864/3337/3061 943/1114/1078 942/1115/1079
f 942/1115/1079 2865/3339/3062 542/3338/608
f 1837/2161/2047 1836/2162/2048 1597/1862/1783
f 577/670/649 2866/3340/3063 575/672/651
f 574/669/648 4312/3342/3065 4128/3341/3064
f 1006/2075/1971 574/669/648 1454/1698/1623
f 2867/3343/3066 1593/1859/1780 1594/1857/1778
f 2868/3344/3067 1596/1860/1781 2396/450/431
f 239/279/266 1863/2193/2075 1861/2192/2074
f 229/268/255 1284/1499/1440 230/267/254
f 2869/3345/3068 1387/1627/1557 1581/1844/1765
f 2870/3347/3069 1736/2036/1939 2925/3346/53
f 2871/3350/3072 2872/3349/3071 2873/3348/3070
f 2874/3352/3074 2875/3351/3073 1816/2133/2025
f 2876/3353/3075 2811/3274/3010 2810/3275/3011
f 831/980/952 833/978/950 2879/3354/3076
f 2635/3078/2847 2880/3355/3077 2636/3077/2846
f 2873/3348/3070 2880/3355/3077 2881/3356/3078
f 2883/2980/2760 1406/1642/1572 2508/2941/2727
f 2882/3358/3080 2883/2980/2760 4018/3357/3079
f 2884/3360/3082 1086/1286/1237 2885/3359/3081
f 2886/3362/3084 2884/3360/3082 2887/3361/3083
f 2692/3137/2899 2888/3363/3085 2693/3136/2898
f 2889/3365/3087 2890/3364/3086 1521/1776/1698
f 1989/2346/2211 1990/2348/2213 2891/3366/3088
f 1990/2348/2213 700/816/792 2891/3366/3088
f 2015/2373/2235 2892/3368/3090 2893/3367/3089
f 2892/3368/3090 2894/3369/3091 2893/3367/3089
f 2895/3371/3093 3567/790/766 2896/3370/3092
f 1045/1235/1191 1478/1730/1651 2897/3372/3094
f 988/1173/1135 2898/3373/3095 2328/2739/2550
f 988/1173/1135 4383/3374/3096 2898/3373/3095
f 96/113/109 98/111/107 2899/3375/3097
f 731/856/832 1534/1795/1717 1536/1793/1715
f 1537/1798/1720 91/109/105 4242/3376/3098
f 693/3377/785 692/1271/786 1077/1272/1224
f 2902/3380/3101 2903/3379/3100 2904/3378/3099
f 2902/3380/3101 2905/3381/3102 2903/3379/3100
f 575/672/651 2866/3340/3063 1597/1862/1783
f 4364/1935/1847 1654/1936/1848 2906/1939/1851
f 1128/1328/1278 1127/1329/1279 2907/3382/3103
f 2908/3384/3105 1757/2066/1963 2909/3383/3104
f 633/740/717 254/299/284 2194/2578/2412
f 2910/3387/3108 2911/3386/3107 3188/3385/3106
f 2912/3389/3110 2913/3388/3109 2911/3386/3107
f 344/3391/375 2914/3390/3111 300/346/331
f 1738/2040/1943 2915/3392/3112 2914/3390/3111
f 2781/3237/2981 2038/2392/2252 2900/3393/3113
f 2038/2392/2252 2781/3237/2981 559/653/632
f 2916/3396/3116 2917/3395/3115 2918/3394/3114
f 2917/3395/3115 1469/1717/1640 2314/1718/1641
f 1752/2062/1959 2920/3397/3117 1080/1277/1229
f 2921/3398/3118 2781/3237/2981 2900/3393/3113
f 2922/2400/2260 2923/3399/3119 2040/2394/2254
f 1875/2206/2086 2559/2996/2775 2924/3400/3120
f 3784/3401/3121 2925/3346/53 1734/2038/1941
f 58/3402/70 2925/3346/53 3784/3401/3121
f 2926/3405/3124 2927/3404/3123 2928/3403/3122
f 2499/2929/2715 1078/1274/1226 2929/3406/3125
f 2930/3407/3126 1782/2096/1990 1831/2097/1991
f 2930/3407/3126 504/586/565 1782/2096/1990
f 323/372/357 2931/3408/3127 327/374/359
f 2932/3410/3129 2933/3409/3128 1845/2171/2057
f 1577/3413/1761 2934/3412/3130 2935/3411/1463
f 2936/3414/3131 2144/2522/2361 2934/3412/3130
f 734/858/834 2937/3416/3133 4067/3415/3132
f 1535/1794/1716 2938/3418/3135 2939/3417/3134
f 1774/2087/1983 1743/2049/1950 1775/2086/1982
f 1774/2087/1983 3000/2088/1984 1743/2049/1950
f 2940/1826/1747 2941/3419/3136 2942/680/659
f 2944/3421/3138 2945/3420/3137 2249/2649/2476
f 2946/3422/3139 1806/2118/2011 2944/3421/3138
f 4084/3423/3140 883/1036/1006 882/1037/1007
f 4084/3423/3140 2947/3425/3142 2948/3424/3141
f 2949/3427/3144 2956/1071/1037 3832/3426/3143
f 2950/639/618 307/353/338 306/354/339
f 35/46/45 1080/1277/1229 1079/1278/1230
f 2545/2982/2762 2546/2981/2761 2677/3117/2882
f 1785/3429/3146 2568/3004/2783 1786/3428/3145
f 2567/3005/2784 2951/3430/3147 2568/3004/2783
f 2516/2946/2731 2515/2947/2732 1771/2084/1980
f 2527/2958/2742 2996/3432/3149 2952/3431/3148
f 2953/3433/3150 1037/1222/1178 1036/1223/1179
f 516/601/580 515/602/581 247/288/275
f 820/964/937 2777/3435/2977 2954/3434/3151
f 2849/3319/3050 2955/3436/3152 2850/3318/3049
f 2956/1071/1037 2958/3438/3154 2957/3437/3153
f 2958/3438/3154 1494/1743/1666 2959/3439/3155
f 2960/357/342 2961/2786/2593 2369/2787/2594
f 2568/3004/2783 2951/3430/3147 2369/2787/2594
f 2962/3441/3157 193/219/210 2963/3440/3156
f 3327/3442/3158 2635/3078/2847 641/751/728
f 570/664/643 2964/3443/3159 4170/734/711
f 2965/3444/3160 406/467/448 570/664/643
f 2609/3050/2822 2966/3445/3161 2610/3049/2821
f 2609/3050/2822 505/590/569 1373/1605/1535
f 3468/1016/988 2835/3305/3037 859/1008/980
f 2227/2623/2451 2967/3446/3162 2605/2622/2449
f 2603/3447/3163 2605/2622/2449 2967/3446/3162
f 992/1174/1136 991/1175/1137 1790/2100/1993
f 2968/2166/2052 2329/2740/2552 2327/2738/2551
f 451/524/503 450/525/504 4340/2212/2092
f 2436/2863/2654 2971/3449/3165 2972/3448/3164
f 2916/3396/3116 2972/3448/3164 2971/3449/3165
f 539/627/606 620/727/704 622/725/702
f 1854/2179/2065 1853/2180/2066 2973/3450/3166
f 2974/3453/3169 2975/3452/3168 2976/3451/3167
f 2977/3455/3171 2973/3450/3166 2978/3454/3170
f 2721/3170/2924 2720/2888/2676 2457/2889/2677
f 862/1013/985 864/1011/983 2719/3169/2923
f 1894/1646/1576 2979/3456/3172 784/921/895
f 2049/2408/2267 552/643/622 2050/2407/2266
f 2106/352/337 307/353/338 2980/3457/3173
f 2981/3460/3175 2982/3459/3174 2507/3458/2724
f 2506/2334/2199 2507/2938/2724 2983/3461/3176
f 2506/2334/2199 2983/3461/3176 1977/2336/2201
f 607/707/686 1090/1287/1238 939/1110/1074
f 1501/1754/1676 1502/1753/1675 1583/1845/1766
f 2945/3420/3137 2984/3462/3177 2249/2649/2476
f 594/693/672 4205/3463/3178 2945/3420/3137
f 2985/3464/3179 2065/2422/2281 2063/2419/2278
f 2065/2422/2281 2985/3464/3179 2633/3073/2842
f 1723/2024/1929 1724/2022/1928 1384/1624/1554
f 1433/1673/1601 1384/1674/1554 2986/3465/1108
f 2987/3466/3180 106/124/120 1841/2167/2053
f 102/114/110 3056/103/99 2988/3467/3181
f 893/3469/1016 964/1140/1104 2989/3468/3182
f 2990/3472/3185 2991/3471/3184 2992/3470/3183
f 1601/1866/1787 4414/365/350 1602/1865/1786
f 2994/3473/3187 2660/3097/2865 2995/1351/3186
f 4090/223/214 2996/3432/3149 195/222/213
f 4355/3475/3189 2437/2865/2655 4161/3474/3188
f 2997/3476/3190 2591/1569/1501 257/301/286
f 257/2461/286 1286/2462/1443 2997/3477/3190
f 74/3480/3191 1802/3479/2007 73/3478/146
f 662/773/749 638/3481/723 1558/1817/1739
f 1777/1778/1700 2999/3482/3192 3000/2088/1984
f 3058/2292/2163 3000/2088/1984 905/1063/1030
f 3058/2292/2163 1940/2290/2161 3000/2088/1984
f 3001/3484/3194 3002/3483/3193 4057/1924/1837
f 1587/3487/1772 3003/3486/3195 2750/3485/1769
f 2864/3337/3061 541/3489/609 3004/3488/3196
f 3005/3492/3197 96/3491/109 2899/3490/3097
f 3713/1052/1019 894/1053/1020 2657/513/492
f 3713/1052/1019 2662/3098/2866 2661/3099/2867
f 3006/2412/2271 3007/3494/3199 4326/3493/3198
f 3008/3497/3202 3073/3496/3201 3009/3495/3200
f 4406/3498/3203 4326/3493/3198 3007/3494/3199
f 16/1121/1085 2125/2501/2342 948/1120/1084
f 14/18/17 903/1060/1027 3010/3499/3204
f 1024/1209/1168 2055/2414/2273 3006/2412/2271
f 449/520/499 3006/2412/2271 447/522/501
f 396/455/436 612/716/693 397/454/435
f 3011/3501/3206 357/3500/3205 612/716/693
f 1603/1868/1789 1601/1866/1787 1600/1867/1788
f 4191/397/381 346/398/382 3258/3502/3207
f 3012/3505/3210 2734/3504/3209 3013/3503/3208
f 3014/3507/3212 3013/3503/3208 3015/3506/3211
f 186/214/205 3016/3508/3213 185/212/203
f 2432/2860/2652 3016/3509/3213 2434/2859/2651
f 3959/3512/3216 3108/3511/3215 3017/3510/3214
f 2493/2926/2712 3018/3513/3217 2494/2925/2711
f 4366/1595/1525 3019/3515/3218 3020/3514/288
f 698/818/794 4366/1595/1525 1367/1597/1527
f 2026/2382/2242 3045/3517/3220 3021/3516/3219
f 1300/1519/1458 1516/1772/1694 1301/1518/1457
f 3941/3519/3222 2495/2924/2710 3022/3518/3221
f 3023/3522/3225 3024/3521/3224 3025/3520/3223
f 3580/2532/1424 2152/2530/2368 4021/3523/3226
f 2152/3257/2368 2794/3258/2997 3026/3524/3227
f 96/113/109 2750/3525/3228 97/112/108
f 2750/3527/3228 96/3491/109 3027/3526/3229
f 872/3530/993 871/3529/994 3028/3528/3230
f 1856/2184/1053 639/3532/722 3029/3531/3231
f 4205/3463/3178 594/693/672 3030/3533/3232
f 1807/2119/2013 445/519/498 441/517/2012
f 4113/3535/3234 1705/2721/1905 3031/3534/3233
f 3032/3537/3236 3033/3536/3235 1657/1941/1853
f 1506/1760/1682 838/987/959 1507/1759/1681
f 2536/2972/2753 3034/3538/3237 2537/2971/2752
f 3036/3539/3238 2651/3092/2860 3035/2553/2390
f 815/963/936 3037/3541/3240 3038/3540/3239
f 3037/3541/3240 2417/2840/2636 3039/3542/3241
f 694/811/787 2902/3380/3101 3040/3543/3242
f 507/588/567 506/589/568 3489/3544/3243
f 2663/932/905 3041/3545/3244 4073/933/906
f 3042/930/903 798/942/915 3043/3546/3245
f 2176/2556/2393 2175/2557/2394 4229/1831/1752
f 2172/2555/2392 4229/1831/1752 1570/1832/1753
f 3044/3547/3246 3045/3517/3220 3621/1520/1459
f 1921/3549/2139 3046/1835/1756 3047/3548/3247
f 1744/2048/1949 3001/3484/3194 1745/2047/1948
f 3002/3483/3193 3001/3484/3194 3000/2088/1984
f 322/371/356 4414/365/350 318/366/351
f 3048/3550/3248 322/371/356 2772/3223/2972
f 3049/3552/3250 3762/3551/3249 182/207/198
f 3050/3553/3251 2652/3091/2859 3051/182/173
f 3014/3507/3212 3012/3505/3210 3013/3503/3208
f 2391/2808/2612 801/944/917 3052/3554/3252
f 3022/3518/3221 2495/2924/2710 3053/3555/3253
f 3054/3556/3254 1876/3272/3008 2808/3273/3009
f 2398/3558/2616 4025/3557/3255 2794/3258/2997
f 2398/3558/2616 3055/3560/3256 2399/3559/2615
f 2497/102/98 74/3480/3191 73/3478/146
f 3057/3563/3257 2906/3562/1851 1654/3561/1848
f 233/273/260 235/271/258 3057/3563/3257
f 4192/1064/1031 904/1065/1032 1027/2289/2160
f 1938/2287/1673 3058/2292/2163 1027/2289/2160
f 2525/1500/1441 4099/3565/3259 3059/3564/3258
f 1284/1499/1440 2525/1500/1441 230/267/254
f 2869/3345/3068 3060/3566/3260 1387/1627/1557
f 3803/1410/1356 3021/3516/3219 1203/1409/1355
f 3061/3568/3261 958/1998/1098 996/3567/1142
f 2613/3054/2826 958/1998/1098 2670/3107/2874
f 952/1127/1091 1798/2112/2005 4254/2110/2003
f 3062/3569/3262 2254/2655/2482 950/1123/1087
f 3014/3507/3212 3015/3506/3211 1960/2316/2184
f 1624/1895/1813 3063/3570/3263 3014/3507/3212
f 963/1141/1105 382/440/421 961/1137/1101
f 964/1140/1104 963/1141/1105 961/1137/1101
f 395/447/428 3064/3571/3264 393/449/430
f 3065/3573/3266 423/486/466 3066/3572/3265
f 3067/3574/3267 335/388/373 337/386/371
f 1097/1293/1243 1096/1294/1244 3069/3575/3268
f 990/1176/1138 3070/3577/3270 3071/3576/3269
f 3072/3579/3272 3356/3578/3271 3073/3496/3201
f 4406/3498/3203 3007/3494/3199 3073/3496/3201
f 3074/3581/3274 493/574/553 3075/3580/3273
f 3074/3581/3274 216/253/240 493/574/553
f 3065/3573/3266 3066/3572/3265 3076/3582/3275
f 374/431/412 3065/3573/3266 2338/2754/2564
f 3075/3580/3273 493/574/553 3077/3583/3276
f 3077/3583/3276 493/574/553 492/575/554
f 313/363/348 376/435/416 4006/675/654
f 376/435/416 3011/3501/3206 612/716/693
f 3078/3585/3278 847/993/965 3079/3584/3277
f 1675/3586/1875 1756/2067/1964 1676/2068/1874
f 363/415/397 328/379/364 329/377/362
f 359/409/391 363/415/397 329/377/362
f 442/3587/3279 2987/3466/3180 2061/115/111
f 107/123/119 442/3587/3279 3080/3588/3280
f 3762/3551/3249 3050/3553/3251 3081/3589/3281
f 175/200/191 174/201/192 3082/3590/3282
f 3083/3591/3283 2445/2873/2663 1071/1266/1219
f 1074/1268/1221 1071/1266/1219 237/275/262
f 727/849/825 3084/3593/3285 3085/3592/3284
f 3086/3594/3286 1589/1853/1774 512/594/573
f 2812/3277/3013 3087/3596/3288 3088/3595/3287
f 3089/3597/3289 2876/3353/3075 724/845/821
f 2858/3329/3056 3090/3598/3290 2809/3271/3007
f 803/948/921 3091/3599/3291 804/947/920
f 3092/3600/3292 893/3469/1016 2989/3468/3182
f 3731/3602/3293 3093/3601/1462 2991/3471/3184
f 2201/2584/2418 3094/3603/3294 2199/2585/2419
f 2200/1477/1420 2199/2585/2419 1677/3604/3295
f 1321/1541/1476 308/356/341 2960/357/342
f 3095/3606/3297 308/356/341 3096/3605/3296
f 3094/3603/3294 1673/1961/1873 2199/2585/2419
f 177/202/193 3097/3607/3298 4110/2517/2356
f 186/214/205 177/202/193 3098/3608/3299
f 223/258/245 1466/1715/1638 224/257/244
f 564/654/633 563/655/634 1068/1263/1216
f 455/3611/505 3754/3610/3301 3099/3609/3300
f 1562/1821/1743 3100/3612/3302 1492/1741/1664
f 1564/1824/1745 1563/1825/1746 2481/2912/2698
f 4330/1938/1850 3101/3614/3304 3102/3613/3303
f 491/572/551 490/573/552 463/538/517
f 463/538/517 99/117/113 491/572/551
f 1067/1258/1211 1066/1259/1212 1923/2270/2142
f 3925/3617/3307 3103/3616/3306 3104/3615/3305
f 1912/3620/2129 3105/3619/3309 1486/3618/3308
f 3106/3622/3311 3107/3621/3310 3108/3511/3215
f 1057/1251/1204 3084/3593/3285 727/849/825
f 3055/3560/3256 727/849/825 2399/3559/2615
f 2756/3203/2956 3717/3624/3313 3109/3623/3312
f 2756/3203/2956 664/777/753 2150/2528/2366
f 1657/1941/1853 774/3626/880 1658/3625/1855
f 1417/1658/1586 1416/1659/1587 252/3627/3314
f 1342/1563/1498 1341/1564/1499 3110/3628/3315
f 3111/3630/3317 3112/3629/3316 2409/2830/2629
f 3113/3632/3319 1256/1468/1412 3301/3631/3318
f 3114/3633/3320 836/2146/590 2121/2496/2339
f 1105/1306/1256 1107/1304/1254 3115/3634/3321
f 2148/2526/2364 2147/2527/2365 1832/3635/2043
f 3116/3638/3324 3117/3637/3323 3118/3636/3322
f 3356/3578/3271 4406/3498/3203 3073/3496/3201
f 4414/365/350 3048/3550/3248 1602/1865/1786
f 342/3639/374 344/3391/375 300/346/331
f 46/58/57 1269/1486/1429 47/57/56
f 1299/1515/1454 1296/855/831 3120/3640/3325
f 1342/1563/1498 3110/3628/3315 2409/2830/2629
f 2408/2826/2626 3121/3642/3327 3122/3641/3326
f 3093/3601/1462 893/3469/1016 2991/3471/3184
f 893/1049/1016 3093/1525/1462 1303/1523/1460
f 3123/3643/3328 1436/1681/1607 1438/1679/1605
f 3124/3645/3330 832/979/951 2649/3644/3329
f 3125/3646/3331 387/443/424 373/432/413
f 2028/2383/2243 4151/2384/2244 348/401/385
f 2705/3152/2910 1150/1348/1298 1149/1349/1299
f 1149/1349/1299 1192/955/928 1191/1399/1345
f 841/991/963 843/989/961 1615/1886/1804
f 3384/3647/3332 1755/2063/1960 1754/2064/1961
f 1457/1704/1624 754/3648/859 785/1703/894
f 2766/3651/2969 2768/3650/2967 3126/3649/3333
f 843/989/961 3127/3652/3334 1615/1886/1804
f 3127/3652/3334 843/989/961 3128/3653/3335
f 3546/3654/3336 2810/3275/3011 3223/3276/3012
f 2298/1227/1183 2297/2701/2524 1293/1508/1448
f 221/254/241 220/255/242 676/787/763
f 217/252/239 4156/3656/3338 3129/3655/3337
f 3087/3596/3288 2812/3277/3013 851/1001/973
f 3130/3657/3339 3087/3596/3288 1291/1510/1450
f 3133/3658/3340 2419/2841/2637 2418/1301/1251
f 3134/3660/3342 2817/3282/3018 3135/3659/3341
f 3136/3663/3345 3137/3662/3344 3139/3661/3343
f 3138/3666/3347 1613/3665/3346 3139/3664/3343
f 2743/3187/2941 3140/3667/3348 2741/3189/2943
f 3141/20/19 3133/3658/3340 3142/3668/3349
f 3539/22/21 3141/20/19 3142/3668/3349
f 3143/3669/3350 4368/1983/1895 1695/1981/1893
f 1221/1431/1376 3144/3670/3351 1133/1335/1285
f 846/994/966 3079/3584/3277 847/993/965
f 3145/3671/3352 846/994/966 1637/1908/1825
f 744/869/845 3146/3673/3354 3147/3672/3353
f 3146/3673/3354 1972/2329/2194 3148/3674/3355
f 671/3677/758 3149/3676/3356 670/3675/759
f 598/698/677 824/3678/942 671/782/758
f 2567/3005/2784 3150/3680/3358 3151/3679/3357
f 2310/2711/2532 2567/3005/2784 2309/2712/2533
f 3856/1128/1092 745/868/844 3152/3681/3359
f 293/335/320 3147/3672/3353 3153/3682/3360
f 773/3683/881 775/908/882 249/292/277
f 3154/3684/3361 670/3675/759 3149/3676/3356
f 3155/3685/3362 315/361/346 1120/1320/1270
f 3156/1766/1688 315/361/346 1513/1764/1686
f 3157/3686/3363 2819/3287/3021 2820/3285/3020
f 526/614/593 3157/3686/3363 3158/3687/3364
f 713/832/808 3159/3688/3365 43/51/50
f 3160/3689/3366 23/34/33 24/32/31
f 3161/3690/3367 1438/1679/1605 933/1100/1064
f 1438/1679/1605 3161/3690/3367 3123/3643/3328
f 3162/3692/3369 1093/1290/1240 3163/3691/3368
f 3164/3693/3370 4357/1129/1093 954/1130/1094
f 3165/3696/3373 3166/3695/3372 3167/3694/3371
f 2637/3076/2845 3168/3697/3374 616/719/696
f 1944/2297/2168 2455/2887/2675 4193/2296/2167
f 3952/3698/3375 3950/2890/2678 2720/2888/2676
f 1765/2078/1974 2685/3124/2889 2684/1201/1160
f 1766/2077/1973 1765/2078/1974 2684/1201/1160
f 453/528/507 2712/2475/772 454/527/506
f 2110/2474/2325 2712/2475/772 3181/3699/3376
f 3606/3701/3378 1843/2168/2054 3169/3700/3377
f 3606/3701/3378 1146/1346/1296 1843/2168/2054
f 2293/3704/2520 2033/3703/2246 3172/3702/3379
f 3060/3705/3260 1580/1841/1762 2025/2381/2241
f 2026/2382/2242 3021/3516/3219 2025/2381/2241
f 544/3708/611 543/3707/612 3170/3706/3380
f 3410/3709/3381 3170/3706/3380 543/3707/612
f 1193/1398/1344 2109/2472/2323 1195/1400/1346
f 3173/3711/3383 3174/3710/3382 1195/1400/1346
f 62/79/76 79/93/89 63/78/75
f 1545/2234/2114 1544/1803/1725 1543/1804/1726
f 2752/3712/3384 2981/3460/3175 718/838/814
f 2981/3460/3175 307/353/338 718/838/814
f 1916/2261/2135 520/603/582 3175/3713/3385
f 3176/3715/3386 1563/3714/1746 1141/1341/1291
f 1563/1825/1746 3177/3717/3387 1314/3716/1469
f 556/1241/624 2021/1239/1195 1053/3718/1196
f 556/3719/624 1053/1242/1196 2489/2920/2706
f 1884/2216/2096 1009/1192/1151 1885/2215/2095
f 3178/3721/3389 3179/3720/3388 2093/2454/2308
f 3181/3699/3376 1489/1740/1663 2110/2474/2325
f 1450/1695/1620 2008/2365/236 3182/3722/3390
f 3183/3723/3391 201/229/220 190/227/218
f 1758/2071/1967 1172/3724/1324 1759/2070/1966
f 1650/1931/1844 629/738/715 1172/1377/1324
f 3184/3726/3393 3185/3725/3392 61/74/71
f 95/127/123 3186/3727/3394 94/2603/2433
f 2538/2973/2754 2403/2823/2623 2402/2820/2620
f 1423/1996/1907 1706/1660/1588 2441/2869/2659
f 2903/3729/3100 2905/3728/3102 2807/3269/3005
f 520/603/582 519/604/583 3175/3713/3385
f 1917/2260/2134 2533/2966/2747 1326/1546/1481
f 2709/3154/2912 2708/3155/2913 210/3730/231
f 2580/3018/2794 1458/3731/1627 210/241/231
f 4372/1088/1054 923/1086/1052 3187/3732/3395
f 2319/2726/2542 1198/1402/1348 923/2725/1052
f 2641/3081/2850 2910/3387/3108 3188/3385/3106
f 2601/3043/2817 3188/3385/3106 4407/3042/2816
f 2625/3735/2836 3189/3734/3397 3190/3733/3396
f 1661/3738/1856 1660/3737/1857 2560/3736/3398
f 2548/2984/2764 792/3739/907 2549/2983/2763
f 4167/936/909 792/934/907 2548/3740/2764
f 3191/3742/3400 2350/2764/2574 3192/3741/3399
f 2350/2764/2574 3193/642/621 3194/3743/3401
f 3195/3745/3403 3196/3744/3402 3940/2031/1934
f 1655/1937/1849 4330/1938/1850 3940/2031/1934
f 3606/3701/3378 48/60/59 2534/2969/2750
f 2535/2968/2749 2534/2969/2750 3197/3746/3404
f 2037/2154/2041 868/1017/989 3198/3747/3405
f 866/1019/991 868/1017/989 2428/2155/2042
f 3199/3749/3407 3200/3748/3406 1553/1812/1734
f 1780/2095/1989 1555/1813/1735 1404/1644/1574
f 4215/1163/1125 979/1159/1121 3201/3750/3408
f 3202/3751/3409 1764/2079/1975 979/1159/1121
f 3196/3744/3402 4364/1935/1847 2906/1939/1851
f 1091/1292/1242 1381/1619/1549 1092/1291/1241
f 2995/1351/3411 3204/3752/3410 1091/1292/1242
f 496/576/555 3205/3754/3413 3206/3753/3412
f 1473/1722/1644 410/473/454 1474/1723/1645
f 3207/3757/3415 1473/3756/1644 3208/3755/3414
f 436/506/485 3207/3757/3415 3209/3758/3416
f 3210/3760/3418 4121/2691/2514 3211/3759/3417
f 3211/3759/3417 1233/1445/1389 2392/3761/3419
f 2033/3764/2246 2031/3763/3420 3172/3762/3379
f 3212/2867/2657 1696/1985/1897 2439/2868/2658
f 3212/2867/2657 2983/3461/3176 1696/1985/1897
f 859/1008/980 2834/1422/1367 791/935/908
f 791/935/908 1210/1419/1365 792/934/907
f 2109/2472/2323 4303/2473/2324 3213/3765/3421
f 806/951/924 805/952/925 3214/3766/3422
f 3215/3767/3423 1492/1741/1664 2345/2760/2570
f 2120/2121/2015 3215/3767/3423 2344/2493/2336
f 1862/2194/2076 3216/2126/1541 1863/2193/2075
f 4067/3415/3132 935/1104/1068 934/1105/1069
f 1437/1680/1606 933/1100/1064 1438/1679/1605
f 799/946/919 1233/1445/1389 800/945/918
f 2392/3761/3419 1233/1445/1389 2393/2150/2037
f 1712/2006/1914 3558/3768/3424 1710/2008/1916
f 3220/3770/3426 4253/2319/524 3221/3769/3425
f 1964/2321/2187 3221/3769/3425 4253/2319/524
f 1402/1640/1570 1401/1641/1571 3222/3771/3427
f 2204/2587/2421 1402/1640/1570 2203/2588/2422
f 2297/2701/2524 3223/3276/3012 1293/1508/1448
f 1291/1510/1450 1293/1508/1448 3223/3276/3012
f 3224/3774/1740 1560/3773/1741 3225/3772/3428
f 3226/3775/3429 2321/2728/2543 2320/2729/2335
f 3138/3666/3347 3139/3664/3343 339/394/379
f 1740/2044/1945 1974/2331/2196 3227/3776/3430
f 967/1146/1110 2147/3777/2365 2145/2524/2363
f 3228/1147/1111 4404/3778/3431 967/1146/1110
f 2380/2796/2600 3229/3780/3433 3230/3779/3432
f 1075/1270/1223 3231/3781/3434 204/230/221
f 846/994/966 1635/1906/1823 2792/3248/2992
f 824/3782/942 3149/3676/3356 671/3677/758
f 4307/3784/3435 3149/3783/3356 775/908/882
f 3232/3785/3436 1904/2241/2120 3333/2242/2121
f 3333/2242/2121 613/718/695 439/510/489
f 2348/2762/2572 3191/3742/3400 1604/1869/1790
f 204/230/221 3231/3781/3434 3233/3786/3437
f 3234/3787/3438 2924/3400/3120 1873/2205/2085
f 2924/3788/3120 1363/1594/1524 1365/1592/1522
f 569/3789/3439 3235/559/538 568/660/639
f 3236/830/806 3237/3790/3440 13/14/13
f 2995/1351/1301 1153/1352/1302 3238/3791/3441
f 3204/3752/3410 1383/1620/1550 3800/340/325
f 1195/1400/1346 2109/2472/2323 3214/3766/3422
f 2109/2472/2323 3239/3792/3442 3214/3766/3422
f 52/68/67 3240/3793/3443 4094/846/822
f 3170/3796/3380 3171/3795/3445 3241/3794/3444
f 1/3/3 2/1/1 3242/1917/1833
f 2535/2968/2749 3197/3746/3404 3242/1917/1833
f 4025/3557/3255 3026/3524/3227 2794/3258/2997
f 3243/3798/3447 715/835/811 3244/3797/3446
f 3245/3799/3448 2927/3404/3123 508/1219/572
f 508/1219/572 2927/3404/3123 3246/3800/3449
f 1845/2171/2057 1846/2170/2056 3255/2702/2525
f 202/232/223 3721/3801/3450 203/231/222
f 2707/1896/1814 3249/3802/3451 1624/1895/1813
f 1524/3805/1704 3250/3804/3452 1409/3803/1578
f 1409/3803/1578 3251/3807/3453 2542/3806/2759
f 3252/3809/3455 3253/3808/3454 2829/1214/1172
f 2826/3297/3029 2829/1214/1172 3254/3810/3456
f 281/328/313 3255/2702/2525 3256/3811/3457
f 3256/3811/3457 248/287/274 3257/3812/3458
f 3258/3502/3207 2100/2460/2314 2339/2753/2563
f 3259/3813/3459 2259/2658/2485 2258/2656/2483
f 2722/3171/2925 3260/3814/3460 600/702/681
f 632/741/718 3261/3815/3461 633/740/717
f 473/3818/532 475/3817/530 3262/3816/3462
f 51/63/62 50/64/63 75/3819/88
f 2555/2992/2772 2010/2367/2229 2009/1710/1633
f 659/771/747 120/138/134 119/139/135
f 3264/3821/3464 3265/3820/3463 659/771/747
f 2115/2482/2330 3266/3822/3465 1930/2279/2151
f 1930/2279/2151 1932/2281/2153 1931/2278/2150
f 3267/3824/3467 3268/3823/3466 3269/2703/2526
f 3267/3824/3467 3269/2703/2526 3194/3743/3401
f 2571/3010/2789 538/628/607 2572/3009/2788
f 461/537/516 540/626/605 462/536/515
f 3270/3827/3469 273/3826/300 3271/3825/3468
f 790/929/902 3042/930/903 3713/1052/1019
f 4079/3828/3470 3713/1052/1019 2661/3099/2867
f 1117/1319/1269 1120/1320/1270 3199/3749/3407
f 1780/2095/1989 1779/2093/1987 1117/1319/1269
f 3272/3829/3471 1860/2188/2070 3786/2189/2071
f 1091/1292/1242 1093/1290/1240 3273/3830/3472
f 217/252/239 216/253/240 3274/3831/3473
f 3074/3581/3274 2623/3063/2835 216/253/240
f 3275/3832/3474 2432/2860/2652 2433/2858/2650
f 3275/3835/3474 3276/3834/3475 3277/3833/2887
f 1964/2321/2187 1200/1408/1354 1579/1842/1763
f 2086/2444/2299 2085/2445/2300 3278/3836/3476
f 2846/3315/3046 1355/1584/1514 1354/1585/1515
f 2090/2451/2305 2554/2988/2768 2091/2450/2304
f 3279/294/279 3280/3838/3478 3281/3837/3477
f 3282/3839/3479 3950/2890/2678 3952/3698/3375
f 616/719/696 3168/3697/3374 1818/2134/2026
f 3168/3697/3374 128/151/145 1818/2134/2026
f 2298/1227/1183 2294/2699/2522 1041/1229/1185
f 2298/1227/1183 1293/1508/1448 2105/2469/2321
f 3285/3840/3480 2203/2588/2422 3222/3771/3427
f 2203/2588/2422 1402/1640/1570 3222/3771/3427
f 2010/2367/2229 879/1033/1003 2011/2366/2228
f 2014/2368/2230 3283/3841/3481 3284/1549/1484
f 3105/3842/3309 2203/2588/2422 3285/3840/3480
f 3105/3619/3309 3285/3843/3480 1486/3618/3308
f 4145/500/479 1051/498/477 3286/3844/3482
f 498/580/559 419/483/463 413/475/456
f 1012/1195/1154 3287/3845/3483 1011/1193/1152
f 2172/2555/2392 3288/3846/3484 2173/2554/2391
f 3289/3849/3487 3290/3848/3486 3291/3847/3485
f 1249/1461/1405 1247/1457/1401 4179/3850/3488
f 295/338/323 299/347/332 3292/3851/3489
f 761/889/865 299/347/332 3293/3852/3490
f 3294/3853/3491 502/582/561 1388/1625/1555
f 3295/3855/3493 3296/3854/3492 1388/1625/1555
f 2940/1826/1747 2003/2362/2225 1565/1828/1749
f 4001/3857/3495 2943/3856/3494 2942/680/659
f 3297/3860/3496 2435/3859/2653 2434/3858/2651
f 2435/3863/2653 3298/3862/3498 3299/3861/3497
f 3264/3821/3464 659/771/747 119/139/135
f 2755/3201/2954 664/777/753 3301/3631/3318
f 1337/1559/1494 736/860/836 500/584/563
f 882/1037/1007 881/1038/1008 3305/1514/1453
f 1005/1411/1357 1203/1409/1355 3044/3547/3246
f 3302/3865/3499 3044/3864/3246 3047/3548/3247
f 3303/3866/3500 2242/2643/2470 870/1025/995
f 3304/3868/3501 3305/1514/1453 1337/3867/1494
f 3305/1514/1453 881/1038/1008 1337/3867/1494
f 1017/3869/1159 2525/1500/1441 1018/1501/998
f 1772/244/234 2525/2956/1441 1017/1200/1159
f 2710/3157/2915 2711/3156/2914 2708/3870/2913
f 3306/3872/3503 229/268/255 3307/3871/3502
f 229/268/255 2510/2939/2725 2509/2940/2726
f 718/838/814 717/839/815 2752/3712/3384
f 1686/1971/1883 4197/599/578 3308/3873/3504
f 739/863/839 3309/3143/2904 2698/3141/2903
f 739/863/839 1000/864/840 778/2240/2119
f 1010/1194/1153 1011/1193/1152 2856/3325/3054
f 2856/3325/3054 1804/2115/2008 1010/1194/1153
f 3311/3874/3505 1445/1689/1615 1447/1687/1613
f 1445/1689/1615 3311/3874/3505 1443/1685/1611
f 1647/3031/1839 1646/3875/1840 3312/1925/1838
f 10/13/12 3313/3876/3506 1182/12/11
f 889/1046/1013 888/1047/1014 1222/1433/1378
f 888/1047/1014 526/614/593 3158/3687/3364
f 3314/3877/3507 3315/2636/2463 2145/2525/2363
f 3115/3634/3321 1896/2231/2111 1898/2229/2109
f 3316/3879/3508 1572/3878/1754 1004/1626/1556
f 3047/3882/3247 3316/3881/3508 3302/3880/3499
f 3317/3884/3510 3318/3883/3509 3319/270/257
f 3320/3887/3513 3321/3886/3512 3322/3885/3511
f 3323/3890/3515 3324/3889/363 3325/3888/3514
f 369/422/404 2737/3185/2939 4279/3891/3516
f 3326/3892/3517 3322/3885/3511 3317/3884/3510
f 2881/3356/3078 3327/3442/3158 3328/3893/3518
f 1401/1641/1571 1013/3894/1157 3222/3771/3427
f 3329/3896/3520 3330/3895/3519 1958/2313/2181
f 1065/1260/1213 1958/2313/2181 1957/2314/2182
f 921/3898/1051 922/3897/1050 1857/2185/2067
f 3331/3900/3522 613/718/695 3332/3899/3521
f 613/718/695 997/1185/1145 3332/3899/3521
f 3333/2242/2121 997/1185/1145 613/718/695
f 85/104/100 3334/3901/3523 3335/2927/2713
f 3457/2950/2735 3336/3902/3524 68/84/81
f 2409/2830/2629 3112/3629/3316 1996/2829/2218
f 104/121/117 3337/3904/3525 2164/3903/2384
f 2796/3906/3527 3338/3905/3526 1058/1250/1203
f 1058/1250/1203 2797/3907/1358 2796/3906/3527
f 2880/3355/3077 3339/3908/3528 2872/3349/3071
f 2638/3079/2848 2880/3355/3077 2872/3349/3071
f 3340/3911/3531 3341/3910/3530 3342/3909/3529
f 3273/3830/3472 1151/3913/3533 1152/3912/3532
f 2542/3916/2759 1926/3915/2146 2543/3914/2758
f 3343/3917/3534 1926/2274/2146 1925/2275/2147
f 3344/503/482 2135/2511/2350 2134/2512/2351
f 3340/3911/3531 1151/3913/3533 3341/3910/3530
f 3345/3919/3535 754/3918/859 1457/1699/1624
f 2767/3219/2968 3345/3919/3535 1457/1699/1624
f 3346/3922/3538 3347/3921/3537 3348/3920/3536
f 3349/2777/2584 2360/281/268 3350/3923/3539
f 580/676/655 2360/281/268 228/264/251
f 2602/3041/2815 170/1911/184 1641/3924/1829
f 2086/2444/2299 112/2834/124 3351/3925/3540
f 701/2029/797 1728/2027/1931 1484/3926/3541
f 3352/3928/3543 957/1135/1099 3353/3927/3542
f 1111/1311/1261 3354/923/896 3577/927/900
f 3355/2252/2128 1358/1587/1517 1357/1588/1518
f 748/873/849 167/189/180 140/161/153
f 95/127/123 109/125/121 3186/3727/3394
f 3118/3636/3322 3357/3929/3544 3116/3638/3324
f 651/761/737 3358/3930/3545 652/760/736
f 2842/3932/3546 2732/3931/2934 2728/3179/2933
f 3359/3933/3547 1164/1367/1314 1168/1369/1316
f 1168/1369/1316 3360/3934/3548 1407/1645/1575
f 3361/3935/3549 251/293/278 3349/2777/2584
f 3350/3923/3539 3362/3936/3550 3349/2777/2584
f 300/346/331 3119/1353/1303 3247/2626/2454
f 3363/3937/3551 300/346/331 295/338/323
f 3364/3939/3553 1979/2339/2204 4342/3938/3552
f 1981/2337/2202 4342/3938/3552 1979/2339/2204
f 1591/1855/1776 3365/3941/3555 3366/3940/3554
f 2450/2877/2667 3367/3943/3557 3368/3942/3556
f 2592/3028/2804 3369/3944/3558 258/300/285
f 3369/3944/3558 2588/3027/2803 2590/3025/2801
f 740/867/843 2135/2511/2350 2688/3131/2893
f 740/867/843 2688/3131/2893 392/444/425
f 68/84/81 3336/3902/3524 3371/3945/3559
f 4284/3947/139 3370/3946/3560 3371/3945/3559
f 1472/1719/1642 1471/1720/1643 3372/3948/3561
f 1185/1390/1336 1472/1719/1642 1184/1392/1338
f 2140/2518/2357 1530/1788/1710 3373/3949/3562
f 3374/3951/3564 3375/3950/3563 128/151/145
f 3376/3952/3565 3355/2252/2128 1909/2250/2126
f 1481/1732/1653 4328/2749/2559 3526/3953/3566
f 1264/1474/1418 1261/1475/1417 3377/3954/3567
f 3378/3956/3569 984/1165/1127 3379/3955/3568
f 1941/1015/987 1942/2293/2164 1302/3957/3570
f 1942/2293/2164 3380/3959/3572 3620/3958/3571
f 3291/3847/3485 3381/1889/1807 3289/3849/3487
f 2802/3265/3001 529/619/598 246/289/276
f 4208/658/637 529/619/598 2802/3265/3001
f 1481/1732/1653 3382/3960/3573 3567/790/766
f 3383/3962/3575 3384/3647/3332 3385/3961/3574
f 3386/3964/3577 4303/2473/2324 4302/3963/3576
f 1472/1719/1642 3372/3948/3561 1184/1392/1338
f 3944/2936/2722 1184/1392/1338 2574/3011/2790
f 1811/2124/2018 2344/2493/2336 3387/3965/3578
f 2793/3247/2991 2792/3248/2992 2029/3966/3579
f 1314/3716/1469 2481/2912/2698 1563/1825/1746
f 1314/3716/1469 1313/3967/1470 2485/2913/2699
f 3388/3969/3581 3389/3968/3580 457/530/509
f 456/531/510 3388/3969/3581 457/530/509
f 1428/1667/1595 1427/1668/1596 3388/3969/3581
f 3237/3790/3440 3236/830/806 711/831/807
f 3159/3688/3365 713/832/808 711/831/807
f 3393/3970/3582 3379/3955/3568 984/1165/1127
f 1054/1539/1199 1319/1537/1474 986/3971/1131
f 3394/3973/3584 2194/2578/2412 3395/3972/3583
f 746/872/848 3394/3973/3584 3396/3974/3585
f 1583/1845/1766 1089/1289/1239 1090/1287/1238
f 2583/3023/2799 357/3500/3205 355/2003/1911
f 3235/3977/538 569/3976/3439 3397/3975/3586
f 711/831/807 713/832/808 3397/3975/3586
f 277/321/306 900/1059/1026 288/334/319
f 1323/1545/1480 1325/1543/1478 900/1059/1026
f 2629/3071/2840 1901/3978/2116 2630/3070/2839
f 22/37/36 25/35/34 811/956/929
f 133/153/147 3398/1437/159 3915/155/149
f 3398/167/159 1784/2099/1992 145/166/158
f 2064/2423/2282 3399/3980/3587 3325/3979/3514
f 4279/3891/3516 2737/3185/2939 3325/3979/3514
f 3400/3982/3589 2614/3053/2825 3401/3981/3588
f 3401/3981/3588 2614/3053/2825 2672/3108/2875
f 3402/3984/3591 2851/3321/3051 3403/3983/3590
f 3404/3985/3592 2777/3231/2977 2178/3232/2397
f 3405/3986/3593 1867/2199/2081 2060/2418/2277
f 1914/3988/2133 1867/2199/2081 3406/3987/3594
f 3407/3989/3595 3075/3580/3273 3077/3583/3276
f 3400/3982/3589 3401/3981/3588 1914/3988/2133
f 2645/3087/2856 1499/1752/1674 1497/1749/1671
f 3409/3990/3596 1499/1752/1674 2645/3087/2856
f 2293/3704/2520 3172/3702/3379 3410/3991/3381
f 3410/3993/3381 2030/3992/3597 3241/3794/3444
f 667/779/755 1195/1400/1346 3174/3710/3382
f 238/274/261 3411/3994/3598 1340/1565/1500
f 1722/2019/1925 1216/1425/1370 2229/2624/2452
f 1216/1425/1370 1070/1261/1214 1069/1262/1215
f 2901/1608/1538 3413/3996/3600 3414/3995/3599
f 2901/1608/1538 3414/3995/3599 3415/3997/3601
f 3416/3999/2302 3417/3998/3602 1282/1498/1439
f 3418/4000/3603 1821/2135/2027 1878/2208/2088
f 3827/4002/3605 1970/2328/2193 3419/4001/3604
f 2202/2586/2420 3419/4001/3604 1919/2263/2137
f 3461/4003/3606 2874/3352/3074 2881/3356/3078
f 2874/3352/3074 2873/3348/3070 2881/3356/3078
f 4302/3963/3576 3420/4004/3607 3383/3962/3575
f 3383/3962/3575 809/953/926 3421/3241/2985
f 1852/2175/2061 3422/4005/3608 1854/2179/2065
f 2346/4007/2571 3424/4006/3609 776/3142/884
f 776/3142/884 3424/4006/3609 887/615/594
f 3862/3311/3043 2400/2818/2619 3425/4008/3610
f 2400/2818/2619 3426/4009/3611 3425/4008/3610
f 3427/4012/3612 1029/4011/1170 721/4010/816
f 1029/4015/1170 3428/4014/3613 2596/4013/2808
f 1843/2168/2054 3429/4016/3614 3169/3700/3377
f 2272/2674/2500 2271/2671/2497 3430/4017/3615
f 4235/4019/3617 3431/4018/3616 2248/2650/2477
f 3099/3609/3300 4235/4019/3617 3432/4020/3618
f 3819/4022/3620 3433/4021/3619 3434/1607/1537
f 3820/4023/3621 3434/1607/1537 2901/1608/1538
f 611/717/694 2261/4025/2486 2260/4024/2487
f 611/717/694 612/716/693 396/455/436
f 3435/4026/3622 1340/1565/1500 2355/2771/2578
f 3435/4026/3622 238/274/261 1340/1565/1500
f 1241/1453/1397 1240/1454/1398 3436/4027/3623
f 3978/4028/3624 1847/2174/2060 1849/2172/2058
f 332/4029/370 370/427/402 354/425/407
f 1708/2004/1912 1927/2277/2149 1928/2276/2148
f 3922/885/861 3921/4030/3625 757/888/864
f 1485/1736/1659 1294/1512/1657 2133/2510/2349
f 124/2325/3628 131/4032/3627 3438/4031/3626
f 3819/4022/3620 3440/4033/3629 2500/2932/2718
f 3819/4022/3620 3434/1607/1537 3820/4023/3621
f 1947/2298/2169 3441/4035/3631 3442/4034/3630
f 3443/4037/3633 3444/4036/3632 1174/1379/1326
f 3445/4038/3634 2948/3424/3141 738/861/837
f 1537/1798/1720 4242/3376/3098 3445/4038/3634
f 3446/4040/2498 2270/2904/2499 3447/4039/3635
f 3447/4039/3635 2270/2904/2499 2476/2905/2691
f 3448/4041/3636 432/502/481 3449/767/743
f 3448/4041/3636 3450/4042/3637 432/502/481
f 3324/3889/363 4279/4043/3516 3325/3888/3514
f 328/379/364 4279/4045/3516 3451/4044/3638
f 1820/2136/2028 3452/4047/3640 3453/4046/3639
f 3452/4047/3640 1820/2136/2028 2453/2883/2671
f 2143/2519/2358 2142/2520/2359 2144/2522/2361
f 3454/4048/3641 478/554/533 865/1014/986
f 3455/2310/2178 4306/3008/2787 2572/3009/2788
f 2572/3009/2788 540/626/605 3455/2310/2178
f 1167/1370/1317 3359/3933/3547 1168/1369/1316
f 3456/4049/3642 1495/1745/1668 3359/3933/3547
f 3334/3901/3523 3457/2950/2735 3335/2927/2713
f 3336/3902/3524 2497/102/98 3371/3945/3559
f 1013/1198/1157 1401/1880/1571 1014/1197/1156
f 3458/4050/3643 1014/1197/1156 1401/1880/1571
f 3459/4051/3644 2875/3351/3073 2874/3352/3074
f 3460/4052/3645 3459/4051/3644 3461/4003/3606
f 3424/4006/3609 2346/4007/2571 3462/4053/3646
f 3463/4054/3647 3462/4053/3646 2819/3287/3021
f 2663/932/905 2658/3096/2864 2664/3100/2868
f 3464/4055/3648 3449/767/743 402/459/440
f 3392/3162/2918 3209/3758/3416 3755/4056/3649
f 3391/4057/3650 3392/3162/2918 3755/4056/3649
f 1107/1304/1254 1896/2231/2111 3115/3634/3321
f 1107/1304/1254 1108/1307/1257 466/539/518
f 1016/1199/1158 1014/1197/1156 3458/4050/3643
f 3465/4058/3651 1892/2226/2106 1016/1199/1158
f 3466/4060/3653 3467/4059/3652 2092/2453/2307
f 2440/2822/2622 253/296/281 243/282/269
f 3468/1016/988 3469/31/30 3470/4061/3654
f 3470/4061/3654 3469/31/30 3471/2570/2406
f 2399/3559/2615 727/849/825 726/850/826
f 3472/4062/3655 726/2814/826 1688/1973/1885
f 3473/4064/3656 3478/1721/1063 2363/4063/2585
f 2363/4066/2585 3478/1099/1063 2362/4065/2586
f 2640/3082/2851 3474/4067/3657 1822/2139/2031
f 3475/4068/3658 988/1173/1135 989/1171/1133
f 2092/2453/2307 2885/3359/3081 3280/3838/3478
f 3476/4069/3659 2553/2989/2769 2092/2453/2307
f 3477/4072/3662 3479/4071/3661 3880/4070/3660
f 3480/4073/3663 749/19/18 904/1065/1032
f 1224/1436/1381 904/1065/1032 1225/1435/1380
f 2068/2429/2284 407/4074/451 1645/1922/1835
f 3481/4076/3665 3482/4075/3664 2669/3104/2871
f 3482/4075/3664 1174/1379/1326 2669/3104/2871
f 2384/4078/2141 3483/4077/3666 966/1143/1107
f 3046/1835/1756 1921/3549/2139 2384/4078/2141
f 1680/1967/1879 3484/4080/3668 3485/4079/3667
f 1906/4083/2122 4412/4082/3670 3486/4081/3669
f 1040/4085/1182 3309/3143/2904 3487/4084/3671
f 161/178/170 162/515/494 144/179/160
f 3433/4021/3619 2904/3378/3099 3434/1607/1537
f 3488/4086/3672 3489/3544/3243 3040/3543/3242
f 707/825/801 3490/4088/3674 4411/4087/3673
f 2827/3296/3028 3491/4089/3675 3116/3638/3324
f 3143/3669/3350 1695/1981/1893 3492/4090/3676
f 1695/1981/1893 1134/1334/1284 1133/1335/1285
f 1967/2326/2191 1665/1951/1863 1663/1948/1860
f 1227/1440/1384 1967/2326/2191 2061/115/111
f 3493/4093/3677 2220/4092/2439 2219/4091/2440
f 941/1111/1075 3494/4094/3678 3287/3845/3483
f 941/1111/1075 940/1112/1076 3494/4094/3678
f 778/4097/2119 1906/4096/2122 3486/4095/3669
f 1904/2245/2120 1906/2243/2122 778/4098/2119
f 997/1185/1145 3333/2242/2121 1000/864/840
f 778/2240/2119 1000/864/840 3333/2242/2121
f 1801/2113/2006 3495/4100/3680 1840/4099/3679
f 3495/4100/3680 2968/2166/2052 3496/4101/3681
f 3497/4103/3683 3498/4102/3682 4253/545/524
f 3499/4104/3684 545/631/610 544/632/611
f 3500/4105/3685 770/904/879 3501/424/406
f 3502/4106/3686 3139/3661/3343 3137/3662/3344
f 1419/4108/1592 276/323/308 3503/4107/3687
f 1419/1664/1592 1421/1662/1590 276/4109/308
f 770/904/879 3219/4110/3688 3501/424/406
f 3504/313/298 269/314/299 3505/4111/3689
f 3086/3594/3286 3366/3940/3554 3365/3941/3555
f 3506/4112/3690 3086/3594/3286 3365/3941/3555
f 3507/2191/2073 2508/2941/2727 3508/278/265
f 1607/4113/3691 2508/2941/2727 1405/1643/1573
f 3509/4115/3693 3915/155/149 3510/4114/3692
f 3438/4031/3626 131/4032/3627 155/176/168
f 3511/4117/3695 2136/2514/2353 4240/4116/3694
f 2136/2514/2353 390/446/427 2137/2513/2352
f 1054/1246/1199 2265/2662/2489 1055/1245/1198
f 2265/2662/2489 3512/4118/3696 1055/1245/1198
f 3532/4120/3698 3513/4119/3697 794/937/910
f 3384/3647/3332 1615/1886/1804 3127/3652/3334
f 2750/3485/1769 3003/3486/3195 3529/4121/1770
f 1587/3487/1772 541/4122/609 3003/3486/3195
f 3412/4124/3700 3514/263/250 3515/4123/3699
f 3516/4125/3701 1230/1443/1387 1232/1441/1385
f 3517/4126/3702 537/623/602 2060/2418/2277
f 2374/2792/2598 852/1000/972 2812/3277/3013
f 2374/2792/2598 2812/3277/3013 3088/3595/3287
f 1623/1891/1809 1622/1892/1810 3104/3615/3305
f 3014/3507/3212 1960/2316/2184 1622/1892/1810
f 3518/4127/3703 3446/4040/2498 3447/4039/3635
f 3518/4128/3703 3430/4017/3615 3446/2672/2498
f 2641/3081/2850 1822/2139/2031 2910/3387/3108
f 2912/3389/3110 1822/2139/2031 2913/3388/3109
f 1851/2176/2062 536/624/603 535/625/604
f 1851/2176/2062 535/625/604 459/534/513
f 2876/3353/3075 3519/4129/3704 2811/3274/3010
f 3519/4129/3704 2876/3353/3075 3089/3597/3289
f 1889/2220/2100 2928/3403/3122 2927/3404/3123
f 3368/3942/3556 2928/3403/3122 1889/2220/2100
f 830/975/947 829/976/948 2617/3058/2830
f 1334/1557/1492 1218/1429/1374 1217/1430/1375
f 645/752/729 211/240/230 210/241/231
f 645/4130/729 210/3730/231 2708/3155/2913
f 900/2960/1026 264/2403/292 263/4131/291
f 900/1059/1026 263/4133/291 261/4132/290
f 3521/4136/3707 3548/4135/3706 3522/4134/3705
f 3430/4017/3615 3521/4136/3707 523/607/586
f 3523/4137/3708 1774/2087/1983 1521/1776/1698
f 3523/4137/3708 1521/1776/1698 2890/3364/3086
f 2558/4140/2776 1661/4139/1856 3524/4138/3709
f 579/673/652 3525/4141/3710 267/310/295
f 3526/3953/3566 3376/3952/3565 1909/2250/2126
f 2634/4142/2843 1199/1405/1351 2315/2719/2538
f 544/632/611 3528/4143/3711 3499/4104/3684
f 3529/4146/1770 3528/4145/3711 544/4144/611
f 3067/3574/3267 3530/4148/3713 3068/4147/3712
f 3531/4149/3714 2254/2655/2482 2256/2653/2480
f 3386/3964/3577 807/950/923 806/951/924
f 1598/1864/1785 3533/1861/1782 1599/1863/1784
f 3533/1861/1782 1160/1360/1307 1162/1364/1311
f 1316/1536/1473 1264/1474/1418 3377/3954/3567
f 2332/2745/2555 2108/2743/2322 1264/1474/1418
f 3534/4150/2994 2035/2390/2250 2034/2391/2251
f 643/749/726 642/750/727 3535/2056/1954
f 2704/48/47 2705/3152/2910 666/780/756
f 666/780/756 669/781/757 2704/48/47
f 3536/4152/3716 3537/4151/3715 2867/3343/3066
f 3538/4154/3718 3539/22/21 3540/4153/3717
f 1511/1761/1683 1510/1762/1684 3541/4155/3719
f 3541/4155/3719 2887/3361/3083 3466/4060/3653
f 2004/2361/2224 2003/2362/2225 1139/1340/1290
f 1139/1340/1290 3542/3111/2876 2615/3052/2824
f 3543/4157/3720 3544/4156/1528 1726/1735/1656
f 1483/1734/1655 1726/1735/1656 3544/4156/1528
f 2465/2895/2683 2715/3164/2920 2466/2894/2682
f 2353/2127/2019 3545/4158/3721 2465/2895/2683
f 3546/4159/3336 1042/1513/1184 1305/1511/3722
f 703/819/795 3547/4160/3723 1726/1735/1656
f 3521/4136/3707 3430/4017/3615 3548/4135/3706
f 1364/1593/1523 4308/4161/3724 2331/2746/2556
f 2331/2746/2556 3549/4162/3725 2332/2745/2555
f 2384/2268/2141 3550/4164/3727 3982/4163/3726
f 2384/2268/2141 3551/4166/3729 3552/4165/3728
f 2108/2470/2322 3553/4167/3730 550/641/620
f 4308/4161/3724 3549/4162/3725 2331/2746/2556
f 3554/4169/3732 1286/1503/1443 3559/4168/3731
f 1286/1503/1443 2101/4170/2315 3559/4168/3731
f 3082/3590/3282 4349/1191/176 175/200/191
f 175/200/191 4349/1191/176 1008/1190/1150
f 1553/1812/1734 3555/4171/3733 3556/1873/1794
f 3199/3749/3407 1553/1812/1734 3556/1873/1794
f 2491/2923/2709 3023/3522/3225 3025/3520/3223
f 2453/2883/2671 1819/2137/2029 2494/2925/2711
f 2246/2646/2473 1693/1979/1891 2247/2645/2472
f 1693/1979/1891 1694/1982/1894 2247/2645/2472
f 2070/2431/2286 3501/424/406 3219/4110/3688
f 1538/1797/1719 1535/1794/1716 2597/3037/2811
f 1535/1794/1716 1538/1797/1719 1536/1793/1715
f 3560/4173/3735 94/2603/2433 3561/4172/3734
f 3560/4173/3735 2214/2604/2434 94/2603/2433
f 1962/2318/2186 3013/3503/3208 1048/1238/1194
f 2734/3504/3209 2733/4174/3736 3013/3503/3208
f 3562/4177/3738 3563/4176/3737 839/4175/958
f 2557/2993/2773 1838/2165/2051 3563/4178/3737
f 3552/4165/3728 1617/1884/1802 3550/4164/3727
f 3550/4164/3727 2384/2268/2141 3552/4165/3728
f 2553/2989/2769 1083/1283/1234 2092/2453/2307
f 1812/2129/2021 2551/2987/2767 1813/2128/2020
f 4366/1595/1525 3020/3514/288 1367/1597/1527
f 265/308/293 1483/1734/1655 3020/303/288
f 2899/3375/3097 98/111/107 2038/2392/2252
f 2038/2392/2252 3004/3488/3196 3564/4179/3739
f 2295/2698/2521 2132/2509/2348 2437/2864/2655
f 4388/4182/3742 4379/4181/3741 3565/4180/3740
f 2040/2394/2254 2039/2395/2255 2045/2401/2261
f 3567/790/766 2895/3371/3093 3566/4183/3743
f 1714/2010/1918 3558/3768/3424 1712/2006/1914
f 405/462/443 431/499/478 403/464/445
f 1955/2312/2180 3455/2310/2178 1066/1259/1212
f 1065/1260/1213 1955/2312/2180 1066/1259/1212
f 3569/1296/1246 1099/1297/1247 203/231/222
f 3568/4184/3744 3569/1296/1246 203/231/222
f 2113/2481/2329 936/1103/1067 732/854/830
f 45/59/58 932/1101/1065 931/1102/1066
f 1313/4186/1470 1062/1257/1210 3570/4185/3745
f 3571/3019/2796 3570/4187/3745 1062/2246/1210
f 3572/4188/3746 1797/2107/2000 1796/2108/2001
f 3573/4189/3747 714/3067/812 2626/3065/2837
f 2380/2796/2600 2379/2797/2601 3229/3780/3433
f 226/261/248 2451/2880/2669 2575/4190/2792
f 3574/4192/3749 1910/2255/2131 3575/4191/3748
f 3576/4193/3750 3577/927/900 3354/923/896
f 3578/4194/3751 1080/1277/1229 2920/3397/3117
f 3575/4191/3748 1910/2255/2131 3579/4195/3752
f 3579/4195/3752 1910/2255/2131 1912/2253/2129
f 3580/2532/1424 1267/4196/1423 3572/4188/3746
f 3581/4199/3755 3582/4198/3754 3583/4197/3753
f 3710/4201/3757 3584/4200/3756 3583/4197/3753
f 3585/4204/1920 3586/4203/3758 1718/4202/1922
f 57/4206/69 3586/4205/3758 2291/2695/2518
f 505/590/569 3390/4207/3759 3391/4057/3650
f 2774/3227/2974 3587/4208/3760 2773/3225/2973
f 1704/1940/1852 3588/4209/3761 1706/1660/1588
f 2432/2860/2652 2213/2598/2431 185/4210/203
f 185/4210/203 3016/3509/3213 2432/2860/2652
f 1473/3756/1644 3589/4212/3763 3590/4211/3762
f 3205/4214/3413 1474/1723/1645 3206/4213/3412
f 3056/103/99 85/104/100 2988/3467/3181
f 3591/4216/3765 2496/2928/2714 3592/4215/3764
f 355/2003/1911 357/3500/3205 3593/2002/1910
f 1814/2131/2023 1815/2130/2022 2353/2127/2019
f 3594/4217/3766 1128/1328/1278 235/271/258
f 3595/4218/3767 235/271/258 1527/1785/1707
f 3596/4220/3769 615/720/697 3597/4219/3768
f 615/720/697 4358/4222/3771 3598/4221/3770
f 1546/2235/2115 26/38/37 3599/4223/3772
f 1441/36/35 3600/4224/3773 31/43/42
f 496/576/555 3208/3755/3414 3205/3754/3413
f 3514/263/250 3319/270/257 3602/4225/3774
f 235/271/258 234/272/259 1528/1787/1709
f 2193/2575/2409 2192/2576/2410 3603/4226/3775
f 2278/2679/2504 143/163/155 2276/2678/2503
f 1330/1551/1486 1327/1877/1485 1609/1875/1796
f 3169/3700/3377 3604/2581/2415 3605/4227/3776
f 940/1112/1076 1253/2157/1409 3607/4228/3777
f 1253/1465/1409 3471/2570/2406 3607/4229/3777
f 2597/3037/2811 2841/3310/3042 4247/3036/2810
f 2841/3310/3042 3608/4230/3778 2644/3085/2854
f 2001/2360/2223 1999/2359/2222 3609/4231/3779
f 1999/2359/2222 514/597/576 3976/2991/2771
f 768/900/875 123/898/469 2054/2410/2269
f 768/900/875 2387/2803/2607 2386/2804/2608
f 3610/4232/3780 2287/2690/2513 1138/1336/1286
f 2080/2441/2296 2082/2439/2294 2287/2690/2513
f 3611/4233/3781 500/584/563 502/582/561
f 1899/2232/2112 1897/2230/2110 1896/2231/2111
f 664/777/753 2739/3186/2940 2150/2528/2366
f 2739/3186/2940 2738/481/461 417/482/462
f 1678/1964/1876 1797/2107/2000 951/1122/1086
f 2200/1477/1420 1678/1964/1876 2201/2584/2418
f 3425/4008/3610 3612/4234/3782 3862/3311/3043
f 3612/4234/3782 3613/4235/3783 1989/2346/2211
f 3614/4236/3784 2745/3191/2945 2744/3192/2946
f 1122/1322/1272 3615/4237/3785 1121/1321/1271
f 736/860/836 883/4239/1006 3616/4238/3786
f 1736/2036/1939 3616/4238/3786 1734/2038/1941
f 3617/4242/3789 3618/4241/3788 3619/4240/3787
f 3619/4240/3787 748/873/849 140/161/153
f 2111/2479/2327 681/2476/771 3180/4243/3790
f 1627/875/851 681/795/771 1560/1819/1741
f 1002/1187/1147 3620/3958/3571 3380/3959/3572
f 1920/2267/2140 3621/1520/1459 1301/1518/1457
f 3622/4244/3791 61/74/71 166/190/181
f 3185/3725/3392 166/190/181 61/74/71
f 3623/4247/3792 856/4246/978 857/4245/977
f 1811/2124/2018 3624/4249/3794 3625/4248/3793
f 3621/1520/1459 1920/2267/2140 1921/2265/2139
f 3044/3864/3246 1921/3549/2139 3047/3548/3247
f 1702/1992/1903 2132/2509/2348 3626/4250/3795
f 1703/1991/1902 1702/1992/1903 3627/4251/3796
f 3628/4253/3797 1253/1465/1409 70/4252/85
f 3629/4255/3799 1254/1464/1408 3630/4254/3798
f 3631/4256/3800 3630/4254/3798 3628/4253/3797
f 3198/3747/3405 868/1017/989 1251/1463/1407
f 3511/4117/3695 3632/4258/3802 3633/4257/3801
f 4240/4116/3694 1614/1882/1800 1973/2330/2195
f 3515/4123/3699 3514/263/250 3602/4225/3774
f 3515/4123/3699 686/802/778 3634/4259/3803
f 2811/3274/3010 3635/4260/3804 3130/3657/3339
f 2811/3274/3010 3088/3595/3287 3635/4260/3804
f 1929/2280/2152 1931/2278/2150 3636/4261/3805
f 2706/3153/2911 683/799/775 3637/4262/3806
f 3638/4263/3807 2085/2445/2300 2087/2443/2298
f 1355/1584/1514 3638/4263/3807 2822/3288/3022
f 3625/4248/3793 3639/4265/3808 3640/4264/2375
f 3640/4264/2375 3639/4265/3808 3641/4266/3809
f 2538/2973/2754 1423/1996/1907 2441/2869/2659
f 1423/1996/1907 2538/2973/2754 2536/2972/2753
f 2339/2753/2563 2338/2754/2564 4190/4267/3810
f 3065/3573/3266 3076/3582/3275 2338/2754/2564
f 2965/3444/3160 3642/466/447 406/467/448
f 1566/1827/1748 1850/2177/2063 1852/2175/2061
f 1566/1827/1748 3643/4269/3812 3644/4268/3811
f 1157/1357/1305 479/1358/541 481/4270/539
f 725/2589/823 3645/4272/3814 3646/4271/3813
f 4114/4274/3816 3431/4018/3616 3647/4273/3815
f 3431/4018/3616 4114/4274/3816 3648/4275/3817
f 280/324/309 279/325/310 295/338/323
f 3292/3851/3489 280/324/309 295/338/323
f 1749/2058/1956 617/724/701 619/722/699
f 617/724/701 2549/2983/2763 792/3739/907
f 2021/1239/1195 2023/2379/2239 3649/4276/3818
f 3649/4276/3818 3286/3844/3482 3650/4277/3819
f 1974/2331/2196 3653/4279/3821 3652/4278/3820
f 3626/4250/3795 3654/4281/3823 3655/4280/3822
f 3626/4250/3795 3655/4280/3822 1702/1992/1903
f 3478/1099/1063 930/1097/1060 2362/4065/2586
f 3187/3732/3395 923/1086/1052 2362/4282/2586
f 3492/4090/3676 3656/4283/3824 3143/3669/3350
f 3657/4284/3825 4368/1983/1895 3143/3669/3350
f 2021/1239/1195 3649/4276/3818 3650/4277/3819
f 2392/3761/3419 3210/3760/3418 3211/3759/3417
f 1828/2151/2038 2392/3761/3419 2393/2150/2037
f 3658/4285/3826 2868/3344/3067 3659/26/25
f 3660/4286/3827 3659/26/25 2868/3344/3067
f 1222/1433/1378 3144/3670/3351 1221/1431/1376
f 3158/3687/3364 3143/3669/3350 3656/4283/3824
f 2795/3256/2996 3661/4287/3828 2797/3907/1358
f 1786/3428/3145 1933/2283/2155 1787/2092/1986
f 1787/2092/1986 1785/3429/3146 1786/3428/3145
f 3662/4288/3829 532/622/601 566/657/636
f 565/659/638 566/657/636 2382/2801/2605
f 3663/2855/2647 2431/2856/2648 3664/4289/3830
f 3665/4290/3831 3664/4289/3830 706/826/802
f 3666/4292/3833 3227/3776/3430 3667/4291/3832
f 1349/1575/1507 1348/1576/1508 3668/4293/3834
f 3669/4295/3836 3670/4294/3835 1350/1579/1509
f 686/802/778 4410/4296/2995 687/801/777
f 2963/3440/3156 3318/3883/3509 3317/3884/3510
f 2680/3118/2883 597/699/678 3735/700/679
f 2680/3118/2883 2679/3119/2884 3671/4297/3837
f 2940/1826/1747 1566/1827/1748 2941/3419/3136
f 2941/3419/3136 1566/1827/1748 3644/4268/3811
f 1320/2237/1475 1903/2239/2118 1496/4298/1669
f 598/698/677 3672/4300/3838 2127/4299/2343
f 674/4301/760 823/970/943 598/971/677
f 2613/3054/2826 1707/1997/1908 958/1998/1098
f 2613/3054/2826 2615/3052/2824 1707/1997/1908
f 3673/4303/3839 497/581/560 410/4302/454
f 3673/4303/3839 410/4302/454 411/4304/452
f 3674/4305/3840 1048/1238/1194 3013/3503/3208
f 3675/2751/2561 1048/1238/1194 3674/4305/3840
f 3676/4308/1100 3677/4307/3841 2673/4306/2877
f 2646/880/856 3678/4309/3842 4374/3306/3038
f 1347/1573/1505 1844/2169/2055 1846/2170/2056
f 1882/2700/2523 4416/3197/2951 4354/3196/2950
f 2744/3192/2946 2746/3190/2944 3679/4310/3843
f 4225/4311/3844 4354/3196/2950 4416/3197/2951
f 2750/3525/3228 1305/1511/3845 97/112/108
f 4230/4313/3847 4304/4312/3846 2702/3149/2907
f 2662/3098/2866 4314/4314/3848 2137/2513/2352
f 3160/3689/3366 3159/3688/3365 711/831/807
f 24/32/31 3159/3688/3365 3160/3689/3366
f 3681/4315/3849 4056/793/769 1540/1799/1721
f 1540/1799/1721 4056/793/769 678/794/770
f 2765/3216/2966 308/356/341 3095/3606/3297
f 354/3217/407 2765/3216/2966 324/4316/358
f 2506/2334/2199 2106/4317/337 2507/2938/2724
f 2106/352/337 2980/3457/3173 2507/3458/2724
f 2611/2668/1808 3682/4318/3850 2267/2667/2494
f 522/609/588 523/607/586 2611/1890/1808
f 2490/3331/2705 3683/4319/3851 2861/3330/3057
f 3683/4319/3851 405/462/443 2861/3330/3057
f 3683/4319/3851 2490/3331/2705 1052/4320/1197
f 1053/1242/1196 1052/1243/1197 2490/2919/2705
f 2224/2615/2445 3684/4321/3852 2222/2617/2442
f 2654/3094/2862 498/580/559 3685/4322/3853
f 4400/1448/1392 3686/4323/3854 1235/1447/1391
f 3686/4323/3854 1632/1902/1820 2600/3039/2813
f 2311/2713/2534 1331/1556/1491 644/753/730
f 644/753/730 1331/1556/1491 1333/1554/1489
f 787/928/901 1631/1901/1819 1111/1311/1261
f 3687/4324/3855 1631/1901/1819 2079/2438/2293
f 1847/2174/2060 3688/4325/3856 1848/2173/2059
f 3688/4325/3856 3689/4326/3857 3008/3497/3202
f 3690/4327/3858 784/921/895 2979/3456/3172
f 784/921/895 3691/4329/3860 3692/4328/3859
f 2058/2415/2274 798/942/915 2057/2416/2275
f 798/942/915 3693/4330/3861 2057/2416/2275
f 2877/4332/3863 1306/4331/3862 1305/1511/3845
f 1305/1511/3845 2750/3525/3864 1308/4333/1466
f 3690/4327/3858 3691/4329/3860 784/921/895
f 552/643/622 3694/4335/3866 3695/4334/3865
f 3696/4336/3867 1761/2072/1968 3910/2480/2328
f 1761/2072/1968 3696/4336/3867 3697/126/122
f 2287/2690/2513 2552/2990/2770 2090/2451/2305
f 2552/2990/2770 2554/2988/2768 2090/2451/2305
f 3617/4242/3789 3619/4240/3787 2285/2687/2511
f 150/174/166 3617/4242/3789 157/184/175
f 1311/1530/1467 2790/3245/2989 2788/3242/2986
f 1564/1824/1745 2482/2911/2697 1866/4337/2077
f 2761/3210/2963 2762/3208/2961 2726/3175/2929
f 961/1137/1101 382/440/421 2762/3208/2961
f 1985/3020/2207 3655/4280/3822 3654/4281/3823
f 3698/4338/3868 2204/2587/2421 1398/1638/1568
f 3685/4322/3853 498/580/559 4256/4339/3869
f 4256/4339/3869 3699/4341/3871 3700/4340/3870
f 3030/3533/3232 594/693/672 445/519/498
f 594/693/672 596/696/675 445/519/498
f 1791/2105/1998 3701/4342/3872 1792/2104/1997
f 3702/1871/1792 2348/2762/2572 3183/3723/3391
f 1856/1087/1053 922/1084/1050 2318/2723/2541
f 922/3897/1050 1856/2184/1053 1857/2185/2067
f 2289/2693/2516 2564/3000/2779 675/788/764
f 1631/1901/1819 787/928/901 3703/1310/1260
f 617/724/701 3993/4343/3873 2549/2983/2763
f 3596/4220/3769 4358/4222/3771 615/720/697
f 3701/4342/3872 3183/3723/3391 1792/2104/1997
f 3183/3723/3391 190/227/218 1792/2104/1997
f 3704/4344/3874 1549/1806/1728 1690/1978/1890
f 1741/2046/1947 1745/2047/1948 1690/1978/1890
f 2330/2741/2553 3/2742/6 860/1007/979
f 2330/2741/2553 791/935/908 861/1010/982
f 751/881/857 753/1647/860 3705/4345/3875
f 3706/4346/3876 847/993/965 3641/4266/3809
f 3706/4346/3876 3641/4266/3809 3639/4265/3808
f 3217/4348/3878 3216/1611/1541 3707/4347/3877
f 1376/1609/1539 574/669/648 4128/3341/3064
f 3691/4329/3860 3694/4335/3866 552/643/622
f 226/261/248 3691/4329/3860 552/643/622
f 3709/29/28 3582/4198/3754 3581/4199/3755
f 3709/29/28 21/30/29 4389/4349/3879
f 3242/1917/1833 2/1/1 2535/2968/2749
f 2/1/1 3708/2970/2751 2535/2968/2749
f 3709/29/28 3710/4201/3757 3582/4198/3754
f 3583/4197/3753 3582/4198/3754 3710/4201/3757
f 266/311/296 578/674/653 267/310/295
f 1504/1756/1678 1503/1757/1679 4316/4350/3880
f 3945/808/784 693/809/785 2221/2613/2443
f 2662/3098/2866 3713/1052/1019 2657/513/492
f 896/514/3881 4314/4314/3848 2657/513/492
f 2243/2642/2469 2242/2643/2470 3711/4351/3882
f 1904/2241/2120 3232/3785/3436 438/511/490
f 798/942/915 4217/4352/3883 1848/2173/2059
f 1848/2173/2059 3693/4330/3861 798/942/915
f 4365/4353/3884 3704/4344/3874 1690/1978/1890
f 4365/4353/3884 3001/3484/3194 3704/4344/3874
f 871/3529/994 438/511/490 3028/3528/3230
f 3712/504/483 790/929/902 3713/1052/1019
f 790/929/902 3712/504/483 3742/4354/3885
f 3592/4215/3764 2988/3467/3181 3591/4216/3765
f 1228/1439/1383 1227/1440/1384 3947/4355/3886
f 1188/1397/1343 1885/2215/2095 1189/1396/1342
f 3714/4356/3887 3715/1726/1647 1885/2215/2095
f 2566/3001/2780 3517/4126/3702 2565/3002/2781
f 3516/4125/3701 537/623/602 3517/4126/3702
f 3716/4357/3888 1662/1949/1861 124/2325/2190
f 1967/2326/2191 3716/4357/3888 124/2325/2190
f 904/1065/1032 749/19/18 12/15/14
f 904/1065/1032 1028/4358/3889 1027/2289/2160
f 2832/3301/3033 1542/1801/1723 1541/1802/1724
f 2626/4359/2837 3190/3733/3396 3189/3734/3397
f 3189/4360/3397 1799/2111/2004 2626/3065/2837
f 3717/3624/3313 3718/4362/3891 4159/4361/3890
f 1674/1960/1872 3719/4363/3892 1825/2145/2035
f 2885/3359/3081 3720/4364/3893 3280/3838/3478
f 3280/3838/3478 3720/4364/3893 3281/3837/3477
f 2836/344/329 297/342/327 2837/4365/1025
f 3721/3801/3450 3702/1871/1792 1791/2105/1998
f 1478/1730/1651 2687/3129/2892 2238/2638/2465
f 3722/4366/3894 2238/2638/2465 3091/3599/3291
f 2985/3464/3179 403/464/445 2633/3073/2842
f 2634/3074/2843 2633/3073/2842 412/476/457
f 1598/1864/1785 1160/1360/1307 3533/1861/1782
f 2255/2654/2481 1158/1362/1309 1160/1360/1307
f 2762/3208/2961 382/440/421 2726/3175/2929
f 3723/4367/3895 382/440/421 384/438/419
f 3090/3598/3290 3091/3599/3291 2238/2638/2465
f 804/947/920 3091/3599/3291 3090/3598/3290
f 424/491/471 1559/1820/1742 3724/4368/3896
f 2385/4370/2606 1559/1820/1742 769/4369/874
f 6/10/9 1029/4371/1170 7/9/8
f 7/9/8 1029/4371/1170 2596/3034/2808
f 3383/3962/3575 3421/3241/2985 1753/2065/1962
f 2892/3368/3090 242/283/270 1769/2082/1978
f 2884/3360/3082 2886/3362/3084 2892/3368/3090
f 1484/4373/3541 3346/3922/3538 3544/4372/1528
f 699/4375/793 3346/3922/3538 2673/4374/2877
f 2953/3433/3150 247/288/275 515/602/581
f 2154/2533/2370 2155/2537/2374 165/191/182
f 144/168/160 162/4376/494 3398/167/159
f 2669/3104/2871 1175/1378/1325 2668/3105/2872
f 1414/1654/1582 3726/4378/3898 3727/4377/3897
f 738/861/837 2948/3424/3141 2947/3425/3142
f 738/861/837 882/1037/1007 3305/1514/1453
f 4389/4349/3879 3728/4379/3899 471/550/529
f 2188/2569/2405 3710/4201/3757 3729/4380/3900
f 3730/4381/3901 1205/1413/1359 2150/2528/2366
f 2150/2528/2366 1205/1413/1359 1204/1414/1360
f 2745/3191/2945 2743/3187/2941 2746/3190/2944
f 2168/1986/1898 3731/3602/3293 3732/4382/3902
f 1845/2171/2057 3255/2702/2525 327/374/359
f 327/374/359 2932/3410/3129 1845/2171/2057
f 1875/2206/2086 2924/3400/3120 3234/3787/3438
f 3148/3674/3355 1972/2329/2194 1971/1571/1503
f 1379/1617/1547 1344/1572/1504 246/289/276
f 1027/2289/2160 1028/4358/3889 3983/16/15
f 1163/1363/1310 3733/4384/3904 3734/4383/3903
f 3966/2720/2539 2680/3118/2883 3735/700/679
f 3371/3945/3559 3370/3946/3560 3736/4385/3905
f 3737/4386/3906 2009/1710/1633 3738/2809/2613
f 3737/4386/3906 3738/2809/2613 3739/4387/3907
f 3740/4389/3909 3741/4388/3908 4217/4352/3883
f 433/505/484 3742/4354/3885 3712/504/483
f 1867/2199/2081 3405/3986/3593 3743/4390/3910
f 2616/3055/2827 1565/1828/1749 2004/2361/2224
f 21/30/29 3728/4379/3899 4389/4349/3879
f 988/1173/1135 3744/4391/3911 1801/2113/2006
f 3744/4391/3911 3495/4100/3680 1801/2113/2006
f 2017/2371/2233 2872/3349/3071 2871/3350/3072
f 2015/2373/2235 2017/2371/2233 2871/3350/3072
f 1276/4392/1434 1196/1404/1350 416/478/458
f 1197/1403/1349 1196/1404/1350 1276/4392/1434
f 2793/3247/2991 2028/2383/2243 2791/3249/2993
f 347/402/386 1638/1907/1824 350/403/387
f 3720/4364/3893 2875/3351/3073 3281/3837/3477
f 1817/2132/2024 1086/1286/1237 1088/1284/1235
f 3739/4387/3907 3738/2809/2613 2395/2810/2614
f 2532/2967/2748 3739/4387/3907 2395/2810/2614
f 707/825/801 4411/4087/3673 3665/4290/3831
f 3490/4088/3674 707/825/801 2095/2455/2309
f 484/563/542 3745/4394/3913 3746/4393/3912
f 3731/3602/3293 2990/3472/3185 3732/4382/3902
f 1697/1984/1896 3093/3601/1462 3731/3602/3293
f 3665/4290/3831 706/826/802 707/825/801
f 3747/4395/3914 4293/2301/2172 1948/2302/2173
f 2096/2459/2313 2098/2458/2312 3748/4396/3915
f 1391/1633/1563 3749/2456/2310 1392/1632/1562
f 3747/4395/3914 1392/1632/1562 3749/2456/2310
f 3405/3986/3593 2060/2418/2277 2059/2417/2276
f 536/624/603 1851/2176/2062 1850/2177/2063
f 1865/4397/2078 1913/2259/2132 1914/2257/2133
f 1865/2196/2078 1864/2197/2079 1913/4398/2132
f 1545/2234/2114 49/65/64 1900/2233/2113
f 1545/2234/2114 79/93/89 62/79/76
f 1715/2009/1917 2062/2420/2279 2063/2419/2278
f 2063/2419/2278 3750/3184/2938 1715/2009/1917
f 615/720/697 3598/4221/3770 1998/2356/2219
f 2036/2389/2249 3751/4400/3916 2426/4399/2040
f 2122/2499/2338 836/4401/590 2124/2498/2340
f 2124/3286/2340 836/611/590 524/612/591
f 350/403/387 1638/1907/1824 2028/2383/2243
f 2028/2383/2243 348/401/385 350/403/387
f 3752/4403/3918 628/735/712 3753/4402/3917
f 2040/2394/2254 2921/3398/3118 2041/2393/2253
f 2921/3398/3118 2040/2394/2254 2923/3399/3119
f 2816/3281/3017 3622/4244/3791 166/190/181
f 2816/3281/3017 2420/2844/2640 2422/2842/2638
f 505/590/569 3391/4057/3650 506/589/568
f 506/589/568 3391/4057/3650 3755/4056/3649
f 3737/4386/3906 1102/451/432 1101/1299/1249
f 1323/1545/1480 3019/3515/3218 3756/4404/3919
f 3019/3515/3218 1323/1545/1480 3020/3514/288
f 1490/4405/1662 3752/4403/3918 3753/4402/3917
f 3757/4406/3920 1489/1740/1663 1490/1739/1662
f 663/743/720 635/744/721 2738/481/461
f 2738/481/461 635/744/721 1954/4407/1736
f 3758/4410/3923 3759/4409/3922 3760/4408/3921
f 2286/2689/2512 2281/2680/2505 3758/4410/3923
f 3621/1520/1459 3045/3517/3220 1300/1519/1458
f 2281/2680/2505 3761/4411/3924 3758/4410/3923
f 2281/2680/2505 2280/2681/2506 3761/4411/3924
f 1098/1298/1248 3035/2553/2390 3762/3551/3249
f 3035/2553/2390 1098/1298/1248 2171/2552/2389
f 44/4412/54 2870/3347/3069 2925/3346/53
f 2870/3347/3069 44/4412/54 3763/4413/3925
f 2770/3221/2970 3568/4184/3744 3764/4414/3926
f 1691/1977/1889 3765/4416/3928 3766/4415/3927
f 1181/1384/1331 3767/4417/3929 1180/1386/1333
f 532/622/601 3662/4288/3829 3768/4418/3930
f 3768/4418/3930 2618/3057/2829 3769/4419/3931
f 990/1176/1138 4157/2551/2388 991/1175/1137
f 1788/2102/1995 1790/2100/1993 991/1175/1137
f 1780/2095/1989 1117/1319/1269 3771/4420/3932
f 3771/4420/3932 1555/1813/1735 1780/2095/1989
f 502/582/561 3772/4421/3933 3611/4233/3781
f 3772/4421/3933 502/582/561 3294/3853/3491
f 2931/3408/3127 318/366/351 317/367/352
f 318/366/351 2931/3408/3127 323/372/357
f 1860/2188/2070 3340/3911/3531 3342/3909/3529
f 1859/2190/2072 1860/2188/2070 395/447/428
f 1506/1760/1682 835/985/957 2606/4422/2818
f 838/987/959 1506/1760/1682 2606/4422/2818
f 3773/4424/3935 3774/4423/3934 4143/1109/1073
f 3775/4427/3937 184/4426/200 2587/4425/3936
f 2816/3281/3017 2157/2535/2372 3776/4428/3938
f 2816/3281/3017 3776/4428/3938 2420/2844/2640
f 1200/1408/1354 1964/2321/2187 1201/1407/1353
f 1201/1407/1353 1963/548/527 472/549/528
f 2540/2976/2757 3777/2593/2426 2740/4429/3939
f 2643/3084/2853 1499/1752/1674 1500/1750/1672
f 1027/2289/2160 3983/16/15 1500/4430/1672
f 1414/1654/1582 2442/2870/2660 168/195/186
f 2442/2870/2660 1414/1654/1582 3727/4377/3897
f 474/552/531 2935/1526/1463 1274/1488/1431
f 1577/1840/1761 2935/1526/1463 474/552/531
f 1964/2321/2187 4253/2319/524 1963/548/527
f 1201/1407/1353 1964/2321/2187 1963/548/527
f 2336/2750/2560 1049/1237/1193 1048/1238/1194
f 3566/4183/3743 2895/3371/3093 2336/2750/2560
f 237/275/262 3778/4431/3940 3412/4124/3700
f 552/643/622 2048/2405/2264 2050/2407/2266
f 2050/2407/2266 2048/2405/2264 2051/2406/2265
f 3452/4047/3640 3779/2884/2672 1283/712/691
f 3452/4047/3640 1283/712/691 1282/1498/1439
f 2895/3371/3093 3780/4432/3941 2336/2750/2560
f 2896/3370/3092 3780/4432/3941 2895/3371/3093
f 3781/769/745 658/2628/748 1336/1560/1495
f 1336/1560/1495 4322/4433/3942 3781/769/745
f 3782/4435/3944 3783/4434/3943 980/1164/1126
f 1720/2021/1927 980/1164/1126 1721/2020/1926
f 1256/1468/1412 2121/2496/2339 869/1021/885
f 1256/1468/1412 3113/3632/3319 2121/2496/2339
f 3784/3401/3121 1734/2038/1941 1718/2016/1922
f 1718/2016/1922 3586/4436/3758 3784/3401/3121
f 1127/4438/1279 1907/2247/2124 4020/4437/3945
f 2307/4439/2530 1127/1329/1279 1129/1327/1277
f 542/3338/608 2864/3337/3061 942/1115/1079
f 2864/4440/3061 542/629/608 541/630/609
f 3550/4164/3727 1617/1884/1802 3785/4441/3946
f 968/585/564 1617/1884/1802 503/587/566
f 3240/3793/3443 2373/2794/2597 4094/846/822
f 2030/3992/3597 2373/2791/2597 3241/3794/3444
f 1429/4443/1598 2312/4442/1599 2436/2863/2654
f 916/1081/1047 2436/2863/2654 917/1080/1046
f 654/764/740 3450/4042/3637 3448/4041/3636
f 1023/1205/1164 1026/1207/1166 1881/2213/2093
f 3741/4388/3908 3740/4389/3909 3786/2189/2071
f 3344/503/482 3786/2189/2071 3787/4444/3947
f 278/326/311 3782/4435/3944 2229/2624/2452
f 2229/2624/2452 3782/4435/3944 980/1164/1126
f 3459/4051/3644 3281/3837/3477 2875/3351/3073
f 3788/4445/3948 3459/4051/3644 3460/4052/3645
f 3789/4446/3949 1336/1560/1495 500/584/563
f 3789/4446/3949 3790/4448/3951 3791/4447/3950
f 2198/2582/2416 906/1067/1034 3604/2581/2415
f 3169/3700/3377 3429/4016/3614 3604/2581/2415
f 1073/1264/1217 580/676/655 3792/677/656
f 879/1033/1003 2424/2848/2642 971/1148/1112
f 2424/2848/2642 2382/2801/2605 971/1148/1112
f 3769/4419/3931 223/258/245 222/259/246
f 3769/4419/3931 562/656/635 564/654/633
f 2485/2913/2699 1313/3967/1470 2483/2915/2701
f 1954/1814/1736 1557/1815/1737 3793/4449/3952
f 637/747/724 639/745/722 3793/4450/3952
f 1278/4451/1435 415/479/459 380/436/417
f 379/437/418 1278/4451/1435 380/436/417
f 815/963/936 817/961/934 1447/1687/1613
f 2417/2840/2636 3037/3541/3240 815/963/936
f 3794/4453/3954 2976/3451/3167 3795/4452/3953
f 1465/1711/1634 1464/1712/1635 3796/4454/3955
f 2784/3239/2983 2783/3240/2984 504/586/565
f 503/587/566 1617/1884/1802 1616/1885/1803
f 564/654/633 1958/2313/2181 3330/3895/3519
f 3769/4419/3931 564/654/633 3330/3895/3519
f 3797/571/550 1794/2399/2259 2044/2397/2257
f 1794/2399/2259 3797/571/550 489/569/548
f 3798/4456/3957 799/946/919 4323/4455/3956
f 4323/4455/3956 799/946/919 2391/2808/2612
f 3799/4457/3958 3204/3752/3410 3800/340/325
f 3799/4457/3958 3800/340/325 3801/4458/3959
f 3267/3824/3467 2300/2704/2527 3802/4459/3960
f 3193/642/621 552/643/622 2049/2408/2267
f 875/1029/999 3922/885/861 683/799/775
f 3060/3705/3260 3763/4460/3925 44/55/54
f 2115/2482/2330 3804/1767/1689 3805/4461/3961
f 2115/2482/2330 3805/4461/3961 3266/3822/3465
f 3806/4462/3962 913/1075/1041 1668/1953/1865
f 2667/1074/1040 913/1075/1041 3806/4462/3962
f 1201/1407/1353 472/549/528 1202/1406/1352
f 4114/4274/3816 3647/4273/3815 3754/3610/3301
f 2933/3409/3128 2931/3408/3127 317/367/352
f 1603/1868/1789 2933/3409/3128 1601/1866/1787
f 2061/115/111 3056/103/99 102/114/110
f 3807/3160/2916 2946/3422/3139 2944/3421/3138
f 2667/1074/1040 3482/4464/3664 3481/4463/3665
f 2667/1074/1040 3808/4466/3964 3809/4465/3963
f 3327/3442/3158 2881/3356/3078 3810/4467/3965
f 2880/3355/3077 3810/4467/3965 2881/3356/3078
f 3019/3515/3218 3811/3007/2786 3756/4404/3919
f 3811/3007/2786 1322/1542/1477 287/329/314
f 3811/3007/2786 287/329/314 2570/3006/2785
f 3794/4453/3954 1465/1711/1634 2976/3451/3167
f 3812/4470/3968 3813/4469/3967 3814/4468/3966
f 3504/4471/298 274/320/305 275/318/303
f 3271/3825/3468 3815/4473/3969 2748/4472/2947
f 3098/3608/3299 3669/4474/3836 186/214/205
f 1350/4475/1509 186/214/205 3669/4474/3836
f 2869/3345/3068 3891/4476/3970 2870/3347/3069
f 3763/4413/3925 2869/3345/3068 2870/3347/3069
f 920/1082/1048 919/1083/1049 3807/3160/2916
f 3655/4280/3822 1985/3020/2207 1702/1992/1903
f 1406/1642/1572 2883/2980/2760 3816/4477/3971
f 1407/1645/1575 1404/1644/1574 3816/4477/3971
f 3817/4478/3972 1046/1234/1190 1045/1235/1191
f 1482/1731/1652 3817/4478/3972 1480/1733/1654
f 3319/270/257 3818/4479/3973 3317/3884/3510
f 4101/1275/1227 3440/4033/3629 3415/3997/3601
f 3819/4022/3620 3820/4023/3621 3440/4033/3629
f 4159/4361/3890 3718/4362/3891 3821/4480/3974
f 3113/3632/3319 3822/4481/3975 2121/2496/2339
f 1407/1645/1575 3816/4477/3971 2882/3358/3080
f 3401/3981/3588 3823/4482/3976 1914/3988/2133
f 1914/2257/2133 3823/4484/3976 1564/4483/1745
f 824/969/942 823/970/943 3824/4485/3977
f 3824/4486/3977 3149/3676/3356 824/3782/942
f 3825/4487/3978 2442/2870/2660 3617/4242/3789
f 3825/4487/3978 3617/4242/3789 150/174/166
f 3826/4488/3979 1371/1603/1533 1370/1604/1534
f 3828/4489/3980 2018/2375/2237 3375/3950/3563
f 3829/4492/3983 3830/4491/3982 3831/4490/3981
f 2950/639/618 551/640/619 3832/3426/3143
f 2950/639/618 2957/3437/3153 2958/3438/3154
f 195/222/213 2996/3432/3149 2527/2958/2742
f 1772/244/234 195/222/213 2527/2958/2742
f 3703/1310/1260 787/928/901 3833/4493/3984
f 3834/4494/3985 3833/4493/3984 787/928/901
f 159/188/179 549/637/616 3817/4478/3972
f 159/188/179 3817/4478/3972 1482/1731/1652
f 2008/2365/236 1452/1693/1618 2007/4495/2226
f 2042/2396/2256 1448/1692/1617 1452/1693/1618
f 2659/1613/1543 1378/1614/1544 3835/1616/1546
f 3827/4002/3605 3826/4488/3979 3835/1616/1546
f 2423/2845/2641 619/2846/699 1116/1314/1264
f 618/1420/700 1116/1314/1264 619/2846/699
f 918/1079/1045 917/1080/1046 1648/1928/1841
f 917/1080/1046 2429/2854/2646 1648/1928/1841
f 917/1080/1046 2436/2863/2654 3663/2855/2647
f 2532/2967/2748 2868/3344/3067 2396/450/431
f 3836/4496/3986 2868/3344/3067 2532/2967/2748
f 2358/2776/2583 2444/2872/2662 2359/2775/2582
f 3361/3935/3549 3349/2777/2584 3362/3936/3550
f 2072/2434/2289 2074/2432/2287 1122/1322/1272
f 1122/1322/1272 2074/2432/2287 3837/4497/3987
f 365/419/401 332/385/370 334/383/368
f 2532/2967/2748 2396/450/431 3739/4387/3907
f 1102/451/432 3737/4386/3906 3739/4387/3907
f 1040/4500/1182 3487/4499/3671 3486/4498/3669
f 3838/4501/3988 1258/1022/992 777/1020/883
f 4270/206/197 3082/4503/3282 174/4502/192
f 2452/4504/2670 2379/2797/2601 2378/2798/2602
f 2923/3399/3119 2782/3236/2980 2781/3237/2981
f 2923/3399/3119 2781/3237/2981 2921/3398/3118
f 3161/3690/3367 933/1100/1064 932/1101/1065
f 1519/1774/1696 833/978/950 832/979/951
f 3839/4507/3989 205/4506/225 200/4505/226
f 179/205/196 191/228/219 180/204/195
f 2016/2372/2234 2018/2375/2237 2017/2371/2233
f 2018/2375/2237 2016/2372/2234 3840/4508/3990
f 951/1122/1086 1797/2107/2000 949/1124/1088
f 1797/2107/2000 1799/2111/2004 1798/2112/2005
f 530/618/597 2383/2800/2604 2425/2849/2643
f 530/618/597 2425/2849/2643 531/617/596
f 3123/3643/3328 3161/3690/3367 3124/3645/3330
f 925/1090/1056 924/1091/1057 2648/4509/3991
f 351/405/389 316/364/349 354/3217/407
f 1410/4512/1577 3887/4511/3992 1408/4510/1579
f 1688/1973/1885 730/851/827 3472/4062/3655
f 1688/1973/1885 1687/1974/1886 730/851/827
f 1508/1758/1680 2402/2820/2620 2466/2894/2682
f 2463/2893/2681 3841/4513/3993 2402/2820/2620
f 1855/2178/2064 1854/2179/2065 3422/4005/3608
f 1855/2178/2064 3813/4469/3967 3812/4470/3968
f 3841/4513/3993 3842/4514/3994 2464/2896/2684
f 3541/4155/3719 1510/1762/1684 2404/2821/2621
f 3691/4329/3860 226/261/248 3692/4328/3859
f 3692/4517/3859 226/4516/248 3843/4515/3995
f 464/541/520 2852/3322/3052 3714/4356/3887
f 464/541/520 3844/4518/3996 465/540/519
f 437/485/465 708/828/804 420/484/464
f 3285/3843/3480 3845/4519/3997 608/711/690
f 3846/4522/4000 3918/4521/3999 3847/4520/3998
f 3918/4521/3999 3846/4522/4000 872/1023/993
f 2838/3309/3041 3848/4524/4002 3849/4523/4001
f 1453/1697/1622 141/165/157 1778/2089/1985
f 1778/2089/1985 1569/1829/1750 1453/1697/1622
f 1071/1266/1219 1073/1264/1217 237/275/262
f 1073/1264/1217 3792/677/656 237/275/262
f 1855/2178/2064 3422/4005/3608 3813/4469/3967
f 1851/2176/2062 459/534/513 3851/4525/4003
f 475/3817/530 3261/3815/3461 3262/3816/3462
f 1758/2071/1967 3852/4526/4004 1172/3724/1324
f 3853/4527/4005 1489/1740/1663 3757/4406/3920
f 3222/3771/3427 3845/4528/3997 3285/3840/3480
f 2177/2558/2395 2178/2561/2397 2179/2559/2396
f 1746/2051/1951 3404/3985/3592 2178/3232/2397
f 2021/1239/1195 555/1240/625 3854/4529/4006
f 450/525/504 555/646/625 4340/2212/2092
f 2504/2933/2719 2659/1613/1543 146/2935/2721
f 3870/1125/1089 3855/4530/4007 952/1127/1091
f 2254/2655/2482 3855/4530/4007 2255/2654/2481
f 1114/1316/1266 3468/1016/988 2269/2669/2495
f 1114/1316/1266 2269/2669/2495 1113/1312/1262
f 346/398/382 1603/1868/1789 1600/1867/1788
f 3858/4533/4010 3857/4532/4009 3859/4531/4008
f 3860/1132/1096 2683/3125/2890 2685/3124/2889
f 2685/4535/2889 2732/4534/2934 1763/2076/1972
f 1604/1869/1790 488/570/549 2042/2396/2256
f 2350/2764/2574 3194/3743/3401 3192/3741/3399
f 1005/4536/1357 1004/1626/1556 1387/1627/1557
f 3060/3566/3260 3803/4537/1356 1387/1627/1557
f 1291/1510/1450 3087/3596/3288 3861/4538/4011
f 1292/1509/1449 1291/1510/1450 3861/4538/4011
f 2958/3438/3154 2959/3439/3155 719/837/813
f 1687/1974/1886 911/1073/1039 730/851/827
f 2842/3932/3546 2728/3179/2933 2730/3177/2931
f 2401/2817/2618 3862/3311/3043 3863/4539/4012
f 4236/1217/571 1033/1218/1175 3864/4540/4013
f 2574/3011/2790 3865/4541/4014 692/810/786
f 3746/4544/3912 712/4543/809 480/4542/540
f 712/4543/809 37/558/537 3866/4545/4015
f 719/837/813 3867/4546/4016 1687/1974/1886
f 1687/1974/1886 717/839/815 719/837/813
f 3868/4549/4017 1737/4548/1944 3863/4547/4012
f 301/345/330 2915/3392/3112 581/679/658
f 170/193/184 169/194/185 3869/4550/4018
f 170/193/184 3869/4550/4018 1642/1912/1828
f 2257/2657/2484 1158/1362/1309 3870/1125/1089
f 2257/2657/2484 3870/1125/1089 3871/4551/4019
f 1567/1830/1751 2718/3166/2922 3872/4552/4020
f 70/88/85 72/86/83 4313/4553/4021
f 1371/1603/1533 4189/1547/1482 2394/1548/1483
f 2523/2955/2740 3873/4554/4022 2394/1548/1483
f 1633/1903/1821 1408/1650/1579 3874/4555/4023
f 2991/3471/3184 893/3469/1016 3092/3600/3292
f 2992/3470/3183 2991/3471/3184 3092/3600/3292
f 3133/3658/3340 3141/20/19 4275/4556/4024
f 3766/4415/3927 3765/4416/3928 3875/4557/4025
f 3876/4558/4026 2678/3120/2885 4316/4350/3880
f 3877/4559/4027 2679/3119/2884 2678/3120/2885
f 1550/1810/1732 2629/3071/2840 2628/1975/1887
f 1689/1976/1888 3878/4561/4029 3879/4560/4028
f 2073/2433/2288 2778/3320/2978 2850/3318/3049
f 2851/3321/3051 983/1166/1128 2850/3318/3049
f 3478/4562/1063 1473/3756/1644 3880/4070/3660
f 612/716/693 437/485/465 377/434/415
f 612/716/693 377/434/415 376/435/416
f 3497/4103/3683 3881/4563/4030 545/631/610
f 3499/4104/3684 3497/4103/3683 545/631/610
f 914/2631/1044 2666/3102/2870 915/3103/1043
f 2735/3182/2936 2666/3102/2870 914/2631/1044
f 3564/4179/3739 3004/3488/3196 1587/4564/1772
f 541/3489/609 1587/4564/1772 3004/3488/3196
f 2574/3011/2790 509/591/570 3865/4541/4014
f 2918/3394/3114 2917/3395/3115 3882/1389/1335
f 582/678/657 581/679/658 3883/4565/4031
f 2730/4568/2931 2729/4567/2932 3884/4566/4032
f 259/4570/4034 260/4569/4033 2591/1569/1501
f 2997/3476/3190 3885/4571/4035 2591/1569/1501
f 380/436/417 1634/1904/1822 3886/4572/4036
f 3212/2867/2657 1122/1322/1272 3837/4497/3987
f 1978/2335/2200 1977/2336/2201 3888/4573/4037
f 1956/2311/2179 1722/2019/1925 1721/2020/1926
f 1722/2019/1925 1956/2311/2179 1216/1425/1370
f 3889/4574/4038 3868/4549/4017 3863/4547/4012
f 581/679/658 3889/4576/4038 3890/4575/4039
f 1503/1757/1679 3876/4558/4026 4316/4350/3880
f 2681/3121/2886 1503/1757/1679 1505/1755/1677
f 3207/3757/3415 436/506/485 1473/3756/1644
f 436/506/485 3880/4070/3660 1473/3756/1644
f 2570/3006/2785 287/329/314 286/330/315
f 3425/4008/3610 3613/4235/3783 3612/4234/3782
f 3891/4476/3970 3892/4577/4040 501/583/562
f 3892/4577/4040 3891/4476/3970 2869/3345/3068
f 672/786/762 1350/1579/1509 673/785/761
f 2434/4580/2651 3016/4579/3213 3893/4578/4041
f 1932/2281/2153 236/276/263 1931/2278/2150
f 1931/2278/2150 3894/4581/4042 3636/4261/3805
f 3895/2468/2320 3896/4582/4043 848/998/970
f 3895/2468/2320 848/998/970 3897/4583/4044
f 1641/1913/1829 1640/1914/1830 118/133/129
f 118/133/129 2602/4584/2815 1641/1913/1829
f 2410/2828/2628 1327/1877/1485 1329/1552/1487
f 3122/3641/3326 2410/2828/2628 3898/4585/4045
f 3899/4586/4046 1400/1636/1566 3896/4582/4043
f 1044/1230/1186 3900/4587/4047 3896/4582/4043
f 3703/1310/1260 676/787/763 3129/3655/3337
f 3129/3655/3337 676/787/763 217/252/239
f 1216/1425/1370 1956/2311/2179 1070/1261/1214
f 1956/2311/2179 1957/2314/2182 1070/1261/1214
f 2999/3482/3192 1777/1778/1700 3901/4588/4048
f 904/1065/1032 2999/3482/3192 3901/4588/4048
f 1995/4589/2216 485/568/547 487/566/545
f 3902/4590/4049 904/1065/1032 3901/4588/4048
f 3902/4590/4049 3901/4588/4048 1777/1778/1700
f 465/540/519 1896/2231/2111 466/539/518
f 1896/2231/2111 1107/1304/1254 466/539/518
f 3114/3633/3320 3821/4480/3974 3718/4362/3891
f 2121/2496/2339 3822/4481/3975 3114/3633/3320
f 3872/4552/4020 3903/4591/4050 1567/1830/1751
f 1570/1832/1753 1567/1830/1751 3904/4592/4051
f 1570/1832/1753 3288/3846/3484 2172/2555/2392
f 3905/4594/4053 3906/4593/4052 941/1111/1075
f 573/665/644 1007/1189/1149 3907/4595/4054
f 4397/380/365 3908/4596/4055 3760/4408/3921
f 3760/4408/3921 311/359/344 286/330/315
f 1445/1689/1615 1442/1686/1612 1446/1688/1614
f 3909/4597/4056 2193/2575/2409 1446/1688/1614
f 3910/2480/2328 2822/3288/3022 3638/4263/3807
f 1625/1894/1812 1622/1892/1810 1621/1893/1811
f 4356/532/511 624/728/705 459/534/513
f 3911/4599/4057 3447/4039/3635 3773/4598/3935
f 3518/4127/3703 3447/4039/3635 3911/4599/4057
f 1241/1453/1397 1935/2285/2157 1242/1452/1396
f 446/518/497 1935/2285/2157 1241/1453/1397
f 3082/4503/3282 3081/3589/3281 3912/4600/4058
f 3082/4503/3282 4270/206/197 182/207/198
f 408/469/450 407/470/451 2068/4601/2284
f 380/436/417 408/477/450 2068/2428/2284
f 1995/4589/2216 588/1691/667 2044/2397/2257
f 3913/4602/4059 588/1691/667 2042/2396/2256
f 720/841/817 733/859/835 721/840/816
f 3427/4012/3612 721/4010/816 2211/2595/2428
f 411/471/452 1199/1405/1351 2634/4142/2843
f 2634/3074/2843 412/476/457 414/474/455
f 610/714/692 1435/1678/1604 609/713/689
f 111/129/125 764/894/870 4383/3374/3096
f 2640/3082/2851 2641/3081/2850 2642/3083/2852
f 2097/1800/1722 2832/3301/3033 1541/1802/1724
f 4293/2301/2172 3747/4395/3914 2097/1800/1722
f 3772/4421/3933 1386/1622/1552 1385/1623/1553
f 1386/1622/1552 3772/4421/3933 3294/3853/3491
f 1648/1928/1841 3916/4603/4060 919/1083/1049
f 919/1083/1049 3916/4603/4060 3807/3160/2916
f 2780/3238/2982 2046/2402/2262 3917/3235/2979
f 558/648/627 1012/1195/1154 3917/3235/2979
f 755/1288/858 2647/3088/2857 753/4604/860
f 3705/4345/3875 753/1647/860 2647/4605/2857
f 245/285/272 241/284/271 243/282/269
f 1770/2083/1979 241/284/271 245/285/272
f 409/496/449 921/1085/1051 430/495/475
f 997/1183/1145 999/1181/1143 430/495/475
f 1671/1956/1868 1992/2351/2215 1672/1955/1867
f 589/687/666 588/688/667 1995/2352/2216
f 3863/4547/4012 2842/3932/3546 2730/3177/2931
f 3780/4432/3941 1049/1237/1193 2336/2750/2560
f 1012/1195/1154 560/652/631 559/653/632
f 3917/3235/2979 1012/1195/1154 559/653/632
f 3918/4521/3999 872/1023/993 639/745/722
f 639/3532/722 872/3530/993 3029/3531/3231
f 308/356/341 1321/1541/1476 3096/3605/3296
f 1320/2237/1475 3096/3605/3296 1321/1541/1476
f 1739/2819/1942 2401/2817/2618 1737/4606/1944
f 2401/2817/2618 3863/4539/4012 1737/4606/1944
f 3919/4608/4062 315/361/346 3920/4607/4061
f 1512/1765/1687 315/361/346 3083/3591/3283
f 3921/4030/3625 239/279/266 240/277/264
f 3922/885/861 239/279/266 3921/4030/3625
f 211/240/230 2771/3222/2971 646/754/731
f 1836/2162/2048 1835/2163/2049 1599/1863/1784
f 1839/2164/2050 3923/4609/4063 336/387/372
f 3924/4610/4064 3054/3556/3254 2808/3273/3009
f 3817/4478/3972 3924/4610/4064 1046/1234/1190
f 3843/4611/3995 226/3014/248 1332/1555/1490
f 2577/2714/2535 2576/4612/4065 1332/1555/1490
f 3925/3617/3307 3926/4613/4066 3103/3616/3306
f 3926/4613/4066 3925/3617/3307 1468/1713/1636
f 2493/2926/2712 2495/2924/2710 3927/638/617
f 3017/3510/3214 3928/4614/4067 2493/2926/2712
f 3929/4615/4068 567/661/640 568/660/639
f 3930/4617/4070 3931/4616/4069 2840/3307/3039
f 370/427/402 379/437/418 381/426/408
f 379/437/418 370/427/402 385/4618/400
f 3896/4582/4043 3900/4587/4047 3899/4586/4046
f 1398/1638/1568 3932/1231/1187 3698/4338/3868
f 2921/3398/3118 1485/1736/1659 2041/2393/2253
f 3933/4619/4071 39/49/48 38/50/49
f 1207/1418/1364 2308/2710/2531 2197/2583/2417
f 4038/733/710 4170/734/711 2964/3443/3159
f 3934/4621/4073 3935/4620/4072 626/731/708
f 3937/4624/1206 3177/4623/3387 1563/4622/1746
f 3936/4625/4074 4330/1938/1850 3937/1253/1206
f 220/255/242 1311/1530/1467 2788/3242/2986
f 220/255/242 217/252/239 3938/4626/4075
f 2829/1214/1172 1240/1454/1398 3939/4627/4076
f 3294/3853/3491 1388/1625/1555 3296/3854/3492
f 1386/1622/1552 3294/3853/3491 1723/2024/1929
f 1060/1254/1207 3936/4625/4074 3937/1253/1206
f 2493/2926/2712 3927/638/617 3017/3510/3214
f 1368/1600/1530 3942/4628/4077 3416/2447/2302
f 2088/2448/2303 1368/1600/1530 3416/2447/2302
f 692/810/786 3943/4629/4078 2573/3012/2791
f 3944/2936/2722 2573/3012/2791 3945/808/784
f 3947/4355/3886 2496/2928/2714 2799/3259/2998
f 976/1156/1118 1419/4108/1592 3503/4107/3687
f 976/1156/1118 3503/4107/3687 974/1158/1120
f 2276/2678/2503 143/163/155 142/164/156
f 2277/668/647 2276/2678/2503 142/164/156
f 3592/4215/3764 3947/4355/3886 1227/1440/1384
f 2939/3417/3134 2937/3416/3133 734/858/834
f 733/859/835 2939/3417/3134 734/858/834
f 3108/3511/3215 3959/3512/3216 3948/4630/4079
f 1912/3620/2129 1486/3618/3308 3948/4630/4079
f 1640/1914/1830 1642/1912/1828 2083/2442/2297
f 117/135/131 2083/2442/2297 3949/2579/2413
f 3484/4080/3668 2210/4632/2429 2209/4631/2430
f 2457/2889/2677 3950/2890/2678 2076/4633/2291
f 2076/4633/2291 2721/3170/2924 2457/2889/2677
f 1082/1279/1231 805/952/925 793/938/911
f 807/950/923 793/938/911 805/952/925
f 674/4301/760 598/971/677 2127/2503/2343
f 2127/2503/2343 672/2504/762 674/4301/760
f 3951/4634/4080 3952/3698/3375 2720/2888/2676
f 3953/4635/4081 818/966/939 865/1014/986
f 2642/3083/2852 2641/3081/2850 2601/3043/2817
f 2601/3043/2817 2641/3081/2850 3188/3385/3106
f 3954/2466/2318 3687/4324/3855 2079/2438/2293
f 3954/2466/2318 3955/4636/4082 1239/1449/1393
f 1270/1485/1428 3300/4637/4083 2301/1483/1426
f 1270/1485/1428 2301/1483/1426 1271/1484/1427
f 3850/4638/4084 3493/4093/3677 3930/4617/4070
f 2839/3308/3040 3930/4617/4070 2840/3307/3039
f 1194/1401/1347 1193/1398/1344 1195/1400/1346
f 666/780/756 2705/3152/2910 3956/4639/4085
f 3957/4640/4086 1377/1615/1545 42/53/52
f 1377/1615/1545 3957/4640/4086 1918/2264/2138
f 2599/3040/2814 1632/1902/1820 1110/1308/1258
f 1237/1451/1395 1110/1308/1258 1632/1902/1820
f 986/1169/1131 985/1170/1132 3958/4641/4087
f 2265/2662/2489 3958/4641/4087 985/1170/1132
f 288/334/319 290/332/317 277/321/306
f 276/323/308 277/321/306 3503/4107/3687
f 926/1089/1055 925/1090/1056 30/44/43
f 1543/1804/1726 30/44/43 2650/3090/2858
f 1912/3620/2129 3948/4630/4079 3959/3512/3216
f 3355/2252/2128 1912/3620/2129 3959/3512/3216
f 3352/3928/3543 1728/4642/1931 957/1135/1099
f 3960/4643/4088 957/1135/1099 1728/4642/1931
f 3502/4106/3686 772/902/877 3139/3661/3343
f 1629/4644/1818 768/900/875 2386/2804/2608
f 963/1141/1105 1630/4645/1817 1629/4644/1818
f 2550/4646/2766 435/507/486 1954/2309/1736
f 435/507/486 3477/4072/3662 3880/4070/3660
f 2314/2715/1641 2313/2716/2536 2118/2488/2333
f 2863/3336/3060 2314/1718/1641 2862/3335/3059
f 2660/3097/2865 2993/3298/4089 2995/1351/3186
f 1767/2081/1977 3785/4441/3946 1768/2080/1976
f 967/1146/1110 1768/2080/1976 968/585/564
f 3926/4613/4066 3961/4647/4090 3103/3616/3306
f 1924/2273/2145 3103/3616/3306 3961/4647/4090
f 1617/1884/1802 968/585/564 3785/4441/3946
f 968/585/564 1768/2080/1976 3785/4441/3946
f 696/815/791 4085/813/789 576/4648/650
f 465/540/519 3844/4518/3996 1475/1725/1646
f 3844/4518/3996 464/541/520 3714/4356/3887
f 2171/2552/2389 1098/1298/1248 3569/1296/1246
f 990/1176/1138 2171/2552/2389 2170/2550/2387
f 1661/3738/1856 2560/3736/3398 1493/4649/1667
f 957/1135/1099 3676/1136/1100 3353/3927/3542
f 3966/2720/2539 3735/700/679 3734/4383/3903
f 3734/4383/3903 3735/700/679 670/783/759
f 1011/1193/1152 3287/3845/3483 3494/4094/3678
f 3494/4094/3678 940/1112/1076 1011/1193/1152
f 2394/1548/1483 1459/1707/1630 2523/2955/2740
f 2013/2369/2231 2012/2370/2232 1459/1707/1630
f 2209/4631/2430 3963/4650/4091 1679/1965/1877
f 3484/4080/3668 2209/4631/2430 722/844/820
f 2228/2621/2450 2605/2622/2449 2226/4651/2447
f 3178/3721/3389 2093/2454/2308 1475/1725/1646
f 3844/4518/3996 3714/4356/3887 1475/1725/1646
f 1446/1688/1614 813/960/933 1447/1687/1613
f 1446/1688/1614 779/913/887 780/912/886
f 1024/1209/1168 1026/1207/1166 2055/2414/2273
f 654/764/740 1026/1207/1166 3450/4042/3637
f 1943/2294/2165 1920/2267/2140 1301/1518/1457
f 1517/1771/1693 1943/2294/2165 1301/1518/1457
f 1629/4644/1818 383/439/420 963/1141/1105
f 383/439/420 382/440/421 963/1141/1105
f 1175/1378/1325 2282/2686/2510 2284/2684/2508
f 3964/4652/4092 1175/1378/1325 2284/2684/2508
f 3965/1206/1165 554/647/626 2488/2918/2704
f 2860/3332/3058 2861/3330/3057 1711/2007/1915
f 1376/1609/1539 4029/1612/1542 574/669/648
f 4029/1612/1542 2277/668/647 574/669/648
f 1612/1883/1801 402/459/440 1613/3665/3346
f 1612/1883/1801 2665/3101/2869 402/459/440
f 3209/3758/3416 434/508/487 436/506/485
f 3392/3162/2918 434/508/487 3209/3758/3416
f 2630/3070/2839 1901/3978/2116 585/683/662
f 585/683/662 584/684/663 2630/3070/2839
f 2605/2620/2449 703/819/795 2604/3205/2958
f 703/819/795 2605/2620/2449 701/821/797
f 2508/2941/2727 1607/4113/3691 3508/278/265
f 953/1126/1090 3189/4360/3397 2625/3064/2836
f 952/1127/1091 4254/2110/2003 953/1126/1090
f 3967/4653/4093 847/993/965 2909/3383/3104
f 3641/4266/3809 847/993/965 3967/4653/4093
f 2459/4654/4094 2187/2566/2402 2186/2567/2403
f 2262/2661/2488 2215/2605/2435 2459/4654/4094
f 3968/4655/4095 329/377/362 1547/1805/1727
f 2215/2605/2435 2187/2566/2402 2459/4654/4094
f 2187/2566/2402 2215/2605/2435 2183/2564/2400
f 2348/2762/2572 3702/1871/1792 3969/1870/1791
f 3233/3786/3437 2348/2762/2572 3969/1870/1791
f 2185/2568/2404 486/567/546 2186/2567/2403
f 2043/2398/2258 486/567/546 2044/2397/2257
f 3970/3086/2855 1497/1749/1671 1498/1748/1670
f 3736/4656/3905 1684/1969/1881 95/127/123
f 1761/2072/1968 95/127/123 1684/1969/1881
f 800/945/918 1234/1444/1388 3971/4657/4096
f 1872/2204/2084 677/791/767 4004/789/765
f 3972/4658/4097 257/301/286 4343/302/287
f 2101/2463/2315 257/2461/286 3973/4659/4098
f 1244/1455/1399 795/941/914 796/939/912
f 1847/2174/2060 3978/4028/3624 3974/4660/4099
f 3506/4112/3690 3975/848/824 3086/3594/3286
f 3976/2991/2771 890/1048/1015 3506/4112/3690
f 3977/4661/4100 4251/2600/2432 69/2601/80
f 3977/4662/4100 69/83/80 3371/3945/3559
f 2722/3171/2925 599/703/682 3966/2720/2539
f 1257/1467/1411 2998/4664/4102 3981/4663/4101
f 661/774/750 2998/4664/4102 662/773/749
f 2467/2897/2685 3978/4028/3624 3741/4388/3908
f 2184/4665/2399 477/555/534 476/556/535
f 3979/4666/4103 2184/2563/2399 3980/2707/2529
f 661/774/750 3981/4663/4101 2998/4664/4102
f 965/1145/1109 966/1143/1107 3483/4077/3666
f 2590/3025/2801 2589/3026/2802 701/4667/797
f 1727/4670/1932 701/4669/797 2589/4668/2802
f 207/238/229 1177/1380/1327 208/237/228
f 2668/3105/2872 1177/1380/1327 1176/1381/1328
f 569/3976/3439 3983/16/15 3397/3975/3586
f 1500/4430/1672 3983/16/15 3984/4671/4104
f 3980/2706/2529 2184/4665/2399 3985/4672/4105
f 3980/2706/2529 3985/4672/4105 2304/2705/2528
f 3534/4150/2994 2163/218/209 2035/2390/2250
f 1938/2287/1673 1937/2288/2159 1500/4430/1672
f 1303/1523/1460 3093/1525/1462 1304/1524/1461
f 1304/1524/1461 3986/4673/4106 1303/1523/1460
f 3069/3575/3268 1096/1294/1244 3035/2553/2390
f 3036/3539/3238 3987/4675/4108 4112/4674/4107
f 2897/3372/3094 1478/1730/1651 2896/3370/3092
f 326/375/360 1638/1907/1824 347/402/386
f 326/375/360 347/402/386 327/374/359
f 3986/4673/4106 1304/1524/1461 1887/2218/2098
f 2000/2358/2221 1590/1856/1777 1592/1854/1775
f 2598/3038/2812 3989/4676/4109 3075/3580/3273
f 2623/3063/2835 3989/4676/4109 2598/3038/2812
f 2384/2268/2141 1573/1836/1757 5/5/4
f 3770/2446/2301 148/169/161 152/170/162
f 1493/1744/1667 1494/1743/1666 2956/1071/1037
f 2958/3438/3154 2956/1071/1037 1494/1743/1666
f 3542/3111/2876 1707/1997/1908 2615/3052/2824
f 3361/3935/3549 3362/3936/3550 2444/2872/2662
f 3361/3935/3549 2444/2872/2662 251/293/278
f 3954/2466/2318 1239/1449/1393 2104/2467/2319
f 2964/3443/3159 570/664/643 406/467/448
f 4298/4677/4110 3935/4620/4072 3934/4621/4073
f 2773/3225/2973 3587/4208/3760 1706/1660/1588
f 2668/3105/2872 208/237/228 1177/1380/1327
f 3964/4652/4092 2284/2684/2508 3726/4378/3898
f 3985/4672/4105 1669/1952/1864 3991/4678/4111
f 3992/4679/4112 2304/2705/2528 3985/4672/4105
f 2283/2685/2509 2282/2686/2510 2696/3139/2901
f 746/872/848 1415/1657/1585 2282/2686/2510
f 233/273/260 1654/3561/1848 1288/1507/1447
f 3057/3563/3257 1654/3561/1848 233/273/260
f 2547/2985/2765 2545/2982/2762 2677/3117/2882
f 3993/4343/3873 2545/2982/2762 2547/2985/2765
f 2300/2704/2527 1793/2106/1999 3802/4459/3960
f 3512/4118/3696 1793/2106/1999 1055/1245/1198
f 1887/2218/2098 1886/2219/2099 3986/4673/4106
f 1886/2219/2099 767/895/871 3986/4673/4106
f 1605/1874/1795 1606/1872/1793 1975/2333/2198
f 1975/2333/2198 2114/2483/2331 1930/2279/2151
f 188/4680/207 3839/4507/3989 200/4505/226
f 3620/3958/3571 3994/4681/4113 1302/3957/3570
f 1302/3957/3570 1942/2293/2164 3620/3958/3571
f 3457/2950/2735 2519/2951/2736 2454/2885/2673
f 2454/2885/2673 81/96/92 87/97/93
f 3995/4684/4114 3505/4683/3689 269/4682/299
f 2227/4687/2451 2748/4686/2947 3996/4685/4115
f 2681/3121/2886 1505/1755/1677 607/707/686
f 1501/1754/1676 1090/1287/1238 607/707/686
f 4161/4688/3188 2437/2864/2655 2131/225/216
f 3997/4690/4116 197/4689/217 2996/3432/3149
f 3172/3762/3379 2030/3992/3597 3410/3993/3381
f 2031/3763/3420 2030/3992/3597 3172/3762/3379
f 2619/3056/2828 830/975/947 2617/3058/2830
f 2802/3265/3001 830/975/947 2804/3267/3003
f 4418/4691/4117 3054/3556/3254 3022/3518/3221
f 2492/2922/2708 876/1031/1001 3437/2921/2707
f 3998/4692/4118 1385/1623/1553 1431/1672/1600
f 3998/4692/4118 3999/4694/4120 4000/4693/4119
f 3399/3980/3587 2064/2423/2282 2066/2421/2280
f 4001/3857/3495 2582/3022/2798 2003/2362/2225
f 4001/3857/3495 2003/2362/2225 4002/4695/4121
f 2299/2227/2107 782/918/892 1793/2106/1999
f 1895/2228/2108 782/918/892 2299/2227/2107
f 4003/4696/4122 4004/789/765 1234/1444/1388
f 876/1031/1001 2492/2922/2708 4005/4697/4123
f 3284/1549/1484 969/1150/1114 2522/2954/2739
f 2573/3012/2791 3943/4629/4078 3945/808/784
f 766/4698/872 765/2486/873 962/1142/1106
f 765/2486/873 2116/2484/854 2189/4699/2407
f 3200/3748/3406 3919/4608/4062 3920/4607/4061
f 1553/1812/1734 3200/3748/3406 1554/1811/1733
f 723/843/819 1439/1683/1609 1441/36/35
f 722/844/820 2480/2909/2695 723/843/819
f 765/897/873 2376/2795/2599 1034/1221/1177
f 3245/3799/3448 2376/2795/2599 2375/2222/2102
f 3437/2921/2707 3053/3555/3253 2491/2923/2709
f 3022/3518/3221 3053/3555/3253 4418/4691/4117
f 450/525/504 3854/4700/4006 555/646/625
f 450/525/504 2296/2614/2444 2222/2612/2442
f 3584/4200/3756 3710/4201/3757 2188/2569/2405
f 1221/1431/1376 2444/2872/2662 2445/2873/2663
f 3903/4591/4050 3872/4552/4020 4007/4701/4124
f 81/96/92 2519/2951/2736 68/84/81
f 2454/2885/2673 2519/2951/2736 81/96/92
f 3906/4593/4052 72/86/83 941/1111/1075
f 4313/4553/4021 72/86/83 3906/4593/4052
f 2943/3856/3494 2940/1826/1747 2942/680/659
f 4002/4695/4121 2003/2362/2225 2940/1826/1747
f 810/957/930 1182/1387/11 3313/4702/3506
f 3703/1310/1260 4009/4703/4125 676/787/763
f 3703/1310/1260 3833/4493/3984 675/788/764
f 3197/3746/3404 2534/2969/2750 48/60/59
f 2087/2443/2298 1352/1581/1511 3638/4263/3807
f 3638/4263/3807 1352/1581/1511 1682/1968/1880
f 3364/3939/3553 2850/3318/3049 983/1166/1128
f 982/1167/1129 3364/3939/3553 983/1166/1128
f 313/363/348 4006/675/654 2700/3147/2905
f 4011/4706/4126 547/4705/614 546/4704/615
f 4027/1601/1531 3942/4628/4077 1368/1600/1530
f 2306/4707/4127 3595/4218/3767 1527/1785/1707
f 1527/1785/1707 1131/1331/1281 1130/1332/1282
f 2714/3163/2919 3390/4207/3759 2275/2505/2344
f 2727/3176/2930 2714/3163/2919 2130/2508/2347
f 1894/1646/1576 2048/2405/2264 2979/3456/3172
f 2979/3456/3172 3695/4334/3865 3690/4327/3858
f 2427/2852/2644 866/1019/991 2428/2155/2042
f 2406/2825/2625 867/1018/990 866/1019/991
f 1933/2283/2155 4012/2001/1909 2334/2747/2557
f 3988/4708/4128 3382/3960/3573 1481/1732/1653
f 3995/4709/4114 2967/3446/3162 2227/2623/2451
f 3996/4685/4115 3995/4684/4114 2227/4687/2451
f 4000/4693/4119 3999/4694/4120 3791/4447/3950
f 3791/4447/3950 3790/4448/3951 3611/4233/3781
f 2059/2417/2276 1850/2177/2063 1566/1827/1748
f 2059/2417/2276 4013/4710/4129 1850/2177/2063
f 2441/2869/2659 1417/1658/1586 4014/4711/4130
f 252/3627/3314 4014/4711/4130 1417/1658/1586
f 2699/3144/671 1947/3145/2169 1174/1379/1326
f 1174/1379/1326 1947/3145/2169 3443/4037/3633
f 1926/3915/2146 3343/4712/3534 2543/3914/2758
f 4015/4713/4131 2062/2420/2279 1714/2010/1918
f 1714/2010/1918 2062/2420/2279 1715/2009/1917
f 1265/1479/1422 4016/1958/1870 2149/2529/2367
f 3128/3653/3335 3551/4166/3729 2384/2268/2141
f 3128/3653/3335 843/989/961 842/990/962
f 3453/4046/3639 1282/1498/1439 4017/4714/4132
f 3453/4046/3639 3452/4047/3640 1282/1498/1439
f 14/18/17 16/1121/1085 15/17/16
f 3010/3499/3204 16/1121/1085 14/18/17
f 1097/1293/1243 3069/3575/3268 3071/3576/3269
f 107/123/119 1968/2327/2192 1097/1293/1243
f 3390/4207/3759 2714/3163/2919 3391/4057/3650
f 188/4680/207 187/4715/208 178/203/194
f 4267/2942/2728 4018/3357/3079 2510/2939/2725
f 4266/269/256 2510/2939/2725 229/268/255
f 516/601/580 529/619/598 531/617/596
f 516/601/580 247/288/275 529/619/598
f 3204/3752/3410 4019/4716/4133 1383/1620/1550
f 3238/3791/3441 3204/3752/3410 2995/1351/3411
f 1557/1815/1737 1558/4717/1739 3793/4449/3952
f 660/775/751 1558/1817/1739 1557/4718/1737
f 4179/3850/3488 3290/3848/3486 1249/1461/1405
f 1249/1521/1405 1106/1305/1255 1105/1306/1256
f 2523/2955/2740 3284/1549/1484 2522/2954/2739
f 1459/1707/1630 3284/1549/1484 2523/2955/2740
f 4020/4720/3945 1063/4719/1209 1312/1534/1471
f 2906/3562/1851 1128/1328/1278 2907/3382/3103
f 715/835/811 3580/1481/1424 4021/4721/3226
f 3007/3494/3199 2057/2416/2275 3008/3497/3202
f 3688/4325/3856 3008/3497/3202 2057/2416/2275
f 557/649/628 2180/2562/2398 2176/2556/2393
f 557/649/628 2045/2401/2261 4022/4722/4134
f 3741/4388/3908 2469/2898/2686 2467/2897/2685
f 2952/3431/3148 2996/3432/3149 197/4689/217
f 1701/4725/1904 1703/4724/1902 4023/4723/4135
f 2273/2675/2501 511/595/574 510/596/575
f 1058/1250/1203 3338/3905/3526 1206/1415/1361
f 1322/1542/1477 3811/3007/2786 3019/3515/3218
f 3019/3515/3218 4366/1595/1525 1322/1542/1477
f 3791/4447/3950 1385/1623/1553 4000/4693/4119
f 4000/4693/4119 1385/1623/1553 3998/4692/4118
f 2563/2692/2515 788/926/899 4024/4726/4136
f 4024/4726/4136 788/926/899 3577/927/900
f 964/1140/1104 766/4698/872 962/1142/1106
f 893/3469/1016 892/4727/1017 964/1140/1104
f 3244/3797/3446 715/835/811 4021/4721/3226
f 3244/3797/3446 4021/4721/3226 4025/3557/3255
f 2596/4013/2808 3428/4014/3613 2210/4632/2429
f 2211/2595/2428 2210/2596/2429 3427/4012/3612
f 2312/4442/1599 2971/3449/3165 2436/2863/2654
f 2971/3449/3165 2312/4442/1599 2314/1718/1641
f 3471/2570/2406 3583/4197/3753 1833/2160/2046
f 3581/4199/3755 3583/4197/3753 3471/2570/2406
f 2289/2693/2516 675/788/764 3833/4493/3984
f 2289/2693/2516 3833/4493/3984 3834/4494/3985
f 2351/2767/2576 1557/1815/1737 1556/1816/1738
f 2351/2767/2576 1556/1816/1738 635/2766/721
f 4026/4728/4137 3942/4628/4077 4027/1601/1531
f 1372/1602/1532 4027/1601/1531 1370/1604/1534
f 4028/4729/4138 854/1004/976 855/1002/974
f 4028/4729/4138 855/1002/974 2345/2760/2570
f 622/725/702 2977/3455/3171 539/627/606
f 2976/3451/3167 2975/3452/3168 3795/4452/3953
f 2201/2584/2418 1678/1964/1876 951/1122/1086
f 3067/3574/3267 337/386/371 2201/2584/2418
f 3295/3855/3493 1572/3878/1754 1571/2023/1755
f 3295/3855/3493 1571/2023/1755 3296/3854/3492
f 2277/668/647 4029/1612/1542 1328/2677/1488
f 2351/2769/2576 661/774/750 660/775/751
f 2351/2769/2576 660/775/751 1557/4718/1737
f 2056/2413/2272 4030/4730/4139 3006/2412/2271
f 2058/2415/2274 3043/3546/3245 798/942/915
f 625/732/709 844/992/964 4031/4731/4140
f 4032/1003/975 4298/4677/4110 3934/4621/4073
f 725/2589/823 4033/4733/4142 4034/4732/4141
f 4026/4728/4137 4027/1601/1531 1372/1602/1532
f 4026/4728/4137 4011/4735/4126 4035/4734/4143
f 4404/3778/3431 3228/1147/1111 2930/3407/3126
f 504/586/565 3228/1147/1111 968/585/564
f 452/523/502 3945/808/784 450/525/504
f 1372/1602/1532 547/1153/614 4011/4735/4126
f 4026/4728/4137 1372/1602/1532 4011/4735/4126
f 3086/3594/3286 512/594/573 4036/4736/4144
f 4037/4737/4145 512/594/573 511/595/574
f 844/992/964 4032/1003/975 4031/4731/4140
f 2720/2888/2676 2455/2887/2675 3951/4634/4080
f 2455/2887/2675 2720/2888/2676 2456/2886/2674
f 1282/1498/1439 3417/3998/3602 4017/4714/4132
f 3416/3999/2302 4039/4738/4146 3417/3998/3602
f 4031/4731/4140 4032/1003/975 3934/4621/4073
f 1613/3665/3346 3136/4739/3345 3139/3664/3343
f 400/461/442 4040/901/876 401/460/441
f 4041/4740/4147 3243/3798/3447 3244/3797/3446
f 2689/3132/2894 2690/3133/2895 305/351/336
f 2836/344/329 2689/3132/2894 305/351/336
f 1176/4742/1328 3481/4463/3665 2669/4741/2871
f 3481/4463/3665 915/3103/1043 2667/1074/1040
f 4042/4745/4148 729/4744/828 728/4743/829
f 3244/3797/3446 4043/4746/4149 4041/4740/4147
f 4044/4748/4151 3140/3667/3348 4045/4747/4150
f 2992/3470/3183 3092/3600/3292 4044/4748/4151
f 2201/2584/2418 4053/430/411 3094/3603/3294
f 3094/3603/3294 4053/430/411 1673/1961/1873
f 4045/4747/4150 2168/1986/1898 3732/4382/3902
f 4046/2670/2496 3469/31/30 3468/1016/988
f 3468/1016/988 1941/1015/987 4046/2670/2496
f 3455/2310/2178 4047/4749/4152 1066/1259/1212
f 4047/4749/4152 3455/2310/2178 540/626/605
f 520/603/582 4335/28/27 518/605/584
f 1719/2018/1924 1066/1259/1212 461/537/516
f 1066/1259/1212 1922/2272/2144 1923/2270/2142
f 1402/1640/1570 2204/2587/2421 1403/1639/1569
f 3698/4338/3868 1403/1639/1569 2204/2587/2421
f 1395/1634/1564 3131/4750/4153 1394/1635/1565
f 484/563/542 483/564/543 3745/4394/3913
f 3667/4291/3832 1974/2331/2196 3652/4278/3820
f 3227/3776/3430 1974/2331/2196 3667/4291/3832
f 4039/4738/4146 4017/4714/4132 3417/3998/3602
f 4048/4751/4154 548/1151/613 972/1152/1115
f 2320/2491/2335 425/490/470 3224/1818/1740
f 424/491/471 3724/4368/3896 425/490/470
f 4049/4752/4155 4335/28/27 520/603/582
f 4050/4754/4157 2694/3135/2897 4051/4753/4156
f 100/1117/1081 42/53/52 1377/1615/1545
f 42/53/52 100/1117/1081 4052/52/51
f 4053/430/411 3923/4609/4063 371/429/410
f 1838/2165/2051 2557/2993/2773 4054/4755/4158
f 3050/3553/3251 3762/3551/3249 2652/3091/2859
f 3762/3551/3249 3035/2553/2390 2652/3091/2859
f 3684/4321/3852 2224/2615/2445 2654/3094/2862
f 2020/2377/2238 2806/3270/3006 2805/3268/3004
f 3637/4262/3806 683/799/775 756/886/862
f 1929/2280/2152 3636/4261/3805 756/886/862
f 4055/4756/4159 3749/2456/2310 2094/2457/2311
f 3022/3518/3221 3924/4610/4064 3941/3519/3222
f 3022/3518/3221 3054/3556/3254 3924/4610/4064
f 3704/4344/3874 4057/1924/1837 2585/3024/2800
f 2868/3344/3067 3658/4285/3826 1596/1860/1781
f 3658/4285/3826 2848/3317/3048 1596/1860/1781
f 2622/3061/2833 4059/4757/4160 2621/3060/2832
f 4060/4760/4163 4061/4759/4162 4062/4758/4161
f 343/407/380 342/3639/374 3247/2626/2454
f 4063/4761/4164 3704/4344/3874 2585/3024/2800
f 3704/4344/3874 1223/1434/1379 1549/1806/1728
f 1752/2061/1959 669/4762/757 4064/2060/1958
f 669/781/757 666/780/756 4065/4763/4165
f 4066/4764/4166 2882/3358/3080 4018/3357/3079
f 4018/3357/3079 4267/2942/2728 4066/4764/4166
f 1535/1794/1716 1534/1795/1717 2938/3418/3135
f 4067/3415/3132 2937/3416/3133 935/1104/1068
f 3777/2593/2426 2541/2975/2756 4068/2140/2032
f 4060/4760/4163 528/4765/595 4061/4759/4162
f 2622/3061/2833 2621/3060/2832 4070/2387/2247
f 1920/2267/2140 1943/2294/2165 1573/2266/1757
f 100/1117/1081 99/117/113 4052/52/51
f 4052/52/51 99/117/113 463/538/517
f 3544/4156/1528 3543/4157/3720 1484/4766/3541
f 701/821/797 1484/4766/3541 702/820/796
f 4071/535/514 2975/3452/3168 2974/3453/3169
f 2974/3453/3169 3796/4454/3955 4072/2271/2143
f 2937/3416/3133 1178/1382/1329 935/1104/1068
f 1178/1382/1329 936/1103/1067 935/1104/1068
f 3448/4041/3636 2658/3096/2864 655/763/739
f 3448/4041/3636 655/763/739 654/764/740
f 775/908/882 1349/1575/1507 3668/4293/3834
f 3149/3783/3356 1349/1575/1507 775/908/882
f 4071/535/514 2974/3453/3169 4072/2271/2143
f 4071/535/514 4072/2271/2143 1922/2272/2144
f 2703/3151/2909 2704/48/47 39/49/48
f 1208/1416/1362 2703/3151/2909 1207/1418/1364
f 1586/1852/1773 1588/1850/1771 3005/3492/3197
f 358/410/392 2315/3261/2538 361/417/399
f 361/417/399 363/415/397 358/410/392
f 3127/3652/3334 3532/4120/3698 3384/3647/3332
f 2056/2413/2272 4073/933/906 4030/4730/4139
f 4073/933/906 653/765/741 655/763/739
f 3513/4119/3697 3127/3652/3334 3128/3653/3335
f 3513/4119/3697 3532/4120/3698 3127/3652/3334
f 2800/3260/2999 85/104/100 3335/2927/2713
f 2988/3467/3181 85/104/100 2800/3260/2999
f 2763/3215/2965 4074/3209/2962 2761/3210/2963
f 2761/3210/2963 1652/1933/1846 2763/3215/2965
f 2308/2710/2531 1207/1418/1364 39/49/48
f 2703/3151/2909 39/49/48 1207/1418/1364
f 1065/1260/1213 3329/3896/3520 1958/2313/2181
f 1065/1260/1213 1067/1258/1211 3329/3896/3520
f 3993/4343/3873 2547/2985/2765 2549/2983/2763
f 86/983/955 87/97/93 77/95/91
f 833/978/950 3946/982/954 2879/3354/3076
f 2903/3729/3100 2807/3269/3005 2020/2377/2238
f 2198/2582/2416 2197/2583/2417 906/1067/1034
f 2197/2583/2417 2308/2710/2531 906/1067/1034
f 3047/3882/3247 1572/4767/1754 3316/3881/3508
f 3047/3548/3247 3046/1835/1756 1572/1833/1754
f 528/4765/595 2033/2386/2246 4070/2387/2247
f 782/918/892 1895/2228/2108 751/881/857
f 4075/4768/4167 3968/4655/4095 1547/1805/1727
f 1466/1715/1638 3330/3895/3519 3329/3896/3520
f 1067/1258/1211 1466/1715/1638 3329/3896/3520
f 1943/2294/2165 3380/3959/3572 1942/2293/2164
f 3796/4454/3955 1464/1712/1635 4072/2271/2143
f 4072/2271/2143 1924/2273/2145 3961/4647/4090
f 1738/2040/1943 2914/3390/3111 344/3391/375
f 1738/2042/1943 3653/4279/3821 1974/2331/2196
f 3048/3550/3248 3258/3502/3207 1602/1865/1786
f 1625/1894/1812 1624/1895/1813 1622/1892/1810
f 1624/1895/1813 3014/3507/3212 1622/1892/1810
f 2890/3364/3086 1777/1778/1700 3523/4137/3708
f 1777/1778/1700 1774/2087/1983 3523/4137/3708
f 3827/4002/3605 3835/1616/1546 4076/4769/4168
f 4076/4769/4168 1970/2328/2193 3827/4002/3605
f 3307/3871/3502 4077/4770/4169 3306/3872/3503
f 1018/1501/998 3306/3872/3503 4077/4770/4169
f 2849/4771/3050 2778/3234/2978 3950/2890/2678
f 820/964/937 2954/3434/3151 3950/2890/2678
f 3272/3829/3471 3344/503/482 4078/4772/4170
f 3786/2189/2071 3344/503/482 3272/3829/3471
f 1043/1232/1188 1044/1230/1186 3861/4538/4011
f 3087/3596/3288 851/1001/973 3861/4538/4011
f 4077/4770/4169 1861/2192/2074 1863/2193/2075
f 384/438/419 630/737/714 629/738/715
f 1651/1930/1843 1653/1932/1845 629/738/715
f 897/1054/1021 2656/512/491 2665/3101/2869
f 4230/4313/3847 4361/4773/4171 4304/4312/3846
f 3697/126/122 126/147/141 4080/4774/4172
f 140/161/153 167/189/180 4081/4775/4173
f 3878/4561/4029 1550/1810/1732 3879/4560/4028
f 3878/4561/4029 1548/1807/1729 1550/1810/1732
f 521/4778/585 3911/4777/4057 4142/4776/4174
f 3522/4134/3705 3911/4780/4057 521/4779/585
f 3852/4526/4004 1758/2071/1967 2521/4781/2738
f 1273/1489/1432 1275/1487/1430 1650/1931/1844
f 3521/4136/3707 3522/4134/3705 523/607/586
f 3522/4134/3705 521/4779/585 523/607/586
f 4082/4783/4175 3504/313/298 3996/4782/4115
f 3815/4473/3969 3504/4471/298 4082/4784/4175
f 896/514/3881 2656/512/491 897/1054/1021
f 2580/3016/2794 2587/4425/3936 2579/3015/2793
f 378/433/414 709/827/803 710/829/805
f 739/863/839 710/829/805 709/827/803
f 71/87/84 940/1112/1076 72/86/83
f 1253/2157/1409 940/1112/1076 71/87/84
f 3500/4105/3685 369/422/404 4158/4785/4176
f 3501/424/406 369/422/404 3500/4105/3685
f 1733/2035/1938 4083/4787/4177 4084/4786/3140
f 4083/4787/4177 1733/2035/1938 1718/2016/1922
f 32/42/41 926/1089/1055 30/44/43
f 2479/2906/2692 2478/2907/2693 1440/1682/1608
f 3170/3706/3380 52/68/67 54/66/65
f 3170/3706/3380 54/66/65 544/3708/611
f 3563/4178/3737 1838/2165/2051 4085/4788/789
f 4085/4789/789 839/4175/958 3563/4176/3737
f 1772/244/234 2526/2959/2743 2524/2957/2741
f 1057/1251/1204 2794/3258/2997 1058/1250/1203
f 3055/3560/3256 2398/3558/2616 2794/3258/2997
f 1447/1687/1613 813/960/933 2417/2840/2636
f 815/963/936 1447/1687/1613 2417/2840/2636
f 2798/1773/1695 1518/1775/1697 1268/1093/1059
f 1518/1775/1697 4086/4790/4178 1268/1093/1059
f 1485/1736/1659 97/112/108 1305/1511/1658
f 3115/3634/3321 1898/2229/2109 4165/4791/4179
f 1466/1715/1638 4087/4792/4180 224/257/244
f 224/257/244 4087/4792/4180 2239/2641/2468
f 3089/3597/3289 724/845/821 4094/846/822
f 4094/846/822 3519/4129/3704 3089/3597/3289
f 1410/1653/1577 351/405/389 3887/4793/3992
f 351/405/389 1410/1653/1577 1411/1651/1580
f 1487/1738/1661 2039/2395/2255 4088/4794/4181
f 3773/4797/3935 4091/4796/4182 3774/4795/3934
f 2476/4798/2691 2435/3863/2653 3299/3861/3497
f 1498/1748/1670 2841/3310/3042 2644/3085/2854
f 3364/3939/3553 2073/2433/2288 2850/3318/3049
f 196/221/212 1487/1738/1661 4089/4799/4183
f 3600/4224/3773 1440/1682/1608 1436/1681/1607
f 1440/1682/1608 3600/4224/3773 1441/36/35
f 2039/2395/2255 2181/666/645 2045/2401/2261
f 2039/2395/2255 1487/1738/1661 1488/1737/1660
f 1007/1189/1149 2181/666/645 1488/1737/1660
f 2039/2395/2255 1488/1737/1660 2181/666/645
f 3059/3564/3258 4099/3565/3259 2192/2576/2410
f 2192/2576/2410 2191/2577/2411 230/267/254
f 1560/3773/1741 681/2476/771 2111/2479/2327
f 4093/4800/4184 1560/1819/1741 1559/1820/1742
f 2811/3274/3010 3519/4129/3704 3088/3595/3287
f 4094/846/822 2374/2792/2598 3088/3595/3287
f 254/299/284 256/297/282 2194/2578/2412
f 1037/1222/1178 256/297/282 255/298/283
f 4081/4775/4173 167/189/180 3561/4172/3734
f 4095/4801/4185 3560/4173/3735 3561/4172/3734
f 399/458/439 1199/1405/1351 1276/1491/1434
f 1199/1405/1351 2316/2718/2537 2315/2719/2538
f 1718/2016/1922 1734/2038/1941 4083/4787/4177
f 3616/4238/3786 883/4239/1006 1734/2038/1941
f 4096/4802/4186 256/297/282 1037/1222/1178
f 4096/4802/4186 1037/1222/1178 4097/4803/4187
f 2044/2397/2257 486/567/546 485/568/547
f 1995/4589/2216 2044/2397/2257 485/568/547
f 4098/4804/4188 3603/4226/3775 2192/2576/2410
f 1816/2133/2025 2871/3350/3072 2873/3348/3070
f 2874/3352/3074 1816/2133/2025 2873/3348/3070
f 3864/4540/4013 4100/4805/4189 4236/1217/571
f 3864/4540/4013 1033/1218/1175 4101/1275/1227
f 1699/2574/1901 3603/4226/3775 4098/4804/4188
f 4098/4804/4188 2192/2576/2410 4099/3565/3259
f 3864/4540/4013 4101/1275/1227 4100/4805/4189
f 1076/1273/1225 692/1271/786 4101/1275/1227
f 118/133/129 1640/1914/1830 117/135/131
f 1640/1914/1830 2083/2442/2297 117/135/131
f 3983/16/15 13/14/13 3397/3975/3586
f 1568/1696/1621 4102/4806/4190 1454/1698/1623
f 1568/1696/1621 1567/1830/1751 4229/1831/1752
f 883/4239/1006 4084/4786/3140 4083/4787/4177
f 4083/4787/4177 1734/2038/1941 883/4239/1006
f 3890/4575/4039 3889/4576/4038 4103/4807/4191
f 759/891/867 4104/4809/4193 4105/4808/4192
f 3884/4566/4032 2729/4567/2932 4106/4810/4194
f 4103/4807/4191 3889/4576/4038 3884/4566/4032
f 4103/4807/4191 4106/4810/4194 3293/3852/3490
f 4106/4810/4194 4103/4807/4191 3884/4566/4032
f 658/772/748 659/771/747 3265/3820/3463
f 3304/3868/3501 2232/4811/2457 658/772/748
f 252/3627/3314 1657/1941/1853 1658/3625/1855
f 2555/2992/2772 2009/1710/1633 4107/4812/4195
f 2421/2843/2639 2555/2992/2772 4108/4813/4196
f 1077/1272/1224 3413/3996/3600 693/3377/785
f 693/4816/785 3413/4815/3600 2221/4814/2443
f 2529/2963/2744 2837/4365/1025 2530/2962/307
f 2836/344/329 2837/4365/1025 2529/2963/2744
f 4110/2517/2356 3098/3608/3299 177/202/193
f 1769/2082/1978 4109/4817/4197 4110/2517/2356
f 8/8/7 2596/3034/2808 2595/3032/2807
f 4331/1923/1836 2595/3032/2807 3312/1925/1838
f 910/1070/1036 2956/1071/1037 2949/3427/3144
f 2924/4819/3120 4111/4818/4198 1213/1424/1369
f 3036/3539/3238 4112/4674/4107 2651/3092/2860
f 124/2325/3628 3439/4820/4199 2651/3092/2860
f 3315/2636/2463 3314/3877/3507 4165/4791/4179
f 1832/3635/2043 4165/4791/4179 3314/3877/3507
f 3399/3980/3587 2066/2421/2280 4075/4821/4167
f 3033/4823/3235 3031/4822/3233 773/907/881
f 4113/4824/3234 3031/4822/3233 3033/4823/3235
f 3807/3160/2916 4114/4274/3816 454/3159/506
f 4114/4274/3816 3807/3160/2916 3648/4275/3817
f 3289/4826/3487 468/543/522 3290/4825/3486
f 1106/1305/1255 468/543/522 1107/1304/1254
f 1840/4099/3679 1790/2100/1993 4115/4827/4200
f 1699/2574/1901 4098/4804/4188 4099/3565/3259
f 1699/1990/1901 4099/4828/3259 1700/1989/1900
f 1994/2353/2217 487/2354/545 2304/2705/2528
f 1994/2353/2217 1992/2351/2215 1671/1956/1868
f 2824/4830/3024 4116/4829/4201 4117/914/888
f 4117/914/888 260/4832/4033 259/4831/4034
f 1100/1300/1250 1102/451/432 1595/452/433
f 4225/4311/3844 320/369/354 4354/3196/2950
f 1559/1820/1742 3224/1818/1740 3724/4368/3896
f 4118/4833/4202 3224/1818/1740 425/490/470
f 3439/4820/4199 3051/182/173 2651/3092/2860
f 3051/182/173 2652/3091/2859 2651/3092/2860
f 3692/4517/3859 3843/4515/3995 2576/4834/4065
f 784/921/895 4119/4836/4204 4120/4835/4203
f 4113/4837/3234 1656/1942/1854 1705/1994/1905
f 4113/4837/3234 3033/3536/3235 3032/3537/3236
f 1077/1272/1224 3414/3995/3599 3413/3996/3600
f 1077/1272/1224 1076/1273/1225 3414/3995/3599
f 2698/3141/2903 887/615/594 710/829/805
f 776/3142/884 887/615/594 2698/3141/2903
f 2853/3323/3053 1476/1728/1649 464/541/520
f 468/543/522 467/544/523 1108/1307/1257
f 3517/4126/3702 2564/4838/2779 2565/3002/2781
f 2563/4839/2515 2565/3002/2781 2564/4838/2779
f 2565/3002/2781 2563/4839/2515 1871/2203/2083
f 4024/4840/4136 4121/2691/2514 2563/4839/2515
f 2577/2714/2535 4122/4841/4205 2576/4612/4065
f 945/1116/1080 4123/4842/4206 2711/3156/2914
f 3633/4257/3801 344/408/375 353/406/390
f 3653/4279/3821 344/408/375 3652/4278/3820
f 3424/4006/3609 3858/4533/4010 887/615/594
f 3463/4054/3647 3858/4533/4010 3424/4006/3609
f 1901/2236/2116 4124/4843/4207 1546/2235/2115
f 2629/3071/2840 4124/4844/4207 1901/3978/2116
f 2402/2820/2620 3841/4513/3993 2466/2894/2682
f 2466/2894/2682 3841/4513/3993 2464/2896/2684
f 3974/4660/4099 3978/4028/3624 4125/4845/4208
f 3978/4028/3624 2467/2897/2685 795/941/914
f 2566/3001/2780 3516/4125/3701 3517/4126/3702
f 272/316/301 2837/4846/1025 273/315/300
f 4126/4847/4209 4110/2517/2356 2139/2515/2354
f 3882/1389/1335 2917/3395/3115 750/876/852
f 2863/3336/3060 2917/3395/3115 2314/1718/1641
f 873/1027/997 4127/4848/4210 874/1026/996
f 504/586/565 1/3/3 1782/2096/1990
f 1782/2096/1990 1/3/3 1245/1459/1403
f 1564/4483/1745 1865/4397/2078 1914/2257/2133
f 1865/2196/2078 1564/4849/1745 1866/2195/2077
f 4129/4850/4211 3399/3980/3587 4075/4821/4167
f 4130/4853/4214 4131/4852/4213 4132/4851/4212
f 1352/1581/1511 4132/4851/4212 3949/2579/2413
f 4128/3341/3064 3217/4348/3878 3707/4347/3877
f 873/1027/997 4128/3341/3064 4127/4848/4210
f 3692/4328/3859 2576/4854/4065 4120/4835/4203
f 4122/4855/4205 945/1116/1080 2576/4854/4065
f 735/857/833 734/858/834 4067/3415/3132
f 4067/3415/3132 2479/2906/2692 735/857/833
f 3928/4614/4067 3018/3513/3217 2493/2926/2712
f 3018/3513/3217 3779/2884/2672 3452/4047/3640
f 3415/3997/3601 1076/1273/1225 4101/1275/1227
f 3415/3997/3601 3414/3995/3599 1076/1273/1225
f 2585/3024/2800 4133/4856/4215 4063/4761/4164
f 2585/3024/2800 3312/1925/1838 4133/4856/4215
f 1024/1209/1168 1542/1801/1723 1025/1208/1167
f 1881/2213/2093 1025/1208/1167 2717/3302/3034
f 3217/4348/3878 873/1027/997 1018/1028/998
f 4128/3341/3064 873/1027/997 3217/4348/3878
f 2825/3293/3025 4170/734/711 444/3294/3026
f 973/1155/1117 330/382/367 4397/380/365
f 3312/1925/1838 10/13/12 11/11/10
f 3312/1925/1838 4008/4857/4216 10/13/12
f 538/628/607 620/727/704 539/627/606
f 2942/680/659 621/726/703 620/727/704
f 3355/2252/2128 3376/3952/3565 1358/1587/1517
f 1358/1587/1517 4134/4858/4217 1872/2204/2084
f 506/589/568 3755/4056/3649 495/577/556
f 3104/3615/3305 1960/2316/2184 1959/2317/2185
f 1960/2316/2184 3104/3615/3305 1622/1892/1810
f 3944/2936/2722 3388/3969/3581 4135/1391/1337
f 1185/1390/1336 4135/1391/1337 3388/3969/3581
f 1030/1210/1169 2341/2757/2567 3970/3086/2855
f 576/671/650 4085/4788/789 577/670/649
f 2339/2753/2563 2100/2460/2314 2099/414/396
f 328/379/364 2689/3132/2894 1420/1663/1591
f 4136/4859/4218 2689/3132/2894 2529/2963/2744
f 3923/4609/4063 1839/2164/2050 1838/2165/2051
f 3923/4609/4063 1838/2165/2051 4054/4755/4158
f 1790/2100/1993 1789/2101/1994 4115/4827/4200
f 4054/4755/4158 2557/2993/2773 2556/2994/2774
f 4054/4755/4158 371/429/410 3923/4609/4063
f 2612/3051/2823 2611/2668/1808 1619/1888/1806
f 2612/3051/2823 2682/3123/2888 3682/4318/3850
f 2152/2530/2368 2797/1412/1358 3661/4860/3828
f 2152/3257/2368 3661/4287/3828 2795/3256/2996
f 1985/3020/2207 3077/3583/3276 3571/3019/2796
f 3570/4187/3745 3571/3019/2796 3077/3583/3276
f 901/1062/1029 2487/2917/2703 1224/1436/1381
f 750/876/852 2917/3395/3115 2863/3336/3060
f 2116/878/854 750/876/852 2863/3336/3060
f 1923/2270/2142 3961/4647/4090 3926/4613/4066
f 3961/4647/4090 1923/2270/2142 4072/2271/2143
f 1351/1582/1512 1353/1580/1510 3697/126/122
f 3697/126/122 127/146/140 126/147/141
f 2218/2611/2441 1397/2012/1005 1396/4861/4219
f 4059/4757/4160 2622/3061/2833 1397/2012/1005
f 677/791/767 4328/2749/2559 3567/790/766
f 1358/1587/1517 3376/3952/3565 4134/4858/4217
f 3398/167/159 133/4862/147 1784/2099/1992
f 1784/2099/1992 133/4862/147 1783/770/746
f 1115/1315/1265 1113/1312/1262 867/1018/990
f 1115/1315/1265 1114/1316/1266 1113/1312/1262
f 2790/3245/2989 1311/1530/1467 2482/4863/2697
f 2485/2913/2699 2484/2914/2700 2482/2911/2697
f 1530/1788/1710 2138/2516/2355 122/140/136
f 156/181/172 113/142/128 122/140/136
f 3381/4865/1807 2377/2666/2493 3218/4864/4220
f 3289/4826/3487 3381/4865/1807 3218/4864/4220
f 3342/3909/3529 395/447/428 1860/2188/2070
f 395/447/428 1093/1290/1240 1094/4866/4221
f 105/120/116 1608/4867/1797 1327/1550/1485
f 4007/4701/4124 3872/4552/4020 1608/2090/1797
f 3688/4325/3856 2057/2416/2275 3693/4330/3861
f 3510/4114/3692 1662/1949/1861 1664/1947/1859
f 1294/1512/1452 1042/1513/1184 1041/4868/1185
f 2725/3174/2928 961/1137/1101 2762/3208/2961
f 2762/3208/2961 4074/3209/2962 2741/3189/2943
f 2153/2534/2371 4097/4803/4187 1037/1222/1178
f 3394/3973/3584 3395/3972/3583 3396/3974/3585
f 3748/4396/3915 4055/4756/4159 2096/2459/2313
f 3681/4315/3849 1540/1799/1721 2096/2459/2313
f 1/3/3 1951/2304/2175 2785/2/2
f 3421/3241/2985 2785/2/2 1951/2304/2175
f 685/803/779 3112/3629/3316 3111/3630/3317
f 1341/1564/1499 3634/4259/3803 3110/3628/3315
f 238/274/261 3515/4123/3699 3411/3994/3598
f 1341/1564/1499 3515/4123/3699 3634/4259/3803
f 1145/1347/1297 1148/1350/1300 1842/1417/1363
f 2485/2913/2699 2482/2911/2697 2481/2912/2698
f 1314/3716/1469 2485/2913/2699 2481/2912/2698
f 114/1068/86 3933/4619/4071 38/50/49
f 65/4869/79 114/1068/86 38/50/49
f 2467/2897/2685 1859/2190/2072 3203/4870/4222
f 3203/4870/4222 1859/2190/2072 395/447/428
f 744/869/845 743/870/846 3801/4458/3959
f 1972/2329/2194 3146/3673/3354 744/869/845
f 1454/1698/1623 2462/2892/2680 1006/2075/1971
f 1454/1698/1623 4102/4806/4190 2175/2557/2394
f 3546/3654/3336 3223/3276/3012 2297/2701/2524
f 3546/4159/3336 2297/4871/2524 1042/1513/1184
f 827/972/944 279/325/310 278/326/311
f 295/338/323 279/325/310 3800/340/325
f 2462/2892/2680 2460/2891/2679 2461/2074/1970
f 2460/2891/2679 2462/2892/2680 1454/1698/1623
f 2382/2801/2605 530/618/597 565/659/638
f 2803/3266/3002 565/659/638 530/618/597
f 827/972/944 3800/340/325 279/325/310
f 3801/4458/3959 3800/340/325 827/972/944
f 1256/1468/1412 1258/1022/992 2244/2644/2471
f 1258/1022/992 1256/1468/1412 869/1021/885
f 744/869/845 3801/4458/3959 1972/2329/2194
f 3801/4458/3959 827/972/944 1972/2329/2194
f 815/963/936 3038/3540/3239 1123/1323/1273
f 1310/1531/1468 220/255/242 219/256/243
f 1310/1531/1468 219/256/243 1868/4872/2080
f 3559/4168/3731 2103/2464/2316 2102/2465/2317
f 2102/2465/2317 4138/4873/4223 3559/4168/3731
f 1739/2819/1942 4139/4874/4224 2400/2818/2619
f 1740/2044/1945 4140/4875/4225 1739/2043/1942
f 2354/2772/2579 2407/2827/2627 684/798/774
f 682/800/776 684/798/774 2356/2773/2580
f 934/1105/1069 2477/2908/2694 4067/3415/3132
f 4067/3415/3132 2477/2908/2694 2479/2906/2692
f 3570/4187/3745 2787/3243/2987 2786/3244/2988
f 492/575/554 216/253/240 218/251/238
f 2740/4429/3939 2770/3221/2970 2540/2976/2757
f 2097/1800/1722 3747/4395/3914 2098/2458/2312
f 2098/2458/2312 3747/4395/3914 3749/2456/2310
f 2788/3242/2986 218/251/238 217/252/239
f 217/252/239 220/255/242 2788/3242/2986
f 2207/2590/2423 2206/2591/2424 763/893/869
f 909/1072/1038 3524/4138/3709 1661/4139/1856
f 910/1070/1036 3524/4138/3709 909/1072/1038
f 2736/3183/2937 2735/3182/2936 2235/2632/2459
f 200/248/226 215/249/237 2235/2632/2459
f 4142/4876/4174 2587/4425/3936 184/4426/200
f 4143/1109/1073 2587/4425/3936 4144/4877/4226
f 2005/689/668 589/687/666 2233/2630/2458
f 2736/3183/2937 2005/689/668 2233/2630/2458
f 4145/500/479 4146/4878/4227 4256/4339/3869
f 944/1113/1077 560/652/631 1011/1193/1152
f 560/652/631 944/1113/1077 943/1114/1078
f 1468/1713/1636 1961/2315/2183 1962/2318/2186
f 3013/3503/3208 1962/2318/2186 1961/2315/2183
f 2045/2401/2261 2046/2402/2262 2922/2400/2260
f 2922/2400/2260 2046/2402/2262 2780/3238/2982
f 4147/4879/4228 178/203/194 187/4715/208
f 189/215/206 209/236/227 187/217/208
f 4087/4792/4180 1962/2318/2186 2240/2640/2467
f 2951/3430/3147 2960/357/342 2369/2787/2594
f 1125/1325/1275 2960/357/342 1126/1324/1274
f 2413/2835/2633 2414/2833/2632 3278/3836/3476
f 2414/2833/2632 2086/2444/2299 3278/3836/3476
f 1171/4880/1319 2909/3383/3104 1756/2067/1964
f 2909/3383/3104 1757/2066/1963 1756/2067/1964
f 2368/2784/2591 4148/4881/4229 2367/2781/2588
f 2367/2781/2588 3664/4289/3830 3665/4290/3831
f 1150/1348/1298 2703/3151/2909 1208/1416/1362
f 1150/1348/1298 1208/1416/1362 1148/1350/1300
f 3409/3990/3596 2645/3087/2856 2342/2756/2566
f 3058/2292/2163 4149/4882/4230 1939/2291/2162
f 4150/4883/4231 1758/2071/1967 1760/2069/1965
f 1757/2066/1963 2908/3384/3105 4150/4883/4231
f 3125/3646/3331 1891/2224/2104 387/443/424
f 1811/2124/2018 3387/3965/3578 2029/3966/3579
f 1811/2124/2018 2029/3966/3579 3624/4249/3794
f 4152/4885/4233 2107/4884/4232 2106/352/337
f 1980/2338/2203 982/1167/1129 1262/1472/1416
f 1323/1545/1480 900/1059/1026 261/4132/290
f 1323/1545/1480 261/4132/290 3020/3514/288
f 3387/3965/3578 2793/3247/2991 2029/3966/3579
f 627/730/707 626/731/708 2793/3247/2991
f 59/3069/73 2627/3068/2838 60/4886/72
f 1900/2233/2113 49/65/64 60/4886/72
f 2063/2419/2278 2065/2422/2281 2064/2423/2282
f 2064/2423/2282 3750/3184/2938 2063/2419/2278
f 1979/2339/2204 3364/3939/3553 982/1167/1129
f 982/1167/1129 1980/2338/2203 1979/2339/2204
f 2906/1939/1851 3101/3614/3304 4330/1938/1850
f 2906/3562/1851 4020/4888/3945 3101/4887/3304
f 404/463/444 403/464/445 2985/3464/3179
f 404/463/444 2985/3464/3179 2063/2419/2278
f 120/138/134 1783/2098/746 121/137/133
f 120/138/134 658/772/748 4153/4889/4234
f 3793/4892/3952 639/4891/722 929/4890/1061
f 928/1096/1062 3793/4893/3952 929/1095/1061
f 6/10/9 8/8/7 9/2758/2568
f 6/10/9 9/2758/2568 2342/4894/2566
f 2146/2523/2362 2145/2524/2363 1432/1675/1602
f 2236/2634/2461 2145/2525/2363 3315/2636/2463
f 4069/4895/4235 4068/2140/2032 763/893/869
f 2207/2590/2423 763/893/869 4068/2140/2032
f 1013/3894/1157 3845/4528/3997 3222/3771/3427
f 3845/4519/3997 1013/4896/1157 608/711/690
f 1954/4897/1736 3793/4893/3952 928/1096/1062
f 2550/2986/2766 1954/4898/1736 928/1098/1062
f 4075/4821/4167 1547/4899/1727 4129/4850/4211
f 1547/1805/1727 3324/378/363 4154/4900/4236
f 2827/3296/3028 2857/3328/3055 3491/4089/3675
f 3749/2456/2310 3117/3637/3323 2857/3328/3055
f 2344/2493/2336 627/730/707 3387/3965/3578
f 3387/3965/3578 627/730/707 2793/3247/2991
f 1799/2111/2004 1797/2107/2000 3573/4189/3747
f 1799/2111/2004 3573/4189/3747 2626/3065/2837
f 1427/1668/1596 1472/1719/1642 3388/3969/3581
f 4155/4901/4237 2857/3328/3055 2827/3296/3028
f 2827/3296/3028 2826/3297/3029 4155/4901/4237
f 3838/4501/3988 777/1020/883 1040/4902/1182
f 705/822/798 456/531/510 706/826/802
f 456/531/510 705/822/798 3388/3969/3581
f 3267/3824/3467 3193/642/621 2300/2704/2527
f 3194/3743/3401 3193/642/621 3267/3824/3467
f 1653/1932/1845 3723/4367/3895 384/438/419
f 1653/1932/1845 384/438/419 629/738/715
f 4162/4903/4238 706/826/802 3664/4289/3830
f 3279/294/279 3476/4069/3659 3280/3838/3478
f 3476/4069/3659 2092/2453/2307 3280/3838/3478
f 224/257/244 803/948/921 1880/2211/2091
f 803/948/921 224/257/244 2239/2641/2468
f 3274/3831/3473 216/253/240 2623/3063/2835
f 3274/3831/3473 2623/3063/2835 4156/3656/3338
f 2770/3221/2970 1788/2102/1995 3568/4184/3744
f 4157/2551/2388 3569/1296/1246 3568/4184/3744
f 1916/2261/2135 1915/2262/2136 3419/4001/3604
f 1915/2262/2136 3827/4002/3605 3419/4001/3604
f 4158/4785/4176 771/903/878 3500/4105/3685
f 3500/4105/3685 771/903/878 770/904/879
f 3445/4038/3634 731/856/832 1536/1793/1715
f 731/856/832 737/862/838 1296/855/831
f 2574/3011/2790 2918/3394/3114 509/591/570
f 3372/3948/3561 2574/3011/2790 1184/1392/1338
f 4062/4758/4161 2220/2609/2439 4060/4760/4163
f 4060/4906/4163 1395/4905/1564 528/4904/595
f 939/1110/1074 2578/3017/2795 2579/3015/2793
f 2767/3219/2968 1457/1699/1624 1456/1700/1625
f 3301/3631/3318 4160/4908/4240 443/4907/4239
f 2766/3220/2969 3345/3919/3535 2767/3219/2968
f 3345/3919/3535 2766/3220/2969 754/3918/859
f 1339/1562/1497 238/274/261 3435/4026/3622
f 2355/2771/2578 1339/1562/1497 3435/4026/3622
f 2042/2396/2256 488/570/549 3797/571/550
f 3797/571/550 3913/4602/4059 2042/2396/2256
f 2404/2821/2621 2440/2822/2622 3541/4155/3719
f 2440/2822/2622 243/282/269 3541/4155/3719
f 2672/3108/2875 1061/1252/1205 1141/1341/1291
f 2671/3106/2873 2672/3108/2875 2613/3054/2826
f 773/907/881 3031/4822/3233 3154/3684/3361
f 773/3683/881 4307/3784/3435 775/908/882
f 1610/1878/1798 1611/1881/1799 1401/1880/1571
f 1401/1880/1571 1611/1881/1799 3458/4050/3643
f 1426/823/799 2436/2863/2654 2972/3448/3164
f 2972/3448/3164 2916/3396/3116 1426/823/799
f 2236/2634/2461 1830/4910/4242 4163/4909/4241
f 1830/4910/4242 1897/2230/2110 4164/4911/4243
f 1743/2049/1950 3000/2088/1984 1744/2048/1949
f 1787/2092/1986 1779/2093/1987 1785/3429/3146
f 1779/2093/1987 1781/2094/1988 1785/3429/3146
f 904/1065/1032 905/1063/1030 2999/3482/3192
f 2999/3482/3192 905/1063/1030 3000/2088/1984
f 727/849/825 3085/3592/3284 3975/848/824
f 1803/2159/2045 1963/548/527 470/2320/525
f 470/546/525 542/629/608 2865/4912/3062
f 2170/2550/2387 2171/2552/2389 3569/1296/1246
f 2170/2550/2387 3569/1296/1246 4157/2551/2388
f 4166/4913/4244 861/1010/982 4167/936/909
f 1080/1280/1229 2843/3312/3044 2919/4914/4245
f 4168/4915/4246 971/1148/1112 2382/2801/2605
f 4168/4915/4246 969/1150/1114 971/1148/1112
f 3848/4524/4002 4060/4916/4163 3850/4638/4084
f 3848/4524/4002 3850/4638/4084 3849/4523/4001
f 4169/4917/4247 1061/1252/1205 2671/3106/2873
f 2671/3106/2873 1061/1252/1205 2672/3108/2875
f 3784/3401/3121 3586/4436/3758 58/3402/70
f 3595/4218/3767 2306/4707/4127 2305/4918/4248
f 2305/4918/4248 1128/1328/1278 3594/4217/3766
f 1395/4919/1564 4060/4916/4163 3848/4524/4002
f 1395/4919/1564 3848/4524/4002 2838/3309/3041
f 2250/2648/2475 2252/2120/2014 2248/2650/2477
f 122/140/136 2138/2516/2355 156/181/172
f 4110/2517/2356 4171/4920/4249 2138/2516/2355
f 703/819/795 2047/2404/2263 2604/3205/2958
f 2047/2404/2263 2225/2619/2448 2604/3205/2958
f 1697/1984/1896 3731/3602/3293 2168/1986/1898
f 1099/1297/1247 1098/1298/1248 4172/4921/4250
f 1098/1298/1248 3762/3551/3249 3049/3552/3250
f 2317/2722/2540 1705/2721/1905 1425/1665/1593
f 2774/3227/2974 1425/3226/1593 1705/1994/1905
f 3695/4334/3865 3694/4335/3866 3690/4327/3858
f 3690/4327/3858 3694/4335/3866 3691/4329/3860
f 3398/1437/159 4173/516/495 3915/155/149
f 161/178/170 155/176/168 4173/516/495
f 1161/1365/1312 4296/4922/4251 1425/1665/1593
f 4296/4922/4251 2317/2722/2540 1425/1665/1593
f 3304/3868/3501 1297/1517/1456 1338/1561/1496
f 3264/3821/3464 1297/1517/1456 3265/3820/3463
f 1911/2254/2130 3105/4923/3309 1912/2253/2129
f 1911/4924/2130 1910/2322/2131 1966/2323/2188
f 4174/4925/4252 2861/3330/3057 1714/2010/1918
f 2861/3330/3057 4174/4925/4252 1711/2007/1915
f 2315/3261/2538 2801/3262/3000 2632/3263/2844
f 2634/4926/2843 2315/3261/2538 2632/3263/2844
f 348/401/385 3125/3646/3331 4175/4927/4253
f 2475/2902/2690 348/401/385 4175/4927/4253
f 4136/4859/4218 1420/1663/1591 2689/3132/2894
f 4136/4859/4218 1421/1662/1590 1420/1663/1591
f 898/1057/1024 2225/4928/2448 264/2403/292
f 264/307/292 2225/2619/2448 2758/3204/2957
f 1484/4373/3541 1728/4642/1931 3352/3928/3543
f 3346/3922/3538 1484/4373/3541 3347/3921/3537
f 2105/2469/2321 3895/2468/2320 3897/4583/4044
f 3897/4583/4044 848/998/970 3990/4929/4254
f 4176/4931/4256 1430/1669/1597 4177/4930/4255
f 4177/4930/4255 1430/1669/1597 1429/1670/1598
f 1236/1446/1390 2105/2469/2321 3990/4929/4254
f 3990/4929/4254 2105/2469/2321 3897/4583/4044
f 3654/4281/3823 3626/4250/3795 4379/4181/3741
f 2132/2509/2348 4379/4181/3741 3626/4250/3795
f 3791/4447/3950 4178/4932/4257 1385/1623/1553
f 1385/1623/1553 4178/4932/4257 3772/4421/3933
f 2104/2467/2319 4400/1448/1392 1236/1446/1390
f 2104/2467/2319 1236/1446/1390 3990/4929/4254
f 3731/3602/3293 2991/3471/3184 2990/3472/3185
f 2312/1671/1599 1430/1669/1597 680/797/773
f 2868/3344/3067 3836/4496/3986 3660/4286/3827
f 3175/3713/3385 3660/4286/3827 3836/4496/3986
f 1315/919/893 1212/1423/1368 1362/1591/1521
f 783/917/891 1212/1423/1368 1315/919/893
f 1421/1662/1590 4136/4859/4218 2529/2963/2744
f 1421/1662/1590 2529/2963/2744 2528/2964/2745
f 3644/4268/3811 3643/4269/3812 1854/2179/2065
f 1644/1918/1834 4010/1916/1832 48/60/59
f 3290/3848/3486 4179/3850/3488 3291/3847/3485
f 2654/3094/2862 3685/4322/3853 3684/4321/3852
f 2312/1671/1599 680/797/773 2313/2716/2536
f 2313/2716/2536 680/797/773 1627/875/851
f 700/816/792 2674/3113/2878 647/759/735
f 2674/3113/2878 700/816/792 2673/3112/2877
f 369/422/404 1869/1154/1116 4158/4785/4176
f 4180/4933/4258 1870/2202/2082 1869/1154/1116
f 2222/2617/2442 3684/4321/3852 2023/2379/2239
f 4181/4934/4259 1187/1393/1339 1188/1397/1343
f 1187/1393/1339 1186/1394/1340 1333/1554/1489
f 2688/3131/2893 4079/3828/3470 2661/3099/2867
f 2137/2513/2352 2688/3131/2893 2661/3099/2867
f 3105/3842/3309 1966/4936/2188 1965/4935/2189
f 3105/3842/3309 1911/4937/2130 1966/4936/2188
f 1989/2346/2211 2891/3366/3088 651/761/737
f 2891/3366/3088 700/816/792 647/759/735
f 1147/1345/1295 2535/2968/2749 3708/2970/2751
f 3708/2970/2751 1145/1347/1297 1147/1345/1295
f 3686/4323/3854 1238/1450/1394 1632/1902/1820
f 1238/1450/1394 3686/4323/3854 1239/1449/1393
f 2142/2520/2359 4182/4938/4260 2144/2522/2361
f 4182/4938/4260 2142/2520/2359 1667/1954/1866
f 4130/4853/4214 117/135/131 4131/4852/4213
f 4130/4853/4214 116/134/130 117/135/131
f 523/607/586 4183/608/587 3605/4227/3776
f 3606/3701/3378 3605/4227/3776 4183/608/587
f 2560/3736/3398 3190/4939/3396 3243/3798/3447
f 1400/1636/1566 1399/1637/1567 849/997/969
f 3105/3842/3309 1965/4935/2189 1434/1676/1603
f 950/1123/1087 3530/4148/3713 951/1122/1086
f 3531/4149/3714 4185/4941/4262 4186/4940/4261
f 614/721/698 3597/4219/3768 615/720/697
f 614/721/698 3165/3696/3373 3167/3694/3371
f 3954/2466/2318 2078/925/898 3687/4324/3855
f 3954/2466/2318 848/998/970 850/996/968
f 4180/4933/4258 4279/3891/3516 1870/2202/2082
f 975/1157/1119 1870/2202/2082 2470/2900/2688
f 3597/4219/3768 2545/2982/2762 3993/4343/3873
f 3597/4219/3768 614/721/698 2545/2982/2762
f 2091/2450/2304 2388/2807/2611 2089/2452/2306
f 1221/1431/1376 2089/2452/2306 4187/4942/4263
f 4408/2539/2376 3639/4265/3808 3625/4248/3793
f 3706/4346/3876 3639/4265/3808 4408/2539/2376
f 1639/2000/1827 173/4943/187 1412/1656/1584
f 178/203/194 4147/4879/4228 173/196/187
f 3556/1873/1794 3555/4171/3733 1606/1872/1793
f 2114/2483/2331 3804/1767/1689 2115/2482/2330
f 1842/1417/1363 3429/4016/3614 1843/2168/2054
f 1145/1347/1297 1842/1417/1363 1843/2168/2054
f 1426/823/799 1472/1719/1642 1427/1668/1596
f 3668/4293/3834 1348/1576/1508 3669/4944/3836
f 4188/4945/4264 3669/4474/3836 3098/3608/3299
f 3304/3868/3501 658/772/748 3265/3820/3463
f 3265/3820/3463 1297/1517/1456 3304/3868/3501
f 3480/4073/3663 2487/2917/2703 749/19/18
f 749/19/18 2487/2917/2703 14/18/17
f 3664/4289/3830 2367/2781/2588 4148/4881/4229
f 3663/2855/2647 3664/4289/3830 2429/2854/2646
f 2395/2810/2614 2394/1548/1483 1326/1546/1481
f 2395/2810/2614 1326/1546/1481 2533/2966/2747
f 3826/4488/3979 3827/4002/3605 1969/4946/4265
f 4190/4267/3810 2340/2755/2565 4191/397/381
f 393/449/430 2340/2755/2565 4190/4267/3810
f 3058/2292/2163 905/1063/1030 4192/1064/1031
f 4192/1064/1031 1027/2289/2160 3058/2292/2163
f 3724/4368/3896 3224/1818/1740 4118/4833/4202
f 3724/4368/3896 4118/4833/4202 425/490/470
f 3310/4947/4266 123/898/469 856/1006/978
f 1576/1837/1758 2934/3412/3130 4193/2296/2167
f 2819/3287/3021 3157/3686/3363 3463/4054/3647
f 3857/4532/4009 3463/4054/3647 3157/3686/3363
f 900/2960/1026 899/1056/1023 264/2403/292
f 2837/1058/1025 899/1056/1023 900/2960/1026
f 651/761/737 2891/3366/3088 647/759/735
f 651/761/737 647/759/735 3358/3930/3545
f 2780/3238/2982 2782/3236/2980 2922/2400/2260
f 2782/3236/2980 2923/3399/3119 2922/2400/2260
f 1337/1559/1494 1336/1560/1495 2232/2629/2457
f 3304/3868/3501 1337/3867/1494 2232/4811/2457
f 1217/1430/1375 1215/1426/1371 1214/1427/1372
f 825/974/946 827/972/944 278/326/311
f 3161/3690/3367 1519/1774/1696 832/979/951
f 3124/3645/3330 3161/3690/3367 832/979/951
f 1752/2061/1959 34/4948/46 669/4762/757
f 2784/3239/2983 504/586/565 503/587/566
f 4191/397/381 3258/3502/3207 2339/2753/2563
f 75/91/88 3263/2607/2437 3560/4173/3735
f 75/91/88 50/4949/63 3263/2607/2437
f 4214/465/446 3642/466/447 1891/2224/2104
f 4195/4951/4268 4196/4950/4267 4151/2384/2244
f 3871/4551/4019 579/673/652 2257/2657/2484
f 3525/4141/3710 579/673/652 3871/4551/4019
f 1563/3714/1746 3176/3715/3386 3937/1253/1206
f 4197/599/578 3093/1525/1462 4198/4952/4269
f 2754/3199/2952 4197/599/578 4198/4952/4269
f 2144/2522/2361 4193/2296/2167 2934/3412/3130
f 3935/4620/4072 4196/4950/4267 626/731/708
f 4195/4951/4268 626/731/708 4196/4950/4267
f 2193/2575/2409 779/913/887 1446/1688/1614
f 1528/1787/1709 779/913/887 2193/2575/2409
f 1884/2216/2096 176/199/190 1009/1192/1151
f 1333/1554/1489 1883/2214/2094 1187/1393/1339
f 3478/1721/1063 3473/4064/3656 4199/4953/4270
f 4200/4954/4271 2093/2454/2308 3179/3720/3388
f 4200/4954/4271 1784/2099/1992 2093/2454/2308
f 3478/4562/1063 3880/4070/3660 3479/4071/3661
f 2597/3037/2811 1535/1794/1716 4201/3035/2809
f 3608/4230/3778 4201/3035/2809 2644/3085/2854
f 1548/1807/1729 1551/1809/1731 1550/1810/1732
f 1223/1434/1379 1182/12/11 1548/1807/1729
f 463/4957/517 725/4956/823 3646/4955/3813
f 481/4960/539 4202/4959/4272 1157/4958/1305
f 1748/2054/1952 2724/3173/2927 985/1170/1132
f 2724/3173/2927 1748/2054/1952 2262/2661/2488
f 4203/4961/4273 1497/1749/1671 2643/3084/2853
f 568/660/639 4203/4961/4273 569/3789/3439
f 903/1060/1027 902/1061/1028 4050/4754/4157
f 4050/4754/4157 4051/4753/4156 2691/3134/2896
f 2962/3441/3157 3322/3885/3511 3327/3442/3158
f 193/219/210 2962/3441/3157 3327/3442/3158
f 1945/2295/2166 4193/2296/2167 2144/2522/2361
f 2144/2522/2361 4182/4938/4260 3454/4048/3641
f 1487/1738/1661 196/221/212 1007/1189/1149
f 194/2073/1969 1952/2305/2176 4204/4962/4274
f 3185/3725/3392 3184/3726/3393 3560/4173/3735
f 3560/4173/3735 3184/3726/3393 75/91/88
f 445/519/498 2251/2651/2478 3030/3533/3232
f 3030/3533/3232 2251/2651/2478 4205/3463/3178
f 96/3491/109 3005/3492/3197 3027/3526/3229
f 1588/1850/1771 3027/3526/3229 3005/3492/3197
f 621/726/703 3644/4268/3811 622/725/702
f 2977/3455/3171 622/725/702 2973/3450/3166
f 2287/2690/2513 2082/2439/2294 2552/2990/2770
f 2551/2987/2767 2552/2990/2770 2160/2541/2378
f 3510/4114/3692 131/4032/3627 124/2325/2190
f 3914/4963/4275 3915/155/149 131/4032/3627
f 1022/1203/1162 2002/681/660 2571/3010/2789
f 978/1160/1122 977/1161/1123 2571/3010/2789
f 144/168/160 145/166/158 4200/4954/4271
f 145/166/158 1784/2099/1992 4200/4954/4271
f 571/663/642 570/664/643 444/3294/3026
f 444/3294/3026 441/517/496 571/663/642
f 3551/4166/3729 841/991/963 3552/4165/3728
f 841/991/963 1617/1884/1802 3552/4165/3728
f 2446/2876/2666 4037/4737/4145 2608/3048/2820
f 3366/3940/3554 3368/3942/3556 3367/3943/3557
f 4045/4747/4150 2990/3472/3185 2992/3470/3183
f 2992/3470/3183 4044/4748/4151 4045/4747/4150
f 2888/3363/3085 2692/3137/2899 4050/4754/4157
f 4050/4754/4157 2692/3137/2899 2694/3135/2897
f 2450/2877/2667 3368/3942/3556 1889/2220/2100
f 1888/2217/2097 1887/2218/2098 2450/2877/2667
f 1263/2471/1419 550/641/620 4152/4885/4233
f 1261/1475/1417 1263/1476/1419 1262/4964/1416
f 1475/1725/1646 3714/4356/3887 3178/3721/3389
f 1885/2215/2095 3178/3721/3389 3714/4356/3887
f 440/509/488 613/718/695 3331/3900/3522
f 438/511/490 440/509/488 3028/3528/3230
f 2677/3117/2882 4206/4966/2879 2676/4965/2880
f 4206/4966/2879 2677/3117/2882 2546/2981/2761
f 2082/2439/2294 2160/2541/2378 2552/2990/2770
f 2160/2541/2378 2082/2439/2294 2081/2440/2295
f 2851/3321/3051 2850/3318/3049 2955/3436/3152
f 641/751/728 2637/3076/2845 642/750/727
f 2635/3078/2847 2637/3076/2845 641/751/728
f 2102/2465/2317 2821/1368/1315 1495/1745/1668
f 1495/1745/1668 1123/1323/1273 2102/2465/2317
f 2572/3009/2788 538/628/607 540/626/605
f 2434/2859/2651 2270/2861/2499 4207/4967/4276
f 3932/4968/1187 4034/4732/4141 4033/4733/4142
f 1043/1232/1188 4034/4969/4141 3932/1231/1187
f 2619/3056/2828 2804/3267/3003 830/975/947
f 3351/3925/3540 112/2834/124 2602/4584/2815
f 112/128/124 111/129/125 2602/3041/2815
f 3401/3981/3588 2672/3108/2875 1141/1341/1291
f 126/147/141 140/161/153 4080/4774/4172
f 3186/3727/3394 4080/4774/4172 140/161/153
f 1300/1519/1458 3045/3517/3220 3520/4970/4277
f 1300/1519/1458 3520/4970/4277 1516/1772/1694
f 1775/2086/1982 1741/2046/1947 1742/2045/1946
f 3536/4152/3716 3539/22/21 3537/4151/3715
f 20/23/22 2841/3310/3042 1498/1748/1670
f 3561/4172/3734 167/189/180 4095/4801/4185
f 4209/4971/4278 3560/4173/3735 4095/4801/4185
f 4095/4801/4185 167/189/180 4209/4971/4278
f 166/190/181 3185/3725/3392 167/189/180
f 3423/4972/4279 459/534/513 535/625/604
f 3851/4525/4003 459/534/513 4210/4973/4280
f 432/502/481 3450/4042/3637 4211/501/480
f 1023/1205/1164 3965/1206/1165 4211/501/480
f 177/202/193 164/213/204 163/192/183
f 1694/1982/1894 1692/1980/1892 1134/1334/1284
f 1695/1981/1893 1694/1982/1894 1134/1334/1284
f 1543/1804/1726 2650/3090/2858 79/93/89
f 1545/2234/2114 1543/1804/1726 79/93/89
f 1316/1536/1473 3377/3954/3567 1317/1535/1472
f 1317/3130/1472 3379/3955/3568 3393/3970/3582
f 2636/3077/2846 3168/3697/3374 2637/3076/2845
f 2880/3355/3077 4212/4974/4281 2636/3077/2846
f 2668/3105/2872 1175/1378/1325 3964/4652/4092
f 208/237/228 2668/3105/2872 3964/4652/4092
f 270/312/297 2101/2463/2315 3973/4659/4098
f 3559/4168/3731 2101/4170/2315 1496/4298/1669
f 1271/1484/1427 2301/1483/1426 1268/1093/1059
f 45/59/58 47/57/56 1268/1093/1059
f 2283/2685/2509 3617/4242/3789 2442/2870/2660
f 2695/3140/2902 3618/4241/3788 3617/4242/3789
f 1134/1334/1284 1692/1980/1892 1138/1336/1286
f 1138/1336/1286 1692/1980/1892 1136/1338/1288
f 2498/4975/4282 2497/102/98 73/3478/146
f 1130/2709/1282 3571/3019/2796 1908/2249/2125
f 2295/2866/2521 1294/1512/2656 1041/4868/1185
f 4148/4881/4229 2429/2854/2646 3664/4289/3830
f 4213/4976/4283 3442/4034/3630 3441/4035/3631
f 1946/2299/2170 2144/2522/2361 2936/3414/3131
f 1162/1364/1311 2723/3172/2926 3966/2720/2539
f 2723/3172/2926 1162/1364/1311 1160/1360/1307
f 2951/3430/3147 3151/3679/3357 2960/357/342
f 3151/3679/3357 2951/3430/3147 2567/3005/2784
f 1162/1364/1311 1161/1365/1312 1597/1862/1783
f 3768/4418/3930 802/949/922 532/622/601
f 533/621/600 532/622/601 802/949/922
f 1628/1897/1815 4093/4800/4184 1559/1820/1742
f 1628/1897/1815 1559/1820/1742 2385/4370/2606
f 4214/465/446 1891/2224/2104 4151/2384/2244
f 4151/2384/2244 1891/2224/2104 3125/3646/3331
f 2468/940/913 393/449/430 3066/3572/3265
f 3066/3572/3265 393/449/430 3076/3582/3275
f 1502/1753/1675 266/311/296 268/309/294
f 1502/1753/1675 3234/3787/3438 1873/2205/2085
f 3021/3516/3219 3803/1410/1356 3060/3705/3260
f 3021/3516/3219 3060/3705/3260 2025/2381/2241
f 2189/4699/2407 962/1142/1106 765/2486/873
f 1626/1898/1816 2190/2573/2408 2189/2571/2407
f 4215/1163/1125 3202/3751/3409 979/1159/1121
f 980/1164/1126 3783/4434/3943 4215/1163/1125
f 3940/2031/1934 3196/3744/3402 1655/1937/1849
f 1655/1937/1849 3196/3744/3402 2906/1939/1851
f 2558/4140/2776 3525/4977/3710 1661/4139/1856
f 1661/1944/1856 3525/4141/3710 1659/1946/1858
f 1095/1295/1245 3987/4675/4108 1096/1294/1244
f 3987/4675/4108 3036/3539/3238 1096/1294/1244
f 812/958/931 4008/4978/4216 1646/1927/1840
f 1646/3875/1840 4008/4857/4216 3312/1925/1838
f 4216/4979/4284 3442/4034/3630 4213/4976/4283
f 1946/2299/2170 2936/3414/3131 4213/4976/4283
f 1509/1763/1685 2465/2895/2683 2464/2896/2684
f 1084/1282/1233 2353/2127/2019 2465/2895/2683
f 3614/4236/3784 2168/1986/1898 2745/3191/2945
f 2168/1986/1898 4045/4747/4150 2745/3191/2945
f 3202/3751/3409 4105/4808/4192 4104/4809/4193
f 4215/1163/1125 4105/4808/4192 3202/3751/3409
f 4058/4980/4285 4040/1042/876 3137/3662/3344
f 401/460/441 4040/901/876 4058/4981/4285
f 3103/3616/3306 1924/2273/2145 1623/1891/1809
f 1623/1891/1809 3104/3615/3305 3103/3616/3306
f 4217/4352/3883 4218/4982/4286 3740/4389/3909
f 798/942/915 789/931/904 4217/4352/3883
f 3530/4148/3713 2253/2652/2479 3068/4147/3712
f 802/949/922 3768/4418/3930 222/259/246
f 3768/4418/3930 3769/4419/3931 222/259/246
f 1922/2272/2144 1719/2018/1924 4071/535/514
f 1719/2018/1924 1922/2272/2144 1066/1259/1212
f 3466/4060/3653 2887/3361/3083 3467/4059/3652
f 4219/4983/4287 2887/3361/3083 2884/3360/3082
f 962/1142/1106 2189/4699/2407 1630/4645/1817
f 1630/4645/1817 963/1141/1105 962/1142/1106
f 191/228/219 205/4506/225 3839/4507/3989
f 3041/3545/3244 3042/930/903 3043/3546/3245
f 3041/3545/3244 894/1053/1020 3042/930/903
f 2255/2654/2481 1598/1864/1785 4185/4941/4262
f 1160/1360/1307 1598/1864/1785 2255/2654/2481
f 2290/2696/2519 4220/4984/4288 2293/2697/2520
f 543/633/612 2293/4986/2520 3410/4985/3381
f 3121/3642/3327 4221/4987/4289 3122/3641/3326
f 3121/3642/3327 1340/1565/1500 4221/4987/4289
f 2370/2785/2592 1786/3428/3145 2369/2787/2594
f 2568/3004/2783 2369/2787/2594 1786/3428/3145
f 2213/2598/2431 164/2599/204 185/4210/203
f 2419/2841/2637 3135/3659/3341 4108/4813/4196
f 3133/3658/3340 3134/3660/3342 3135/3659/3341
f 2936/3414/3131 2934/3412/3130 4216/4979/4284
f 2936/3414/3131 4216/4979/4284 4213/4976/4283
f 902/1061/1028 2888/3363/3085 4050/4754/4157
f 1522/1779/1701 1777/1778/1700 2890/3364/3086
f 4089/4799/4183 4161/3474/3188 4090/223/214
f 4015/4713/4131 404/463/444 2062/2420/2279
f 1152/3912/3532 1091/1292/1242 3273/3830/3472
f 3300/4637/4083 1298/1516/1455 4222/4988/4290
f 1299/1515/1454 1298/1516/1455 1270/1485/1428
f 1696/1985/1897 2169/2549/2386 2439/2868/2658
f 4223/4989/4291 3615/4237/3785 2169/2549/2386
f 1296/855/831 1299/1515/1454 2303/4990/4292
f 2303/4990/4292 1299/1515/1454 1270/1485/1428
f 2953/3433/3150 1036/1223/1179 247/288/275
f 1036/1223/1179 3256/3811/3457 3257/3812/3458
f 3981/4663/4101 1255/1469/1413 1257/1467/1411
f 797/943/916 3042/930/903 789/931/904
f 4141/2103/1996 190/227/218 2206/2591/2424
f 1182/12/11 1551/1809/1731 1548/1807/1729
f 2482/4863/2697 1311/1530/1467 1866/2200/2077
f 1311/1530/1467 1310/1531/1468 1866/2200/2077
f 2684/1201/1160 1022/1203/1162 977/1161/1123
f 1022/1203/1162 2571/3010/2789 977/1161/1123
f 3677/4991/3841 956/3110/1095 2673/3112/2877
f 956/1131/1095 3962/4992/4293 955/1133/1097
f 2343/2759/2569 2342/4894/2566 9/2758/2568
f 2342/4894/2566 2343/2759/2569 4149/4882/4230
f 2461/2074/1970 2174/667/646 573/665/644
f 3907/4595/4054 2461/2074/1970 573/665/644
f 1822/2139/2031 3474/4067/3657 1823/2138/2030
f 2208/2594/2427 989/1171/1133 3777/2593/2426
f 2817/3282/3018 3134/3660/3342 4224/4993/4294
f 522/609/588 2611/1890/1808 4183/608/587
f 3539/22/21 1742/2045/1946 17/21/20
f 4225/4311/3844 688/804/780 320/369/354
f 2520/3168/2737 2719/3169/2923 4226/4994/4295
f 691/805/781 1122/1322/1272 2325/2732/2546
f 863/1012/984 2326/2734/2548 864/1011/983
f 2077/2435/2290 2778/3320/2978 2075/2437/2292
f 2778/3320/2978 2073/2433/2288 2072/2434/2289
f 729/852/828 2398/2812/2616 730/851/827
f 3990/4929/4254 848/998/970 2104/2467/2319
f 4227/4996/4296 2559/4995/2775 910/1070/1036
f 910/1070/1036 4111/4818/4198 4227/4996/4296
f 4001/3857/3495 2942/680/659 2002/681/660
f 2002/681/660 4228/4997/4297 4001/3857/3495
f 2176/2556/2393 4229/1831/1752 2172/2555/2392
f 2172/2555/2392 557/649/628 2176/2556/2393
f 3327/3442/3158 3322/3885/3511 3328/3893/3518
f 3322/3885/3511 3460/4052/3645 3328/3893/3518
f 3982/4163/3726 3550/4164/3727 1767/2081/1977
f 3785/4441/3946 1767/2081/1977 3550/4164/3727
f 4230/4313/3847 1664/1947/1859 1666/1950/1862
f 1664/1947/1859 1663/1948/1860 1666/1950/1862
f 2071/2430/2285 368/423/405 3501/424/406
f 368/423/405 4231/4998/4298 369/422/404
f 2071/2430/2285 4231/4998/4298 368/423/405
f 1492/1741/1664 3215/3767/3423 2320/2729/2335
f 2120/2490/2015 2320/2491/2335 3215/4999/3423
f 2071/2430/2285 3750/3184/2938 4231/4998/4298
f 3750/3184/2938 2071/2430/2285 1715/2009/1917
f 2414/2833/2632 112/2834/124 2086/2444/2299
f 4176/4931/4256 4177/4930/4255 2713/5000/2917
f 2067/2424/2283 920/1082/1048 2713/3161/2917
f 2791/3249/2993 2028/2383/2243 1638/1907/1824
f 1638/1907/1824 2792/3248/2992 2791/3249/2993
f 85/104/100 2497/102/98 3334/3901/3523
f 3457/2950/2735 3334/3901/3523 2497/102/98
f 1422/1995/1906 1424/3224/1594 2773/3225/2973
f 1706/1660/1588 1422/1995/1906 2773/3225/2973
f 583/682/661 2571/3010/2789 2002/681/660
f 3026/3524/3227 4025/3557/3255 4021/4721/3226
f 4232/5001/4299 2769/1652/1581 1928/2276/2148
f 1928/2276/2148 316/364/349 352/404/388
f 2104/2467/2319 1239/1449/1393 4400/1448/1392
f 2572/3009/2788 4306/3008/2787 978/1160/1122
f 980/1164/1126 981/1162/1124 1721/2020/1926
f 3426/4009/3611 2400/2818/2619 2286/2689/2512
f 4233/5002/4300 2400/2818/2619 4139/4874/4224
f 1825/2145/2035 3114/3633/3320 4348/1959/1871
f 3114/3633/3320 1825/2145/2035 836/2146/590
f 300/346/331 4234/5003/4301 3119/1353/1303
f 3119/1353/1303 4234/5003/4301 1153/1352/1302
f 31/43/42 30/44/43 1544/1803/1725
f 1441/36/35 31/43/42 3599/4223/3772
f 3910/2480/2328 1682/1968/1880 1351/1582/1512
f 2037/2851/2041 2036/2389/2249 2426/4399/2040
f 868/1017/989 2037/2154/2041 2428/2155/2042
f 4170/734/711 4235/4019/3617 2248/2650/2477
f 4170/734/711 2248/2650/2477 2252/2120/2014
f 3631/4256/3800 82/101/97 84/99/95
f 3198/3747/3405 3630/4254/3798 3631/4256/3800
f 4139/4874/4224 341/2816/377 4233/5002/4300
f 1739/2043/1942 341/392/377 4139/5004/4224
f 48/60/59 4010/1916/1832 3197/3746/3404
f 3242/1917/1833 3197/3746/3404 4010/1916/1832
f 2290/2696/2519 57/4206/69 2291/2695/2518
f 545/631/610 3881/4563/4030 2290/5005/2519
f 2426/2153/2040 1750/2847/1955 2423/2845/2641
f 1848/2173/2059 4217/4352/3883 1858/2187/2069
f 3751/4400/3916 1998/2356/2219 3598/4221/3770
f 2426/4399/2040 3751/4400/3916 1750/2057/1955
f 3374/3951/3564 128/151/145 3168/3697/3374
f 4212/4974/4281 3168/3697/3374 2636/3077/2846
f 999/1181/1143 396/5007/436 4237/5006/4302
f 999/1181/1143 3250/3804/3452 1523/1780/1702
f 4234/5003/4301 4238/5008/4303 1383/1620/1550
f 4234/5003/4301 300/346/331 4239/5009/4304
f 3445/4038/3634 4242/3376/3098 2948/3424/3141
f 1912/3620/2129 3355/2252/2128 3579/5010/3752
f 3355/2252/2128 1357/1588/1518 3579/5010/3752
f 895/1055/1022 2136/2514/2353 896/514/493
f 895/1055/1022 4240/4116/3694 2136/2514/2353
f 2525/2956/1441 2524/2957/2741 4099/4828/3259
f 1383/1620/1550 4238/5008/4303 1382/1621/1551
f 294/339/324 3800/340/325 1382/1621/1551
f 1826/2144/2034 837/2995/956 836/2146/590
f 550/641/620 2107/4884/4232 4152/4885/4233
f 550/641/620 4241/5011/4305 2107/4884/4232
f 4242/3376/3098 4084/3423/3140 2948/3424/3141
f 1382/1621/1551 4239/5009/4304 4243/5012/4306
f 4239/5009/4304 300/346/331 3363/3937/3551
f 720/841/817 3248/5013/4307 2939/3417/3134
f 2939/3417/3134 733/859/835 720/841/817
f 4046/2670/2496 1001/1188/1148 21/30/29
f 3461/4003/3606 3459/4051/3644 2874/3352/3074
f 3158/3687/3364 4244/5014/4308 888/1047/1014
f 4244/5014/4308 3158/3687/3364 3656/4283/3824
f 289/333/318 3756/4404/3919 3811/3007/2786
f 1323/1545/1480 3756/4404/3919 1324/1544/1479
f 3157/3686/3363 526/614/593 3857/4532/4009
f 290/332/317 974/1158/1120 3503/4107/3687
f 277/321/306 290/332/317 3503/4107/3687
f 3487/4499/3671 778/5015/2119 3486/4498/3669
f 307/353/338 2958/3438/3154 719/837/813
f 2958/3438/3154 307/353/338 2950/639/618
f 2330/2741/2553 861/1010/982 3/2742/6
f 861/3313/982 4/6/5 3/7/6
f 2065/2422/2281 367/5016/4309 2066/2421/2280
f 2065/2422/2281 2631/3072/2841 367/5016/4309
f 3116/3638/3324 3357/3929/3544 3356/3578/3271
f 1257/1467/1411 638/3481/723 662/773/749
f 2998/4664/4102 1257/1467/1411 662/773/749
f 3250/3804/3452 3251/3807/3453 1409/3803/1578
f 3251/3807/3453 398/5017/434 2542/3806/2759
f 2682/3123/2888 2267/2667/2494 3682/4318/3850
f 2267/2667/2494 2682/3123/2888 2268/542/521
f 3891/4476/3970 3616/4238/3786 1736/2036/1939
f 3891/4476/3970 1736/2036/1939 2870/3347/3069
f 2448/2874/2664 2928/3403/3122 3368/3942/3556
f 2929/3406/3125 2928/3403/3122 2499/2929/2715
f 3672/4300/3838 598/698/677 1805/2116/2009
f 4239/5009/4304 1382/1621/1551 4238/5008/4303
f 4238/5008/4303 4234/5003/4301 4239/5009/4304
f 4245/5018/4310 600/702/681 3260/3814/3460
f 604/704/683 600/702/681 4245/5018/4310
f 4013/4710/4129 2059/2417/2276 2060/2418/2277
f 4013/4710/4129 2060/2418/2277 537/623/602
f 808/954/927 1149/1349/1299 3708/2970/2751
f 808/954/927 1192/955/928 1149/1349/1299
f 1434/1676/1603 1398/1638/1568 2203/2588/2422
f 99/117/113 93/118/114 491/572/551
f 93/118/114 103/119/115 491/572/551
f 2259/2658/2485 3260/3814/3460 2258/2656/2483
f 2722/3171/2925 2258/2656/2483 3260/3814/3460
f 3003/3486/3195 541/4122/609 3529/4146/1770
f 1290/1505/1445 814/959/932 1288/1507/1447
f 233/273/260 1288/1507/1447 814/959/932
f 2848/3317/3048 3658/4285/3826 3537/4151/3715
f 2847/3316/3047 3538/4154/3718 3540/4153/3717
f 2240/2640/2467 2239/2641/2468 4087/4792/4180
f 3812/4470/3968 1853/2180/2066 1855/2178/2064
f 1853/2180/2066 2978/3454/3170 2973/3450/3166
f 3181/3699/3376 453/528/507 1489/1740/1663
f 3603/4226/3775 1528/1787/1709 2193/2575/2409
f 3603/4226/3775 1699/2574/1901 1528/1787/1709
f 3471/2570/2406 3469/31/30 3581/4199/3755
f 3709/29/28 3581/4199/3755 3469/31/30
f 995/1177/1139 2670/3107/2874 2854/5019/4311
f 2671/3106/2873 2670/3107/2874 4169/4917/4247
f 3930/4617/4070 3493/4093/3677 4246/5020/4312
f 4247/3036/2810 4248/5021/4313 3930/4617/4070
f 2116/878/854 1035/5022/1176 4249/877/853
f 1183/1388/1334 4249/877/853 1035/5022/1176
f 1266/1478/1421 3580/2532/1424 1795/2109/2002
f 2847/3316/3047 3540/4153/3717 4250/5023/4314
f 3540/4153/3717 3539/22/21 3142/3668/3349
f 999/1181/1143 4237/5006/4302 3250/3804/3452
f 3251/3807/3453 3250/3804/3452 4237/5006/4302
f 1552/1808/1730 2629/3071/2840 1550/1810/1732
f 1552/1808/1730 4124/4844/4207 2629/3071/2840
f 3213/3765/3421 4303/2473/2324 3386/3964/3577
f 3239/3792/3442 806/951/924 3214/3766/3422
f 4251/2600/2432 95/127/123 2214/2604/2434
f 4252/5024/4315 4251/2600/2432 3977/4661/4100
f 2059/2417/2276 1565/1828/1749 3405/3986/3593
f 3743/4390/3910 3405/3986/3593 1565/1828/1749
f 2328/2736/2550 2898/5025/3095 2844/3314/3045
f 764/894/870 2898/3373/3095 4383/3374/3096
f 2069/1040/1010 3219/4110/3688 885/1043/1011
f 4040/1042/876 885/1043/1011 3219/4110/3688
f 3532/4120/3698 807/950/923 3385/3961/3574
f 3384/3647/3332 3532/4120/3698 3385/3961/3574
f 2233/2630/2458 2735/3182/2936 2736/3183/2937
f 2233/2630/2458 1670/1957/1869 2735/3182/2936
f 3754/3610/3301 3647/4273/3815 4235/4019/3617
f 4094/846/822 2373/2794/2597 2374/2792/2598
f 3282/3839/3479 3952/3698/3375 818/966/939
f 3951/4634/4080 818/966/939 3952/3698/3375
f 3974/4660/4099 1244/1455/1399 1936/2286/2158
f 3974/4660/4099 4125/4845/4208 1244/1455/1399
f 3386/3964/3577 3385/3961/3574 807/950/923
f 3385/3961/3574 3386/3964/3577 4302/3963/3576
f 4302/3963/3576 3383/3962/3575 3385/3961/3574
f 3440/4033/3629 4101/1275/1227 2610/3049/2821
f 2610/3049/2821 2966/3445/3161 3440/4033/3629
f 125/2857/2649 1426/823/799 704/824/800
f 3262/3816/3462 3261/3815/3461 632/741/718
f 3444/4036/3632 3443/4037/3633 3262/3816/3462
f 2273/2675/2501 2275/2505/2344 505/590/569
f 747/871/847 746/872/848 1175/1378/1325
f 746/872/848 2282/2686/2510 1175/1378/1325
f 180/204/195 188/4680/207 178/203/194
f 3832/3426/3143 2956/1071/1037 2957/3437/3153
f 2950/639/618 3832/3426/3143 2957/3437/3153
f 1075/1270/1223 2380/2796/2600 3231/3781/3434
f 203/231/222 1099/1297/1247 1075/1270/1223
f 165/191/182 1038/1225/1181 2153/2534/2371
f 746/872/848 3396/3974/3585 1038/1225/1181
f 1292/1509/1449 3861/4538/4011 1044/1230/1186
f 3896/4582/4043 3895/2468/2320 1044/1230/1186
f 2464/2896/2684 3842/4514/3994 1510/1762/1684
f 1510/1762/1684 1509/1763/1685 2464/2896/2684
f 1091/1292/1242 3204/3752/3410 1381/1619/1549
f 3204/3752/3410 3799/4457/3958 1381/1619/1549
f 1731/2032/1935 1243/1456/1400 421/488/468
f 421/488/468 1243/1456/1400 422/487/467
f 3898/4585/4045 1329/1552/1487 2356/2773/2580
f 2410/2828/2628 1329/1552/1487 3898/4585/4045
f 837/5028/956 2557/5027/2773 1824/5026/2033
f 3562/5029/3738 2557/2993/2773 3563/4178/3737
f 1936/2286/2158 1241/1453/1397 3974/4660/4099
f 1241/1453/1397 1936/2286/2158 446/518/497
f 3240/3793/3443 52/68/67 3170/3706/3380
f 1769/2082/1978 4110/2517/2356 4126/4847/4209
f 2892/3368/3090 1769/2082/1978 2894/3369/3091
f 3063/3570/3263 3012/3505/3210 3014/3507/3212
f 801/944/917 800/945/918 3012/3505/3210
f 3284/1549/1484 3283/3841/3481 970/1149/1113
f 970/1149/1113 3283/3841/3481 971/1148/1112
f 3498/4102/3682 469/547/526 4253/545/524
f 469/547/526 3499/4104/3684 3528/4143/3711
f 1890/2223/2103 421/488/468 423/486/466
f 387/443/424 423/486/466 386/442/423
f 3889/4574/4038 3863/4547/4012 2730/3177/2931
f 3889/4576/4038 2730/4568/2931 3884/4566/4032
f 4254/2110/2003 1799/2111/2004 3189/4360/3397
f 953/1126/1090 4254/2110/2003 3189/4360/3397
f 1797/2107/2000 3062/3569/3262 949/1124/1088
f 3062/3569/3262 950/1123/1087 949/1124/1088
f 3684/4321/3852 3685/4322/3853 4255/5030/4316
f 767/895/871 2376/2795/2599 765/897/873
f 4257/2221/2101 2376/2795/2599 767/895/871
f 4258/5031/4317 1405/1643/1573 1605/1874/1795
f 1555/1813/1735 1605/1874/1795 1405/1643/1573
f 371/429/410 1826/2144/2034 372/428/409
f 371/429/410 2556/2994/2774 1826/2144/2034
f 1826/2144/2034 2556/2994/2774 837/2995/956
f 4220/4984/4288 2032/2388/2248 2293/2697/2520
f 2032/2388/2248 1716/2014/1921 1397/2012/1005
f 3765/4416/3928 4275/4556/4024 3875/4557/4025
f 3765/4416/3928 3767/4417/3929 1181/1384/1331
f 4248/5021/4313 18/25/24 3931/4616/4069
f 2510/2939/2725 4018/3357/3079 2883/2980/2760
f 1841/2167/2053 2968/2166/2052 2327/2738/2551
f 2032/2388/2248 4220/4984/4288 1716/2014/1921
f 2292/2694/2517 2291/2695/2518 1716/2014/1921
f 3012/3505/3210 800/945/918 2734/3504/3209
f 3971/4657/4096 3567/790/766 800/945/918
f 4348/1959/1871 1674/1960/1872 1825/2145/2035
f 2217/2608/2438 1538/1797/1719 4247/3036/2810
f 699/817/793 698/818/794 3544/1598/1528
f 3544/1598/1528 3346/5032/3538 699/817/793
f 1705/2721/1905 670/783/759 3031/3534/3233
f 3154/3684/3361 3031/4822/3233 670/3675/759
f 1917/2260/2134 1916/2261/2135 3175/3713/3385
f 1917/2260/2134 3175/3713/3385 3836/4496/3986
f 4259/5033/4318 2240/2640/2467 2539/2974/2755
f 2238/2638/2465 3722/4366/3894 1479/1729/1650
f 535/625/604 537/623/602 1232/1441/1385
f 537/623/602 3516/4125/3701 1232/1441/1385
f 3440/4033/3629 3820/4023/3621 3415/3997/3601
f 3820/4023/3621 2901/1608/1538 3415/3997/3601
f 1851/2176/2062 3851/4525/4003 3422/4005/3608
f 3946/982/954 86/983/955 2879/3354/3076
f 3994/4681/4113 3620/3958/3571 1002/1187/1147
f 1002/1187/1147 1001/1188/1148 3994/4681/4113
f 1001/1188/1148 4046/2670/2496 3994/4681/4113
f 931/1102/1066 933/1100/1064 934/1105/1069
f 933/1100/1064 1437/1680/1606 934/1105/1069
f 2503/2934/2720 146/2935/2721 147/171/163
f 1157/4958/1305 4260/5034/4319 852/1354/972
f 1157/4958/1305 4202/4959/4272 4260/5034/4319
f 3813/4469/3967 459/534/513 623/729/706
f 1257/1467/1411 2244/2644/2471 3847/5035/3998
f 1257/5036/1411 3847/4520/3998 3918/4521/3999
f 3304/3868/3501 1338/1561/1496 3305/1514/1453
f 1338/1561/1496 1299/1515/1454 3120/3640/3325
f 4261/5037/4320 3767/4417/3929 3765/4416/3928
f 1180/1386/1333 3767/4417/3929 1689/1976/1888
f 2179/2559/2396 820/2560/937 819/5038/938
f 819/965/938 818/966/939 3953/4635/4081
f 3646/5041/3813 4202/5040/4272 463/5039/517
f 3646/4271/3813 1155/1356/1304 4202/4959/4272
f 705/822/798 1428/1667/1595 3388/3969/3581
f 1428/1667/1595 705/822/798 1426/823/799
f 1397/2012/1005 92/5042/104 1396/4861/4219
f 91/109/105 2219/4091/2440 92/108/104
f 477/555/534 2184/4665/2399 4262/5043/4321
f 2179/5044/2396 819/965/938 3953/4635/4081
f 4263/5045/4322 3279/294/279 3281/3837/3477
f 3788/4445/3948 3460/4052/3645 640/748/725
f 3279/294/279 4263/5045/4322 640/748/725
f 4263/5045/4322 3788/4445/3948 640/748/725
f 3927/638/617 3941/3519/3222 549/637/616
f 1732/2034/1937 572/662/641 571/663/642
f 1730/2033/1936 1732/2034/1937 441/517/496
f 3120/3640/3325 3305/1514/1453 1338/1561/1496
f 3120/3640/3325 1296/855/831 3305/1514/1453
f 3633/4257/3801 3652/4278/3820 344/408/375
f 2294/2699/2522 4388/4182/3742 4264/5046/4323
f 4264/5046/4323 4388/4182/3742 3565/4180/3740
f 1637/1908/1825 325/376/361 3145/3671/3352
f 304/350/335 325/376/361 281/328/313
f 2211/5047/2428 3963/4650/4091 2209/4631/2430
f 721/5050/816 3963/5049/4091 2211/5048/2428
f 1562/1821/1743 3753/4402/3917 3100/3612/3302
f 3133/3658/3340 3135/3659/3341 2419/2841/2637
f 2857/3328/3055 3117/3637/3323 3491/4089/3675
f 3117/3637/3323 3116/3638/3324 3491/4089/3675
f 4265/5051/4324 3710/4201/3757 3709/29/28
f 3710/4201/3757 4265/5051/4324 3729/4380/3900
f 1388/1625/1555 840/988/960 1581/1844/1765
f 2869/3345/3068 1581/1844/1765 3892/4577/4040
f 3147/3672/3353 3146/3673/3354 3153/3682/3360
f 3148/3674/3355 3153/3682/3360 3146/3673/3354
f 1234/1444/1388 1233/1445/1389 3211/3759/3417
f 2375/2222/2102 2927/3404/3123 3245/3799/3448
f 1730/2033/1936 572/662/641 1732/2034/1937
f 2965/3444/3160 1730/2033/1936 3642/466/447
f 3536/4152/3716 2867/3343/3066 1594/1857/1778
f 1776/1858/1779 3536/4152/3716 1594/1857/1778
f 1521/1776/1698 1593/1859/1780 3659/26/25
f 3659/26/25 1593/1859/1780 2867/3343/3066
f 2759/3207/2960 1976/2332/2197 2760/3206/2959
f 1976/2332/2197 4258/5031/4317 1605/1874/1795
f 1521/1776/1698 1774/2087/1983 1776/1858/1779
f 3809/4465/3963 3482/4464/3664 2667/1074/1040
f 3837/4497/3987 2074/2432/2287 2167/2548/2385
f 3277/3122/2887 2213/2598/2431 3275/3832/3474
f 3277/3122/2887 151/175/167 2213/2598/2431
f 3152/3681/3359 3147/3672/3353 293/335/320
f 1603/1868/1789 3856/1128/1092 293/335/320
f 2913/3388/3109 4068/2140/2032 4069/4895/4235
f 4068/2140/2032 2913/3388/3109 1822/2139/2031
f 2244/2644/2471 1260/1470/1414 3303/5052/3500
f 2244/2644/2471 1258/1022/992 1260/1470/1414
f 2006/2364/2227 2008/250/236 2007/2363/2226
f 2008/250/236 2006/2364/2227 215/249/237
f 2510/2939/2725 4266/269/256 4267/2942/2728
f 4266/269/256 1442/1686/1612 4267/2942/2728
f 107/123/119 3080/3588/3280 1968/2327/2192
f 768/900/875 2054/2410/2269 2387/2803/2607
f 630/737/714 2054/2410/2269 631/736/713
f 3668/4293/3834 3669/4944/3836 4188/5053/4264
f 4109/4817/4197 4188/4945/4264 4268/5054/4325
f 2578/3017/2795 939/1110/1074 2767/5055/2968
f 2768/3218/2967 2767/3219/2968 939/5056/1074
f 2357/2774/2581 2738/2306/461 1954/2309/1736
f 1953/2308/2177 2738/2306/461 2357/2774/2581
f 1760/2069/1965 1757/2066/1963 4150/4883/4231
f 1760/2069/1965 1759/2070/1966 1757/2066/1963
f 1413/1655/1583 1412/1656/1584 209/236/227
f 4147/5057/4228 187/217/208 209/236/227
f 1770/2083/1979 4109/4817/4197 1769/2082/1978
f 4109/5058/4197 3668/4293/3834 4188/5053/4264
f 4269/5059/4326 1442/1686/1612 4266/269/256
f 1442/1686/1612 3909/4597/4056 1446/1688/1614
f 3428/5060/3613 3427/4012/3612 2210/2596/2429
f 3427/4012/3612 3428/5060/3613 1029/4011/1170
f 4109/5058/4197 822/968/941 3668/4293/3834
f 775/908/882 3668/4293/3834 822/968/941
f 3628/4253/3797 1254/1464/1408 1253/1465/1409
f 3630/4254/3798 1254/1464/1408 3628/4253/3797
f 2234/2879/2460 914/1078/1044 207/238/229
f 2234/2879/2460 207/238/229 209/236/227
f 2195/2580/2414 149/173/165 138/148/142
f 149/173/165 158/183/174 138/148/142
f 2452/4504/2670 2378/2798/2602 4270/206/197
f 4270/206/197 2378/2798/2602 4271/1269/1222
f 1131/5062/1281 4272/5061/4327 3627/4251/3796
f 2516/2946/2731 4272/5063/4327 1131/2945/1281
f 1116/1314/1264 1210/1419/1365 2834/1422/1367
f 791/935/908 2834/1422/1367 1210/1419/1365
f 1521/1776/1698 1776/1858/1779 1593/1859/1780
f 2191/2577/2411 4269/5059/4326 4266/269/256
f 4269/5059/4326 3909/4597/4056 1442/1686/1612
f 34/47/46 1752/2062/1959 35/46/45
f 829/976/948 1345/1570/1502 1334/1557/1492
f 1344/1572/1504 1345/1570/1502 829/976/948
f 3378/5064/3569 3377/3954/3567 1261/1475/1417
f 2157/2535/2372 2156/2536/2373 3776/4428/3938
f 516/601/580 531/617/596 517/600/579
f 1759/2070/1966 1172/3724/1324 1173/5065/1322
f 1676/2068/1874 1757/2066/1963 1759/2070/1966
f 1156/2793/1306 852/1000/972 2374/2792/2598
f 1156/5066/1306 1157/4958/1305 852/1354/972
f 4273/5067/4328 3056/103/99 2987/3466/3180
f 2497/102/98 3056/103/99 4273/5067/4328
f 3010/3499/3204 903/1060/1027 2691/3134/2896
f 903/1060/1027 4050/4754/4157 2691/3134/2896
f 4023/4723/4135 4272/5063/4327 2516/2946/2731
f 1771/2084/1980 2952/3431/3148 2516/2946/2731
f 4063/4761/4164 4133/4856/4215 1223/1434/1379
f 4063/4761/4164 1223/1434/1379 3704/4344/3874
f 4051/4753/4156 4274/5068/4329 4049/4752/4155
f 4049/4752/4155 520/603/582 2607/3047/2819
f 3765/4416/3928 1181/1384/1331 4275/4556/4024
f 3489/3544/3243 694/811/787 3040/3543/3242
f 3489/3544/3243 506/589/568 694/811/787
f 1515/1769/1691 2518/2949/2734 2024/1770/1692
f 2513/2944/2730 2517/2948/2733 1515/1769/1691
f 3182/3722/3390 2008/2365/236 214/5069/235
f 4221/4987/4289 2409/2830/2629 3122/3641/3326
f 3122/3641/3326 2409/2830/2629 2410/2828/2628
f 2987/3466/3180 4276/5070/4330 4273/5067/4328
f 2327/2738/2551 4276/5070/4330 2987/3466/3180
f 3433/4021/3619 3488/4086/3672 3040/3543/3242
f 2502/2930/2716 2501/2931/2717 3433/4021/3619
f 201/229/220 3183/3723/3391 1450/1695/1620
f 2348/2762/2572 2347/2763/2573 3183/3723/3391
f 2603/3447/3163 3369/3944/3558 2590/3025/2801
f 3369/3944/3558 2603/3447/3163 2967/3446/3162
f 327/374/359 2931/3408/3127 2932/3410/3129
f 2931/3408/3127 2933/3409/3128 2932/3410/3129
f 4277/5071/4331 3489/3544/3243 3488/4086/3672
f 2501/2931/2717 4278/5072/4332 4277/5071/4331
f 1087/1285/1236 2015/2373/2235 1088/1284/1235
f 2892/3368/3090 2015/2373/2235 2884/3360/3082
f 138/148/142 140/161/153 126/147/141
f 3928/4614/4067 3107/3621/3310 3018/3513/3217
f 1870/2202/2082 4279/3891/3516 2470/2900/2688
f 519/604/583 3659/26/25 3660/4286/3827
f 3175/3713/3385 519/604/583 3660/4286/3827
f 2691/3134/2896 4051/4753/4156 2607/3047/2819
f 4051/4753/4156 4049/4752/4155 2607/3047/2819
f 3432/4020/3618 4170/734/711 628/735/712
f 2605/2622/2449 2603/3447/3163 2590/3025/2801
f 2605/2622/2449 2590/3025/2801 701/4667/797
f 4280/5073/4333 3285/3843/3480 608/711/690
f 3779/2884/2672 4280/5073/4333 608/711/690
f 679/792/768 4056/793/769 457/530/509
f 3568/4184/3744 1788/2102/1995 4157/2551/2388
f 1788/2102/1995 991/1175/1137 4157/2551/2388
f 4281/5075/4335 1164/1367/1314 4282/5074/4334
f 1781/2094/1988 1404/1644/1574 2309/2712/2533
f 507/588/567 3489/3544/3243 4277/5071/4331
f 507/588/567 4277/5071/4331 4278/5072/4332
f 831/980/952 2879/3354/3076 2649/3644/3329
f 832/979/951 831/980/952 2649/3644/3329
f 517/600/579 531/617/596 3776/4428/3938
f 3776/4428/3938 531/617/596 2420/2844/2640
f 2896/3370/3092 1478/1730/1651 3780/4432/3941
f 3780/4432/3941 1478/1730/1651 1049/1237/1193
f 1217/1430/1375 278/326/311 1215/1426/1371
f 278/326/311 2229/2624/2452 1215/1426/1371
f 835/985/957 1506/1760/1682 525/610/589
f 835/985/957 525/610/589 836/611/590
f 3909/4597/4056 2191/2577/2411 2193/2575/2409
f 2191/2577/2411 3909/4597/4056 4269/5059/4326
f 3193/642/621 2049/2408/2267 2300/2704/2527
f 2049/2408/2267 2299/2227/2107 2300/2704/2527
f 2041/2393/2253 2133/2510/2349 4088/4794/4181
f 2039/2395/2255 2041/2393/2253 4088/4794/4181
f 315/361/346 1512/1765/1687 1513/1764/1686
f 4283/5076/4336 2092/2453/2307 3467/4059/3652
f 2887/3361/3083 4219/4983/4287 3467/4059/3652
f 1365/1592/1522 1873/5077/2085 2924/3788/3120
f 1584/1847/1768 1873/5077/2085 1365/1592/1522
f 2051/2406/2265 2299/2227/2107 2049/2408/2267
f 1088/1284/1235 2871/3350/3072 1816/2133/2025
f 2015/2373/2235 2871/3350/3072 1088/1284/1235
f 2646/880/856 2647/4605/2857 1584/1847/1768
f 1171/4880/1319 3967/4653/4093 2909/3383/3104
f 1171/4880/1319 1170/5078/1320 3967/4653/4093
f 3371/3945/3559 2497/102/98 2498/4975/4282
f 2498/4975/4282 4284/3947/139 3371/3945/3559
f 4285/5080/4337 3589/4212/3763 1474/5079/1645
f 1473/3756/1644 1474/5079/1645 3589/4212/3763
f 207/238/229 915/1077/1043 1176/1381/1328
f 915/3103/1043 3481/4463/3665 1176/4742/1328
f 2634/3074/2843 3673/4303/3839 411/4304/452
f 3087/3596/3288 3130/3657/3339 3635/4260/3804
f 3635/4260/3804 3088/3595/3287 3087/3596/3288
f 2179/5044/2396 3953/4635/4081 4262/5043/4321
f 2215/2605/2435 2179/2559/2396 2183/2564/2400
f 3285/3843/3480 4280/5073/4333 1486/3618/3308
f 3779/2884/2672 3106/3622/3311 4280/5073/4333
f 433/505/484 3740/4389/3909 3742/4354/3885
f 433/505/484 3344/503/482 3787/4444/3947
f 1093/1290/1240 395/447/428 3342/3909/3529
f 3342/3909/3529 3273/3830/3472 1093/1290/1240
f 4286/5083/4340 4287/5082/4339 4288/5081/4338
f 4287/5082/4339 4286/5083/4340 3829/4492/3983
f 2659/1613/1543 2088/2448/2303 146/2935/2721
f 152/170/162 2088/2448/2303 3770/2446/2301
f 333/384/369 296/343/328 334/383/368
f 284/5084/4341 283/319/304 296/343/328
f 376/435/416 313/363/348 4289/5085/4342
f 4012/2001/1909 3593/2002/1910 1119/1317/1267
f 4355/3475/3189 2133/2510/2349 2437/2865/2655
f 2437/2865/2655 2133/2510/2349 1294/1512/2656
f 4284/145/139 73/152/146 4291/144/138
f 3344/503/482 2134/2512/2351 4078/4772/4170
f 2995/1351/3186 1151/3913/3533 2994/3473/3187
f 3773/4424/3935 4143/1109/1073 4144/4877/4226
f 1840/4099/3679 3495/4100/3680 3496/4101/3681
f 1790/2100/1993 3496/4101/3681 992/1174/1136
f 1840/4099/3679 3496/4101/3681 1790/2100/1993
f 1835/2163/2049 1839/2164/2050 1599/1863/1784
f 1839/2164/2050 1835/2163/2049 1837/2161/2047
f 2053/2411/2270 631/736/713 2054/2410/2269
f 2053/2411/2270 1675/1963/1875 4292/5086/4343
f 65/82/79 40/105/101 41/81/78
f 38/5087/49 40/105/101 65/82/79
f 2097/1800/1722 1541/1802/1724 4293/2301/2172
f 448/521/500 1541/1802/1724 1024/1209/1168
f 1441/36/35 3599/4223/3772 26/38/37
f 776/3142/884 3309/3143/2904 1040/4085/1182
f 2452/2881/2670 174/201/192 1332/1555/1490
f 4270/206/197 174/4502/192 2452/4504/2670
f 3870/1125/1089 1158/1362/1309 3855/4530/4007
f 3855/4530/4007 1158/1362/1309 2255/2654/2481
f 3614/4236/3784 2169/2549/2386 2168/1986/1898
f 2744/3192/2946 2169/2549/2386 3614/4236/3784
f 228/264/251 2361/280/267 3319/270/257
f 2344/2493/2336 2345/2760/2570 855/1002/974
f 2344/2493/2336 3215/3767/3423 2345/2760/2570
f 2752/5090/3384 4294/5089/4345 4295/5088/4344
f 2752/5090/3384 2754/3199/2952 2753/3200/2953
f 1002/1187/1147 1517/1771/1693 1003/1186/1146
f 1516/1772/1694 1003/1186/1146 1517/1771/1693
f 2283/2685/2509 2696/3139/2901 2695/3140/2902
f 2283/2685/2509 2695/3140/2902 3617/4242/3789
f 4296/4922/4251 1163/1363/1310 3734/4383/3903
f 1161/1365/1312 1163/1363/1310 4296/4922/4251
f 793/938/911 807/950/923 794/937/910
f 794/937/910 807/950/923 3532/4120/3698
f 3618/4241/3788 2695/3140/2902 2697/3138/2900
f 2696/3139/2901 1039/1224/1180 2697/3138/2900
f 1668/1953/1865 1667/1954/1866 3806/4462/3962
f 4297/5091/4346 590/691/670 3809/4465/3963
f 108/122/118 2968/2166/2052 106/124/120
f 3496/4101/3681 2968/2166/2052 108/122/118
f 2309/2712/2533 1164/1367/1314 2821/1368/1315
f 3105/3842/3309 1434/1676/1603 2203/2588/2422
f 3464/4055/3648 402/459/440 2665/3101/2869
f 2665/3101/2869 2656/512/491 2664/3100/2868
f 1164/1367/1314 2309/2712/2533 4282/5074/4334
f 284/5084/4341 333/384/369 324/373/358
f 296/343/328 333/384/369 284/5084/4341
f 3935/4620/4072 4298/4677/4110 4196/4950/4267
f 1044/1230/1186 3932/1231/1187 3900/4587/4047
f 1941/1015/987 860/1007/979 3/2742/6
f 446/518/497 1731/2032/1935 441/517/496
f 446/518/497 1936/2286/2158 1731/2032/1935
f 2425/2849/2643 586/686/665 531/617/596
f 880/1032/1002 2425/2849/2643 878/1034/1004
f 3403/3983/3590 4299/5092/4347 3402/3984/3591
f 3402/3984/3591 4299/5092/4347 3393/3970/3582
f 330/382/367 1869/1154/1116 975/1157/1119
f 2429/2854/2646 917/1080/1046 3663/2855/2647
f 3813/4469/3967 3851/4525/4003 4210/4973/4280
f 459/534/513 3813/4469/3967 4210/4973/4280
f 2587/4425/3936 4142/4876/4174 4144/4877/4226
f 1276/1491/1434 415/5093/459 1278/1494/1435
f 1276/4392/1434 416/478/458 415/479/459
f 1728/4642/1931 1727/5094/1932 3960/4643/4088
f 3960/4643/4088 1727/5094/1932 2854/5095/4311
f 3555/4171/3733 1553/1812/1734 3804/1767/1689
f 1612/1883/1801 1613/3665/3346 1973/2330/2195
f 2364/2780/2587 1277/1490/1433 1199/1405/1351
f 1199/1405/1351 1277/1490/1433 1276/1491/1434
f 1672/1955/1867 1668/1953/1865 913/1075/1041
f 1672/1955/1867 913/1075/1041 1670/1957/1869
f 3118/3636/3322 1391/1633/1563 1393/1631/1561
f 3357/3929/3544 3118/3636/3322 1393/1631/1561
f 4110/2517/2356 4109/4817/4197 4268/5054/4325
f 3349/2777/2584 251/293/278 3321/3886/3512
f 3321/3886/3512 251/293/278 640/748/725
f 2678/3120/2885 603/705/684 4316/4350/3880
f 2680/3118/2883 603/705/684 2678/3120/2885
f 2277/668/647 142/164/156 141/165/157
f 2337/2752/2562 1167/1370/1317 1166/1371/1318
f 2882/3358/3080 4066/4764/4166 2337/2752/2562
f 4290/5096/4348 4102/4806/4190 1568/1696/1621
f 1568/1696/1621 4229/1831/1752 4290/5096/4348
f 3311/3874/3505 2337/2752/2562 1443/1685/1611
f 1443/1685/1611 2337/2752/2562 4066/4764/4166
f 17/21/20 1690/1978/1890 1691/1977/1889
f 1741/2046/1947 1690/1978/1890 17/21/20
f 2161/2543/2380 2486/2916/2702 2162/2544/2381
f 1813/2128/2020 2162/2544/2381 2158/2540/2377
f 524/612/591 695/812/788 2486/2916/2702
f 2158/2540/2377 2162/2544/2381 2486/2916/2702
f 760/890/866 3783/4434/3943 762/892/868
f 4215/1163/1125 3783/4434/3943 760/890/866
f 397/454/435 2583/3023/2799 1926/2274/2146
f 2646/880/856 3705/4345/3875 2647/4605/2857
f 2646/880/856 751/881/857 3705/4345/3875
f 2720/2888/2676 1575/1838/1759 2456/2886/2674
f 2456/2886/2674 1575/1838/1759 1574/1839/1760
f 3667/4291/3832 3651/5097/4349 3666/4292/3833
f 3651/5097/4349 3667/4291/3832 3652/4278/3820
f 1888/2217/2097 1889/2220/2100 4257/2221/2101
f 1889/2220/2100 1888/2217/2097 2450/2877/2667
f 1319/1537/1474 1317/3130/1472 3393/3970/3582
f 986/3971/1131 1319/1537/1474 3393/3970/3582
f 2543/2977/2758 2769/5098/1581 1410/1648/1577
f 809/953/926 2785/2/2 3421/3241/2985
f 4075/4768/4167 366/411/393 359/409/391
f 484/5099/542 480/561/540 479/562/541
f 484/563/542 3746/4393/3912 480/5100/540
f 3025/3520/3223 1819/2137/2029 1877/2209/2089
f 3418/4000/3603 1819/2137/2029 1821/2135/2027
f 3225/3772/3428 2111/2479/2327 2112/2477/2326
f 2321/5101/2543 3224/3774/1740 3225/3772/3428
f 1287/1502/1442 4138/4873/4223 3037/3541/3240
f 1287/1502/1442 3037/3541/3240 3039/3542/3241
f 3420/4004/3607 4302/3963/3576 4303/2473/2324
f 1192/955/928 3420/4004/3607 4303/2473/2324
f 4305/5102/4350 4361/4773/4171 4230/4313/3847
f 356/413/395 3258/3502/3207 2474/2901/2689
f 3258/3502/3207 356/413/395 2100/2460/2314
f 2697/3138/2900 1039/1224/1180 3618/4241/3788
f 1039/1224/1180 165/191/182 748/873/849
f 1192/955/928 809/953/926 3420/4004/3607
f 3383/3962/3575 3420/4004/3607 809/953/926
f 4306/3008/2787 1721/2020/1926 978/1160/1122
f 4040/1042/876 3219/4110/3688 3137/3662/3344
f 3219/4110/3688 770/904/879 3137/3662/3344
f 3135/3659/3341 2421/2843/2639 4108/4813/4196
f 2421/2843/2639 3135/3659/3341 2422/2842/2638
f 1721/2020/1926 981/1162/1124 978/1160/1122
f 978/1160/1122 3201/3750/3408 979/1159/1121
f 941/1111/1075 3287/3845/3483 2173/2554/2391
f 557/649/628 2173/2554/2391 558/648/627
f 3502/4106/3686 3137/3662/3344 770/904/879
f 3502/4106/3686 770/904/879 772/902/877
f 1908/2249/2125 1907/2247/2124 2307/2708/2530
f 1907/2247/2124 1127/4438/1279 2307/2708/2530
f 2789/3246/2990 2786/3244/2988 2788/3242/2986
f 2681/3121/2886 3876/4558/4026 1503/1757/1679
f 3877/4559/4027 2678/3120/2885 3876/4558/4026
f 3497/4103/3683 2775/3229/2976 55/70/68
f 3881/4563/4030 3497/4103/3683 55/70/68
f 1457/1704/1624 1458/1702/1627 1455/5103/1626
f 1455/1701/1626 1458/3731/1627 2580/3018/2794
f 425/490/470 2320/2491/2335 1810/2492/2016
f 425/490/470 857/5104/977 123/489/469
f 3183/3723/3391 2347/2763/2573 1450/1695/1620
f 1450/1695/1620 2347/2763/2573 1604/1869/1790
f 486/567/546 2182/2565/2401 1056/1248/1201
f 1056/1248/1201 3979/4666/4103 3980/2707/2529
f 2404/2821/2621 3842/4514/3994 2403/2823/2623
f 2404/2821/2621 1510/1762/1684 3842/4514/3994
f 663/743/720 665/776/752 2352/2770/2577
f 2352/2770/2577 665/776/752 661/774/750
f 1219/1428/1373 1218/1429/1374 1971/1571/1503
f 1972/2329/2194 826/973/945 1971/1571/1503
f 638/746/723 1257/5036/1411 3918/4521/3999
f 1251/1463/1407 3630/4254/3798 3198/3747/3405
f 1251/1463/1407 867/1018/990 3630/4254/3798
f 2924/3788/3120 4308/4161/3724 1363/1594/1524
f 1364/1593/1523 1363/1594/1524 4308/4161/3724
f 2380/2796/2600 1075/1270/1223 4271/1269/1222
f 2380/2796/2600 4271/1269/1222 2378/2798/2602
f 4309/5105/4351 3119/1353/2456 2993/3298/3030
f 2483/5107/2701 1313/5106/1470 2789/3246/2990
f 2790/3245/2989 2483/5107/2701 2789/3246/2990
f 2593/3030/2806 353/406/390 2594/3029/2805
f 4310/5108/4352 4309/5105/4351 2993/3298/3030
f 2844/3314/3045 764/2838/870 2415/2836/2634
f 2844/3314/3045 2898/5025/3095 764/2838/870
f 1514/1768/1690 3156/1766/1688 1513/1764/1686
f 3805/4461/3961 1513/1764/1686 3266/3822/3465
f 712/5109/809 463/5039/517 480/561/540
f 463/538/517 712/833/809 43/51/50
f 4271/1269/1222 1075/1270/1223 1099/1297/1247
f 4172/4921/4250 4271/1269/1222 1099/1297/1247
f 455/526/505 454/527/506 3754/5110/3301
f 4114/4274/3816 3754/3610/3301 454/3159/506
f 2494/2925/2711 3025/3520/3223 3024/3521/3224
f 2494/2925/2711 1819/2137/2029 3025/3520/3223
f 4087/4792/4180 4311/5111/4353 1962/2318/2186
f 1466/1715/1638 1468/1713/1636 4087/4792/4180
f 1016/1199/1158 3458/4050/3643 3465/4058/3651
f 1611/1881/1799 1982/2340/2205 3458/4050/3643
f 1296/855/831 46/58/57 732/854/830
f 1269/1486/1429 46/58/57 1296/855/831
f 3926/4613/4066 1468/1713/1636 1467/1714/1637
f 1466/1715/1638 1067/1258/1211 1467/1714/1637
f 1067/1258/1211 3926/4613/4066 1467/1714/1637
f 1067/1258/1211 1923/2270/2142 3926/4613/4066
f 1429/4443/1598 2436/2863/2654 916/1081/1047
f 4177/4930/4255 1429/1670/1598 916/2426/1047
f 4312/3342/3065 1006/2075/1971 194/2073/1969
f 4312/3342/3065 574/669/648 1006/2075/1971
f 2507/3458/2724 2980/3457/3173 2981/3460/3175
f 2980/3457/3173 307/353/338 2981/3460/3175
f 1567/1830/1751 3903/4591/4050 3904/4592/4051
f 3906/4593/4052 3905/4594/4053 3904/4592/4051
f 1554/1811/1733 3156/1766/1688 3804/1767/1689
f 3906/4593/4052 3903/4591/4050 4313/4553/4021
f 3903/4591/4050 3906/4593/4052 3904/4592/4051
f 3233/3786/3437 3191/3742/3400 2348/2762/2572
f 3231/3781/3434 2349/2765/2575 3233/3786/3437
f 2137/2513/2352 4314/4314/3848 896/514/493
f 1967/2326/2191 1663/1948/1860 3716/4357/3888
f 1663/1948/1860 1662/1949/1861 3716/4357/3888
f 4315/5112/4354 225/262/249 2349/2765/2575
f 3229/3780/3433 225/262/249 3230/3779/3432
f 3399/3980/3587 4129/4850/4211 4194/5113/4355
f 3325/3979/3514 3399/3980/3587 4194/5113/4355
f 2444/2872/2662 2390/2805/2609 250/295/280
f 2444/2872/2662 250/295/280 251/293/278
f 4316/4350/3880 603/705/684 602/706/685
f 266/311/296 4316/4350/3880 578/674/653
f 3602/4225/3774 3319/270/257 3318/3883/3509
f 3318/3883/3509 192/220/211 3602/4225/3774
f 2024/1770/1692 1200/1408/1354 1202/1406/1352
f 146/2935/2721 152/170/162 147/171/163
f 3203/4870/4222 394/448/429 393/449/430
f 3893/4578/4041 938/2502/1070 2434/4580/2651
f 3297/3860/3496 2434/3858/2651 938/1106/1070
f 1487/1738/1661 4088/4794/4181 4089/4799/4183
f 4089/4799/4183 4355/3475/3189 4161/3474/3188
f 780/912/886 233/273/260 813/960/933
f 1446/1688/1614 780/912/886 813/960/933
f 2508/2941/2727 3507/2191/2073 2509/2940/2726
f 2509/2940/2726 3507/2191/2073 1861/2192/2074
f 229/268/255 2509/2940/2726 1861/2192/2074
f 907/1066/1033 2308/2710/2531 908/1069/1035
f 3933/4619/4071 2308/2710/2531 39/49/48
f 755/882/858 754/883/859 2768/3218/2967
f 939/5056/1074 755/882/858 2768/3218/2967
f 2429/2854/2646 2368/2784/2591 2430/2853/2645
f 2368/2784/2591 1389/1629/1559 1649/1929/1842
f 503/587/566 1616/1885/1803 2784/3239/2983
f 2784/3239/2983 1616/1885/1803 3421/3241/2985
f 1229/1438/1382 4317/5114/4356 4318/3148/2906
f 1229/1438/1382 4318/3148/2906 1967/2326/2191
f 4403/1630/1560 1390/1628/1558 4319/5115/4357
f 4403/1630/1560 4319/5115/4357 4320/5116/4358
f 2390/2805/2609 2389/2806/2610 3279/294/279
f 3033/4823/3235 773/907/881 774/905/880
f 774/3626/880 1657/1941/1853 3033/3536/3235
f 594/693/672 593/694/673 595/697/676
f 4321/5117/4359 3253/3808/3454 3252/3809/3455
f 1899/2232/2112 3999/4694/4120 3998/4692/4118
f 2855/5118/4360 996/1180/1142 2854/5095/4311
f 687/801/777 4410/4296/2995 2164/5119/2384
f 3112/5121/3316 2164/5120/2384 3337/3904/3525
f 62/79/76 64/77/74 49/65/64
f 49/65/64 1545/2234/2114 62/79/76
f 2577/2714/2535 2311/2713/2534 2711/5122/2914
f 3036/3539/3238 3035/2553/2390 1096/1294/1244
f 2653/3093/2861 496/576/555 3206/3753/3412
f 2807/3269/3005 2905/3728/3102 3206/5123/3412
f 2905/3381/3102 2902/3380/3101 2653/3093/2861
f 2905/3381/3102 2653/3093/2861 3206/3753/3412
f 1630/1899/1817 2190/2573/2408 1628/1897/1815
f 1630/1899/1817 2189/2571/2407 2190/2573/2408
f 785/1703/894 2709/3154/2912 1458/1702/1627
f 2986/5124/1108 1384/1624/1554 1724/2022/1928
f 1725/2026/1930 2986/1144/1108 1724/2025/1928
f 4323/4455/3956 4324/5125/4361 3798/4456/3957
f 2129/2506/2345 2797/3907/1358 418/2307/460
f 2129/2506/2345 2128/2507/2346 2797/3907/1358
f 1949/2300/2171 448/521/500 447/522/501
f 4326/3493/3198 4406/3498/3203 1948/2302/2173
f 3299/3861/3497 3298/3862/3498 3774/4795/3934
f 2797/3907/1358 1205/5126/1359 418/2307/460
f 3221/3769/3425 1578/1843/1764 3220/3770/3426
f 1578/1843/1764 3221/3769/3425 1964/2321/2187
f 4319/5115/4357 3254/3810/3456 4320/5116/4358
f 4320/5116/4358 3254/3810/3456 4321/5117/4359
f 332/4029/370 354/425/407 324/5127/358
f 3006/2412/2271 449/520/499 1024/1209/1168
f 1024/1209/1168 449/520/499 448/521/500
f 3960/4643/4088 996/1180/1142 957/1135/1099
f 2854/5095/4311 996/1180/1142 3960/4643/4088
f 595/697/676 593/694/673 4320/5116/4358
f 4403/1630/1560 4320/5116/4358 593/694/673
f 4324/5125/4361 4323/4455/3956 4327/3150/2908
f 4327/3150/2908 4323/4455/3956 3249/3802/3451
f 3379/5128/3568 3377/3954/3567 3378/5064/3569
f 3379/5128/3568 1317/1535/1472 3377/3954/3567
f 283/319/304 1320/1540/1475 275/318/303
f 1320/5129/1475 1496/1747/1669 275/1746/303
f 663/743/720 2739/3186/2940 664/777/753
f 1990/2348/2213 1991/2347/2212 698/818/794
f 700/816/792 1990/2348/2213 698/818/794
f 2734/3504/3209 3675/2751/2561 2733/4174/3736
f 4374/3306/3038 1364/1593/1523 2331/2746/2556
f 2332/2745/2555 1362/1591/1521 2333/2744/2554
f 1357/5130/1518 3577/927/900 3576/4193/3750
f 1357/1588/1518 2288/1586/1516 3577/5131/900
f 3426/4009/3611 3758/4410/3923 3760/4408/3921
f 3426/4009/3611 2286/2689/2512 3758/4410/3923
f 1125/1325/1275 1902/2238/2117 1321/1541/1476
f 1124/1326/1276 1902/2238/2117 1125/1325/1275
f 1151/3913/3533 3273/3830/3472 3341/3910/3530
f 3342/3909/3529 3341/3910/3530 3273/3830/3472
f 1317/1535/1472 1318/1247/1200 1315/919/893
f 2581/3021/2797 3075/3580/3273 3407/3989/3595
f 2598/3038/2812 3075/3580/3273 2581/3021/2797
f 3675/2751/2561 2734/3504/3209 3567/790/766
f 2995/1351/3186 1152/3912/3532 1151/3913/3533
f 3203/4870/4222 395/447/428 394/448/429
f 3323/3890/3515 4129/5133/4211 4154/5132/4236
f 3323/3890/3515 4154/5132/4236 3324/3889/363
f 3303/3866/3500 870/1025/995 3846/4522/4000
f 872/1023/993 3846/4522/4000 870/1025/995
f 2909/3383/3104 254/299/284 2908/3384/3105
f 2908/3384/3105 254/299/284 4150/4883/4231
f 745/868/844 3164/3693/3370 954/1130/1094
f 954/1130/1094 743/870/846 745/868/844
f 1660/3737/1857 3190/4939/3396 2560/3736/3398
f 3243/3798/3447 716/834/810 715/835/811
f 4134/4858/4217 3376/3952/3565 4328/2749/2559
f 4328/2749/2559 3376/3952/3565 3526/3953/3566
f 3505/4683/3689 3995/4684/4114 3996/4685/4115
f 3996/4782/4115 3504/313/298 3505/4111/3689
f 2321/2728/2543 2112/2727/2326 1492/1741/1664
f 3596/4220/3769 3597/4219/3768 3993/4343/3873
f 3596/4220/3769 3993/4343/3873 4358/4222/3771
f 1189/1396/1342 3715/1726/1647 1477/1727/1648
f 2852/3322/3052 3715/1726/1647 3714/4356/3887
f 81/96/92 67/85/82 80/98/94
f 2216/2606/2436 80/98/94 67/85/82
f 1696/1985/1897 1142/1344/1294 1144/1342/1292
f 347/402/386 323/372/357 327/374/359
f 322/371/356 323/372/357 347/402/386
f 3262/3816/3462 632/741/718 3444/4036/3632
f 632/741/718 634/739/716 747/871/847
f 2984/3462/3177 2250/2648/2475 2249/2649/2476
f 2732/4534/2934 649/757/733 1763/2076/1972
f 2842/5134/3546 3358/3930/3545 2732/4534/2934
f 3940/2031/1934 4330/1938/1850 3936/4625/4074
f 3779/2884/2672 3107/3621/3310 3106/3622/3311
f 3002/3483/3193 4331/1923/1836 4057/1924/1837
f 2876/3353/3075 2878/5135/4362 724/845/821
f 2878/5135/4362 2876/3353/3075 2810/3275/3011
f 2799/3259/2998 833/978/950 1518/1775/1697
f 2799/3259/2998 3946/982/954 833/978/950
f 3006/2412/2271 4030/4730/4139 2058/2415/2274
f 2058/2415/2274 4030/4730/4139 3043/3546/3245
f 409/468/449 429/5136/476 407/470/451
f 3468/1016/988 859/1008/980 858/1009/981
f 4332/5137/4363 3002/3483/3193 3000/2088/1984
f 4332/5137/4363 4331/1923/1836 3002/3483/3193
f 1810/2122/2016 3623/4247/3792 857/4245/977
f 4261/5037/4320 1689/1976/1888 3767/4417/3929
f 4333/5138/4364 1691/1977/1889 1549/1806/1728
f 926/1089/1055 1436/1681/1607 3123/3643/3328
f 3600/4224/3773 1436/1681/1607 926/1089/1055
f 3887/4793/3992 351/405/389 354/3217/407
f 3123/3643/3328 3124/3645/3330 924/1091/1057
f 924/1091/1057 926/1089/1055 3123/3643/3328
f 1725/2026/1930 966/1143/1107 2986/1144/1108
f 3025/3520/3223 1877/2209/2089 2491/2923/2709
f 1877/2209/2089 2492/2922/2708 2491/2923/2709
f 3327/3442/3158 3810/4467/3965 2635/3078/2847
f 3810/4467/3965 2880/3355/3077 2635/3078/2847
f 4116/4829/4201 260/4832/4033 4117/914/888
f 3537/4151/3715 3538/4154/3718 2847/3316/3047
f 3537/4151/3715 3539/22/21 3538/4154/3718
f 4330/1938/1850 3177/5139/3387 3937/1253/1206
f 3177/5139/3387 4330/1938/1850 3102/3613/3303
f 3506/4112/3690 3365/3941/3555 1590/1856/1777
f 1590/1856/1777 3365/3941/3555 1591/1855/1776
f 796/939/912 422/487/467 1244/1455/1399
f 796/939/912 2468/940/913 3066/3572/3265
f 4158/4785/4176 1869/1154/1116 973/1155/1117
f 3758/4410/3923 3761/4411/3924 3759/4409/3922
f 2262/2661/2488 2459/4654/4094 2458/5140/4365
f 2263/2664/2491 1794/2399/2259 3269/2703/2526
f 3283/3841/3481 879/1033/1003 971/1148/1112
f 3283/3841/3481 2011/2366/2228 879/1033/1003
f 1081/5141/1228 4167/936/909 4206/3114/2879
f 4167/936/909 1081/5141/1228 4166/4913/4244
f 4316/4350/3880 266/311/296 1504/1756/1678
f 1504/1756/1678 266/311/296 1505/1755/1677
f 887/615/594 3858/4533/4010 3859/4531/4008
f 679/792/768 2505/2937/2723 451/524/503
f 457/530/509 3389/3968/3580 679/792/768
f 3611/4233/3781 3790/4448/3951 500/584/563
f 500/584/563 3790/4448/3951 3789/4446/3949
f 795/941/914 1244/1455/1399 4125/4845/4208
f 3978/4028/3624 795/941/914 4125/4845/4208
f 2492/2922/2708 1877/2209/2089 2522/2954/2739
f 2522/2954/2739 969/1150/1114 2492/2922/2708
f 3875/4557/4025 4275/4556/4024 3141/20/19
f 3875/4557/4025 3141/20/19 17/21/20
f 1344/1572/1504 1380/1618/1548 4334/5142/4366
f 4334/5142/4366 828/977/949 2802/3265/3001
f 2492/2922/2708 969/1150/1114 4005/4697/4123
f 4168/4915/4246 4005/4697/4123 969/1150/1114
f 1063/1256/1209 4020/5143/3945 1064/1255/1208
f 4020/4437/3945 1907/2247/2124 1064/2248/1208
f 3389/3968/3580 2505/2937/2723 679/792/768
f 3944/2936/2722 452/523/502 2505/2937/2723
f 553/1041/623 1710/2008/1916 3557/5144/4367
f 3557/5144/4367 1710/2008/1916 3558/3768/3424
f 2889/3365/3087 2693/3136/2898 2888/3363/3085
f 2693/3136/2898 1520/1777/1699 4335/28/27
f 4225/4311/3844 4226/4994/4295 688/804/780
f 864/1011/983 2326/2734/2548 688/804/780
f 2943/3856/3494 4001/3857/3495 4002/4695/4121
f 4002/4695/4121 2940/1826/1747 2943/3856/3494
f 239/279/266 3507/2191/2073 3508/278/265
f 4336/5145/4368 476/556/535 478/554/533
f 4336/5145/4368 4182/4938/4260 1667/1954/1866
f 3424/4006/3609 3462/4053/3646 3463/4054/3647
f 508/1219/572 3246/3800/3449 1033/1218/1175
f 2926/3405/3124 3246/3800/3449 2927/3404/3123
f 1355/1584/1514 3278/3836/3476 2085/2445/2300
f 3638/4263/3807 1355/1584/1514 2085/2445/2300
f 1081/1276/1228 1080/1277/1229 2919/5146/4245
f 4166/5147/4244 1081/1276/1228 2919/5146/4245
f 2460/2891/2679 2175/2557/2394 2174/667/646
f 1454/1698/1623 2175/2557/2394 2460/2891/2679
f 1380/1618/1548 828/977/949 4334/5142/4366
f 1380/1618/1548 829/976/948 828/977/949
f 2878/5135/4362 1306/5149/3862 2877/5148/3863
f 1033/1218/1175 3246/3800/3449 2929/3406/3125
f 2929/3406/3125 1078/1274/1226 1033/1218/1175
f 864/1011/983 4226/4994/4295 2719/3169/2923
f 4226/4994/4295 864/1011/983 688/804/780
f 2365/2783/2590 2367/2781/2588 3665/4290/3831
f 3665/4290/3831 4411/4087/3673 2365/2783/2590
f 25/35/34 26/38/37 1546/2235/2115
f 440/509/488 3331/3900/3522 3028/3528/3230
f 2916/3396/3116 2971/3449/3165 1469/1717/1640
f 2916/3396/3116 1469/1717/1640 2917/3395/3115
f 1070/1261/1214 1958/2313/2181 1068/1263/1216
f 564/654/633 1068/1263/1216 1958/2313/2181
f 3546/3654/3336 1306/5149/3862 2810/3275/3011
f 1306/5149/3862 2878/5135/4362 2810/3275/3011
f 628/735/712 3100/3612/3302 3753/4402/3917
f 854/1004/976 628/735/712 4038/733/710
f 1492/1741/1664 3100/3612/3302 854/1004/976
f 3100/3612/3302 628/735/712 854/1004/976
f 3966/2720/2539 599/703/682 2680/3118/2883
f 2029/3966/3579 1635/1906/1823 3624/4249/3794
f 2029/3966/3579 2792/3248/2992 1635/1906/1823
f 2265/2662/2489 2264/2663/2490 3512/4118/3696
f 4338/5150/4369 3802/4459/3960 1793/2106/1999
f 33/557/536 568/660/639 3235/559/538
f 3929/4615/4068 568/660/639 33/557/536
f 736/860/836 881/5151/1008 883/4239/1006
f 881/5151/1008 736/860/836 1337/1559/1494
f 736/860/836 3616/4238/3786 501/583/562
f 3616/4238/3786 3891/4476/3970 501/583/562
f 2659/1613/1543 3835/1616/1546 1369/1599/1529
f 3636/4261/3805 3894/4581/4042 2706/3153/2911
f 1339/1562/1497 2706/3153/2911 236/276/263
f 1026/1207/1166 654/764/740 2055/2414/2273
f 653/765/741 2055/2414/2273 654/764/740
f 902/1061/1028 1522/1779/1701 2888/3363/3085
f 902/1061/1028 1225/1435/1380 1522/1779/1701
f 99/117/113 100/1117/1081 103/119/115
f 100/1117/1081 947/1118/1082 103/119/115
f 1962/2318/2186 1050/1236/1192 2539/2974/2755
f 1479/1729/1650 1050/1236/1192 1049/1237/1193
f 1290/1568/1445 1343/1566/890 3885/4571/4035
f 2591/1569/1501 3885/4571/4035 259/4570/4034
f 1381/1619/1549 3799/4457/3958 743/870/846
f 3801/4458/3959 743/870/846 3799/4457/3958
f 848/998/970 3896/4582/4043 1400/1636/1566
f 2291/2695/2518 3585/2013/1920 1716/2014/1921
f 3586/4205/3758 3585/2013/1920 2291/2695/2518
f 3686/4323/3854 1986/2345/2210 1235/1447/1391
f 2465/2895/2683 1509/1763/1685 1084/1282/1233
f 1084/1282/1233 1509/1763/1685 1085/1281/1232
f 1153/1352/1302 1383/1620/1550 4019/4716/4133
f 4234/5003/4301 1383/1620/1550 1153/1352/1302
f 812/958/931 1680/1967/1879 3485/4079/3667
f 722/844/820 22/37/36 812/958/931
f 2600/3039/2813 2598/3038/2812 1986/2345/2210
f 2600/3039/2813 1986/2345/2210 3686/4323/3854
f 68/84/81 3371/3945/3559 69/83/80
f 1852/2175/2061 3643/4269/3812 1566/1827/1748
f 3643/4269/3812 1852/2175/2061 1854/2179/2065
f 155/176/168 3915/155/149 4173/516/495
f 3915/155/149 155/176/168 131/4032/3627
f 1804/2115/2008 942/1115/1079 944/1113/1077
f 1804/3089/2008 2865/5153/3062 942/5152/1079
f 3171/3795/3445 3170/3796/3380 3410/3993/3381
f 4374/3306/3038 3678/4309/3842 1364/1593/1523
f 1364/1593/1523 3678/4309/3842 2646/880/856
f 3000/2088/1984 3001/3484/3194 1744/2048/1949
f 543/633/612 545/631/610 2290/5005/2519
f 543/633/612 2290/5005/2519 2293/4986/2520
f 874/1026/996 1019/243/233 1017/1200/1159
f 1019/243/233 874/1026/996 194/2073/1969
f 290/332/317 289/333/318 974/1158/1120
f 2221/4814/2443 3413/4815/3600 2223/2616/2446
f 2222/2617/2442 2221/4814/2443 2223/2616/2446
f 4339/5154/4370 884/1039/1009 2069/1040/1010
f 885/1043/1011 426/1044/474 2069/1040/1010
f 2824/4830/3024 1729/2030/1933 993/1179/1141
f 2854/5019/4311 993/1179/1141 995/1177/1139
f 3218/4864/4220 2377/2666/2493 2268/542/521
f 2377/2666/2493 2267/2667/2494 2268/542/521
f 3431/4018/3616 4235/4019/3617 3647/4273/3815
f 540/626/605 539/627/606 462/536/515
f 539/627/606 2977/3455/3171 2975/3452/3168
f 428/492/472 553/644/623 884/5155/1009
f 4339/5154/4370 428/5156/472 884/1039/1009
f 1025/1208/1167 1542/1801/1723 2717/3302/3034
f 1542/1801/1723 2832/3301/3033 2717/3302/3034
f 4084/3423/3140 4242/3376/3098 90/110/106
f 2443/2871/2661 2442/2870/2660 3825/4487/3978
f 150/174/166 2443/2871/2661 3825/4487/3978
f 2223/2616/2446 2901/2376/1538 2224/2615/2445
f 2794/3258/2997 1057/1251/1204 3055/3560/3256
f 3055/3560/3256 1057/1251/1204 727/849/825
f 2686/5157/2891 2729/3178/2932 2728/3179/2933
f 2686/3127/2891 2731/3181/2935 2685/3126/2889
f 2760/3206/2959 1929/2280/2152 758/887/863
f 2760/3206/2959 1976/2332/2197 1929/2280/2152
f 269/314/299 270/312/297 3973/4659/4098
f 269/5158/299 3972/4658/4097 3995/4709/4114
f 990/1176/1138 3071/3576/3269 3069/3575/3268
f 2183/2564/2400 2179/2559/2396 4262/5159/4321
f 2184/2563/2399 2183/2564/2400 4262/5159/4321
f 259/4570/4034 3885/4571/4035 1343/1566/890
f 259/4831/4034 1343/916/890 4117/914/888
f 3574/4192/3749 1965/5160/2189 1910/2255/2131
f 1965/4935/2189 849/997/969 1399/1637/1567
f 679/792/768 451/524/503 2716/3165/2921
f 451/524/503 4340/2212/2092 2969/3303/3035
f 3416/3999/2302 548/1151/613 4039/4738/4146
f 4048/4751/4154 4039/4738/4146 548/1151/613
f 1016/1199/1158 148/169/161 1526/1784/1706
f 1013/1677/1157 1015/5161/1155 1435/1678/1604
f 3591/4216/3765 2988/3467/3181 2800/3260/2999
f 2496/2928/2714 3591/4216/3765 2800/3260/2999
f 850/996/968 2078/925/898 3954/2466/2318
f 4341/5162/4371 2078/925/898 850/996/968
f 3679/4310/3843 4223/4989/4291 2744/3192/2946
f 2169/2549/2386 2744/3192/2946 4223/4989/4291
f 2053/2411/2270 1171/1372/1319 1675/1963/1875
f 1675/3586/1875 1171/4880/1319 1756/2067/1964
f 366/411/393 2631/3264/2841 358/410/392
f 366/5163/393 367/5016/4309 2631/3072/2841
f 2947/3425/3142 4084/3423/3140 882/1037/1007
f 738/861/837 2947/3425/3142 882/1037/1007
f 2506/2334/2199 1978/2335/2200 4342/3938/3552
f 1978/2335/2200 2167/2548/2385 4342/3938/3552
f 845/995/967 3706/4346/3876 4408/2539/2376
f 847/993/965 3706/4346/3876 845/995/967
f 3995/4709/4114 3972/4658/4097 4343/302/287
f 4343/302/287 2967/3446/3162 3995/4709/4114
f 2648/4509/3991 4344/5164/4372 925/1090/1056
f 2649/3644/3329 2879/3354/3076 4344/5164/4372
f 3575/5167/3748 786/5166/897 3574/5165/3749
f 2078/925/898 4341/5162/4371 786/924/897
f 2969/3303/3035 4340/2212/2092 2970/5168/4373
f 4345/5169/4374 4340/2212/2092 554/647/626
f 4292/5086/4343 1675/1963/1875 1272/1376/1323
f 3509/4115/3693 132/154/148 3915/155/149
f 4230/4313/3847 2702/3149/2907 1664/1947/1859
f 355/2003/1911 2584/2282/2154 4346/5170/4375
f 4347/5172/4376 3574/5171/3749 786/924/897
f 2372/2789/2596 482/2790/544 479/1358/541
f 482/5173/544 484/5099/542 479/562/541
f 103/119/115 947/1118/1082 1892/2226/2106
f 339/394/379 1740/2044/1945 3227/3776/3430
f 1740/2044/1945 339/394/379 4140/4875/4225
f 3046/1835/1756 966/1143/1107 1725/2026/1930
f 3046/1835/1756 1725/2026/1930 1571/1834/1755
f 3744/4391/3911 988/1173/1135 2328/2739/2550
f 2328/2739/2550 3495/4100/3680 3744/4391/3911
f 1103/1303/1253 1463/1708/1631 1104/1302/1252
f 2555/2992/2772 4107/4812/4195 4108/4813/4196
f 1929/2280/2152 756/886/862 758/887/863
f 758/887/863 756/886/862 757/888/864
f 2263/2664/2491 2724/3173/2927 2262/2661/2488
f 2263/2664/2491 2262/2661/2488 2458/5140/4365
f 3191/3742/3400 3192/3741/3399 1604/1869/1790
f 488/570/549 1604/1869/1790 3192/3741/3399
f 3404/5176/3592 3403/5175/3590 2851/5174/3051
f 1746/2051/1951 987/2052/1130 3404/3985/3592
f 3797/571/550 2044/2397/2257 3913/4602/4059
f 4108/4813/4196 4107/4812/4195 1103/1303/1253
f 1103/1303/1253 2419/2841/2637 4108/4813/4196
f 225/262/249 227/260/247 2350/2764/2574
f 2350/2764/2574 227/260/247 3193/642/621
f 4299/5092/4347 3403/3983/3590 987/5177/1130
f 987/5178/1130 3403/5175/3590 3404/5176/3592
f 56/69/55 58/73/70 57/71/69
f 3586/4436/3758 57/5179/69 58/3402/70
f 2638/3079/2848 2018/2375/2237 3828/4489/3980
f 4212/4974/4281 3828/4489/3980 3168/3697/3374
f 912/1076/1042 1670/1957/1869 913/1075/1041
f 2735/3182/2936 1670/1957/1869 2666/3102/2870
f 4015/4713/4131 2861/3330/3057 405/462/443
f 2861/3330/3057 4015/4713/4131 1714/2010/1918
f 3717/3624/3313 2756/3203/2956 2757/3202/2955
f 3082/3590/3282 3912/5180/4058 4349/1191/176
f 346/398/382 345/399/383 3856/1128/1092
f 346/398/382 3856/1128/1092 1603/1868/1789
f 2167/2548/2385 2073/2433/2288 4092/5181/4377
f 2202/2586/2420 1916/2261/2135 3419/4001/3604
f 2202/2586/2420 520/603/582 1916/2261/2135
f 4356/532/511 1625/1894/1812 624/728/705
f 1895/2228/2108 1894/1646/1576 751/881/857
f 2944/3421/3138 1806/2118/2011 2945/3420/3137
f 1806/2118/2011 594/693/672 2945/3420/3137
f 900/1059/1026 1325/1543/1478 288/334/319
f 1324/1544/1479 288/334/319 1325/1543/1478
f 481/560/539 480/561/540 463/5039/517
f 481/560/539 463/5039/517 4202/5040/4272
f 4348/1959/1871 3718/4362/3891 3717/3624/3313
f 3718/4362/3891 4348/1959/1871 3114/3633/3320
f 2817/3282/3018 4224/4993/4294 584/684/663
f 4350/1385/1332 3133/3658/3340 4351/5182/4378
f 3943/4629/4078 692/810/786 3945/808/784
f 879/1033/1003 2010/2367/2229 880/1032/1002
f 2010/2367/2229 2555/2992/2772 880/1032/1002
f 2824/4830/3024 4117/914/888 1729/2030/1933
f 1558/5183/1739 637/747/724 3793/4450/3952
f 638/746/723 637/747/724 1558/5183/1739
f 431/499/478 405/462/443 3683/4319/3851
f 431/3333/478 3683/5184/3851 1052/1243/1197
f 4352/5186/4379 2520/2952/2737 4353/5185/1464
f 1275/1487/1430 1274/1488/1431 4354/3196/2950
f 165/191/182 2155/2537/2374 2157/2535/2372
f 165/191/182 2157/2535/2372 166/190/181
f 1287/1502/1442 3559/4168/3731 4138/4873/4223
f 149/173/165 2195/2580/2414 2084/172/164
f 2562/2999/2778 2084/172/164 1642/1912/1828
f 2521/2953/2738 1273/1489/1432 3852/5187/4004
f 1274/1488/1431 1273/1489/1432 2521/2953/2738
f 2208/2594/2427 4068/2140/2032 1823/2138/2030
f 2208/2594/2427 1823/2138/2030 3474/4067/3657
f 2523/2955/2740 2639/3080/2849 3873/4554/4022
f 1371/1603/1533 3826/4488/3979 4189/1547/1482
f 1371/1603/1533 547/1153/614 1372/1602/1532
f 1580/1841/1762 3060/3705/3260 44/55/54
f 1580/1841/1762 44/55/54 56/56/55
f 817/961/934 2337/2752/2562 3311/3874/3505
f 3311/3874/3505 1447/1687/1613 817/961/934
f 2639/3080/2849 547/1153/614 3873/4554/4022
f 2009/1710/1633 1463/1708/1631 4107/4812/4195
f 1103/1303/1253 4107/4812/4195 1463/1708/1631
f 1482/1731/1652 1481/1732/1653 3526/3953/3566
f 1361/1589/1519 1360/186/177 160/187/178
f 584/684/663 4224/4993/4294 4350/1385/1332
f 3480/4073/3663 1224/1436/1381 2487/2917/2703
f 904/1065/1032 1224/1436/1381 3480/4073/3663
f 159/188/179 1360/186/177 3927/638/617
f 566/657/636 532/622/601 2382/2801/2605
f 532/622/601 4168/4915/4246 2382/2801/2605
f 3867/4546/4016 911/1073/1039 1687/1974/1886
f 728/853/829 2959/3439/3155 1494/1743/1666
f 702/820/796 1484/4766/3541 3543/4157/3720
f 3547/4160/3723 3543/4157/3720 1726/1735/1656
f 4044/4748/4151 960/1138/1102 959/1139/1103
f 1360/186/177 1359/1590/1520 3017/3510/3214
f 4089/4799/4183 4090/223/214 196/221/212
f 2076/4633/2291 3950/2890/2678 2077/3233/2290
f 4089/4799/4183 4088/4794/4181 4355/3475/3189
f 4088/4794/4181 2133/2510/2349 4355/3475/3189
f 4356/532/511 2707/1896/1814 1625/1894/1812
f 4350/1385/1332 2630/3070/2839 584/684/663
f 1334/1557/1492 1214/1427/1372 563/655/634
f 1214/1427/1372 1216/1425/1370 1069/1262/1215
f 2728/3179/2933 2731/5188/2935 2686/5157/2891
f 2728/5189/2933 2732/3180/2934 2731/3181/2935
f 2233/2630/2458 589/687/666 1671/1956/1868
f 1671/1956/1868 589/687/666 1994/2353/2217
f 1449/5190/1616 2005/689/668 2007/2363/2226
f 1539/1796/1718 3493/4093/3677 2219/4091/2440
f 1539/1796/1718 4246/5020/4312 3493/4093/3677
f 1833/2160/2046 3607/4229/3777 3471/2570/2406
f 3607/4228/3777 1833/3327/2046 2856/3325/3054
f 1361/1589/1519 3527/2251/2127 1359/1590/1520
f 4357/1129/1093 3163/3691/3368 1093/1290/1240
f 3471/2570/2406 1112/1313/1263 3470/4061/3654
f 2258/2656/2483 2722/3171/2925 1159/1361/1308
f 1158/1362/1309 2258/2656/2483 1159/1361/1308
f 2746/3190/2944 2743/3187/2941 2742/3188/2942
f 489/569/548 3269/2703/2526 1794/2399/2259
f 82/101/97 4313/5191/4021 83/100/96
f 82/5192/97 70/88/85 4313/4553/4021
f 3166/3695/3372 130/149/143 3167/3694/3371
f 614/721/698 3167/3694/3371 2545/2982/2762
f 1309/1528/1465 53/67/66 724/845/821
f 52/68/67 724/845/821 53/67/66
f 1275/1487/1430 4354/3196/2950 320/369/354
f 1275/1487/1430 320/369/354 2813/3279/3015
f 1328/1553/1488 1375/2125/1540 682/800/776
f 1328/2677/1488 4029/1612/1542 1375/1610/1540
f 4045/4747/4150 2743/3187/2941 2745/3191/2945
f 2743/3187/2941 4045/4747/4150 3140/3667/3348
f 2448/2874/2664 3368/3942/3556 2446/2876/2666
f 3013/3503/3208 2733/4174/3736 3674/4305/3840
f 3674/4305/3840 2733/4174/3736 3675/2751/2561
f 3883/4565/4031 3293/3852/3490 582/678/657
f 3883/4565/4031 4103/4807/4191 3293/3852/3490
f 1657/1941/1853 3588/4209/3761 1704/1940/1852
f 3588/4209/3761 1657/1941/1853 252/3627/3314
f 2038/2392/2252 1586/5193/1773 2899/3375/3097
f 2899/3490/3097 1586/1852/1773 3005/3492/3197
f 1650/1931/1844 1275/1487/1430 1651/1930/1843
f 1275/1487/1430 2815/3280/3016 1651/1930/1843
f 759/891/867 761/889/865 3293/3852/3490
f 4106/4810/4194 759/891/867 3293/3852/3490
f 1306/4331/3862 3546/4159/3336 1305/1511/3722
f 2202/2586/2420 1918/2264/2138 27/41/40
f 27/41/40 520/603/582 2202/2586/2420
f 3468/1016/988 3470/4061/3654 1112/1313/1263
f 4358/4222/3771 617/724/701 1749/2058/1956
f 728/853/829 911/1073/1039 3867/4546/4016
f 1374/2378/1536 2904/5194/3099 2903/3729/3100
f 3434/1607/1537 2904/3378/3099 1374/1606/1536
f 1280/2449/1437 1526/1784/1706 148/169/161
f 3770/2446/2301 1280/2449/1437 148/169/161
f 2023/2379/2239 3684/4321/3852 3649/4276/3818
f 3684/4321/3852 4256/4339/3869 3649/4276/3818
f 3517/4126/3702 1827/2148/2036 221/2149/241
f 3517/4126/3702 2060/2418/2277 1827/2148/2036
f 624/728/705 1621/1893/1811 1924/2273/2145
f 1625/1894/1812 1621/1893/1811 624/728/705
f 676/787/763 220/255/242 3938/4626/4075
f 2138/2516/2355 4171/4920/4249 156/181/172
f 3097/3607/3298 177/202/193 156/181/172
f 616/719/696 3166/3695/3372 3165/3696/3373
f 616/719/696 3165/3696/3373 614/721/698
f 3542/3111/2876 1139/1340/1290 4360/5195/4380
f 3860/3109/1096 1763/2076/1972 648/758/734
f 3860/1132/1096 955/1133/1097 1140/1339/1289
f 1084/1282/1233 1083/1283/1234 1812/2129/2021
f 1689/1976/1888 3879/4560/4028 2628/1975/1887
f 3879/4560/4028 1550/1810/1732 2628/1975/1887
f 2209/4631/2430 1679/1965/1877 722/844/820
f 1679/1965/1877 2480/2909/2695 722/844/820
f 531/617/596 587/685/664 2420/2844/2640
f 2420/2844/2640 587/685/664 2421/2843/2639
f 2052/2409/2268 1171/1372/1319 2053/2411/2270
f 3310/4947/4266 2052/2409/2268 2053/2411/2270
f 3815/4473/3969 283/319/304 274/320/305
f 3815/4473/3969 274/320/305 3504/4471/298
f 1533/1790/1712 2893/3367/3089 1531/1792/1714
f 2139/2515/2354 2138/2516/2355 1531/1792/1714
f 1848/2173/2059 3688/4325/3856 3693/4330/3861
f 2748/4472/2947 3815/4473/3969 4082/4784/4175
f 4082/5196/4175 3996/4685/4115 2748/4686/2947
f 3615/4237/3785 1122/1322/1272 2439/2868/2658
f 2169/2549/2386 3615/4237/3785 2439/2868/2658
f 2893/3367/3089 2139/2515/2354 1531/1792/1714
f 2893/3367/3089 4126/4847/4209 2139/2515/2354
f 3355/2252/2128 3959/3512/3216 3527/2251/2127
f 4007/4701/4124 4313/4553/4021 3903/4591/4050
f 4361/4773/4171 4222/4988/4290 4362/5197/4381
f 451/524/503 2969/3303/3035 2716/3165/2921
f 2716/3165/2921 2969/3303/3035 678/794/770
f 1137/1337/1287 3610/4232/3780 1138/1336/1286
f 1137/1337/1287 2081/2440/2295 2080/2441/2296
f 1333/1554/1489 1332/1555/1490 2381/2799/2603
f 1333/1554/1489 2381/2799/2603 1883/2214/2094
f 4143/1109/1073 3774/4423/3934 2473/1107/1071
f 3774/4795/3934 3298/3862/3498 2473/5198/1071
f 2069/1040/1010 3557/5144/4367 3558/3768/3424
f 553/1041/623 3557/5144/4367 2069/1040/1010
f 4363/5199/4382 2271/2671/2497 2196/874/850
f 3658/4285/3826 3659/26/25 2867/3343/3066
f 3537/4151/3715 3658/4285/3826 2867/3343/3066
f 921/3898/1051 1857/2185/2067 3332/3899/3521
f 3331/3900/3522 3332/3899/3521 1857/2185/2067
f 2418/1301/1251 3142/3668/3349 3133/3658/3340
f 3540/4153/3717 3142/3668/3349 4250/5023/4314
f 781/915/889 1343/916/890 1289/5200/1446
f 3196/3744/3402 781/915/889 4364/1935/1847
f 1477/1727/1648 1190/1395/1341 1189/1396/1342
f 1140/1339/1289 2582/3022/2798 4228/4997/4297
f 4228/4997/4297 2582/3022/2798 4001/3857/3495
f 2769/5098/1581 2543/2977/2758 3343/5201/3534
f 3343/3917/3534 1928/2276/2148 2769/1652/1581
f 1745/2047/1948 4365/4353/3884 1690/1978/1890
f 4365/4353/3884 1745/2047/1948 3001/3484/3194
f 4366/1595/1525 1989/2346/2211 1366/1596/1526
f 1322/1542/1477 1366/1596/1526 285/331/316
f 3477/4072/3662 435/507/486 2550/4646/2766
f 3478/4562/1063 3477/4072/3662 2550/4646/2766
f 4222/4988/4290 4361/4773/4171 2301/1483/1426
f 3300/4637/4083 4222/4988/4290 2301/1483/1426
f 2845/2735/2549 2846/3315/3046 1354/1585/1515
f 1354/1585/1515 2327/2737/2551 2845/2735/2549
f 1686/1971/1883 726/850/826 513/598/577
f 4197/599/578 1686/1971/1883 513/598/577
f 1841/2167/2053 2327/2738/2551 2987/3466/3180
f 2518/2949/2734 1516/1772/1694 2026/2382/2242
f 1516/1772/1694 3045/3517/3220 2026/2382/2242
f 4329/5202/4383 3527/2251/2127 1361/1589/1519
f 3292/3851/3489 761/889/865 2266/2665/2492
f 761/889/865 3292/3851/3489 299/347/332
f 2959/3439/3155 3867/4546/4016 719/837/813
f 728/853/829 3867/4546/4016 2959/3439/3155
f 3648/4275/3817 2249/2649/2476 3431/4018/3616
f 2847/3316/3047 4250/5023/4314 2418/1301/1251
f 2418/1301/1251 4250/5023/4314 3142/3668/3349
f 3757/5203/3920 1490/4405/1662 3753/4402/3917
f 3129/3655/3337 4156/3656/3338 1109/1309/1259
f 1109/1309/1259 3703/1310/1260 3129/3655/3337
f 3528/4143/3711 541/630/609 469/547/526
f 541/4122/609 3528/4145/3711 3529/4146/1770
f 716/834/810 3243/3798/3447 3190/4939/3396
f 2626/3065/2837 716/3066/810 3190/5204/3396
f 2079/2438/2293 1110/1308/1258 1237/1451/1395
f 3955/4636/4082 1237/1451/1395 1239/1449/1393
f 222/259/246 224/257/244 1880/2211/2091
f 802/949/922 222/259/246 1880/2211/2091
f 1144/1342/1292 1698/1987/1899 1696/1985/1897
f 285/331/316 1366/1596/1526 1989/2346/2211
f 285/331/316 1989/2346/2211 3613/4235/3783
f 4305/5102/4350 2302/3299/3031 4361/4773/4171
f 2301/1483/1426 4361/4773/4171 2302/3299/3031
f 2177/2558/2395 985/1170/1132 1746/5205/1951
f 2177/2558/2395 1746/5205/1951 2178/2561/2397
f 1495/1745/1668 816/962/935 1123/1323/1273
f 2323/2117/2010 3672/4300/3838 1805/2116/2009
f 2412/2831/2630 2323/2117/2010 1805/2116/2009
f 3834/4494/3985 788/926/899 2289/2693/2516
f 787/928/901 788/926/899 3834/4494/3985
f 1167/1370/1317 2337/2752/2562 816/962/935
f 3456/4049/3642 816/962/935 1495/1745/1668
f 1991/2347/2212 4366/1595/1525 698/818/794
f 4090/223/214 4161/3474/3188 3997/4690/4116
f 3997/5206/4116 2131/225/216 197/226/217
f 2230/2625/2453 3292/3851/3489 2266/2665/2492
f 762/892/868 2230/2625/2453 2266/2665/2492
f 2966/3445/3161 2500/2932/2718 3440/4033/3629
f 2500/2932/2718 4278/5072/4332 2501/2931/2717
f 3393/3970/3582 4299/5092/4347 986/3971/1131
f 987/5177/1130 986/3971/1131 4299/5092/4347
f 399/458/439 2316/2718/2537 1199/1405/1351
f 2316/2718/2537 399/458/439 389/456/437
f 2033/2386/2246 528/4765/595 482/5207/544
f 2687/3129/2892 3090/3598/3290 2238/2638/2465
f 3090/3598/3290 2687/3129/2892 2809/3271/3007
f 1190/1395/1341 1477/1727/1648 2612/3051/2823
f 252/3627/3314 244/286/273 4014/4711/4130
f 1658/3625/1855 244/286/273 252/3627/3314
f 267/310/295 3525/4141/3710 2558/2997/2776
f 2558/2997/2776 1875/2206/2086 267/310/295
f 4367/5208/4384 2664/3100/2868 2658/3096/2864
f 3448/4041/3636 4367/5208/4384 2658/3096/2864
f 1909/2250/2126 4329/5202/4383 3526/3953/3566
f 2386/2804/2608 383/439/420 1629/4644/1818
f 384/438/419 383/439/420 2386/2804/2608
f 2288/1586/1516 4121/2691/2514 4024/4840/4136
f 3577/5131/900 2288/1586/1516 4024/4840/4136
f 1350/5209/1509 672/2504/762 3893/4578/4041
f 938/2502/1070 3893/4578/4041 672/2504/762
f 1694/1982/1894 4368/1983/1895 2247/2645/2472
f 2245/2647/2474 2247/2645/2472 4368/1983/1895
f 3162/3692/3369 345/399/383 1295/5210/4385
f 345/399/383 3164/3693/3370 745/868/844
f 3419/4001/3604 1970/2328/2193 1919/2263/2137
f 1970/2328/2193 1377/1615/1545 1919/2263/2137
f 1350/5209/1509 3893/4578/4041 3016/4579/3213
f 1560/3773/1741 2111/2479/2327 3225/3772/3428
f 2216/2606/2436 67/85/82 50/64/63
f 49/65/64 64/77/74 50/64/63
f 666/780/756 3956/4639/4085 1194/1401/1347
f 666/780/756 1194/1401/1347 667/779/755
f 3436/4027/3623 1240/1454/1398 1847/2174/2060
f 4011/4706/4126 546/4704/615 4035/5211/4143
f 4035/4734/4143 3942/4628/4077 4026/4728/4137
f 1881/2213/2093 2970/5168/4373 554/647/626
f 554/647/626 1023/1205/1164 1881/2213/2093
f 1560/1819/1741 4093/4800/4184 1627/875/851
f 2648/4509/3991 3124/3645/3330 2649/3644/3329
f 924/1091/1057 3124/3645/3330 2648/4509/3991
f 239/279/266 3922/885/861 1862/2194/2076
f 875/1029/999 1862/2194/2076 3922/885/861
f 4161/4688/3188 2131/225/216 3997/5206/4116
f 3160/3689/3366 711/831/807 15/17/16
f 15/17/16 16/1121/1085 3160/3689/3366
f 554/647/626 2970/5168/4373 4345/5169/4374
f 4345/5169/4374 2970/5168/4373 4340/2212/2092
f 3148/3674/3355 1971/1571/1503 4369/5212/4386
f 1844/2169/2055 1346/1574/1506 4369/5212/4386
f 495/577/556 3209/3758/3416 3207/3757/3415
f 3755/4056/3649 3209/3758/3416 495/577/556
f 473/3818/532 3262/3816/3462 3442/5213/3630
f 1952/2305/2176 3907/4595/4054 1007/1189/1149
f 196/221/212 1952/2305/2176 1007/1189/1149
f 3657/4284/3825 2245/2647/2474 4368/1983/1895
f 3158/3687/3364 3657/4284/3825 3143/3669/3350
f 1930/2279/2151 4370/1267/1220 1932/2281/2153
f 237/275/262 1932/2281/2153 4370/1267/1220
f 1240/1454/1398 3688/4325/3856 1847/2174/2060
f 2780/3238/2982 559/653/632 2781/3237/2981
f 3917/3235/2979 559/653/632 2780/3238/2982
f 925/1090/1056 2650/3090/2858 30/44/43
f 1985/3020/2207 3407/3989/3595 3077/3583/3276
f 1985/3020/2207 3408/5214/4387 3407/3989/3595
f 4038/733/710 4032/1003/975 854/1004/976
f 1937/2288/2159 1027/2289/2160 1500/4430/1672
f 24/32/31 43/51/50 3159/3688/3365
f 1485/1736/1659 2900/3393/3113 97/112/108
f 4038/733/710 2964/3443/3159 4032/1003/975
f 742/865/841 2134/2512/2351 740/867/843
f 1151/3913/3533 2134/2512/2351 742/865/841
f 2946/3422/3139 592/695/674 1806/2118/2011
f 3916/4603/4060 2946/3422/3139 3807/3160/2916
f 3131/5216/4153 3132/5215/4388 37/558/537
f 37/558/537 3132/5215/4388 33/557/536
f 3049/3552/3250 182/207/198 181/208/199
f 4172/4921/4250 1098/1298/1248 3049/3552/3250
f 2182/2565/2401 3979/4666/4103 1056/1248/1201
f 1773/2085/1981 213/242/232 4204/4962/4274
f 4204/4962/4274 1952/2305/2176 196/221/212
f 3862/3311/3043 650/762/738 4371/5217/4389
f 3863/4539/4012 3862/3311/3043 2842/5134/3546
f 1773/2085/1981 4204/4962/4274 196/221/212
f 196/221/212 195/222/213 1773/2085/1981
f 929/1095/1061 1856/1087/1053 4372/1088/1054
f 929/1095/1061 4372/1088/1054 930/1094/1060
f 521/606/585 4142/5218/4174 184/209/200
f 199/5220/4390 2235/5219/2459 2234/2879/2460
f 199/5220/4390 200/5221/226 2235/5219/2459
f 4364/1935/1847 781/915/889 1289/5200/1446
f 184/4426/200 3775/4427/3937 212/5222/202
f 606/708/687 605/709/688 2322/2731/2545
f 605/709/688 2472/2730/2544 2322/2731/2545
f 4364/1935/1847 1289/5200/1446 1288/1934/1447
f 3158/3687/3364 2246/2646/2473 2245/2647/2474
f 3158/3687/3364 2245/2647/2474 3657/4284/3825
f 2838/3309/3041 3131/5216/4153 1395/4919/1564
f 3132/5215/4388 3131/5216/4153 2838/3309/3041
f 649/757/733 3358/3930/3545 647/759/735
f 2732/4534/2934 3358/3930/3545 649/757/733
f 144/168/160 4200/4954/4271 1008/1190/1150
f 1008/1190/1150 4200/4954/4271 3179/3720/3388
f 626/731/708 2027/2385/2245 2793/3247/2991
f 2027/2385/2245 2028/2383/2243 2793/3247/2991
f 741/866/842 2660/3097/2865 2994/3473/3187
f 740/867/843 2660/3097/2865 741/866/842
f 650/762/738 652/760/736 4371/5217/4389
f 4371/5217/4389 652/760/736 3358/3930/3545
f 2586/5223/4391 210/241/231 212/239/202
f 3775/4427/3937 2587/4425/3936 2586/5224/4391
f 2182/2565/2401 2184/2563/2399 3979/4666/4103
f 2015/2373/2235 1533/1790/1712 2016/2372/2234
f 1533/1790/1712 2015/2373/2235 2893/3367/3089
f 3044/3547/3246 3302/3880/3499 3316/3881/3508
f 752/879/855 4373/5225/4392 1362/1591/1521
f 4374/3306/3038 1362/1591/1521 4373/5225/4392
f 4195/4951/4268 2027/2385/2245 626/731/708
f 4195/4951/4268 4151/2384/2244 2027/2385/2245
f 3942/4628/4077 4035/4734/4143 546/5226/615
f 3942/5228/4077 546/636/615 3416/5227/2302
f 193/219/210 3327/3442/3158 641/751/728
f 2163/218/209 193/219/210 641/751/728
f 4150/4883/4231 254/299/284 633/740/717
f 1758/2071/1967 4150/4883/4231 633/740/717
f 2889/3365/3087 1521/1776/1698 1520/1777/1699
f 1520/1777/1699 2693/3136/2898 2889/3365/3087
f 1520/1777/1699 3659/26/25 3725/27/26
f 4375/33/32 948/1120/1084 1918/2264/2138
f 948/1120/1084 27/41/40 1918/2264/2138
f 3453/4046/3639 4017/4714/4132 1821/2135/2027
f 1820/2136/2028 3453/4046/3639 1821/2135/2027
f 4274/5068/4329 4335/28/27 4049/4752/4155
f 1571/2023/1755 1723/2024/1929 3296/3854/3492
f 3294/3853/3491 3296/3854/3492 1723/2024/1929
f 2397/2813/2617 730/851/827 2398/2812/2616
f 1997/2357/2220 1998/2356/2219 2036/2389/2249
f 2036/2389/2249 1998/2356/2219 3751/4400/3916
f 1727/3324/1932 2824/3292/3024 2854/5229/4311
f 2854/5229/4311 2824/3292/3024 993/5230/1141
f 1997/2357/2220 3535/2056/1954 615/720/697
f 2036/2389/2249 2035/2390/2250 1997/2357/2220
f 1533/1790/1712 1532/1791/1713 2016/2372/2234
f 3830/4491/3982 1532/1791/1713 2140/2518/2357
f 874/1026/996 4127/4848/4210 194/2073/1969
f 4312/3342/3065 194/2073/1969 4128/3341/3064
f 3728/4379/3899 21/30/29 2512/2943/2729
f 21/30/29 1001/1188/1148 2512/2943/2729
f 617/724/701 792/3739/907 618/723/700
f 618/1420/700 792/934/907 1210/1419/1365
f 1137/1337/1287 2161/2543/2380 2081/2440/2295
f 2161/2543/2380 2162/2544/2381 2081/2440/2295
f 107/123/119 1097/1293/1243 3071/3576/3269
f 4376/5231/4393 107/123/119 3071/3576/3269
f 3677/5232/3841 3962/4992/4293 956/1131/1095
f 3676/4308/1100 3962/5234/4293 3677/5233/3841
f 2837/4365/1025 297/342/327 273/3826/300
f 663/743/720 2352/2770/2577 636/742/719
f 2352/5235/2577 2351/2767/2576 636/2768/719
f 3348/3920/3536 3353/3927/3542 2673/4374/2877
f 3347/3921/3537 3353/3927/3542 3348/3920/3536
f 2790/3245/2989 2482/4863/2697 2484/5236/2700
f 2483/5107/2701 2790/3245/2989 2484/5236/2700
f 3882/1389/1335 508/593/572 4377/5237/4394
f 509/591/570 2918/3394/3114 4377/5237/4394
f 131/4032/3627 3510/4114/3692 3914/4963/4275
f 3510/4114/3692 3915/155/149 3914/4963/4275
f 2918/3394/3114 3882/1389/1335 4377/5237/4394
f 4102/4806/4190 4229/1831/1752 2175/2557/2394
f 4229/1831/1752 4102/4806/4190 4290/5096/4348
f 429/5238/476 1645/1922/1835 407/4074/451
f 1645/1922/1835 429/5238/476 1525/1921/1703
f 3250/3804/3452 1524/3805/1704 1523/1780/1702
f 1523/1780/1702 1524/3805/1704 1525/1919/1703
f 1316/1536/1473 2332/2745/2555 1264/1474/1418
f 1316/1536/1473 1362/1591/1521 2332/2745/2555
f 450/525/504 2022/5239/2240 3854/4700/4006
f 2022/2380/2240 2021/1239/1195 3854/4529/4006
f 3556/1873/1794 1605/1874/1795 1555/1813/1735
f 3206/4213/3412 1474/1723/1645 497/1724/560
f 499/579/558 3206/5123/3412 497/581/560
f 1198/1402/1348 2362/2779/2586 923/2725/1052
f 1198/1402/1348 1197/1403/1349 2362/2779/2586
f 486/567/546 2043/2398/2258 2186/2567/2403
f 2186/2567/2403 2458/5140/4365 2459/4654/4094
f 2363/4063/2585 4199/4953/4270 3473/4064/3656
f 1197/1492/1349 2364/2780/2587 2363/4063/2585
f 4199/4953/4270 2363/4063/2585 4378/472/453
f 4199/4953/4270 4378/472/453 3478/1721/1063
f 2701/1482/1425 4318/3148/2906 4317/5114/4356
f 1228/1439/1383 4317/5114/4356 1229/1438/1382
f 3286/3844/3482 4146/4878/4227 4145/500/479
f 3286/3844/3482 3649/4276/3818 4256/4339/3869
f 2701/1482/1425 4317/5114/4356 1228/1439/1383
f 1228/1439/1383 2798/1773/1695 2701/1482/1425
f 1647/3031/1839 2595/3032/2807 1681/3033/1878
f 2673/4306/2877 3353/5240/3542 3676/4308/1100
f 710/829/805 889/1046/1013 886/1045/1012
f 710/829/805 887/615/594 889/1046/1013
f 1647/1926/1839 1681/1966/1878 812/958/931
f 2317/2722/2540 3734/4383/3903 670/783/759
f 2317/2722/2540 4296/4922/4251 3734/4383/3903
f 1332/1555/1490 2575/3013/2792 2379/2882/2601
f 2379/2797/2601 2575/4190/2792 2451/2880/2669
f 3592/4215/3764 1227/1440/1384 2988/3467/3181
f 2798/1773/1695 3947/4355/3886 2799/3259/2998
f 73/152/146 1356/1583/1513 3910/2480/2328
f 1354/1585/1515 1356/1583/1513 73/152/146
f 1229/1438/1382 1967/2326/2191 1227/1440/1384
f 1496/1747/1669 2101/2463/2315 270/312/297
f 1496/1747/1669 270/312/297 3504/313/298
f 3150/3680/3358 2567/3005/2784 2310/2711/2532
f 3150/3680/3358 1124/1326/1276 1126/1324/1274
f 1124/1326/1276 3150/3680/3358 2310/2711/2532
f 1124/1326/1276 2310/2711/2532 2821/1368/1315
f 3621/1520/1459 1921/2265/2139 3044/3547/3246
f 1117/1319/1269 3199/3749/3407 3771/4420/3932
f 3556/1873/1794 3771/4420/3932 3199/3749/3407
f 2076/2436/2291 862/1013/985 2721/5241/2924
f 862/1013/985 689/807/783 863/1012/984
f 2721/5241/2924 862/1013/985 2719/3169/2923
f 1575/3167/1759 2721/5241/2924 2719/3169/2923
f 3349/2777/2584 3320/3887/3513 2361/280/267
f 2361/280/267 3320/3887/3513 3818/4479/3973
f 3320/3887/3513 3322/3885/3511 3326/3892/3517
f 4298/4677/4110 406/467/448 4214/465/446
f 4119/4836/4204 3692/4328/3859 4120/4835/4203
f 3692/4328/3859 4119/4836/4204 784/921/895
f 930/1094/1060 4372/1088/1054 3187/3732/3395
f 2362/4065/2586 930/1097/1060 3187/5242/3395
f 2934/3412/3130 1576/1837/1758 2935/3411/1463
f 4352/5186/4379 4353/5185/1464 2935/3411/1463
f 3223/3276/3012 2811/3274/3010 3130/3657/3339
f 3130/3657/3339 1291/1510/1450 3223/3276/3012
f 2016/2372/2234 3830/4491/3982 3840/4508/3990
f 2016/2372/2234 1532/1791/1713 3830/4491/3982
f 4145/500/479 413/475/456 412/476/457
f 4256/4339/3869 3700/4340/3870 4145/500/479
f 2834/1422/1367 2835/3305/3037 1211/1421/1366
f 1116/1314/1264 1211/1421/1366 1114/1316/1266
f 2904/3378/3099 3433/4021/3619 3040/3543/3242
f 2904/3378/3099 3040/3543/3242 2902/3380/3101
f 1114/1316/1266 2835/3305/3037 3468/1016/988
f 2835/3305/3037 1114/1316/1266 1211/1421/1366
f 3700/4340/3870 413/475/456 4145/500/479
f 3699/4341/3871 413/475/456 3700/4340/3870
f 3004/3488/3196 560/652/631 943/1114/1078
f 3004/3488/3196 943/1114/1078 2864/3337/3061
f 4289/5085/4342 313/363/348 315/361/346
f 414/474/455 3673/4303/3839 2634/3074/2843
f 414/474/455 419/483/463 3673/4303/3839
f 365/419/401 4301/5243/4395 332/385/370
f 332/4029/370 4301/5244/4395 370/427/402
f 3585/4204/1920 1718/4202/1922 1717/5245/1923
f 2777/3435/2977 3404/5176/3592 2851/5174/3051
f 2851/5174/3051 2954/3434/3151 2777/3435/2977
f 2611/1890/1808 1620/61/60 4183/608/587
f 4016/1958/1870 1673/1961/1873 2756/3203/2956
f 1673/1961/1873 1677/3604/3295 2199/2585/2419
f 772/902/877 2280/2681/2506 2279/2682/2507
f 3139/3664/3343 2279/2683/2507 339/394/379
f 3558/3768/3424 2070/2431/2286 3219/4110/3688
f 3219/4110/3688 2069/1040/1010 3558/3768/3424
f 1978/2335/2200 3888/4573/4037 2167/2548/2385
f 2167/2548/2385 3888/4573/4037 3837/4497/3987
f 4032/1003/975 2964/3443/3159 4298/4677/4110
f 2964/3443/3159 406/467/448 4298/4677/4110
f 336/387/372 3923/4609/4063 337/386/371
f 3923/4609/4063 4053/430/411 337/386/371
f 291/337/322 3153/3682/3360 1346/1574/1506
f 3153/3682/3360 291/337/322 293/335/320
f 4293/2301/2172 448/521/500 1949/2300/2171
f 276/4109/308 2528/2964/2745 2530/2962/307
f 276/4109/308 1421/1662/1590 2528/2964/2745
f 2933/3409/3128 1347/1573/1505 1845/2171/2057
f 4380/5246/4396 291/337/322 1347/1573/1505
f 2564/3000/2779 221/254/241 675/788/764
f 3517/4126/3702 221/2149/241 2564/4838/2779
f 4381/5247/4397 1072/1265/1218 3350/3923/3539
f 1072/1265/1218 3362/3936/3550 3350/3923/3539
f 1235/1447/1391 2294/2699/2522 1236/1446/1390
f 3752/4403/3918 3099/3609/3300 628/735/712
f 4172/4921/4250 181/208/199 4271/1269/1222
f 2121/2496/2339 2123/2494/2337 869/1021/885
f 3803/4537/1356 1005/4536/1357 1387/1627/1557
f 1541/1802/1724 448/521/500 4293/2301/2172
f 2673/4374/2877 3346/3922/3538 3348/3920/3536
f 2295/2698/2521 4264/5046/4323 2132/2509/2348
f 2294/2699/2522 4264/5046/4323 2295/2698/2521
f 357/3500/3205 3011/3501/3206 4289/5085/4342
f 376/435/416 4289/5085/4342 3011/3501/3206
f 2520/2952/2737 4352/5186/4379 1576/1837/1758
f 4352/5186/4379 2935/3411/1463 1576/1837/1758
f 3849/4523/4001 3930/4617/4070 2839/3308/3040
f 2838/3309/3041 3849/4523/4001 2839/3308/3040
f 2393/2150/2037 4324/5125/4361 4325/2152/2039
f 4327/3150/2908 4325/2152/2039 4324/5125/4361
f 497/581/560 419/483/463 498/580/559
f 4164/4911/4243 4163/4909/4241 1830/4910/4242
f 1384/1624/1554 2237/2637/2464 1431/1672/1600
f 4170/734/711 2825/3293/3025 570/664/643
f 2933/3409/3128 4380/5246/4396 1347/1573/1505
f 2933/3409/3128 1603/1868/1789 4380/5246/4396
f 3850/4638/4084 2220/4092/2439 3493/4093/3677
f 3886/4572/4036 3874/5248/4023 3887/4511/3992
f 3554/4169/3732 3559/4168/3731 1287/1502/1442
f 1286/1503/1443 3554/4169/3732 1287/1502/1442
f 1462/1709/1632 1101/1299/1249 1463/1708/1631
f 1463/1708/1631 1101/1299/1249 1100/1300/1250
f 1634/1904/1822 3874/5248/4023 3886/4572/4036
f 1634/5249/1822 1633/1903/1821 3874/4555/4023
f 286/330/315 3613/4235/3783 3760/4408/3921
f 3613/4235/3783 286/330/315 285/331/316
f 4007/5250/4124 105/120/116 4313/5191/4021
f 105/120/116 4007/5250/4124 1608/4867/1797
f 3101/5251/3304 4020/4720/3945 1312/1534/1471
f 1312/1534/1471 3102/5252/3303 3101/5251/3304
f 4196/4950/4267 4298/4677/4110 4214/465/446
f 4214/465/446 4151/2384/2244 4196/4950/4267
f 1598/1864/1785 2253/2652/2479 4185/4941/4262
f 2253/2652/2479 4186/4940/4261 4185/4941/4262
f 1021/1204/1163 4228/4997/4297 2002/681/660
f 1140/1339/1289 4228/4997/4297 1021/1204/1163
f 4325/2152/2039 4327/3150/2908 1230/1443/1387
f 1230/1443/1387 3516/4125/3701 4325/2152/2039
f 2415/2836/2634 2413/2835/2633 3278/3836/3476
f 1355/1584/1514 2415/2836/2634 3278/3836/3476
f 2967/3446/3162 4343/302/287 258/300/285
f 258/300/285 3369/3944/3558 2967/3446/3162
f 3211/3759/3417 4003/4696/4122 1234/1444/1388
f 4076/4769/4168 1378/1614/1544 1970/2328/2193
f 3835/1616/1546 1378/1614/1544 4076/4769/4168
f 1424/3224/1594 1422/1995/1906 576/4648/650
f 575/672/651 1424/1666/1594 576/671/650
f 676/787/763 4009/4703/4125 675/788/764
f 4009/4703/4125 3703/1310/1260 675/788/764
f 83/100/96 105/120/116 84/99/95
f 83/100/96 4313/5191/4021 105/120/116
f 2774/3227/2974 1704/1940/1852 3587/4208/3760
f 1704/1940/1852 2774/3227/2974 1705/1994/1905
f 2353/2127/2019 1815/2130/2022 3545/4158/3721
f 2166/5253/2382 2036/2389/2249 104/2850/117
f 2164/5256/2384 2166/5255/2382 104/5254/117
f 2072/2434/2289 1122/1322/1272 690/806/782
f 2778/3320/2978 2072/2434/2289 2075/2437/2292
f 676/787/763 3938/4626/4075 217/252/239
f 1468/1713/1636 1962/2318/2186 4311/5111/4353
f 3350/3923/3539 580/676/655 4381/5247/4397
f 3350/3923/3539 2360/281/268 580/676/655
f 115/141/127 1529/1789/1711 122/140/136
f 4382/5257/4398 89/106/102 40/105/101
f 4004/789/765 3971/4657/4096 1234/1444/1388
f 3971/4657/4096 4004/789/765 3567/790/766
f 490/573/552 1611/1881/1799 1610/1878/1798
f 490/573/552 1610/1878/1798 725/847/823
f 4060/4916/4163 2220/4092/2439 3850/4638/4084
f 1245/1459/1403 1643/1915/1831 1246/1458/1402
f 1146/1346/1296 2534/2969/2750 1147/1345/1295
f 2534/2969/2750 1146/1346/1296 3606/3701/3378
f 4149/4882/4230 3058/2292/2163 1938/2287/1673
f 1938/1751/1673 2342/2756/2566 4149/5258/4230
f 4300/5259/4399 312/358/343 311/359/344
f 2764/3214/2964 2763/3215/2965 2813/3279/3015
f 320/369/354 319/370/355 2813/3279/3015
f 2644/3085/2854 3970/3086/2855 1498/1748/1670
f 2091/2450/2304 2389/2806/2610 2388/2807/2611
f 3279/294/279 2091/2450/2304 3476/4069/3659
f 617/724/701 4358/4222/3771 3993/4343/3873
f 2645/3087/2856 1497/1749/1671 3970/3086/2855
f 2341/2757/2567 2645/3087/2856 3970/3086/2855
f 1549/1806/1728 3878/4561/4029 1689/1976/1888
f 1548/1807/1729 3878/4561/4029 1549/1806/1728
f 2205/2592/2425 2540/2976/2757 4141/2103/1996
f 2205/2592/2425 4141/2103/1996 2206/2591/2424
f 111/129/125 4383/3374/3096 2640/3082/2851
f 4383/3374/3096 3474/4067/3657 2640/3082/2851
f 865/1014/986 3951/4634/4080 3454/4048/3641
f 865/1014/986 818/966/939 3951/4634/4080
f 2680/3118/2883 3671/4297/3837 597/699/678
f 597/699/678 2412/2831/2630 1805/2116/2009
f 4384/5260/4400 683/799/775 2355/2771/2578
f 2355/2771/2578 2354/2772/2579 4384/5260/4400
f 2540/2976/2757 2770/3221/2970 4141/2103/1996
f 3534/5261/2994 2166/2545/2382 2165/2546/2383
f 4235/4019/3617 4170/734/711 3432/4020/3618
f 2241/2639/2466 2240/2640/2467 4259/5033/4318
f 4259/5033/4318 3091/3599/3291 2241/2639/2466
f 725/847/823 1610/1878/1798 1403/1879/1569
f 3698/4338/3868 725/5262/823 1403/1639/1569
f 107/123/119 4376/5231/4393 108/122/118
f 3071/3576/3269 4385/5263/4401 4376/5231/4393
f 36/45/44 4382/5264/4398 34/47/46
f 1529/1789/1711 36/45/44 2545/2982/2762
f 2539/2974/2755 3722/4366/3894 4259/5033/4318
f 199/5220/4390 188/216/207 200/5221/226
f 2872/3349/3071 2019/2374/2236 2638/3079/2848
f 2872/3349/3071 2017/2371/2233 2019/2374/2236
f 589/687/666 1995/2352/2216 1994/2353/2217
f 2313/2716/2536 1627/875/851 2118/2488/2333
f 2118/2488/2333 1627/875/851 2119/2487/2332
f 4201/3035/2809 3608/4230/3778 2597/3037/2811
f 2841/3310/3042 2597/3037/2811 3608/4230/3778
f 466/539/518 1108/1307/1257 2853/3323/3053
f 1108/1307/1257 1476/1728/1649 2853/3323/3053
f 204/230/221 3969/1870/1791 202/232/223
f 3969/1870/1791 204/230/221 3233/3786/3437
f 1981/2337/2202 2106/4317/337 2506/2334/2199
f 1981/2337/2202 2506/2334/2199 4342/3938/3552
f 3462/4053/3646 2346/4007/2571 2819/3287/3021
f 2124/3286/2340 2819/3287/3021 2346/4007/2571
f 3226/5265/3429 3224/3774/1740 2321/5101/2543
f 2320/5266/2335 3224/3774/1740 3226/5265/3429
f 1708/2004/1912 1933/2283/2155 2371/2788/2595
f 1786/3428/3145 2370/2785/2592 1933/2283/2155
f 2389/2806/2610 2091/2450/2304 3279/294/279
f 3340/3911/3531 4078/4772/4170 1151/3913/3533
f 1151/3913/3533 4078/4772/4170 2134/2512/2351
f 2228/2621/2450 4386/5267/4402 272/316/301
f 2837/4846/1025 272/316/301 898/5268/1024
f 3579/5269/3752 3576/4193/3750 3354/923/896
f 3576/4193/3750 3579/5269/3752 1357/5130/1518
f 2770/3221/2970 3764/4414/3926 1791/2105/1998
f 203/231/222 3721/3801/3450 3568/4184/3744
f 1529/1789/1711 115/141/127 4382/5264/4398
f 1529/1789/1711 4382/5264/4398 36/45/44
f 3032/3537/3236 1657/1941/1853 1656/1942/1854
f 3032/3537/3236 1656/1942/1854 4113/4837/3234
f 2569/3003/2782 1781/2094/1988 2309/2712/2533
f 2569/3003/2782 2568/3004/2783 1785/3429/3146
f 3568/4184/3744 3721/3801/3450 1791/2105/1998
f 3038/3540/3239 3037/3541/3240 4138/4873/4223
f 1117/1319/1269 1787/2092/1986 1118/1318/1268
f 1680/1967/1879 2596/4013/2808 2210/4632/2429
f 1680/1967/1879 2210/4632/2429 3484/4080/3668
f 4100/5270/4189 692/810/786 3865/4541/4014
f 4101/1275/1227 692/1271/786 4100/4805/4189
f 3948/4630/4079 3106/3622/3311 3108/3511/3215
f 4134/4858/4217 677/791/767 1872/2204/2084
f 4328/2749/2559 677/791/767 4134/4858/4217
f 4070/2387/2247 2621/3060/2832 4061/4759/4162
f 4061/4759/4162 528/4765/595 4070/2387/2247
f 1956/2311/2179 1955/2312/2180 1957/2314/2182
f 1957/2314/2182 1955/2312/2180 1065/1260/1213
f 212/211/202 646/5271/731 183/210/201
f 335/388/373 3068/4147/3712 2253/2652/2479
f 3068/4147/3712 335/388/373 3067/3574/3267
f 1448/1692/1617 1449/1690/1616 2007/4495/2226
f 2007/4495/2226 1452/1693/1618 1448/1692/1617
f 3339/3908/3528 2880/3355/3077 2873/3348/3070
f 2228/2621/2450 272/316/301 2747/3194/2948
f 2228/2621/2450 2747/3194/2948 2227/2623/2451
f 1628/1897/1815 1627/875/851 4093/4800/4184
f 3321/3886/3512 3320/3887/3513 3349/2777/2584
f 1206/1415/1361 3338/3905/3526 510/596/575
f 1589/1853/1774 1206/1415/1361 510/596/575
f 3460/4052/3645 3461/4003/3606 3328/3893/3518
f 3085/3592/3284 3084/3593/3285 1589/1853/1774
f 1206/1415/1361 1589/1853/1774 3084/3593/3285
f 497/581/560 3673/4303/3839 419/483/463
f 4164/4911/4243 3998/4692/4118 1431/1672/1600
f 4164/4911/4243 1431/1672/1600 2237/2637/2464
f 1669/1952/1864 3985/4672/4105 476/556/535
f 2184/4665/2399 476/556/535 3985/4672/4105
f 4084/4786/3140 90/5272/106 1397/2015/1005
f 762/892/868 3782/4435/3944 278/326/311
f 762/892/868 3783/4434/3943 3782/4435/3944
f 3112/3629/3316 685/803/779 687/801/777
f 3112/5275/3316 687/5274/777 2164/5273/2384
f 2219/2610/2440 2218/2611/2441 1396/4861/4219
f 92/108/104 2219/4091/2440 1396/5276/4219
f 3795/4452/3953 2977/3455/3171 2978/3454/3170
f 2977/3455/3171 3795/4452/3953 2975/3452/3168
f 324/373/358 302/349/334 284/5084/4341
f 3950/2890/2678 3282/3839/3479 820/964/937
f 3328/3893/3518 3461/4003/3606 2881/3356/3078
f 3272/3829/3471 4078/4772/4170 3340/3911/3531
f 1860/2188/2070 3272/3829/3471 3340/3911/3531
f 4075/4768/4167 359/409/391 3968/4655/4095
f 3968/4655/4095 359/409/391 329/377/362
f 2615/3052/2824 2616/3055/2827 2004/2361/2224
f 1619/1888/1806 2859/756/732 1187/1393/1339
f 4022/4722/4134 2045/2401/2261 2181/666/645
f 215/249/237 2736/3183/2937 2235/2632/2459
f 2736/3183/2937 215/249/237 2006/2364/2227
f 4387/5278/4403 2934/3412/3130 473/5277/532
f 3442/4034/3630 4387/5278/4403 473/5277/532
f 1836/2162/2048 3533/1861/1782 1597/1862/1783
f 3533/1861/1782 1836/2162/2048 1599/1863/1784
f 211/240/230 1187/1393/1339 2771/3222/2971
f 2514/1988/1708 1771/2084/1980 2515/2947/2732
f 117/135/131 3949/2579/2413 4131/4852/4213
f 4132/4851/4212 4131/4852/4213 3949/2579/2413
f 4132/4851/4212 2086/2444/2299 4130/4853/4214
f 2086/2444/2299 116/134/130 4130/4853/4214
f 1602/1865/1786 3258/3502/3207 1600/1867/1788
f 346/398/382 1600/1867/1788 3258/3502/3207
f 3140/3667/3348 4044/4748/4151 959/1139/1103
f 959/1139/1103 2725/3174/2928 3140/3667/3348
f 2256/2653/2480 2255/2654/2481 4185/4941/4262
f 3531/4149/3714 2256/2653/2480 4185/4941/4262
f 1748/2054/1952 1747/2055/1953 2215/2605/2435
f 2215/2605/2435 1747/2055/1953 2177/2558/2395
f 2938/3418/3135 2937/3416/3133 2939/3417/3134
f 2938/3418/3135 1178/1382/1329 2937/3416/3133
f 4197/599/578 514/597/576 3093/1525/1462
f 3216/2126/1541 1018/1501/998 4077/4770/4169
f 3216/1611/1541 3217/4348/3878 1018/1028/998
f 1280/1496/1437 3416/3999/2302 1281/1495/1436
f 1282/1498/1439 1281/1495/1436 3416/3999/2302
f 169/194/185 2561/2998/2777 3869/4550/4018
f 3869/4550/4018 2561/2998/2777 1642/1912/1828
f 2263/2664/2491 2458/5140/4365 1794/2399/2259
f 3117/3637/3323 1391/1633/1563 3118/3636/3322
f 3749/2456/2310 1391/1633/1563 3117/3637/3323
f 1379/1617/1547 1971/1571/1503 1344/1572/1504
f 3640/4264/2375 856/4246/978 3623/4247/3792
f 856/1006/978 3640/2538/2375 3310/4947/4266
f 3381/1889/1807 3291/3847/3485 1620/61/60
f 3225/3772/3428 2112/2477/2326 2321/5101/2543
f 2515/2947/2732 1131/2945/1281 2514/1988/1708
f 2219/4091/2440 91/109/105 1539/1796/1718
f 1537/1798/1720 1539/1796/1718 91/109/105
f 4242/3376/3098 91/109/105 90/110/106
f 4151/2384/2244 3125/3646/3331 348/401/385
f 373/432/413 4175/4927/4253 3125/3646/3331
f 4175/4927/4253 373/432/413 360/412/394
f 20/23/22 4203/4961/4273 18/25/24
f 4203/4961/4273 20/23/22 1497/1749/1671
f 2367/2781/2588 2366/2782/2589 1389/1629/1559
f 2366/2782/2589 1390/1628/1558 1389/1629/1559
f 3868/5279/4017 2915/3392/3112 1737/2041/1944
f 1738/2040/1943 1737/2041/1944 2915/3392/3112
f 2619/3056/2828 2618/3057/2829 2620/3059/2831
f 2620/3059/2831 2618/3057/2829 3768/4418/3930
f 1775/2086/1982 3536/4152/3716 1776/1858/1779
f 1742/2045/1946 3536/4152/3716 1775/2086/1982
f 4041/4740/4147 4043/4746/4149 728/4743/829
f 3243/3798/3447 4041/4740/4147 728/4743/829
f 2546/2981/2761 36/45/44 35/46/45
f 35/46/45 1079/1278/1230 2546/2981/2761
f 1987/2344/2209 4388/4182/3742 1988/2343/2208
f 4385/5263/4401 3496/4101/3681 108/122/118
f 108/122/118 4376/5231/4393 4385/5263/4401
f 3195/3745/3403 3940/2031/1934 1729/2030/1933
f 3195/3745/3403 781/915/889 3196/3744/3402
f 569/3789/3439 4203/4961/4273 3984/5280/4104
f 569/3976/3439 3984/4671/4104 3983/16/15
f 601/701/680 2680/3118/2883 599/703/682
f 601/701/680 603/705/684 2680/3118/2883
f 4081/4775/4173 3561/4172/3734 3186/3727/3394
f 94/2603/2433 3186/3727/3394 3561/4172/3734
f 751/881/857 752/879/855 783/917/891
f 782/918/892 751/881/857 783/917/891
f 781/915/889 3195/3745/3403 1729/2030/1933
f 4117/914/888 781/915/889 1729/2030/1933
f 2103/2464/2316 1903/2239/2118 2821/1368/1315
f 1930/2279/2151 3266/3822/3465 4370/1267/1220
f 4260/5034/4319 4202/4959/4272 1155/1356/1304
f 852/1354/972 4260/5034/4319 1155/1356/1304
f 2851/3321/3051 3402/3984/3591 984/1165/1127
f 3393/3970/3582 984/1165/1127 3402/3984/3591
f 342/3639/374 300/346/331 3247/2626/2454
f 3231/3781/3434 4315/5112/4354 2349/2765/2575
f 3230/3779/3432 3231/3781/3434 2380/2796/2600
f 1419/1664/1592 328/379/364 1420/1663/1591
f 328/5281/364 2471/2899/2687 2470/2900/2688
f 3729/4380/3900 4265/5051/4324 4389/4349/3879
f 3709/29/28 4389/4349/3879 4265/5051/4324
f 471/550/529 2188/2569/2405 3729/4380/3900
f 4389/4349/3879 471/550/529 3729/4380/3900
f 1298/1516/1455 1297/1517/1456 3264/3821/3464
f 1298/1516/1455 3264/3821/3464 4222/4988/4290
f 4390/5282/4404 1730/2033/1936 1891/2224/2104
f 990/1176/1138 992/1174/1136 3070/3577/3270
f 3071/3576/3269 3070/3577/3270 4385/5263/4401
f 1203/1409/1355 3021/3516/3219 3045/3517/3220
f 1203/1409/1355 3045/3517/3220 3044/3547/3246
f 2909/3383/3104 282/327/312 254/299/284
f 847/993/965 3078/3585/3278 2909/3383/3104
f 1060/1254/1207 3940/2031/1934 3936/4625/4074
f 1061/1252/1205 994/1178/1140 1060/1254/1207
f 4391/5285/4405 1717/5284/1923 1397/5283/1005
f 3449/767/743 432/502/481 656/766/742
f 402/459/440 656/766/742 400/461/442
f 2756/3203/2956 3109/3623/3312 664/777/753
f 3252/3809/3455 1242/1452/1396 1935/2285/2157
f 1935/2285/2157 4321/5117/4359 3252/3809/3455
f 189/215/206 199/5220/4390 2234/2879/2460
f 189/215/206 188/216/207 199/5220/4390
f 4180/4933/4258 369/422/404 4279/3891/3516
f 4180/4933/4258 1869/1154/1116 369/422/404
f 143/163/155 2278/2679/2504 4392/5286/4406
f 4392/5286/4406 1778/2089/1985 143/163/155
f 4384/5260/4400 684/798/774 683/799/775
f 4384/5260/4400 2354/2772/2579 684/798/774
f 1513/1764/1686 4370/1267/1220 3266/3822/3465
f 1320/1540/1475 303/348/333 3096/5287/3296
f 303/5288/333 3095/3606/3297 3096/3605/3296
f 4342/3938/3552 4092/5181/4377 3364/3939/3553
f 3646/4271/3813 3645/4272/3814 1155/1356/1304
f 1155/1356/1304 3645/4272/3814 725/2589/823
f 723/843/819 4393/2910/2696 1439/1683/1609
f 4393/2910/2696 735/857/833 1439/1683/1609
f 656/766/742 432/502/481 400/461/442
f 427/493/473 4040/901/876 400/461/442
f 3738/2809/2613 2009/1710/1633 1461/1705/1628
f 2013/2369/2231 1459/1707/1630 1461/1705/1628
f 1861/2192/2074 4077/4770/4169 3307/3871/3502
f 229/268/255 1861/2192/2074 3307/3871/3502
f 1400/1636/1566 3899/4586/4046 1398/1638/1568
f 3900/4587/4047 1398/1638/1568 3899/4586/4046
f 628/735/712 3099/3609/3300 3432/4020/3618
f 2126/2500/2341 2607/3047/2819 28/40/39
f 27/41/40 2126/2500/2341 28/40/39
f 653/765/741 4073/933/906 2056/2413/2272
f 2055/2414/2273 653/765/741 2056/2413/2272
f 2783/3240/2984 1951/2304/2175 504/586/565
f 2783/3240/2984 3421/3241/2985 1951/2304/2175
f 316/364/349 1927/2277/2149 1708/2004/1912
f 4385/5263/4401 3070/3577/3270 992/1174/1136
f 992/1174/1136 3496/4101/3681 4385/5263/4401
f 2480/2909/2695 4393/2910/2696 723/843/819
f 4177/4930/4255 916/2426/1047 2067/2427/2283
f 2713/5000/2917 4177/4930/4255 2067/2427/2283
f 130/149/143 1529/1789/1711 2545/2982/2762
f 130/149/143 2545/2982/2762 3167/3694/3371
f 2952/3431/3148 197/4689/217 4023/4723/4135
f 2516/2946/2731 2952/3431/3148 4023/4723/4135
f 1701/1993/1904 197/226/217 1702/1992/1903
f 1701/4725/1904 4023/4723/4135 197/4689/217
f 3509/4115/3693 1664/1947/1859 2702/3149/2907
f 3510/4114/3692 1664/1947/1859 3509/4115/3693
f 1111/1311/1261 2078/925/898 3354/923/896
f 2631/3072/2841 2633/3073/2842 2632/3075/2844
f 4218/4982/4286 4394/5289/4407 3740/4389/3909
f 790/929/902 3742/4354/3885 789/931/904
f 994/1178/1140 3940/2031/1934 1060/1254/1207
f 993/1179/1141 3940/2031/1934 994/1178/1140
f 3910/2480/2328 1351/1582/1512 3696/4336/3867
f 3697/126/122 3696/4336/3867 1351/1582/1512
f 3134/3660/3342 3133/3658/3340 4224/4993/4294
f 4224/4993/4294 3133/3658/3340 4350/1385/1332
f 4170/734/711 2252/2120/2014 444/3294/3026
f 2252/2120/2014 441/517/2012 444/3294/3026
f 3963/4650/4091 733/859/835 1679/1965/1877
f 733/859/835 3963/4650/4091 721/840/816
f 2144/2522/2361 3454/4048/3641 1945/2295/2166
f 1945/2295/2166 3454/4048/3641 1944/2297/2168
f 132/154/148 3509/4115/3693 2702/3149/2907
f 132/154/148 2702/3149/2907 133/153/147
f 1346/1574/1506 3148/3674/3355 4369/5212/4386
f 1346/1574/1506 3153/3682/3360 3148/3674/3355
f 2014/2368/2230 2013/2369/2231 2009/1710/1633
f 2009/1710/1633 2013/2369/2231 1461/1705/1628
f 3742/4354/3885 3740/4389/3909 4394/5289/4407
f 3944/2936/2722 2505/2937/2723 3389/3968/3580
f 3388/3969/3581 3944/2936/2722 3389/3968/3580
f 2154/2533/2370 515/602/581 2155/2537/2374
f 2156/2536/2373 2155/2537/2374 515/602/581
f 456/531/510 458/529/508 707/825/801
f 4395/5290/4408 2094/2457/2311 2095/2455/2309
f 2475/2902/2690 360/412/394 2772/3223/2972
f 4175/4927/4253 360/412/394 2475/2902/2690
f 834/981/953 2454/2885/2673 86/983/955
f 834/981/953 3457/2950/2735 2454/2885/2673
f 2915/3392/3112 3868/5279/4017 581/679/658
f 581/679/658 3868/5279/4017 3889/4576/4038
f 1673/1961/1873 4016/1958/1870 1677/3604/3295
f 130/149/143 129/150/144 1529/1789/1711
f 129/150/144 4286/5083/4340 4288/5081/4338
f 73/3478/146 4284/3947/139 2498/4975/4282
f 3099/3609/3300 3754/3610/3301 4235/4019/3617
f 707/825/801 458/529/508 2095/2455/2309
f 2260/4024/2487 998/1184/1144 611/717/694
f 998/1182/1144 2260/2660/2487 999/1181/1143
f 3182/3722/3390 191/228/219 201/229/220
f 3182/3722/3390 201/229/220 1450/1695/1620
f 684/798/774 2407/2827/2627 2356/2773/2580
f 2356/2773/2580 2407/2827/2627 3898/4585/4045
f 3264/3821/3464 119/139/135 4222/4988/4290
f 2502/2930/2716 3433/4021/3619 3819/4022/3620
f 2502/2930/2716 3819/4022/3620 2500/2932/2718
f 3412/4124/3700 232/265/252 3514/263/250
f 2840/3307/3039 3132/5215/4388 2838/3309/3041
f 2840/3307/3039 567/661/640 3132/5215/4388
f 1677/3604/3295 4016/1958/1870 2200/1477/1420
f 688/804/780 2324/2733/2547 321/368/353
f 2324/2733/2547 1121/1321/1271 321/368/353
f 4287/5082/4339 4396/5291/4409 4288/5081/4338
f 4288/5081/4338 4396/5291/4409 129/150/144
f 756/886/862 3636/4261/3805 3637/4262/3806
f 3636/4261/3805 2706/3153/2911 3637/4262/3806
f 1034/1221/1177 508/1219/572 1183/2349/1334
f 508/593/572 3882/1389/1335 1183/1388/1334
f 4062/4758/4161 4061/4759/4162 2621/3060/2832
f 2621/3060/2832 2220/2609/2439 4062/4758/4161
f 3687/4324/3855 1111/1311/1261 1631/1901/1819
f 3687/4324/3855 2078/925/898 1111/1311/1261
f 3067/3574/3267 951/1122/1086 3530/4148/3713
f 2201/2584/2418 951/1122/1086 3067/3574/3267
f 1149/1349/1299 1191/1399/1345 2705/3152/2910
f 2705/3152/2910 1191/1399/1345 1193/1398/1344
f 2712/2475/772 453/528/507 3181/3699/3376
f 324/4316/358 3095/3606/3297 303/5288/333
f 2765/3216/2966 3095/3606/3297 324/4316/358
f 2110/2474/2325 3180/4243/3790 681/2476/771
f 1489/1740/1663 3180/4243/3790 2110/2474/2325
f 4374/3306/3038 4373/5225/4392 752/879/855
f 482/2790/544 2030/3992/3597 2031/3763/3420
f 2033/3764/2246 482/2790/544 2031/3763/3420
f 3132/5215/4388 567/661/640 3929/4615/4068
f 1984/2341/2206 364/421/403 365/419/401
f 728/4743/829 2560/3736/3398 3243/3798/3447
f 2580/3018/2794 210/241/231 2586/5223/4391
f 2586/5224/4391 2587/4425/3936 2580/3016/2794
f 631/736/713 2053/2411/2270 4292/5086/4343
f 3008/3497/3202 3689/4326/3857 3073/3496/3201
f 3061/3568/3261 2670/3107/2874 958/1998/1098
f 1140/1339/1289 2683/3125/2890 3860/1132/1096
f 4143/1109/1073 939/1110/1074 2579/3015/2793
f 2128/2507/2346 2274/2676/2502 2796/3906/3527
f 2796/3906/3527 2797/3907/1358 2128/2507/2346
f 4181/4934/4259 1619/1888/1806 1187/1393/1339
f 1985/3020/2207 3654/4281/3823 3408/5214/4387
f 3654/4281/3823 4379/4181/3741 3408/5214/4387
f 771/903/878 2280/2681/2506 772/902/877
f 771/903/878 4158/4785/4176 2280/2681/2506
f 4397/380/365 3761/4411/3924 4398/5292/4410
f 2280/2681/2506 4158/4785/4176 3761/4411/3924
f 3263/2607/2437 2214/2604/2434 3560/4173/3735
f 3263/2607/2437 4251/2600/2432 2214/2604/2434
f 3802/4459/3960 4338/5150/4369 2264/2663/2490
f 3269/2703/2526 3802/4459/3960 2264/2663/2490
f 4162/4903/4238 704/824/800 705/822/798
f 4162/4903/4238 3664/4289/3830 2431/2856/2648
f 2875/3351/3073 3720/4364/3893 1817/2132/2024
f 1817/2132/2024 1816/2133/2025 2875/3351/3073
f 4362/5197/4381 119/139/135 4361/4773/4171
f 119/139/135 4362/5197/4381 4222/4988/4290
f 3750/3184/2938 2737/3185/2939 4231/4998/4298
f 2106/4317/337 1981/2337/2202 1980/2338/2203
f 2106/4317/337 1980/2338/2203 4152/5293/4233
f 2848/3317/3048 2847/3316/3047 1104/1302/1252
f 3821/4480/3974 3114/3633/3320 3822/4481/3975
f 3821/4480/3974 3822/4481/3975 3113/3632/3319
f 2772/3223/2972 349/400/384 2475/2902/2690
f 349/400/384 2772/3223/2972 322/371/356
f 4243/5012/4306 3363/3937/3551 1382/1621/1551
f 4243/5012/4306 4239/5009/4304 3363/3937/3551
f 2795/3256/2996 2797/3907/1358 1058/1250/1203
f 2794/3258/2997 2795/3256/2996 1058/1250/1203
f 1272/1376/1323 1676/1962/1874 1173/1375/1322
f 1173/5065/1322 1676/2068/1874 1759/2070/1966
f 294/339/324 3363/3937/3551 295/338/323
f 3363/3937/3551 294/339/324 1382/1621/1551
f 223/258/245 3769/4419/3931 3330/3895/3519
f 223/258/245 3330/3895/3519 1466/1715/1638
f 3249/3802/3451 2391/2808/2612 3052/3554/3252
f 3249/3802/3451 4323/4455/3956 2391/2808/2612
f 639/745/722 638/746/723 3918/4521/3999
f 4327/3150/2908 3249/3802/3451 2707/1896/1814
f 4369/5212/4386 1379/1617/1547 248/287/274
f 4369/5212/4386 1971/1571/1503 1379/1617/1547
f 714/3067/812 3572/4188/3746 1267/4196/1423
f 714/836/812 1267/1480/1423 715/835/811
f 3981/4663/4101 3301/3631/3318 1255/1469/1413
f 2755/3201/2954 3301/3631/3318 3981/4663/4101
f 2328/2739/2550 2329/2740/2552 3495/4100/3680
f 2329/2740/2552 2968/2166/2052 3495/4100/3680
f 894/1053/1020 3041/3545/3244 2663/932/905
f 894/1053/1020 2655/3095/2863 2657/513/492
f 3929/4615/4068 33/557/536 3132/5215/4388
f 3204/3752/3410 3238/3791/3441 4019/4716/4133
f 1153/1352/1302 4019/4716/4133 3238/3791/3441
f 2663/932/905 2656/512/491 2655/3095/2863
f 894/1053/1020 2663/932/905 2655/3095/2863
f 2587/4425/3936 4143/1109/1073 2579/3015/2793
f 121/137/133 2702/3149/2907 4304/4312/3846
f 3606/3701/3378 3169/3700/3377 3605/4227/3776
f 432/502/481 427/493/473 400/461/442
f 2715/3164/2920 3545/4158/3721 1815/2130/2022
f 3545/4158/3721 2715/3164/2920 2465/2895/2683
f 4248/5021/4313 4247/3036/2810 19/24/23
f 18/25/24 4248/5021/4313 19/24/23
f 3073/3496/3201 3007/3494/3199 3009/3495/3200
f 3009/3495/3200 3007/3494/3199 3008/3497/3202
f 3080/3588/3280 442/3587/3279 2061/115/111
f 3020/303/288 1483/1734/1655 1367/5294/1527
f 1483/1734/1655 3544/4156/1528 1367/5294/1527
f 2883/2980/2760 2882/3358/3080 3816/4477/3971
f 357/3500/3205 397/454/435 612/716/693
f 397/454/435 357/3500/3205 2583/3023/2799
f 4361/4773/4171 119/139/135 4304/4312/3846
f 121/137/133 4304/4312/3846 119/139/135
f 3287/3845/3483 1012/1195/1154 558/648/627
f 2173/2554/2391 3287/3845/3483 558/648/627
f 661/774/750 2755/3201/2954 3981/4663/4101
f 665/776/752 2755/3201/2954 661/774/750
f 3366/3940/3554 3086/3594/3286 4036/4736/4144
f 3366/3940/3554 4036/4736/4144 3368/3942/3556
f 3078/3585/3278 282/327/312 2909/3383/3104
f 3078/3585/3278 304/350/335 282/327/312
f 2012/2370/2232 3284/1549/1484 1459/1707/1630
f 246/289/276 1344/1572/1504 4334/5142/4366
f 246/289/276 4334/5142/4366 2802/3265/3001
f 1045/1235/1191 1480/1733/1654 3817/4478/3972
f 2897/3372/3094 1480/1733/1654 1045/1235/1191
f 1915/2262/2136 1917/2260/2134 2531/2965/2746
f 1326/1546/1481 1969/4946/4265 2531/2965/2746
f 1141/1341/1291 3823/4482/3976 3401/3981/3588
f 1141/5295/1291 1564/4483/1745 3823/4484/3976
f 1915/2262/2136 1969/4946/4265 3827/4002/3605
f 1969/4946/4265 1915/2262/2136 2531/2965/2746
f 3930/4617/4070 4248/5021/4313 3931/4616/4069
f 2159/2542/2379 2162/2544/2381 1813/2128/2020
f 2159/2542/2379 1813/2128/2020 2551/2987/2767
f 1118/1318/1268 1787/2092/1986 4012/2001/1909
f 1893/2225/2105 1892/2226/2106 1983/1783/1705
f 3606/3701/3378 4183/608/587 1209/62/61
f 1620/61/60 1209/62/61 4183/608/587
f 1061/1252/1205 4169/4917/4247 995/1177/1139
f 995/1177/1139 4169/4917/4247 2670/3107/2874
f 2129/2506/2345 418/2307/460 2130/2508/2347
f 3239/3792/3442 2109/2472/2323 3213/3765/3421
f 3213/3765/3421 806/951/924 3239/3792/3442
f 898/5268/1024 272/316/301 4386/5267/4402
f 898/1057/1024 2226/5296/2447 2225/4928/2448
f 1318/1247/1200 1055/1245/1198 821/967/940
f 1055/1245/1198 1793/2106/1999 821/967/940
f 4399/5297/4411 3332/3899/3521 997/1185/1145
f 430/495/475 4399/5298/4411 997/1183/1145
f 2243/2642/2469 871/1024/994 870/1025/995
f 1555/1813/1735 3771/4420/3932 3556/1873/1794
f 1629/1900/1818 1628/1897/1815 2385/4370/2606
f 768/900/875 1629/4644/1818 2385/2802/2606
f 1205/1413/1359 2739/3186/2940 417/482/462
f 1205/1413/1359 417/482/462 418/480/460
f 2449/2878/2668 1592/1854/1775 1591/1855/1776
f 3366/3940/3554 3367/3943/3557 1591/1855/1776
f 3519/4129/3704 4094/846/822 3088/3595/3287
f 4079/3828/3470 2135/2511/2350 3344/503/482
f 2688/3131/2893 2135/2511/2350 4079/3828/3470
f 3368/3942/3556 4037/4737/4145 2446/2876/2666
f 4386/5267/4402 2228/2621/2450 2226/4651/2447
f 898/5268/1024 4386/5267/4402 2226/4651/2447
f 3492/4090/3676 1133/1335/1285 3144/3670/3351
f 1695/1981/1893 1133/1335/1285 3492/4090/3676
f 2405/2824/2624 3471/2570/2406 1252/1466/1410
f 2405/2824/2624 867/1018/990 1113/1312/1262
f 344/408/375 3653/4279/3821 1738/2042/1943
f 194/2073/1969 4204/4962/4274 213/242/232
f 194/2073/1969 213/242/232 1019/243/233
f 2758/3204/2957 265/308/293 264/307/292
f 281/328/313 327/374/359 3255/2702/2525
f 325/376/361 327/374/359 281/328/313
f 2198/2582/2416 3429/4016/3614 1842/1417/1363
f 2198/2582/2416 3604/2581/2415 3429/4016/3614
f 3794/4453/3954 1853/2180/2066 3812/4470/3968
f 3812/4470/3968 3814/4468/3966 3794/4453/3954
f 2422/2842/2638 3135/3659/3341 2817/3282/3018
f 2422/2842/2638 2817/3282/3018 2816/3281/3017
f 1679/1965/1877 735/857/833 4393/2910/2696
f 3851/4525/4003 3813/4469/3967 3422/4005/3608
f 6/1211/9 2341/2757/2567 1030/1210/1169
f 2981/3460/3175 2752/3712/3384 2982/3459/3174
f 2740/4429/3939 1800/1172/1134 1801/2113/2006
f 1840/4099/3679 2740/4429/3939 1801/2113/2006
f 4064/5300/1958 667/779/755 1751/5299/1957
f 1751/2059/1957 3578/5301/3751 1752/2061/1959
f 1222/1433/1378 4244/5014/4308 3144/3670/3351
f 888/1047/1014 4244/5014/4308 1222/1433/1378
f 1931/2278/2150 236/276/263 3894/4581/4042
f 236/276/263 2706/3153/2911 3894/4581/4042
f 486/567/546 2185/2568/2404 2182/2565/2401
f 2182/2565/2401 2185/2568/2404 2183/2564/2400
f 2405/2824/2624 1252/1466/1410 867/1018/990
f 1252/1466/1410 1254/1464/1408 3629/4255/3799
f 645/4130/729 2708/3155/2913 2711/5302/2914
f 645/752/729 2711/5122/2914 2311/2713/2534
f 1751/5299/1957 667/779/755 3578/5303/3751
f 3578/5303/3751 667/779/755 3174/3710/3382
f 2518/2949/2734 1515/1769/1691 2517/2948/2733
f 1516/1772/1694 2518/2949/2734 2517/2948/2733
f 2920/5304/3117 1752/2061/1959 3578/5301/3751
f 3477/4072/3662 3478/4562/1063 3479/4071/3661
f 3232/3785/3436 3333/2242/2121 439/510/489
f 438/511/490 3232/3785/3436 439/510/489
f 2915/3392/3112 301/345/330 2914/3390/3111
f 301/345/330 300/346/331 2914/3390/3111
f 3061/5305/3261 996/1180/1142 2855/5118/4360
f 3061/5305/3261 2855/5118/4360 2670/5306/2874
f 2488/5308/2704 556/3719/624 2860/5307/3058
f 3965/1206/1165 2488/2918/2704 2860/5309/3058
f 2855/5118/4360 2854/5095/4311 2670/5306/2874
f 1685/2815/1884 717/839/815 1688/1973/1885
f 2752/3712/3384 717/839/815 1685/2815/1884
f 1239/1449/1393 3686/4323/3854 4400/1448/1392
f 1222/1433/1378 1221/1431/1376 886/1045/1012
f 886/1045/1012 1221/1431/1376 4006/675/654
f 4394/5289/4407 789/931/904 3742/4354/3885
f 4217/4352/3883 789/931/904 4394/5289/4407
f 1743/2049/1950 1745/2047/1948 1741/2046/1947
f 450/525/504 2222/2612/2442 2022/5239/2240
f 2222/2617/2442 2023/2379/2239 2022/2380/2240
f 1462/1709/1632 3737/4386/3906 1101/1299/1249
f 1462/1709/1632 2009/1710/1633 3737/4386/3906
f 3829/4492/3983 4286/5083/4340 128/151/145
f 4286/5083/4340 129/150/144 128/151/145
f 3534/4150/2994 2034/2391/2251 2166/5253/2382
f 2166/5253/2382 2034/2391/2251 2036/2389/2249
f 2413/5310/2633 110/130/126 112/128/124
f 2415/2836/2634 110/2837/126 2413/2835/2633
f 2495/2924/2710 3024/3521/3224 3023/3522/3225
f 3024/3521/3224 2495/2924/2710 2494/2925/2711
f 4217/4352/3883 4394/5289/4407 4218/4982/4286
f 3685/4322/3853 4256/4339/3869 4255/5030/4316
f 4256/4339/3869 3684/4321/3852 4255/5030/4316
f 1876/3272/3008 876/1031/1001 877/1030/1000
f 1574/1839/1760 1576/1837/1758 4193/2296/2167
f 1574/1839/1760 4193/2296/2167 2456/2886/2674
f 1876/3272/3008 877/1030/1000 2809/3271/3007
f 2748/3193/2947 2747/3194/2948 272/316/301
f 3924/4610/4064 2808/3273/3009 1046/1234/1190
f 1046/1234/1190 2808/3273/3009 1047/1233/1189
f 4401/5311/4412 2196/874/850 134/158/151
f 1948/2302/2173 1392/1632/1562 3747/4395/3914
f 1392/1632/1562 1948/2302/2173 1393/1631/1561
f 3430/4017/3615 2271/2671/2497 3446/2672/2498
f 1649/1929/1842 4402/5312/4413 2511/1213/1171
f 2511/1213/1171 4403/1630/1560 593/694/673
f 4363/5199/4382 2196/874/850 4401/5311/4412
f 2271/2671/2497 4363/5199/4382 4401/5311/4412
f 3276/3834/3475 4401/5311/4412 134/158/151
f 1643/1915/1831 4010/1916/1832 1246/1458/1402
f 4179/3850/3488 1246/1458/1402 4010/1916/1832
f 4010/1916/1832 1644/1918/1834 4179/3850/3488
f 3372/3948/3561 2916/3396/3116 2918/3394/3114
f 3372/3948/3561 2918/3394/3114 2574/3011/2790
f 2453/2883/2671 2494/2925/2711 3018/3513/3217
f 3018/3513/3217 3452/4047/3640 2453/2883/2671
f 498/580/559 3699/4341/3871 4256/4339/3869
f 3555/4171/3733 3804/1767/1689 2114/2483/2331
f 3937/1253/1206 3176/3715/3386 1141/1341/1291
f 2562/2999/2778 150/174/166 2084/172/164
f 1698/3198/1899 2754/3199/2952 4198/4952/4269
f 2538/2973/2754 2441/2869/2659 2403/2823/2623
f 2403/2823/2623 2441/2869/2659 253/296/281
f 2294/2699/2522 1235/1447/1391 4388/4182/3742
f 2785/2/2 1618/1887/1805 2/1/1
f 2785/2/2 809/953/926 1618/1887/1805
f 281/328/313 3256/3811/3457 255/298/283
f 3256/3811/3457 1036/1223/1179 255/298/283
f 1810/2122/2016 1809/2123/2017 3623/4247/3792
f 3625/4248/3793 3640/4264/2375 3623/4247/3792
f 2554/2988/2768 3476/4069/3659 2091/2450/2304
f 2554/2988/2768 2553/2989/2769 3476/4069/3659
f 1235/1447/1391 1988/2343/2208 4388/4182/3742
f 1235/1447/1391 1986/2345/2210 1988/2343/2208
f 3553/4167/3730 1213/1424/1369 550/641/620
f 3553/4167/3730 2924/4819/3120 1213/1424/1369
f 3444/4036/3632 632/741/718 747/871/847
f 1174/1379/1326 3444/4036/3632 747/871/847
f 1572/3878/1754 3295/3855/3493 1004/1626/1556
f 1004/1626/1556 3295/3855/3493 1388/1625/1555
f 2900/3393/3113 1485/1736/1659 2921/3398/3118
f 3275/3835/3474 2271/2671/2497 3276/3834/3475
f 3276/3834/3475 2271/2671/2497 4401/5311/4412
f 1863/2193/2075 3216/2126/1541 4077/4770/4169
f 3396/3974/3585 4097/4803/4187 2153/2534/2371
f 1038/1225/1181 3396/3974/3585 2153/2534/2371
f 2869/3345/3068 3763/4413/3925 3060/3566/3260
f 423/486/466 422/487/467 3066/3572/3265
f 3066/3572/3265 422/487/467 796/939/912
f 2265/2662/2489 1054/1246/1199 3958/4641/4087
f 3958/4641/4087 1054/1246/1199 986/1169/1131
f 1715/2009/1917 2071/2430/2285 1713/2011/1919
f 1713/2011/1919 2071/2430/2285 2070/2431/2286
f 3837/4497/3987 1977/2336/2201 3212/2867/2657
f 4207/4967/4276 3275/3832/3474 2433/2858/2650
f 2433/2858/2650 2434/2859/2651 4207/4967/4276
f 1247/1457/1401 1246/1458/1402 4179/3850/3488
f 3986/4673/4106 767/895/871 891/1051/1018
f 891/1051/1018 1303/1523/1460 3986/4673/4106
f 3947/4355/3886 3592/4215/3764 2496/2928/2714
f 2503/2934/2720 147/171/163 1892/2226/2106
f 2503/2934/2720 947/1118/1082 2504/2933/2719
f 3416/5227/2302 546/636/615 548/634/613
f 2906/3562/1851 3057/3563/3257 1128/1328/1278
f 235/271/258 1128/1328/1278 3057/3563/3257
f 2458/5140/4365 2186/2567/2403 2043/2398/2258
f 2043/2398/2258 1794/2399/2259 2458/5140/4365
f 1709/2005/1913 1659/1946/1858 3871/4551/4019
f 3525/4141/3710 3871/4551/4019 1659/1946/1858
f 191/228/219 214/5069/235 205/4506/225
f 191/228/219 3182/3722/3390 214/5069/235
f 2714/3163/2919 2727/3176/2930 3391/4057/3650
f 2727/3176/2930 3392/3162/2918 3391/4057/3650
f 3932/1231/1187 1398/1638/1568 3900/4587/4047
f 2710/3157/2915 2708/3870/2913 785/920/894
f 945/1116/1080 2710/3157/2915 785/920/894
f 3490/4088/3674 2857/3328/3055 4155/4901/4237
f 2095/2455/2309 2857/3328/3055 3490/4088/3674
f 2053/2411/2270 123/898/469 3310/4947/4266
f 1831/2097/1991 4404/3778/3431 2930/3407/3126
f 2902/3380/3101 694/811/787 494/578/557
f 2653/3093/2861 2902/3380/3101 494/578/557
f 1698/3198/1899 4198/4952/4269 1697/5313/1896
f 1696/1985/1897 1698/1987/1899 1697/1984/1896
f 492/575/554 218/251/238 3570/4187/3745
f 3570/4187/3745 3077/3583/3276 492/575/554
f 2638/3079/2848 3828/4489/3980 4212/4974/4281
f 2880/3355/3077 2638/3079/2848 4212/4974/4281
f 979/1159/1121 1764/2079/1975 1020/1202/1161
f 979/1159/1121 1020/1202/1161 977/1161/1123
f 1892/2226/2106 947/1118/1082 2503/2934/2720
f 3293/3852/3490 299/347/332 582/678/657
f 299/347/332 301/345/330 582/678/657
f 4405/5314/4414 3112/5121/3316 3337/3904/3525
f 4405/5314/4414 3337/3904/3525 104/121/117
f 2619/3056/2828 4208/658/637 2804/3267/3003
f 3870/1125/1089 953/1126/1090 1660/1945/1857
f 3871/4551/4019 3870/1125/1089 1709/2005/1913
f 1469/1717/1640 2971/3449/3165 1470/1716/1639
f 2314/1718/1641 1470/1716/1639 2971/3449/3165
f 3482/4075/3664 2699/3144/671 1174/1379/1326
f 3809/4465/3963 2699/692/671 3482/4464/3664
f 2976/3451/3167 3796/4454/3955 2974/3453/3169
f 3128/3653/3335 5/5/4 4/6/5
f 5/5/4 3128/3653/3335 2384/2268/2141
f 1615/1886/1804 1754/2064/1961 1616/1885/1803
f 3384/3647/3332 1754/2064/1961 1615/1886/1804
f 1996/2355/2218 4405/5314/4414 104/121/117
f 3112/5121/3316 4405/5314/4414 1996/2355/2218
f 3325/3888/3514 4194/5315/4355 3323/3890/3515
f 1313/5106/1470 2786/3244/2988 2789/3246/2990
f 2786/5316/2988 1313/4186/1470 3570/4185/3745
f 3746/4544/3912 3131/5216/4153 37/558/537
f 3746/4544/3912 37/558/537 712/4543/809
f 1721/2020/1926 4306/3008/2787 1956/2311/2179
f 2117/2489/2334 2119/2487/2332 1627/875/851
f 311/359/344 2570/3006/2785 286/330/315
f 2570/3006/2785 311/359/344 310/360/345
f 2754/3199/2952 2752/5090/3384 4295/5088/4344
f 4295/5088/4344 4197/599/578 2754/3199/2952
f 769/4369/874 424/491/471 123/489/469
f 424/491/471 769/4369/874 1559/1820/1742
f 1661/3738/1856 1493/4649/1667 909/5317/1038
f 1493/1744/1667 2956/1071/1037 909/1072/1038
f 2470/2900/2688 4279/3891/3516 328/5281/364
f 2558/4140/2776 3524/4138/3709 2559/4995/2775
f 910/1070/1036 2559/4995/2775 3524/4138/3709
f 3395/3972/3583 2194/2578/2412 4097/4803/4187
f 3395/3972/3583 4097/4803/4187 3396/3974/3585
f 2292/2694/2517 1716/2014/1921 4220/4984/4288
f 2290/2696/2519 2292/2694/2517 4220/4984/4288
f 1599/1863/1784 336/387/372 335/388/373
f 1839/2164/2050 336/387/372 1599/1863/1784
f 3796/4454/3955 2976/3451/3167 1465/1711/1634
f 1279/1497/1438 609/710/689 1280/1496/1437
f 2662/3098/2866 2657/513/492 4314/4314/3848
f 366/5163/393 4075/4821/4167 367/5016/4309
f 3357/3929/3544 1393/1631/1561 3356/3578/3271
f 1279/1497/1438 1283/712/691 609/710/689
f 1283/712/691 1279/1497/1438 1281/1495/1436
f 3023/3522/3225 2491/2923/2709 3053/3555/3253
f 3023/3522/3225 3053/3555/3253 2495/2924/2710
f 403/464/445 412/476/457 2633/3073/2842
f 403/464/445 4145/500/479 412/476/457
f 101/116/112 2988/3467/3181 1227/1440/1384
f 101/116/112 102/114/110 2988/3467/3181
f 838/987/959 4085/813/789 697/814/790
f 1507/1759/1681 838/987/959 3034/3538/3237
f 2030/3992/3597 482/2790/544 2373/2791/2597
f 1948/2302/2173 4406/3498/3203 1393/1631/1561
f 1393/1631/1561 4406/3498/3203 3356/3578/3271
f 3994/4681/4113 1941/1015/987 1302/3957/3570
f 1941/1015/987 3994/4681/4113 4046/2670/2496
f 289/333/318 310/360/345 312/358/343
f 310/360/345 289/333/318 2570/3006/2785
f 2753/3200/2953 1698/3198/1899 1143/5318/1293
f 2507/2938/2724 2982/5319/3174 1143/1343/1293
f 1331/1556/1491 2577/2714/2535 1332/1555/1490
f 2147/3777/2365 1831/2097/1991 1832/2156/2043
f 3745/4394/3913 3131/4750/4153 3746/4393/3912
f 1468/1713/1636 4311/5111/4353 4087/4792/4180
f 867/1018/990 1252/1466/1410 3629/4255/3799
f 867/1018/990 3629/4255/3799 3630/4254/3798
f 4378/472/453 2363/4063/2585 2364/2780/2587
f 4153/4889/4234 1783/2098/746 120/138/134
f 1783/770/746 4153/5320/4234 658/2628/748
f 2950/639/618 4241/5011/4305 550/641/620
f 244/5321/273 1658/1943/1855 249/906/277
f 2274/2676/2502 3338/3905/3526 2796/3906/3527
f 3338/3905/3526 2273/2675/2501 510/596/575
f 3925/3617/3307 3104/3615/3305 1959/2317/2185
f 3925/3617/3307 1959/2317/2185 1468/1713/1636
f 1879/2210/2090 2619/3056/2828 2620/3059/2831
f 4208/658/637 2619/3056/2828 1879/2210/2090
f 4217/4352/3883 3741/4388/3908 1849/2172/2058
f 3978/4028/3624 1849/2172/2058 3741/4388/3908
f 197/226/217 198/224/215 1702/1992/1903
f 1169/1374/1321 3310/4947/4266 3640/2538/2375
f 2052/2409/2268 3310/4947/4266 1169/1374/1321
f 3858/4533/4010 3463/4054/3647 3857/4532/4009
f 3161/3690/3367 927/1092/1058 4086/4790/4178
f 927/1092/1058 1268/1093/1059 4086/4790/4178
f 2983/3461/3176 1142/1344/1294 1696/1985/1897
f 2983/3461/3176 2507/2938/2724 1142/1344/1294
f 4086/4790/4178 1519/1774/1696 3161/3690/3367
f 1519/1774/1696 4086/4790/4178 1518/1775/1697
f 1613/3665/3346 401/460/441 3136/4739/3345
f 402/459/440 401/460/441 1613/3665/3346
f 1983/1783/1705 103/119/115 1893/2225/2105
f 1683/1970/1882 4284/145/139 1762/143/137
f 2373/2791/2597 2372/2789/2596 1156/1359/1306
f 2372/2789/2596 479/1358/541 1156/1359/1306
f 4378/472/453 2364/2780/2587 1199/1405/1351
f 1131/1331/1281 3627/5322/3796 1132/1330/1280
f 3627/4251/3796 1702/1992/1903 1985/3020/2207
f 941/1111/1075 1570/1832/1753 3905/4594/4053
f 3905/4594/4053 1570/1832/1753 3904/4592/4051
f 3188/3385/3106 172/197/188 4407/3042/2816
f 2911/3386/3107 172/197/188 3188/3385/3106
f 2158/2540/2377 695/812/788 2353/2127/2019
f 2486/2916/2702 695/812/788 2158/2540/2377
f 3977/4661/4100 3736/4656/3905 4252/5024/4315
f 3736/4385/3905 3977/4662/4100 3371/3945/3559
f 1369/1599/1529 1368/1600/1530 2659/1613/1543
f 1685/1972/1884 4294/5089/4345 2752/5090/3384
f 3308/3873/3504 1685/1972/1884 1686/1971/1883
f 1872/2204/2084 4004/789/765 4003/4696/4122
f 278/326/311 1217/1430/1375 825/974/946
f 1219/1428/1373 825/974/946 1217/1430/1375
f 1250/1522/1404 1105/1306/1256 3115/3634/3321
f 3308/3873/3504 4197/599/578 4295/5088/4344
f 1803/2159/2045 2865/5153/3062 1804/3089/2008
f 2865/5153/3062 1803/2159/2045 470/2320/525
f 95/127/123 4251/2600/2432 4252/5024/4315
f 95/127/123 4252/5024/4315 3736/4656/3905
f 2768/3650/2967 754/5323/859 3126/3649/3333
f 2766/3651/2969 3126/3649/3333 754/5323/859
f 3043/3546/3245 4073/933/906 3041/3545/3244
f 2616/3055/2827 2614/3053/2825 3400/3982/3589
f 1565/1828/1749 2616/3055/2827 3400/3982/3589
f 1669/1952/1864 1668/1953/1865 3991/4678/4111
f 3992/4679/4112 3985/4672/4105 3991/4678/4111
f 3775/4427/3937 2586/5224/4391 212/5222/202
f 1132/1330/1280 3627/5322/3796 1985/2342/2207
f 2354/2772/2579 1340/1565/1500 3121/3642/3327
f 2354/2772/2579 3121/3642/3327 2408/2826/2626
f 194/2073/1969 4127/4848/4210 4128/3341/3064
f 3866/5324/4015 713/832/808 712/833/809
f 3866/5324/4015 3235/3977/538 713/832/808
f 3966/2720/2539 3733/4384/3904 1163/1363/1310
f 1777/1778/1700 1225/1435/1380 3902/4590/4049
f 904/1065/1032 3902/4590/4049 1225/1435/1380
f 804/947/920 3090/3598/3290 2858/3329/3056
f 877/1030/1000 533/621/600 2858/3329/3056
f 3300/4637/4083 1270/1485/1428 1298/1516/1455
f 2763/3215/2965 1652/1933/1846 2814/3278/3014
f 2815/3280/3016 1652/1933/1846 1651/1930/1843
f 4017/4714/4132 1878/2208/2088 1821/2135/2027
f 1878/2208/2088 4048/4751/4154 972/1152/1115
f 2451/2880/2669 3229/3780/3433 2379/2797/2601
f 225/262/249 3229/3780/3433 2451/2880/2669
f 2741/3189/2943 2725/3174/2928 2762/3208/2961
f 2741/3189/2943 3140/3667/3348 2725/3174/2928
f 2683/3125/2890 1021/1204/1163 2684/1201/1160
f 1140/1339/1289 1021/1204/1163 2683/3125/2890
f 382/440/421 3723/4367/3895 2726/3175/2929
f 2726/3175/2929 3723/4367/3895 1653/1932/1845
f 767/895/871 1886/2219/2099 4257/2221/2101
f 1886/2219/2099 1888/2217/2097 4257/2221/2101
f 625/732/709 3934/4621/4073 626/731/708
f 3934/4621/4073 625/732/709 4031/4731/4140
f 4128/3341/3064 3707/4347/3877 1376/1609/1539
f 3707/4347/3877 3216/1611/1541 1376/1609/1539
f 544/3708/611 54/66/65 3529/1849/1770
f 1993/2350/2214 1668/1953/1865 1672/1955/1867
f 1992/2351/2215 3992/4679/4112 1993/2350/2214
f 803/948/921 2239/2641/2468 3091/3599/3291
f 3091/3599/3291 2239/2641/2468 2241/2639/2466
f 3625/4248/3793 3624/4249/3794 4408/2539/2376
f 1668/1953/1865 3992/4679/4112 3991/4678/4111
f 1668/1953/1865 1993/2350/2214 3992/4679/4112
f 1833/2160/2046 3583/4197/3753 3584/4200/3756
f 3584/4200/3756 2188/2569/2405 1833/2160/2046
f 138/148/142 127/146/140 1353/1580/1510
f 127/146/140 3697/126/122 1353/1580/1510
f 218/251/238 2788/3242/2986 2787/3243/2987
f 3570/4187/3745 218/251/238 2787/3243/2987
f 2526/2959/2743 1772/244/234 2527/2958/2742
f 1878/2208/2088 1877/2209/2089 3418/4000/3603
f 1877/2209/2089 1819/2137/2029 3418/4000/3603
f 2368/2784/2591 1649/1929/1842 2430/2853/2645
f 2430/2853/2645 1649/1929/1842 1648/1928/1841
f 4047/4749/4152 461/537/516 1066/1259/1212
f 4047/4749/4152 540/626/605 461/537/516
f 2713/5000/2917 2712/796/772 4176/4931/4256
f 1430/1669/1597 4176/4931/4256 2712/796/772
f 2284/2684/2508 3727/4377/3897 3726/4378/3898
f 3727/4377/3897 2284/2684/2508 2442/2870/2660
f 3656/4283/3824 3492/4090/3676 3144/3670/3351
f 3656/4283/3824 3144/3670/3351 4244/5014/4308
f 4410/4296/2995 2163/218/209 3534/4150/2994
f 1635/1906/1823 4408/2539/2376 3624/4249/3794
f 3423/4972/4279 460/533/512 459/534/513
f 314/362/347 2445/2873/2663 3083/3591/3283
f 314/362/347 3083/3591/3283 315/361/346
f 673/785/761 823/5325/943 674/784/760
f 1348/1578/1508 823/5325/943 673/785/761
f 3269/2703/2526 489/569/548 3194/3743/3401
f 4231/4998/4298 2737/3185/2939 369/422/404
f 1711/2007/1915 4174/4925/4252 1712/2006/1914
f 1714/2010/1918 1712/2006/1914 4174/4925/4252
f 3194/3743/3401 489/569/548 488/570/549
f 488/570/549 3192/3741/3399 3194/3743/3401
f 380/436/417 3886/4572/4036 381/426/408
f 1120/1320/1270 315/361/346 3919/4608/4062
f 3549/4162/3725 4308/4161/3724 2108/2743/2322
f 3549/4162/3725 2108/2743/2322 2332/2745/2555
f 4203/4961/4273 2643/3084/2853 3984/5280/4104
f 1500/1750/1672 3984/5280/4104 2643/3084/2853
f 4402/5312/4413 1649/1929/1842 4403/1630/1560
f 3721/3801/3450 202/232/223 3702/1871/1792
f 1476/1728/1649 3715/1726/1647 2852/3322/3052
f 3722/4366/3894 2539/2974/2755 1479/1729/1650
f 2539/2974/2755 1050/1236/1192 1479/1729/1650
f 823/1577/943 1349/1575/1507 3824/5326/3977
f 1349/1575/1507 3149/3783/3356 3824/5326/3977
f 1202/1406/1352 2512/2943/2729 1515/1769/1691
f 2512/2943/2729 1202/1406/1352 472/549/528
f 1241/1453/1397 3436/4027/3623 3974/4660/4099
f 1847/2174/2060 3974/4660/4099 3436/4027/3623
f 3619/4240/3787 3618/4241/3788 748/873/849
f 3618/4241/3788 1039/1224/1180 748/873/849
f 2758/3204/2957 2047/2404/2263 265/308/293
f 10/13/12 4008/4857/4216 3313/3876/3506
f 3728/4379/3899 472/549/528 471/550/529
f 472/549/528 3728/4379/3899 2512/2943/2729
f 3631/5327/3800 70/88/85 82/5192/97
f 3628/4253/3797 70/4252/85 3631/4256/3800
f 3862/3311/3043 3612/4234/3782 650/762/738
f 3612/4234/3782 1989/2346/2211 650/762/738
f 2282/2686/2510 1415/1657/1585 2696/3139/2901
f 2696/3139/2901 1415/1657/1585 1039/1224/1180
f 2441/2869/2659 4014/4711/4130 253/296/281
f 4014/4711/4130 244/286/273 253/296/281
f 1775/2086/1982 1743/2049/1950 1741/2046/1947
f 3359/3933/3547 1165/1366/1313 1164/1367/1314
f 1165/1366/1313 3359/3933/3547 1495/1745/1668
f 1546/2235/2115 4124/4843/4207 25/35/34
f 25/5328/34 4124/4844/4207 1552/1808/1730
f 2076/2436/2291 689/807/783 862/1013/985
f 2076/2436/2291 690/806/782 689/807/783
f 2448/2874/2664 2447/2875/2665 2499/2929/2715
f 2448/2874/2664 2499/2929/2715 2928/3403/3122
f 960/1138/1102 964/1140/1104 961/1137/1101
f 2989/3468/3182 964/1140/1104 960/1138/1102
f 760/890/866 759/891/867 4105/4808/4192
f 4215/1163/1125 760/890/866 4105/4808/4192
f 3116/3638/3324 1031/1216/1174 2829/1214/1172
f 2829/1214/1172 2828/3295/3027 3116/3638/3324
f 180/204/195 3839/4507/3989 188/4680/207
f 191/228/219 3839/4507/3989 180/204/195
f 695/812/788 525/610/589 1814/2131/2023
f 1814/2131/2023 2353/2127/2019 695/812/788
f 3410/3993/3381 3241/3794/3444 3171/3795/3445
f 2705/3152/2910 1193/1398/1344 3956/4639/4085
f 2913/3388/3109 4069/4895/4235 2911/3386/3107
f 763/893/869 179/205/196 4069/4895/4235
f 124/2325/4415 3987/4675/4108 1095/1295/1245
f 4112/4674/4107 3987/4675/4108 124/2325/4415
f 1946/2299/2170 4213/4976/4283 3441/4035/3631
f 1946/2299/2170 3441/4035/3631 1947/2298/2169
f 4069/4895/4235 179/205/196 2911/3386/3107
f 179/205/196 172/197/188 2911/3386/3107
f 4044/4748/4151 3092/3600/3292 2989/3468/3182
f 4044/4748/4151 2989/3468/3182 960/1138/1102
f 3708/2970/2751 1148/1350/1300 1145/1347/1297
f 3241/3794/3444 3240/5329/3443 3170/3796/3380
f 3240/5329/3443 3241/3794/3444 2373/2791/2597
f 1770/5330/1979 245/291/272 822/968/941
f 4109/5058/4197 1770/5330/1979 822/968/941
f 2122/2495/2338 2121/2496/2339 836/2146/590
f 2949/3427/3144 3832/3426/3143 551/640/619
f 910/1070/1036 2949/3427/3144 4111/4818/4198
f 4111/4818/4198 2949/3427/3144 551/640/619
f 551/640/619 1213/1424/1369 4111/4818/4198
f 3149/3676/3356 4307/5331/3435 3154/3684/3361
f 773/3683/881 3154/5332/3361 4307/3784/3435
f 4380/5246/4396 1603/1868/1789 292/336/321
f 4380/5246/4396 292/336/321 291/337/322
f 3988/4708/4128 2896/3370/3092 3382/3960/3573
f 2896/3370/3092 3567/790/766 3382/3960/3573
f 4308/5333/3724 2924/4819/3120 3553/4167/3730
f 4308/5333/3724 3553/4167/3730 2108/2470/2322
f 3975/848/824 3085/3592/3284 3086/3594/3286
f 3085/3592/3284 1589/1853/1774 3086/3594/3286
f 2230/2625/2453 278/326/311 280/324/309
f 280/324/309 3292/3851/3489 2230/2625/2453
f 3988/4708/4128 1481/1732/1653 1480/1733/1654
f 731/856/832 3445/4038/3634 737/862/838
f 3445/4038/3634 738/861/837 737/862/838
f 2500/2932/2718 2966/3445/3161 4278/5072/4332
f 1373/1605/1535 507/588/567 4278/5072/4332
f 4112/4674/4107 124/2325/3628 2651/3092/2860
f 1683/1970/1882 1762/143/137 1684/1969/1881
f 3751/4400/3916 3598/4221/3770 1750/2057/1955
f 3598/4221/3770 4358/4222/3771 1750/2057/1955
f 3558/3768/3424 1713/2011/1919 2070/2431/2286
f 3558/3768/3424 1714/2010/1918 1713/2011/1919
f 1115/1315/1265 2406/2825/2625 2423/2845/2641
f 2426/2153/2040 2423/2845/2641 2406/2825/2625
f 3939/4627/4076 3252/3809/3455 2829/1214/1172
f 2154/2533/2370 1037/1222/1178 2953/3433/3150
f 2154/2533/2370 2953/3433/3150 515/602/581
f 3622/4244/3791 2817/3282/3018 61/74/71
f 3622/4244/3791 2816/3281/3017 2817/3282/3018
f 3675/2751/2561 3566/4183/3743 2336/2750/2560
f 3933/4619/4071 908/1069/1035 2308/2710/2531
f 908/1069/1035 3933/4619/4071 114/1068/86
f 3548/4135/3706 3911/4780/4057 3522/4134/3705
f 778/2240/2119 3309/3143/2904 739/863/839
f 778/2240/2119 3487/4084/3671 3309/3143/2904
f 3200/3748/3406 1120/1320/1270 3919/4608/4062
f 1120/1320/1270 3200/3748/3406 3199/3749/3407
f 1373/1605/1535 4278/5072/4332 2966/3445/3161
f 2609/3050/2822 1373/1605/1535 2966/3445/3161
f 3315/2636/2463 4409/5334/4416 1829/2635/2462
f 4409/5334/4416 3315/2636/2463 4165/4791/4179
f 1730/2033/1936 4390/5282/4404 3642/466/447
f 1443/1685/1611 4066/4764/4166 1444/1684/1610
f 4267/2942/2728 1444/1684/1610 4066/4764/4166
f 175/200/191 1008/1190/1150 1009/1192/1151
f 1009/1192/1151 1008/1190/1150 3179/3720/3388
f 3201/3750/3408 981/1162/1124 4215/1163/1125
f 981/1162/1124 3201/3750/3408 978/1160/1122
f 3397/3975/3586 3237/3790/3440 711/831/807
f 3397/3975/3586 13/14/13 3237/3790/3440
f 1691/1977/1889 4333/5138/4364 4261/5037/4320
f 1691/1977/1889 4261/5037/4320 3765/4416/3928
f 3701/4342/3872 3702/1871/1792 3183/3723/3391
f 1791/2105/1998 3702/1871/1792 3701/4342/3872
f 3249/3802/3451 3052/3554/3252 1624/1895/1813
f 3063/3570/3263 1624/1895/1813 3052/3554/3252
f 4411/4087/3673 1390/1628/1558 2365/2783/2590
f 4155/4901/4237 4319/5115/4357 1390/1628/1558
f 667/779/755 4064/5300/1958 668/778/754
f 4065/4763/4165 666/780/756 668/778/754
f 4065/4763/4165 668/778/754 4064/5300/1958
f 4064/5300/1958 669/781/757 4065/4763/4165
f 1461/1705/1628 1460/1706/1629 3738/2809/2613
f 1459/1707/1630 3738/2809/2613 1460/1706/1629
f 1507/1759/1681 3034/3538/3237 2536/2972/2753
f 1507/1759/1681 2536/2972/2753 2538/2973/2754
f 3548/4135/3706 3430/4017/3615 3518/4128/3703
f 3518/4128/3703 3911/4780/4057 3548/4135/3706
f 3766/4415/3927 3875/4557/4025 17/21/20
f 3766/4415/3927 17/21/20 1691/1977/1889
f 3847/4520/3998 3303/3866/3500 3846/4522/4000
f 3847/5035/3998 2244/2644/2471 3303/5052/3500
f 2477/2908/2694 1436/1681/1607 2478/2907/2693
f 2478/2907/2693 1436/1681/1607 1440/1682/1608
f 2148/2526/2364 3314/3877/3507 2145/2525/2363
f 1832/3635/2043 3314/3877/3507 2148/2526/2364
f 1584/5335/1768 1582/1846/1767 1873/2205/2085
f 1089/1289/1239 1584/5335/1768 2647/3088/2857
f 358/410/392 363/415/397 359/409/391
f 3773/4598/3935 3447/4039/3635 2476/2905/2691
f 2476/4798/2691 4091/4796/4182 3773/4797/3935
f 381/426/408 3886/4572/4036 354/425/407
f 2757/3202/2955 1673/1961/1873 4348/1959/1871
f 2757/3202/2955 4348/1959/1871 3717/3624/3313
f 1104/1302/1252 1463/1708/1631 1100/1300/1250
f 1104/1302/1252 1100/1300/1250 2848/3317/3048
f 2309/2712/2533 1404/1644/1574 4282/5074/4334
f 1404/1644/1574 1407/1645/1575 3360/3934/3548
f 176/199/190 1884/2216/2096 1883/2214/2094
f 1188/1397/1343 1883/2214/2094 1884/2216/2096
f 1967/2326/2191 4318/3148/2906 1665/1951/1863
f 4318/3148/2906 1666/1950/1862 1665/1951/1863
f 2236/5336/2461 1432/1675/1602 2145/2524/2363
f 2236/5336/2461 1384/1674/1554 1432/1675/1602
f 1439/1683/1609 2479/2906/2692 1440/1682/1608
f 1439/1683/1609 735/857/833 2479/2906/2692
f 4335/28/27 3659/26/25 518/605/584
f 518/605/584 3659/26/25 519/604/583
f 1242/1452/1396 3252/3809/3455 3939/4627/4076
f 3939/4627/4076 1240/1454/1398 1242/1452/1396
f 57/71/69 2290/5005/2519 3881/4563/4030
f 3881/4563/4030 55/70/68 57/71/69
f 3826/4488/3979 1370/1604/1534 3835/1616/1546
f 1370/1604/1534 4027/1601/1531 3835/1616/1546
f 3537/4151/3715 2847/3316/3047 2848/3317/3048
f 3515/4123/3699 3602/4225/3774 4410/4296/2995
f 1768/2080/1976 967/1146/1110 2146/2523/2362
f 47/57/56 1271/1484/1427 1268/1093/1059
f 47/57/56 1269/1486/1429 1271/1484/1427
f 3290/4825/3486 468/543/522 1106/1305/1255
f 1249/1461/1405 3290/3848/3486 1106/5337/1255
f 1181/1384/1331 4350/1385/1332 4351/5182/4378
f 3490/4088/3674 4155/4901/4237 4411/4087/3673
f 4155/4901/4237 1390/1628/1558 4411/4087/3673
f 1260/1470/1414 3486/4081/3669 4412/4082/3670
f 4412/5338/3670 1906/2243/2122 1905/2244/2123
f 1829/2635/2462 1830/4910/4242 2236/2634/2461
f 2807/3269/3005 3206/5123/3412 499/579/558
f 4091/4796/4182 3299/3861/3497 3774/4795/3934
f 4091/4796/4182 2476/4798/2691 3299/3861/3497
f 1885/2215/2095 1009/1192/1151 3179/3720/3388
f 3178/3721/3389 1885/2215/2095 3179/3720/3388
f 1897/2230/2110 1830/4910/4242 1898/2229/2109
f 1830/4910/4242 1829/2635/2462 4409/5334/4416
f 3303/3866/3500 1260/5339/1414 2242/2643/2470
f 999/1181/1143 2261/2659/2486 396/5007/436
f 2261/4025/2486 611/717/694 396/455/436
f 851/1001/973 853/999/971 4034/4969/4141
f 853/1355/971 725/2589/823 4034/4732/4141
f 2242/2643/2470 1904/2245/2120 3711/4351/3882
f 1904/2241/2120 438/511/490 3711/5340/3882
f 1272/1376/1323 629/738/715 631/736/713
f 631/736/713 4292/5086/4343 1272/1376/1323
f 2982/5341/3174 2753/3200/2953 1143/5318/1293
f 2982/5341/3174 2752/5090/3384 2753/3200/2953
f 3323/3890/3515 4194/5315/4355 4129/5133/4211
f 2411/2832/2631 2412/2831/2630 4413/5342/4417
f 597/699/678 3671/4297/3837 2412/2831/2630
f 435/507/486 3880/4070/3660 436/506/485
f 3464/4055/3648 4367/5208/4384 3449/767/743
f 11/11/10 4133/4856/4215 3312/1925/1838
f 1223/1434/1379 4133/4856/4215 11/11/10
f 1170/5078/1320 3640/4264/2375 3641/4266/3809
f 3641/4266/3809 3967/4653/4093 1170/5078/1320
f 2862/3334/3059 2314/2715/1641 2118/2488/2333
f 2117/2489/2334 2862/3334/3059 2118/2488/2333
f 4347/5172/4376 850/996/968 849/997/969
f 849/997/969 3574/5171/3749 4347/5172/4376
f 2061/115/111 1095/1295/1245 1968/2327/2192
f 3080/3588/3280 2061/115/111 1968/2327/2192
f 3698/5343/3868 4033/4733/4142 725/2589/823
f 3698/5343/3868 3932/4968/1187 4033/4733/4142
f 317/367/352 1601/1866/1787 2933/3409/3128
f 317/367/352 4414/365/350 1601/1866/1787
f 2916/3396/3116 1471/1720/1643 1426/823/799
f 2916/3396/3116 3372/3948/3561 1471/1720/1643
f 4072/2271/2143 1464/1712/1635 1924/2273/2145
f 1924/2273/2145 1464/1712/1635 624/728/705
f 452/523/502 3944/2936/2722 3945/808/784
f 3026/3524/3227 4021/4721/3226 2152/3257/2368
f 4375/33/32 43/51/50 24/32/31
f 1031/1216/1174 3072/3579/3272 1032/1215/1173
f 1240/1454/1398 1032/1215/1173 3688/4325/3856
f 2801/3262/3000 2315/3261/2538 358/410/392
f 358/410/392 2631/3264/2841 2801/3262/3000
f 4410/4296/2995 192/220/211 2163/218/209
f 3602/4225/3774 192/220/211 4410/4296/2995
f 816/962/935 3456/4049/3642 1167/1370/1317
f 3456/4049/3642 3359/3933/3547 1167/1370/1317
f 577/670/649 1837/2161/2047 2866/3340/3063
f 2866/3340/3063 1837/2161/2047 1597/1862/1783
f 3515/4123/3699 4410/4296/2995 686/802/778
f 1997/2357/2220 2035/2390/2250 3535/2056/1954
f 2163/218/209 3535/2056/1954 2035/2390/2250
f 2607/3047/2819 520/603/582 29/39/38
f 520/603/582 27/41/40 29/39/38
f 1013/5344/1157 610/714/692 608/715/690
f 501/583/562 3892/4577/4040 840/988/960
f 840/988/960 3892/4577/4040 1581/1844/1765
f 1374/2378/1536 2903/3729/3100 2020/2377/2238
f 1032/1215/1173 4415/5345/4418 3688/4325/3856
f 3688/4325/3856 4415/5345/4418 3073/3496/3201
f 418/2307/460 1953/2308/2177 2130/2508/2347
f 2130/2508/2347 1953/2308/2177 3392/3162/2918
f 1768/2080/1976 2146/2523/2362 1432/1675/1602
f 4409/5334/4416 1898/2229/2109 1830/4910/4242
f 4165/4791/4179 1898/2229/2109 4409/5334/4416
f 4221/4987/4289 1340/1565/1500 1342/1563/1498
f 4221/4987/4289 1342/1563/1498 2409/2830/2629
f 462/536/515 539/627/606 2975/3452/3168
f 462/536/515 2975/3452/3168 4071/535/514
f 2960/357/342 309/355/340 2961/2786/2593
f 309/355/340 1708/2004/1912 2961/2786/2593
f 2272/2674/2500 3430/4017/3615 3604/2581/2415
f 1089/1289/1239 1582/1846/1767 1584/5335/1768
f 1089/1289/1239 1583/1845/1766 1582/1846/1767
f 2942/680/659 538/628/607 583/682/661
f 3886/4572/4036 3887/4511/3992 354/425/407
f 4329/5202/4383 1361/1589/1519 3526/3953/3566
f 1361/1589/1519 160/187/178 3526/3953/3566
f 1063/4719/1209 1313/1533/1470 1312/1534/1471
f 1063/1256/1209 1062/1257/1210 1313/4186/1470
f 2962/3441/3157 2963/3440/3156 3317/3884/3510
f 3322/3885/3511 2962/3441/3157 3317/3884/3510
f 2681/3121/2886 606/708/687 3877/4559/4027
f 3877/4559/4027 3876/4558/4026 2681/3121/2886
f 2694/3135/2897 4274/5068/4329 4051/4753/4156
f 2693/3136/2898 4335/28/27 2694/3135/2897
f 2192/2576/2410 230/267/254 3059/3564/3258
f 230/267/254 2525/1500/1441 3059/3564/3258
f 1309/1528/1465 2878/5135/4362 2877/5148/3863
f 1309/1528/1465 724/845/821 2878/5135/4362
f 2945/3420/3137 4205/3463/3178 2984/3462/3177
f 2984/3462/3177 4205/3463/3178 2250/2648/2475
f 2926/3405/3124 2929/3406/3125 3246/3800/3449
f 2928/3403/3122 2929/3406/3125 2926/3405/3124
f 2250/2648/2475 4205/3463/3178 2251/2651/2478
f 3604/2581/2415 2196/874/850 2272/2674/2500
f 1833/2160/2046 2188/2569/2405 1803/2159/2045
f 1803/2159/2045 2188/2569/2405 1963/548/527
f 4415/5345/4418 3072/3579/3272 3073/3496/3201
f 4415/5345/4418 1032/1215/1173 3072/3579/3272
f 1047/1233/1189 2809/3271/3007 2687/3129/2892
f 1047/1233/1189 2808/3273/3009 2809/3271/3007
f 2048/2405/2264 3695/4334/3865 2979/3456/3172
f 1838/2165/2051 577/670/649 4085/4788/789
f 1608/2090/1797 3872/4552/4020 2718/3166/2922
f 1778/2089/1985 1608/2090/1797 2718/3166/2922
f 2521/4781/2738 1758/2071/1967 3261/3815/3461
f 633/740/717 3261/3815/3461 1758/2071/1967
f 3373/3949/3562 1530/1788/1710 4287/5082/4339
f 4287/5082/4339 1530/1788/1710 4396/5291/4409
f 2304/2705/2528 3992/4679/4112 1992/2351/2215
f 1992/2351/2215 1994/2353/2217 2304/2705/2528
f 1697/5313/1896 4198/4952/4269 3093/1525/1462
f 2563/4839/2515 4121/2691/2514 1871/2203/2083
f 4121/2691/2514 3210/3760/3418 1871/2203/2083
f 927/1092/1058 3161/3690/3367 932/1101/1065
f 45/59/58 927/1092/1058 932/1101/1065
f 2833/3304/3036 2717/3302/3034 2832/3301/3033
f 2832/3301/3033 678/794/770 2833/3304/3036
f 4225/4311/3844 2520/3168/2737 4226/4994/4295
f 4353/5185/1464 2520/2952/2737 4416/5346/2951
f 2750/1848/3228 53/67/66 1308/1529/1466
f 54/66/65 53/67/66 2750/1848/3228
f 3116/3638/3324 3356/3578/3271 4417/5347/4419
f 4417/5347/4419 3356/3578/3271 3072/3579/3272
f 231/266/253 2191/2577/2411 4266/269/256
f 230/267/254 2191/2577/2411 231/266/253
f 3910/2480/2328 3638/4263/3807 1682/1968/1880
f 1091/1292/1242 1152/3912/3532 2995/1351/3411
f 1260/1470/1414 1259/1471/1415 3486/4081/3669
f 3486/4081/3669 3838/4501/3988 1040/4902/1182
f 857/5104/977 425/490/470 1810/2492/2016
f 3830/4491/3982 3829/4492/3983 3840/4508/3990
f 3840/4508/3990 3829/4492/3983 128/151/145
f 2551/2987/2767 1812/2129/2021 1083/1283/1234
f 552/643/622 3695/4334/3865 2048/2405/2264
f 362/416/398 2690/3133/2895 363/415/397
f 1984/2341/2206 365/419/401 2690/3133/2895
f 4099/4828/3259 2524/2957/2741 1700/1989/1900
f 1700/1989/1900 2524/2957/2741 1771/2084/1980
f 1764/2079/1975 2729/4567/2932 1765/2078/1974
f 1765/5348/1974 2729/3178/2932 2686/5157/2891
f 1286/2462/1443 1285/5349/1444 2997/3477/3190
f 1285/1504/1444 1287/1502/1442 2416/2839/2635
f 2551/2987/2767 2553/2989/2769 2552/2990/2770
f 2553/2989/2769 2551/2987/2767 1083/1283/1234
f 361/417/399 1984/2341/2206 362/416/398
f 362/416/398 1984/2341/2206 2690/3133/2895
f 1285/5349/1444 2416/5350/2635 2997/3477/3190
f 1290/1505/1445 2416/2839/2635 814/959/932
f 1399/1637/1567 1434/1676/1603 1965/4935/2189
f 3136/3663/3345 4058/4980/4285 3137/3662/3344
f 3136/4739/3345 401/460/441 4058/4981/4285
f 475/3817/530 2521/4781/2738 3261/3815/3461
f 474/552/531 2521/2953/2738 475/551/530
f 4106/4810/4194 2729/4567/2932 1764/2079/1975
f 759/891/867 4106/4810/4194 4104/4809/4193
f 2018/2375/2237 3840/4508/3990 3375/3950/3563
f 3375/3950/3563 3840/4508/3990 128/151/145
f 1562/1821/1743 3757/5203/3920 3753/4402/3917
f 890/1048/1015 3975/848/824 3506/4112/3690
f 3162/3692/3369 3163/3691/3368 3164/3693/3370
f 3164/3693/3370 345/399/383 3162/3692/3369
f 4189/1547/1482 3826/4488/3979 1969/4946/4265
f 4189/1547/1482 1969/4946/4265 1326/1546/1481
f 2637/3076/2845 616/719/696 642/750/727
f 616/719/696 3535/2056/1954 642/750/727
f 3895/2468/2320 1292/1509/1449 1044/1230/1186
f 547/1153/614 2639/3080/2849 972/1152/1115
f 634/739/716 3394/3973/3584 746/872/848
f 2194/2578/2412 3394/3973/3584 634/739/716
f 3951/4634/4080 2455/2887/2675 1944/2297/2168
f 3951/4634/4080 1944/2297/2168 3454/4048/3641
f 4016/1958/1870 2756/3203/2956 2149/2529/2367
f 2149/2529/2367 2756/3203/2956 2150/2528/2366
f 3321/3886/3512 640/748/725 3460/4052/3645
f 3321/3886/3512 3460/4052/3645 3322/3885/3511
f 4156/3656/3338 2623/3063/2835 2624/3062/2834
f 2533/2966/2747 3836/4496/3986 2532/2967/2748
f 1917/2260/2134 3836/4496/3986 2533/2966/2747
f 3757/5203/3920 1562/1821/1743 3853/5351/4005
f 2143/2519/2358 591/690/669 2141/2521/2360
f 591/690/669 2143/2519/2358 1946/2299/2170
f 648/758/734 647/759/735 2674/3113/2878
f 2674/3113/2878 956/3110/1095 648/758/734
f 4156/3656/3338 2624/3062/2834 1109/1309/1259
f 1110/1308/1258 1109/1309/1259 2624/3062/2834
f 1620/61/60 3291/3847/3485 1644/1918/1834
f 3291/3847/3485 4179/3850/3488 1644/1918/1834
f 1290/5352/1445 2997/3477/3190 2416/5350/2635
f 646/5271/731 523/5353/586 183/210/201
f 183/210/201 523/5353/586 521/5354/585
f 2048/2405/2264 2299/2227/2107 2051/2406/2265
f 3736/4656/3905 3370/5355/3560 1684/1969/1881
f 4284/145/139 1684/1969/1881 3370/5355/3560
f 588/688/667 2005/689/668 1449/5190/1616
f 1413/1655/1583 209/236/227 208/237/228
f 1414/1654/1582 1413/1655/1583 3726/4378/3898
f 3054/3556/3254 4418/4691/4117 1876/3272/3008
f 2140/2518/2357 3373/3949/3562 3830/4491/3982
f 3830/4491/3982 3373/3949/3562 3831/4490/3981
f 2471/2899/2687 328/5281/364 1419/4108/1592
f 976/1156/1118 2471/2899/2687 1419/4108/1592
f 1802/3479/2007 4276/5070/4330 2327/2738/2551
f 4276/5070/4330 1802/3479/2007 4273/5067/4328
f 3530/4148/3713 950/1123/1087 4186/4940/4261
f 4186/4940/4261 2253/2652/2479 3530/4148/3713
f 167/189/180 3185/3725/3392 4209/4971/4278
f 4209/4971/4278 3185/3725/3392 3560/4173/3735
f 811/5356/929 25/5328/34 1552/1808/1730
f 1552/1808/1730 1551/1809/1731 811/5356/929
f 2032/2388/2248 2622/3061/2833 4070/2387/2247
f 498/580/559 413/475/456 3699/4341/3871
f 2496/2928/2714 3946/982/954 2799/3259/2998
f 2496/2928/2714 834/981/953 3946/982/954
f 3200/3748/3406 3920/4607/4061 1554/1811/1733
f 4203/4961/4273 568/660/639 18/25/24
f 4037/4737/4145 511/595/574 2608/3048/2820
f 511/595/574 505/590/569 2609/3050/2822
f 3344/503/482 3712/504/483 4079/3828/3470
f 3712/504/483 3713/1052/1019 4079/3828/3470
f 2609/3050/2822 2608/3048/2820 511/595/574
f 109/125/121 4080/4774/4172 3186/3727/3394
f 109/125/121 3697/126/122 4080/4774/4172
f 504/586/565 2930/3407/3126 3228/1147/1111
f 3213/3765/3421 3386/3964/3577 806/951/924
f 4241/5011/4305 306/354/339 2107/4884/4232
f 2107/4884/4232 306/354/339 2106/352/337
f 2805/3268/3004 2224/2615/2445 2901/2376/1538
f 2805/3268/3004 2654/3094/2862 2224/2615/2445
f 3450/4042/3637 1026/1207/1166 1023/1205/1164
f 4211/501/480 3450/4042/3637 1023/1205/1164
f 4382/5257/4398 40/105/101 34/3212/46
f 2829/1214/1172 3253/3808/3454 3254/3810/3456
f 4321/5117/4359 3254/3810/3456 3253/3808/3454
f 578/674/653 604/704/683 579/673/652
f 579/673/652 604/704/683 2259/2658/2485
f 3593/2002/1910 357/3500/3205 4289/5085/4342
f 596/696/675 595/697/676 4321/5117/4359
f 4320/5116/4358 4321/5117/4359 595/697/676
f 2823/3290/3023 4116/5357/4201 2824/3292/3024
f 4006/675/654 1221/1431/1376 2445/2873/2663
f 2700/3147/2905 4006/675/654 2445/2873/2663
f 818/966/939 820/964/937 3282/3839/3479
f 2648/4509/3991 2649/3644/3329 4344/5164/4372
f 4008/4978/4216 810/957/930 3313/4702/3506
f 812/958/931 810/957/930 4008/4978/4216
f 1516/1772/1694 3520/4970/4277 3045/3517/3220
f 304/350/335 3145/3671/3352 325/376/361
f 846/994/966 3145/3671/3352 3079/3584/3277
f 563/655/634 1214/1427/1372 1069/1262/1215
f 563/655/634 1069/1262/1215 1068/1263/1216
f 2856/3325/3054 940/1112/1076 3607/4228/3777
f 2666/3102/2870 1670/1957/1869 912/1076/1042
f 2666/3102/2870 912/1076/1042 2667/1074/1040
f 3920/4607/4061 315/361/346 3156/1766/1688
f 1554/1811/1733 3920/4607/4061 3156/1766/1688
f 3260/3814/3460 2259/2658/2485 4245/5018/4310
f 604/704/683 4245/5018/4310 2259/2658/2485
f 1231/1442/1386 460/533/512 3423/4972/4279
f 1971/1571/1503 1218/1429/1374 1345/1570/1502
f 1345/1570/1502 1218/1429/1374 1334/1557/1492
f 2856/3325/3054 1011/1193/1152 940/1112/1076
f 2438/5358/4420 2497/102/98 4273/5067/4328
f 965/1145/1109 3483/4077/3666 3982/5359/3726
f 1433/1673/1601 3982/4163/3726 1767/2081/1977
f 535/625/604 1232/1441/1385 1231/1442/1386
f 535/625/604 1231/1442/1386 3423/4972/4279
f 2805/3268/3004 2806/3270/3006 2654/3094/2862
f 2807/3269/3005 2654/3094/2862 2806/3270/3006
f 3672/4300/3838 2323/2117/2010 937/1108/1072
f 48/60/59 3606/3701/3378 1209/62/61
f 3173/3711/3383 1195/1400/1346 3214/3766/3422
f 805/952/925 3173/3711/3383 3214/3766/3422
f 934/1105/1069 936/1103/1067 931/1102/1066
f 936/1103/1067 45/59/58 931/1102/1066
f 1961/2315/2183 3015/3506/3211 3013/3503/3208
f 1961/2315/2183 1960/2316/2184 3015/3506/3211
f 1043/1232/1188 3861/4538/4011 851/1001/973
f 851/1001/973 4034/4969/4141 1043/1232/1188
f 4055/4756/4159 3748/4396/3915 3749/2456/2310
f 3748/4396/3915 2098/2458/2312 3749/2456/2310
f 3079/3584/3277 3145/3671/3352 304/350/335
f 3078/3585/3278 3079/3584/3277 304/350/335
f 2944/3421/3138 2249/2649/2476 3648/4275/3817
f 3648/4275/3817 3807/3160/2916 2944/3421/3138
f 1284/1499/1440 229/268/255 3306/3872/3503
f 3306/3872/3503 1018/1501/998 1284/1499/1440
f 3053/3555/3253 3437/2921/2707 4418/4691/4117
f 367/5016/4309 4075/4821/4167 2066/2421/2280
f 3017/3510/3214 1359/1590/1520 3959/3512/3216
f 3527/2251/2127 3959/3512/3216 1359/1590/1520
f 1034/1221/1177 2376/2795/2599 3245/3799/3448
f 1034/1221/1177 3245/3799/3448 508/1219/572
f 1509/1763/1685 3466/4060/3653 1085/1281/1232
f 2092/2453/2307 1085/1281/1232 3466/4060/3653
f 2061/115/111 2987/3466/3180 3056/103/99
f 186/214/205 1350/4475/1509 3016/3508/3213
f 4116/5357/4201 2823/3290/3023 260/5360/4033
f 3288/3846/3484 941/1111/1075 2173/2554/2391
f 3288/3846/3484 1570/1832/1753 941/1111/1075
f 334/383/368 296/343/328 298/341/326
f 305/351/336 334/383/368 298/341/326
f 3277/3833/2887 3276/3834/3475 134/158/151
f 134/158/151 136/156/150 3277/3833/2887
f 3982/5359/3726 3483/4077/3666 2384/4078/2141
f 1527/1785/1707 1130/1332/1282 2306/4707/4127
f 1130/1332/1282 4137/5361/4421 2306/4707/4127
f 1973/2330/2195 1613/3665/3346 3666/4292/3833
f 1613/3665/3346 3138/3666/3347 3666/4292/3833
f 1928/2276/2148 3343/3917/3534 1925/2275/2147
f 1928/2276/2148 1934/2284/2156 1708/2004/1912
f 955/1133/1097 4360/5195/4380 1139/1340/1290
f 955/1133/1097 3962/4992/4293 4359/5362/4422
f 4332/5137/4363 8/8/7 4331/1923/1836
f 1872/2204/2084 3211/3759/3417 4121/2691/2514
f 1872/2204/2084 4003/4696/4122 3211/3759/3417
f 1887/2218/2098 1592/1854/1775 2449/2878/2668
f 1304/1524/1461 1592/1854/1775 1887/2218/2098
f 1940/2290/2161 4332/5137/4363 3000/2088/1984
f 4332/5137/4363 1940/2290/2161 8/8/7
f 1535/1794/1716 3680/5363/4423 4201/3035/2809
f 1535/1794/1716 2939/3417/3134 3248/5013/4307
f 4048/4751/4154 1878/2208/2088 4017/4714/4132
f 4017/4714/4132 4039/4738/4146 4048/4751/4154
f 536/624/603 4013/4710/4129 537/623/602
f 4013/4710/4129 536/624/603 1850/2177/2063
f 3600/4224/3773 926/1089/1055 32/42/41
f 31/43/42 3600/4224/3773 32/42/41
f 1859/2190/2072 2469/2898/2686 3786/2189/2071
f 1496/4298/1669 1903/2239/2118 2103/2464/2316
f 1496/4298/1669 2103/2464/2316 3559/4168/3731
f 4359/5362/4422 3542/3111/2876 4360/5195/4380
f 4359/5362/4422 4360/5195/4380 955/1133/1097
f 3741/4388/3908 3786/2189/2071 2469/2898/2686
f 2660/3097/2865 4310/5108/4352 2993/3298/3030
f 2325/2732/2546 2324/2733/2547 2326/2734/2548
f 863/1012/984 2325/2732/2546 2326/2734/2548
f 4172/4921/4250 3049/3552/3250 181/208/199
f 657/768/744 3781/769/745 465/540/519
f 3781/769/745 4322/4433/3942 465/540/519
f 242/283/270 2892/3368/3090 2886/3362/3084
f 2886/3362/3084 243/282/269 242/283/270
f 2983/3461/3176 3212/2867/2657 1977/2336/2201
f 602/706/685 578/674/653 4316/4350/3880
f 578/674/653 602/706/685 604/704/683
f 1868/4872/2080 1864/2201/2079 1310/1531/1468
f 1864/2197/2079 1868/5364/2080 1913/4398/2132
f 1989/2346/2211 4366/1595/1525 1991/2347/2212
f 2207/2590/2423 2541/2975/2756 2205/2592/2425
f 2541/2975/2756 2207/2590/2423 4068/2140/2032
f 256/297/282 4096/4802/4186 2194/2578/2412
f 2194/2578/2412 4096/4802/4186 4097/4803/4187
f 391/445/426 4310/5108/4352 2660/3097/2865
f 391/445/426 2660/3097/2865 392/444/425
f 3672/4300/3838 937/1108/1072 2127/4299/2343
f 2127/4299/2343 937/1108/1072 938/1106/1070
f 1491/1742/1665 854/1004/976 4028/4729/4138
f 1491/1742/1665 4028/4729/4138 2345/2760/2570
f 3268/3823/3466 3802/4459/3960 3269/2703/2526
f 3268/3823/3466 3267/3824/3467 3802/4459/3960
f 3895/2468/2320 1293/1508/1448 1292/1509/1449
f 3004/3488/3196 2038/2392/2252 561/651/630
f 3004/3488/3196 561/651/630 560/652/631
f 4350/1385/1332 1180/1386/1333 2630/3070/2839
f 2630/3070/2839 1180/1386/1333 2628/1975/1887
f 3442/5213/3630 3262/3816/3462 3443/4037/3633
f 3442/5213/3630 3443/4037/3633 1947/3145/2169
f 269/314/299 3973/4659/4098 3972/5365/4097
f 3972/5365/4097 3973/4659/4098 257/2461/286
f 2325/2732/2546 863/1012/984 691/805/781
f 689/807/783 691/805/781 863/1012/984
f 2394/1548/1483 3873/4554/4022 1371/1603/1533
f 3873/4554/4022 547/1153/614 1371/1603/1533
f 3076/3582/3275 393/449/430 4190/4267/3810
f 3076/3582/3275 4190/4267/3810 2338/2754/2564
f 326/375/360 1636/1909/1826 1638/1907/1824
f 1636/1909/1826 326/375/360 325/376/361
f 2621/3060/2832 4059/4757/4160 2218/2611/2441
f 4059/4757/4160 1397/2012/1005 2218/2611/2441
f 2339/2753/2563 4190/4267/3810 4191/397/381
f 839/4175/958 2606/5366/2818 3562/4177/3738
f 2606/4422/2818 839/986/958 838/987/959
f 1015/1196/1155 1526/1784/1706 1280/2449/1437
f 1015/1196/1155 1014/1197/1156 1526/1784/1706
f 1079/1278/1230 4206/4966/2879 2546/2981/2761
f 1304/1524/1461 2000/2358/2221 1592/1854/1775
f 514/597/576 2000/2358/2221 1304/1524/1461
f 855/1002/974 4032/1003/975 844/992/964
f 855/1002/974 844/992/964 2344/2493/2336
f 2088/2448/2303 152/170/162 146/2935/2721
f 3220/5367/3426 56/69/55 2775/3229/2976
f 3220/3770/3426 1578/1843/1764 56/56/55
f 1193/1398/1344 1194/1401/1347 3956/4639/4085
f 4053/430/411 372/428/409 1673/1961/1873
f 283/319/304 3815/4473/3969 3271/3825/3468
f 273/3826/300 297/342/327 3271/3825/3468
f 2750/3527/1769 3027/3526/3229 1588/1850/1771
f 1588/5368/1771 1587/3487/1772 2750/3485/1769
f 3017/3510/3214 3927/638/617 1360/186/177
f 1280/5369/1437 609/713/689 1435/1678/1604
f 1435/1678/1604 1015/5370/1155 1280/5369/1437
f 1673/1961/1873 372/428/409 1674/1960/1872
f 372/428/409 3719/4363/3892 1674/1960/1872
f 2548/3740/2764 2675/3116/2881 4167/936/909
f 2675/3116/2881 4206/3114/2879 4167/936/909
f 2665/3101/2869 2664/3100/2868 3464/4055/3648
f 2664/3100/2868 4367/5208/4384 3464/4055/3648
f 391/445/426 2594/3029/2805 4310/5108/4352
f 2594/3029/2805 4309/5105/4351 4310/5108/4352
f 42/53/52 2749/3195/2949 3957/4640/4086
f 43/51/50 4375/33/32 2749/3195/2949
f 2443/2871/2661 169/194/185 168/195/186
f 2561/2998/2777 169/194/185 2443/2871/2661
f 3625/4248/3793 1809/2123/2017 1811/2124/2018
f 1809/2123/2017 3625/4248/3793 3623/4247/3792
f 271/5371/302 273/3826/300 3270/3827/3469
f 3270/3827/3469 3271/3825/3468 2748/4472/2947
f 1538/1797/1719 1537/1798/1720 1536/1793/1715
f 3445/4038/3634 1536/1793/1715 1537/1798/1720
f 2950/639/618 306/354/339 4241/5011/4305
f 2021/1239/1195 1051/498/477 1053/3718/1196
f 2021/1239/1195 3650/4277/3819 1051/498/477
f 3083/3591/3283 1074/1268/1221 1512/1765/1687
f 3083/3591/3283 1071/1266/1219 1074/1268/1221
f 1849/2172/2058 1858/2187/2069 4217/4352/3883
f 98/111/107 2900/3393/3113 2038/2392/2252
f 2900/3393/3113 98/111/107 97/112/108
f 1204/1414/1360 2797/1412/1358 2152/2530/2368
f 2151/2531/2369 1204/1414/1360 2152/2530/2368
f 3406/3987/3594 3400/3982/3589 1914/3988/2133
f 3743/4390/3910 3406/3987/3594 1867/2199/2081
f 1789/2101/1994 2770/3221/2970 2740/4429/3939
f 2770/3221/2970 1789/2101/1994 1788/2102/1995
f 2775/3229/2976 56/69/55 2776/3228/2975
f 55/70/68 2776/3228/2975 56/69/55
f 697/814/790 696/815/791 2537/2971/2752
f 696/815/791 576/4648/650 2537/2971/2752
f 3256/3811/3457 3255/2702/2525 248/287/274
f 1844/2169/2055 4369/5212/4386 248/287/274
f 1000/864/840 708/828/804 437/485/465
f 3965/1206/1165 2860/5309/3058 1711/5372/1915
f 1711/5372/1915 2818/3284/3019 3965/1206/1165
f 1918/2264/2138 3957/4640/4086 4375/33/32
f 3957/4640/4086 2749/3195/2949 4375/33/32
f 2150/2528/2366 1204/1414/1360 2151/2531/2369
f 1265/1479/1422 2150/2528/2366 2151/2531/2369
f 49/65/64 51/63/62 60/4886/72
f 60/75/72 51/92/62 76/90/87
f 2627/3068/2838 1900/2233/2113 60/4886/72
f 1901/2236/2116 1900/2233/2113 2627/3068/2838
f 3046/1835/1756 2384/4078/2141 966/1143/1107
f 1400/1636/1566 849/997/969 848/998/970
f 182/207/198 3081/3589/3281 3082/4503/3282
f 182/207/198 3762/3551/3249 3081/3589/3281
f 2229/2624/2452 980/1164/1126 1720/2021/1927
f 2229/2624/2452 1720/2021/1927 1722/2019/1925
f 3408/5214/4387 4379/4181/3741 2581/3021/2797
f 3408/5214/4387 2581/3021/2797 3407/3989/3595
f 3761/4411/3924 4397/380/365 3759/4409/3922
f 3759/4409/3922 4397/380/365 3760/4408/3921
f 2748/3193/2947 272/316/301 271/317/302
f 271/5371/302 3270/3827/3469 2748/4472/2947
f 3075/3580/3273 3989/4676/4109 3074/3581/3274
f 3074/3581/3274 3989/4676/4109 2623/3063/2835
f 509/591/570 4377/5237/4394 508/593/572
f 3449/767/743 4367/5208/4384 3448/4041/3636
f 388/457/438 399/458/439 385/5373/400
f 399/458/439 379/1493/418 385/5373/400
f 3865/4541/4014 4236/592/571 4100/5270/4189
f 509/591/570 4236/592/571 3865/4541/4014
f 389/2717/437 388/5374/438 375/441/422
f 389/2717/437 375/441/422 1984/2341/2206
f 3472/4062/3655 2399/2811/2615 726/2814/826
f 3472/4062/3655 2397/2813/2617 2399/2811/2615
f 1324/1544/1479 3756/4404/3919 289/333/318
f 289/333/318 288/334/319 1324/1544/1479
f 2642/3083/2852 2602/3041/2815 111/129/125
f 2640/3082/2851 2642/3083/2852 111/129/125
f 988/1173/1135 3475/4068/3658 4383/3374/3096
f 3475/4068/3658 989/1171/1133 4383/3374/3096
f 3203/4870/4222 393/449/430 2468/940/913
f 2468/940/913 2467/2897/2685 3203/4870/4222
f 2405/2824/2624 1112/1313/1263 3471/2570/2406
f 4357/1129/1093 1093/1290/1240 1092/1291/1241
f 4357/1129/1093 1092/1291/1241 1381/1619/1549
f 3743/4390/3910 1565/1828/1749 3400/3982/3589
f 3400/3982/3589 3406/3987/3594 3743/4390/3910
f 4158/4785/4176 973/1155/1117 4397/380/365
f 2429/2854/2646 4148/4881/4229 2368/2784/2591
f 757/888/864 3921/4030/3625 240/277/264
f 4158/4785/4176 4398/5292/4410 3761/4411/3924
f 4158/4785/4176 4397/380/365 4398/5292/4410
f 892/4727/1017 766/4698/872 964/1140/1104
f 767/895/871 766/896/872 892/1050/1017
f 2113/2481/2329 46/58/57 45/59/58
f 2113/2481/2329 45/59/58 936/1103/1067
f 2798/1773/1695 1228/1439/1383 3947/4355/3886
f 1255/1469/1413 3301/3631/3318 1256/1468/1412
f 1493/4649/1667 2560/3736/3398 728/4743/829
f 2527/2958/2742 2952/3431/3148 1771/2084/1980
f 2524/2957/2741 2527/2958/2742 1771/2084/1980
f 1502/1753/1675 268/309/294 3234/3787/3438
f 1874/2207/2087 1875/2206/2086 3234/3787/3438
f 1353/1580/1510 2084/172/164 2195/2580/2414
f 268/309/294 267/310/295 1874/2207/2087
f 268/309/294 1874/2207/2087 3234/3787/3438
f 1939/2291/2162 2343/2759/2569 8/8/7
f 4149/4882/4230 2343/2759/2569 1939/2291/2162
f 4256/4339/3869 4146/4878/4227 3286/3844/3482
f 4263/5045/4322 3281/3837/3477 3788/4445/3948
f 3281/3837/3477 3459/4051/3644 3788/4445/3948
f 3632/4258/3802 3511/4117/3695 4240/4116/3694
f 3651/5097/4349 3652/4278/3820 4240/4116/3694
f 173/4943/187 4147/5057/4228 1412/1656/1584
f 4147/5057/4228 209/236/227 1412/1656/1584
f 4015/4713/4131 405/462/443 404/463/444
f 1614/1882/1800 4240/4116/3694 895/1055/1022
f 3205/3754/3413 4285/5080/4337 1474/5079/1645
f 3955/4636/4082 2079/2438/2293 1237/1451/1395
f 3955/4636/4082 3954/2466/2318 2079/2438/2293
f 800/945/918 3567/790/766 2734/3504/3209
f 706/826/802 4162/4903/4238 705/822/798
f 4395/5290/4408 4056/793/769 2094/2457/2311
f 4055/4756/4159 2094/2457/2311 4056/793/769
f 708/828/804 378/433/414 420/484/464
f 377/434/415 420/484/464 378/433/414
f 2851/3321/3051 2955/3436/3152 2954/5375/3151
f 3680/5363/4423 1179/1383/1330 4201/3035/2809
f 1535/1794/1716 3248/5013/4307 3680/5363/4423
f 1484/4373/3541 3352/3928/3543 3347/3921/3537
f 3347/3921/3537 3352/3928/3543 3353/3927/3542
f 76/90/87 75/91/88 3184/3726/3393
f 76/90/87 3184/3726/3393 61/74/71
f 2393/2150/2037 1233/1445/1389 799/946/919
f 4036/4736/4144 4037/4737/4145 3368/3942/3556
f 4037/4737/4145 4036/4736/4144 512/594/573
f 3680/5363/4423 3248/5013/4307 1179/1383/1330
f 3248/5013/4307 720/841/817 1179/1383/1330
f 965/5376/1109 1433/1673/1601 2986/3465/1108
f 1433/1673/1601 965/5376/1109 3982/4163/3726
f 794/937/910 3513/4119/3697 4/6/5
f 4/6/5 3513/4119/3697 3128/3653/3335
f 4391/5285/4405 3585/4204/1920 1717/5245/1923
f 2275/2505/2344 3390/4207/3759 505/590/569
f 3850/4638/4084 3930/4617/4070 3849/4523/4001
f 1534/1795/1717 731/856/832 1178/1382/1329
f 1534/1795/1717 1178/1382/1329 2938/3418/3135
f 4315/5112/4354 3231/3781/3434 3230/3779/3432
f 3230/3779/3432 225/262/249 4315/5112/4354
f 3048/3550/3248 4414/365/350 322/371/356
f 3458/4050/3643 1982/2340/2205 3465/4058/3651
f 1982/2340/2205 1892/2226/2106 3465/4058/3651
f 2087/2443/2298 2086/2444/2299 4132/4851/4212
f 1352/1581/1511 2087/2443/2298 4132/4851/4212
f 887/615/594 3859/4531/4008 526/614/593
f 526/614/593 3859/4531/4008 3857/4532/4009
f 2830/5377/4424 232/265/252 3412/4124/3700
f 243/282/269 2887/3361/3083 3541/4155/3719
f 243/282/269 2886/3362/3084 2887/3361/3083
f 2954/3434/3151 2849/4771/3050 3950/2890/2678
f 2954/5375/3151 2955/3436/3152 2849/3319/3050
f 1706/1660/1588 3587/4208/3760 1704/1940/1852
f 4285/5080/4337 3205/3754/3413 3601/5378/4425
f 4294/5089/4345 1685/1972/1884 3308/3873/3504
f 4294/5089/4345 3308/3873/3504 4295/5088/4344
f 2934/3412/3130 4387/5278/4403 4216/4979/4284
f 4387/5278/4403 3442/4034/3630 4216/4979/4284
f 2608/3048/2820 2610/3049/2821 2447/2875/2665
f 2446/2876/2666 2608/3048/2820 2447/2875/2665
f 2461/2074/1970 3907/4595/4054 1952/2305/2176
f 433/505/484 3787/4444/3947 3740/4389/3909
f 3740/4389/3909 3787/4444/3947 3786/2189/2071
f 811/956/929 1551/5379/1731 1182/1387/11
f 2254/2655/2482 952/1127/1091 3855/4530/4007
f 2254/2655/2482 1798/2112/2005 952/1127/1091
f 89/106/102 115/131/127 114/89/86
f 89/106/102 4382/5257/4398 115/131/127
f 1305/1511/3845 1308/4333/1466 2877/4332/3863
f 1309/1528/1465 2877/5148/3863 1308/1529/1466
f 2086/2444/2299 3351/3925/3540 116/134/130
f 1909/2250/2126 3527/2251/2127 4329/5202/4383
f 1614/1882/1800 895/1055/1022 897/1054/1021
f 526/614/593 888/1047/1014 527/613/592
f 887/615/594 527/613/592 888/1047/1014
f 4253/545/524 3220/5367/3426 2775/3229/2976
f 3497/4103/3683 4253/545/524 2775/3229/2976
f 4232/5001/4299 1928/2276/2148 352/404/388
f 352/404/388 351/405/389 1411/1651/1580
f 2319/2726/2542 409/5380/449 416/478/458
f 416/478/458 409/5380/449 408/477/450
f 374/431/412 2099/414/396 360/412/394
f 374/431/412 2339/2753/2563 2099/414/396
f 240/277/264 3508/278/265 2760/3206/2959
f 758/887/863 240/277/264 2760/3206/2959
f 129/150/144 4396/5291/4409 1529/1789/1711
f 4396/5291/4409 1530/1788/1710 1529/1789/1711
f 3585/4204/1920 4391/5285/4405 1397/5283/1005
f 3001/3484/3194 4057/1924/1837 3704/4344/3874
f 2842/5134/3546 4371/5217/4389 3358/3930/3545
f 2842/5134/3546 3862/3311/3043 4371/5217/4389
f 3283/3841/3481 2014/2368/2230 2011/2366/2228
f 2011/2366/2228 2014/2368/2230 2009/1710/1633
f 3601/5378/4425 3589/4212/3763 4285/5080/4337
f 3930/4617/4070 2217/2608/2438 4247/3036/2810
f 4073/933/906 3043/3546/3245 4030/4730/4139
f 2242/2643/2470 1260/5339/1414 4412/5338/3670
f 2569/3003/2782 1785/3429/3146 1781/2094/1988
f 4246/5020/4312 1539/1796/1718 2217/2608/2438
f 3930/4617/4070 4246/5020/4312 2217/2608/2438
f 590/691/670 2141/2521/2360 591/690/669
f 2141/2521/2360 590/691/670 4297/5091/4346
f 2131/225/216 1702/1992/1903 198/224/215
f 3110/3628/3315 3634/4259/3803 685/803/779
f 3634/4259/3803 686/802/778 685/803/779
f 3147/3672/3353 3152/3681/3359 745/868/844
f 745/868/844 744/869/845 3147/3672/3353
f 3335/2927/2713 3457/2950/2735 834/981/953
f 3457/2950/2735 2497/102/98 3336/3902/3524
f 3617/4242/3789 2285/2687/2511 157/184/175
f 138/148/142 157/184/175 2285/2687/2511
f 2251/2651/2478 445/519/498 1807/2119/2013
f 2252/2120/2014 2251/2651/2478 1807/2119/2013
f 1905/2244/2123 2242/2643/2470 4412/5338/3670
f 1905/2244/2123 1904/2245/2120 2242/2643/2470
f 1259/1471/1415 3838/4501/3988 3486/4081/3669
f 1259/1471/1415 1258/1022/992 3838/4501/3988
f 786/5383/897 3575/5382/3748 3354/5381/896
f 4258/5031/4317 1976/2332/2197 2759/3207/2960
f 3508/278/265 1607/4113/3691 2759/3207/2960
f 3997/4690/4116 2996/3432/3149 4090/223/214
f 2306/4707/4127 4137/5361/4421 2305/4918/4248
f 1130/2709/1282 2307/2708/2530 4137/5384/4421
f 2305/4918/4248 4137/5361/4421 2307/4439/2530
f 2407/2827/2627 2408/2826/2626 3898/4585/4045
f 2408/2826/2626 3122/3641/3326 3898/4585/4045
f 1987/2344/2209 2581/3021/2797 4379/4181/3741
f 4379/4181/3741 4388/4182/3742 1987/2344/2209
f 3439/4820/4199 3438/4031/3626 155/176/168
f 3438/4031/3626 3439/4820/4199 124/2325/3628
f 3837/4497/3987 3888/4573/4037 1977/2336/2201
f 3962/4992/4293 3542/3111/2876 4359/5362/4422
f 3962/5386/4293 3676/4308/1100 3542/5385/2876
f 431/499/478 4145/500/479 403/464/445
f 3601/5378/4425 3590/4211/3762 3589/4212/3763
f 3208/3755/3414 1473/3756/1644 3590/4211/3762
f 1975/2333/2198 1606/1872/1793 2114/2483/2331
f 3555/4171/3733 2114/2483/2331 1606/1872/1793
f 3599/4223/3772 1545/2234/2114 1546/2235/2115
f 3205/3754/3413 3208/3755/3414 3601/5378/4425
f 3208/3755/3414 3590/4211/3762 3601/5378/4425
f 4268/5054/4325 4188/4945/4264 3098/3608/3299
f 4110/2517/2356 4268/5054/4325 3098/3608/3299
f 3257/3812/3458 248/287/274 247/288/275
f 1036/1223/1179 3257/3812/3458 247/288/275
f 4138/4873/4223 2102/2465/2317 1123/1323/1273
f 1123/1323/1273 3038/3540/3239 4138/4873/4223
f 2580/3016/2794 2578/3017/2795 1456/5387/1625
f 2767/5055/2968 1456/5387/1625 2578/3017/2795
f 4258/5031/4317 1607/4113/3691 1405/1643/1573
f 1607/4113/3691 4258/5031/4317 2759/3207/2960
f 495/577/556 3207/3757/3415 496/576/555
f 496/576/555 3207/3757/3415 3208/3755/3414
f 950/1123/1087 2254/2655/2482 3531/4149/3714
f 4186/4940/4261 950/1123/1087 3531/4149/3714
f 1071/1266/1219 2445/2873/2663 2358/2776/2583
f 1071/1266/1219 2358/2776/2583 1072/1265/1218
f 2346/2761/2571 2123/2497/2337 2124/2498/2340
f 3599/4223/3772 1544/1803/1725 1545/2234/2114
f 31/43/42 1544/1803/1725 3599/4223/3772
f 1666/1950/1862 2701/1482/1425 2831/3300/3032
f 2302/3299/3031 4305/5102/4350 2831/3300/3032
f 4230/4313/3847 1666/1950/1862 4305/5102/4350
f 4305/5102/4350 1666/1950/1862 2831/3300/3032
f 3177/3717/3387 3102/5388/3303 1314/3716/1469
f 1312/1534/1471 1314/1532/1469 3102/5252/3303
f 2359/2775/2582 3362/3936/3550 1072/1265/1218
f 2359/2775/2582 2444/2872/2662 3362/3936/3550
f 2124/3286/2340 524/612/591 2820/3285/3020
f 2820/3285/3020 524/612/591 1693/1979/1891
f 2337/2752/2562 1166/1371/1318 2882/3358/3080
f 1166/1371/1318 1407/1645/1575 2882/3358/3080
f 3048/3550/3248 2474/2901/2689 3258/3502/3207
f 3048/3550/3248 2772/3223/2972 2474/2901/2689
f 3325/3979/3514 2737/3185/2939 2751/5389/4426
f 2751/5389/4426 2737/3185/2939 2064/2423/2282
f 3325/3979/3514 2751/5389/4426 2064/2423/2282
f 2840/3307/3039 3931/4616/4069 567/661/640
f 567/661/640 3931/4616/4069 18/25/24
f 3259/3813/3459 2258/2656/2483 2257/2657/2484
f 2257/2657/2484 2259/2658/2485 3259/3813/3459
f 1734/2038/1941 2925/3346/53 1735/2037/1940
f 1736/2036/1939 1735/2037/1940 2925/3346/53
f 363/415/397 2690/3133/2895 1418/1661/1589
f 1418/1661/1589 2690/3133/2895 2689/3132/2894
f 250/295/280 2390/2805/2609 3279/294/279
f 3547/4160/3723 703/819/795 702/820/796
f 532/622/601 534/620/599 4168/4915/4246
f 4005/4697/4123 4168/4915/4246 534/620/599
f 2675/3116/2881 2548/3740/2764 2676/3115/2880
f 2677/3117/2882 2676/4965/2880 2548/2984/2764
f 2090/2451/2305 2089/2452/2306 1220/1432/1377
f 1220/1432/1377 2287/2690/2513 2090/2451/2305
f 702/820/796 3543/4157/3720 3547/4160/3723
f 3885/4571/4035 2997/3476/3190 1290/1568/1445
f 2593/3030/2806 390/446/427 3511/4117/3695
f 390/446/427 2136/2514/2353 3511/4117/3695
f 59/76/73 585/683/662 1901/3978/2116
f 59/76/73 61/74/71 585/683/662
f 3275/3835/3474 2270/2673/2499 2271/2671/2497
f 4207/4967/4276 2270/2861/2499 3275/3832/3474
f 1079/5390/1230 1081/5141/1228 4206/3114/2879
f 1650/1931/1844 3852/5187/4004 1273/1489/1432
f 3852/5187/4004 1650/1931/1844 1172/1377/1324
f 63/78/75 78/94/90 2216/2606/2436
f 79/93/89 78/94/90 63/78/75
f 4358/4222/3771 1749/2058/1956 1750/2057/1955
f 4333/5138/4364 1689/1976/1888 4261/5037/4320
f 4333/5138/4364 1549/1806/1728 1689/1976/1888
f 1348/1578/1508 3670/4294/3835 3669/4295/3836
f 1350/1579/1509 3670/4294/3835 1348/1578/1508
f 4005/4697/4123 534/620/599 876/1031/1001
f 606/708/687 2679/3119/2884 3877/4559/4027
f 606/708/687 2323/2117/2010 2411/2832/2631
f 375/441/422 388/5374/438 385/418/400
f 3115/3634/3321 4165/4791/4179 1250/1522/1404
f 3818/4479/3973 3320/3887/3513 3326/3892/3517
f 3326/3892/3517 3317/3884/3510 3818/4479/3973
f 1072/1265/1218 4381/5247/4397 1073/1264/1217
f 1073/1264/1217 4381/5247/4397 580/676/655
f 1934/2284/2156 4346/5170/4375 2584/2282/2154
f 4346/5170/4375 1934/2284/2156 1928/2276/2148
f 2559/4995/2775 4227/4996/4296 2924/4819/3120
f 4227/4996/4296 4111/4818/4198 2924/4819/3120
f 2221/2613/2443 2296/2614/2444 3945/808/784
f 3373/3949/3562 4287/5082/4339 3831/4490/3981
f 3829/4492/3983 3831/4490/3981 4287/5082/4339
f 3733/4384/3904 3966/2720/2539 3734/4383/3903
f 3378/3956/3569 1261/1473/1417 984/1165/1127
f 3841/4513/3993 2463/2893/2681 3842/4514/3994
f 2403/2823/2623 3842/4514/3994 2463/2893/2681
f 1126/1324/1274 2960/357/342 3151/3679/3357
f 3150/3680/3358 1126/1324/1274 3151/3679/3357
f 2450/2877/2667 2449/2878/2668 3367/3943/3557
f 1591/1855/1776 3367/3943/3557 2449/2878/2668
f 1248/1462/1406 1250/1460/1404 1832/2156/2043
f 1832/3635/2043 1250/1522/1404 4165/4791/4179
f 2427/2852/2644 2426/2153/2040 2406/2825/2625
f 2427/2852/2644 2406/2825/2625 866/1019/991
f 1137/1337/1287 2080/2441/2296 3610/4232/3780
f 2080/2441/2296 2287/2690/2513 3610/4232/3780
f 2268/542/521 468/543/522 3289/4826/3487
f 3289/4826/3487 3218/4864/4220 2268/542/521
f 4289/5085/4342 315/361/346 3155/3685/3362
f 1925/2275/2147 4346/5170/4375 1928/2276/2148
f 355/2003/1911 4346/5170/4375 1925/2275/2147
f 3065/3573/3266 386/442/423 423/486/466
f 386/442/423 3065/3573/3266 374/431/412
f 2679/3119/2884 2411/2832/2631 4413/5342/4417
f 606/708/687 2411/2832/2631 2679/3119/2884
f 566/657/636 2620/3059/2831 3662/4288/3829
f 3662/4288/3829 2620/3059/2831 3768/4418/3930
f 3791/4447/3950 3611/4233/3781 4178/4932/4257
f 3611/4233/3781 3772/4421/3933 4178/4932/4257
f 450/525/504 3945/808/784 2296/2614/2444
f 4056/793/769 3681/4315/3849 4055/4756/4159
f 4055/4756/4159 3681/4315/3849 2096/2459/2313
f 553/644/623 4211/501/480 2818/3284/3019
f 553/1041/623 2818/3283/3019 1710/2008/1916
f 2617/3058/2830 1808/5391/4427 2618/3057/2829
f 1334/1557/1492 563/655/634 1335/1558/1493
f 3726/4378/3898 1413/1655/1583 208/237/228
f 3726/4378/3898 208/237/228 3964/4652/4092
f 3051/182/173 4349/185/176 3050/3553/3251
f 3050/3553/3251 3912/4600/4058 3081/3589/3281
f 1315/919/893 1318/1247/1200 821/967/940
f 4413/5342/4417 2412/2831/2630 3671/4297/3837
f 3671/4297/3837 2679/3119/2884 4413/5342/4417
f 2990/3472/3185 4045/4747/4150 3732/4382/3902
f 3843/4611/3995 1332/1555/1490 2576/4612/4065
f 330/382/367 975/1157/1119 4300/5259/4399
f 330/382/367 4300/5259/4399 331/381/366
f 2596/4013/2808 1680/1967/1879 1681/1966/1878
f 426/1044/474 4339/5154/4370 2069/1040/1010
f 1585/5392/4428 804/947/920 2858/3329/3056
f 1585/5392/4428 802/949/922 804/947/920
f 4331/1923/1836 8/8/7 2595/3032/2807
f 1585/5392/4428 2858/3329/3056 533/621/600
f 533/621/600 802/949/922 1585/5392/4428
f 3912/4600/4058 3050/3553/3251 4349/185/176
f 1028/4358/3889 12/15/14 3983/16/15
f 1028/4358/3889 904/1065/1032 12/15/14
f 2894/3369/3091 4126/4847/4209 2893/3367/3089
f 2894/3369/3091 1769/2082/1978 4126/4847/4209
f 2477/2908/2694 934/1105/1069 1437/1680/1606
f 1437/1680/1606 1436/1681/1607 2477/2908/2694
f 3018/3513/3217 3107/3621/3310 3779/2884/2672
f 2963/3440/3156 193/219/210 192/220/211
f 2963/3440/3156 192/220/211 3318/3883/3509
f 1965/4935/2189 3574/5171/3749 849/997/969
f 713/832/808 3235/3977/538 3397/3975/3586
f 284/5084/4341 302/349/334 283/319/304
f 3910/2480/2328 1356/1583/1513 2822/3288/3022
f 2828/3295/3027 2827/3296/3028 3116/3638/3324
f 3588/4209/3761 1416/1659/1587 1706/1660/1588
f 1416/1659/1587 3588/4209/3761 252/3627/3314
f 3484/4080/3668 722/844/820 3485/4079/3667
f 3485/4079/3667 722/844/820 812/958/931
f 370/420/402 4301/5243/4395 365/419/401
f 869/911/885 2123/2497/2337 2346/2761/2571
f 729/4744/828 4025/3557/3255 2398/3558/2616
f 729/4744/828 4042/4745/4148 4025/3557/3255
f 4042/4745/4148 3244/3797/3446 4025/3557/3255
f 238/274/261 237/275/262 3412/4124/3700
f 238/274/261 3412/4124/3700 3515/4123/3699
f 1808/5391/4427 2617/3058/2830 1334/1557/1492
f 829/976/948 1334/1557/1492 2617/3058/2830
f 3722/4366/3894 3091/3599/3291 4259/5033/4318
f 4043/4746/4149 3244/3797/3446 4042/4745/4148
f 728/4743/829 4043/4746/4149 4042/4745/4148
f 3242/1917/1833 1643/1915/1831 1245/1459/1403
f 1/3/3 3242/1917/1833 1245/1459/1403
f 2180/2562/2398 557/649/628 4022/4722/4134
f 2181/666/645 2180/2562/2398 4022/4722/4134
f 445/519/498 596/696/675 1935/2285/2157
f 596/696/675 4321/5117/4359 1935/2285/2157
f 2830/5377/4424 3792/677/656 232/265/252
f 3778/4431/3940 2830/5377/4424 3412/4124/3700
f 3139/3661/3343 772/902/877 2279/2682/2507
f 2659/1613/1543 2504/2933/2719 946/1119/1083
f 2504/2933/2719 947/1118/1082 946/1119/1083
f 858/1009/981 860/1007/979 1941/1015/987
f 2625/5393/2836 3190/4939/3396 1660/3737/1857
f 2912/3389/3110 2911/3386/3107 2910/3387/3108
f 2912/3389/3110 2910/3387/3108 1822/2139/2031
f 1660/1945/1857 1709/2005/1913 3870/1125/1089
f 2387/2803/2607 2054/2410/2269 630/737/714
f 2387/2803/2607 630/737/714 384/438/419
f 4232/5001/4299 352/404/388 1411/1651/1580
f 1411/1651/1580 2769/1652/1581 4232/5001/4299
f 2846/3315/3046 2415/2836/2634 1355/1584/1514
f 2846/3315/3046 2844/3314/3045 2415/2836/2634
f 2709/3154/2912 210/3730/231 1458/1702/1627
f 3593/2002/1910 3155/3685/3362 1119/1317/1267
f 1119/1317/1267 3155/3685/3362 1120/1320/1270
f 2216/2606/2436 64/77/74 63/78/75
f 50/64/63 64/77/74 2216/2606/2436
f 4012/2001/1909 1119/1317/1267 1118/1318/1268
f 1787/2092/1986 2334/2747/2557 4012/2001/1909
f 3571/3019/2796 1062/2246/1210 1908/2249/2125
f 457/530/509 4056/793/769 4395/5290/4408
f 1522/1779/1701 2890/3364/3086 2888/3363/3085
f 2888/3363/3085 2890/3364/3086 2889/3365/3087
f 4404/3778/3431 1831/2097/1991 2147/3777/2365
f 967/1146/1110 4404/3778/3431 2147/3777/2365
f 50/64/63 67/85/82 3263/5394/2437
f 2584/2282/2154 2335/2748/2558 1933/2283/2155
f 1933/2283/2155 2335/2748/2558 4012/2001/1909
f 3816/4477/3971 1404/1644/1574 1406/1642/1572
f 3488/4086/3672 3433/4021/3619 2501/2931/2717
f 2501/2931/2717 4277/5071/4331 3488/4086/3672
f 237/275/262 3792/677/656 3778/4431/3940
f 3792/677/656 2830/5377/4424 3778/4431/3940
f 4240/4116/3694 3652/4278/3820 3632/4258/3802
f 3632/4258/3802 3652/4278/3820 3633/4257/3801
f 8/8/7 7/9/8 2596/3034/2808
f 4347/5172/4376 4341/5162/4371 850/996/968
f 4347/5172/4376 786/924/897 4341/5162/4371
f 1514/1768/1690 1513/1764/1686 3805/4461/3961
f 3805/4461/3961 3804/1767/1689 1514/1768/1690
f 2807/3269/3005 499/579/558 2654/3094/2862
f 586/686/665 2425/2849/2643 880/1032/1002
f 586/686/665 880/1032/1002 587/685/664
f 2815/3280/3016 2813/3279/3015 2814/3278/3014
f 2815/3280/3016 2814/3278/3014 1652/1933/1846
f 4155/4901/4237 2826/3297/3029 4319/5115/4357
f 4319/5115/4357 2826/3297/3029 3254/3810/3456
f 2694/3135/2897 4335/28/27 4274/5068/4329
f 1093/1290/1240 3162/3692/3369 1094/4866/4221
f 3162/3692/3369 1295/5210/4385 1094/4866/4221
f 339/394/379 341/392/377 4140/4875/4225
f 1739/2043/1942 4140/4875/4225 341/392/377
f 4106/4810/4194 1764/2079/1975 4104/4809/4193
f 4104/4809/4193 1764/2079/1975 3202/3751/3409
f 515/602/581 517/600/579 2156/2536/2373
f 517/600/579 3776/4428/3938 2156/2536/2373
f 1520/1777/1699 3725/27/26 4335/28/27
f 3069/3575/3268 3035/2553/2390 990/1176/1138
f 1851/2176/2062 3422/4005/3608 1852/2175/2061
f 477/555/534 3953/4635/4081 865/1014/986
f 4262/5043/4321 3953/4635/4081 477/555/534
f 283/319/304 297/342/327 296/343/328
f 3271/3825/3468 297/342/327 283/319/304
f 1269/1486/1429 2303/4990/4292 1270/1485/1428
f 1296/855/831 2303/4990/4292 1269/1486/1429
f 4309/5105/4351 2231/2627/2455 3119/1353/2456
f 353/406/390 3247/2626/2454 2231/2627/2455
f 158/183/174 150/174/166 157/184/175
f 150/174/166 158/183/174 149/173/165
f 3719/4363/3892 372/428/409 1826/2144/2034
f 3719/4363/3892 1826/2144/2034 1825/2145/2035
f 4164/4911/4243 1897/2230/2110 3998/4692/4118
f 3064/3571/3264 395/447/428 1094/4866/4221
f 2096/2459/2313 1540/1799/1721 1950/2303/2174
f 2097/1800/1722 2096/2459/2313 1950/2303/2174
f 1899/2232/2112 3998/4692/4118 1897/2230/2110
f 3593/2002/1910 4289/5085/4342 3155/3685/3362
f 3286/3844/3482 1051/498/477 3650/4277/3819
f 1336/1560/1495 3789/4446/3949 4322/4433/3942
f 3789/4446/3949 3999/4694/4120 4322/4433/3942
f 3789/4446/3949 3791/4447/3950 3999/4694/4120
f 876/1031/1001 1876/3272/3008 4418/4691/4117
f 876/1031/1001 4418/4691/4117 3437/2921/2707
f 3413/4815/3600 2901/2376/1538 2223/2616/2446
f 465/540/519 4322/4433/3942 1899/2232/2112
f 1899/2232/2112 4322/4433/3942 3999/4694/4120
f 3106/3622/3311 3948/4630/4079 1486/3618/3308
f 1486/3618/3308 4280/5073/4333 3106/3622/3311
f 3794/4453/3954 3814/4468/3966 1465/1711/1634
f 623/729/706 624/728/705 1465/1711/1634
f 2618/3057/2829 562/656/635 3769/4419/3931
f 2618/3057/2829 1808/5391/4427 562/656/635
f 3063/3570/3263 801/944/917 3012/3505/3210
f 3063/3570/3263 3052/3554/3252 801/944/917
f 2495/2924/2710 3941/3519/3222 3927/638/617
f 4375/33/32 23/34/33 16/1121/1085
f 3160/3689/3366 16/1121/1085 23/34/33
f 2833/3304/3036 678/794/770 1307/5395/4429
f 1307/5395/4429 678/794/770 2969/3303/3035
f 3064/3571/3264 1094/4866/4221 1295/5210/4385
f 345/399/383 3064/3571/3264 1295/5210/4385
f 1948/2302/2173 1949/2300/2171 4326/3493/3198
f 1335/1558/1493 562/656/635 1808/5391/4427
f 1334/1557/1492 1335/1558/1493 1808/5391/4427
f 4154/5398/4236 1226/5397/4430 1547/5396/1727
f 4154/5132/4236 4129/5133/4211 1226/5399/4430
f 2969/3303/3035 2970/5168/4373 2717/3302/3034
f 1881/2213/2093 2717/3302/3034 2970/5168/4373
f 353/406/390 2231/2627/2455 4309/5105/4351
f 2594/3029/2805 353/406/390 4309/5105/4351
f 1394/1635/1565 3131/4750/4153 3745/4394/3913
f 1451/1694/1619 1604/1869/1790 2042/2396/2256
f 2042/2396/2256 1452/1693/1618 1451/1694/1619
f 3866/4545/4015 37/558/537 3235/559/538
f 3338/3905/3526 2274/2676/2502 2273/2675/2501
f 2275/2505/2344 2273/2675/2501 2274/2676/2502
f 3431/4018/3616 2249/2649/2476 2248/2650/2477
f 3360/3934/3548 4281/5075/4335 4282/5074/4334
f 4282/5074/4334 1404/1644/1574 3360/3934/3548
f 3064/3571/3264 345/399/383 2340/2755/2565
f 3064/3571/3264 2340/2755/2565 393/449/430
f 3506/4112/3690 3609/4231/3779 3976/2991/2771
f 1999/2359/2222 3976/2991/2771 3609/4231/3779
f 3164/3693/3370 3163/3691/3368 4357/1129/1093
f 3360/3934/3548 1168/1369/1316 4281/5075/4335
f 1164/1367/1314 4281/5075/4335 1168/1369/1316
f 77/95/91 4344/5164/4372 2879/3354/3076
f 2879/3354/3076 86/983/955 77/95/91
f 556/3719/624 2489/2920/2706 2860/5307/3058
f 2489/2920/2706 2490/2919/2705 2860/5307/3058
f 3499/4104/3684 3498/4102/3682 3497/4103/3683
f 469/547/526 3498/4102/3682 3499/4104/3684
f 529/619/598 2803/3266/3002 530/618/597
f 529/619/598 4208/658/637 2803/3266/3002
f 3511/4117/3695 3633/4257/3801 2593/3030/2806
f 3633/4257/3801 353/406/390 2593/3030/2806
f 1226/5397/4430 4129/5400/4211 1547/5396/1727
f 3107/3621/3310 3928/4614/4067 3108/3511/3215
f 3108/3511/3215 3928/4614/4067 3017/3510/3214
f 3562/5401/3738 1824/5026/2033 2557/5027/2773
f 2606/5366/2818 1824/5402/2033 3562/4177/3738
f 4417/5347/4419 3072/3579/3272 1031/1216/1174
f 1031/1216/1174 3116/3638/3324 4417/5347/4419
f 387/443/424 1891/2224/2104 1890/2223/2103
f 387/443/424 1890/2223/2103 423/486/466
f 3821/4480/3974 3113/3632/3319 4159/4361/3890
f 3301/3631/3318 4159/4361/3890 3113/3632/3319
f 156/181/172 4171/4920/4249 3097/3607/3298
f 4110/2517/2356 3097/3607/3298 4171/4920/4249
f 447/522/501 3006/2412/2271 4326/3493/3198
f 1949/2300/2171 447/522/501 4326/3493/3198
f 2862/3334/3059 2117/2489/2334 1626/1898/1816
f 1626/1898/1816 2117/2489/2334 1627/875/851
f 1763/2076/1972 3860/3109/1096 2685/4535/2889
f 4275/4556/4024 1181/1384/1331 4351/5182/4378
f 4275/4556/4024 4351/5182/4378 3133/3658/3340
f 1219/1428/1373 826/973/945 825/974/946
f 826/973/945 1219/1428/1373 1971/1571/1503
f 3773/4424/3935 4144/4877/4226 1154/5403/4431
f 1154/5403/4431 3911/5404/4057 3773/4424/3935
f 1188/1397/1343 1619/1888/1806 4181/4934/4259
f 3730/4381/3901 2739/3186/2940 1205/1413/1359
f 2150/2528/2366 2739/3186/2940 3730/4381/3901
f 2907/3382/3103 1127/1329/1279 4020/4888/3945
f 2906/3562/1851 2907/3382/3103 4020/4888/3945
f 590/691/670 2699/692/671 3809/4465/3963
f 607/707/686 1505/1755/1677 1501/1754/1676
f 1505/1755/1677 266/311/296 1501/1754/1676
f 742/865/841 741/866/842 2994/3473/3187
f 1151/3913/3533 742/865/841 2994/3473/3187
f 4144/5407/4226 4142/5406/4174 1154/5405/4431
f 3911/4777/4057 1154/5408/4431 4142/4776/4174
f 443/4907/4239 4159/4361/3890 3301/3631/3318
f 583/682/661 538/628/607 2571/3010/2789
f 2111/2479/2327 3180/4243/3790 1561/2478/1744
f 2873/3348/3070 2872/3349/3071 3339/3908/3528
f 2919/4914/4245 2843/3312/3044 4166/5409/4244
f 861/3313/982 4166/5409/4244 2843/3312/3044
f 723/843/819 1441/36/35 22/37/36
f 1078/1274/1226 2610/3049/2821 4101/1275/1227
f 2447/2875/2665 2610/3049/2821 1078/1274/1226
f 3666/4292/3833 3138/3666/3347 3227/3776/3430
f 3227/3776/3430 3138/3666/3347 339/394/379
f 3853/5351/4005 1562/1821/1743 1561/1822/1744
f 1561/2478/1744 3180/4243/3790 1489/1740/1663
f 4156/3656/3338 217/252/239 3274/3831/3473
f 588/1691/667 3913/4602/4059 2044/2397/2257
f 3853/4527/4005 1561/2478/1744 1489/1740/1663
f 3642/466/447 4390/5282/4404 1891/2224/2104
f 3605/4227/3776 3604/2581/2415 3430/4017/3615
f 523/607/586 3605/4227/3776 3430/4017/3615
f 1755/2063/1960 3383/3962/3575 1753/2065/1962
f 1755/2063/1960 3384/3647/3332 3383/3962/3575
f 3466/4060/3653 1509/1763/1685 1511/1761/1683
f 3466/4060/3653 1511/1761/1683 3541/4155/3719
f 726/850/826 3976/2991/2771 513/598/577
f 513/598/577 3976/2991/2771 514/597/576
f 2978/3454/3170 3794/4453/3954 3795/4452/3953
f 2978/3454/3170 1853/2180/2066 3794/4453/3954
f 4339/5154/4370 426/1044/474 428/5156/472
f 3808/4466/3964 2667/1074/1040 3806/4462/3962
f 3809/4465/3963 3808/4466/3964 4297/5091/4346
f 2884/3360/3082 1087/1285/1236 1086/1286/1237
f 1087/1285/1236 2884/3360/3082 2015/2373/2235
f 483/564/543 528/616/595 1394/1635/1565
f 1394/1635/1565 3745/4394/3913 483/564/543
f 3806/4462/3962 2141/2521/2360 4297/5091/4346
f 3808/4466/3964 3806/4462/3962 4297/5091/4346
f 2431/2856/2648 125/2857/2649 704/824/800
f 2431/2856/2648 704/824/800 4162/4903/4238
f 1004/1626/1556 1005/4536/1357 3316/3879/3508
f 3044/3547/3246 3316/3881/3508 1005/1411/1357
f 3539/22/21 3536/4152/3716 1742/2045/1946
f 1667/1954/1866 1669/1952/1864 4336/5145/4368
f 4336/5145/4368 1669/1952/1864 476/556/535
f 1108/1307/1257 467/544/523 1476/1728/1649
f 2268/542/521 1476/1728/1649 467/544/523
f 2566/3001/2780 1871/2203/2083 4325/2152/2039
f 1754/2064/1961 3421/3241/2985 1616/1885/1803
f 3010/3499/3204 2691/3134/2896 2126/2500/2341
f 3109/3623/3312 3717/3624/3313 443/4907/4239
f 3717/3624/3313 4159/4361/3890 443/4907/4239
f 4283/5076/4336 3467/4059/3652 4219/4983/4287
f 2092/2453/2307 4283/5076/4336 2885/3359/3081
f 232/265/252 580/676/655 228/264/251
f 2163/218/209 641/751/728 643/749/726
f 2370/2785/2592 2961/2786/2593 2371/2788/2595
f 2371/2788/2595 1933/2283/2155 2370/2785/2592
f 1854/2179/2065 2973/3450/3166 3644/4268/3811
f 622/725/702 3644/4268/3811 2973/3450/3166
f 2014/2368/2230 3284/1549/1484 2012/2370/2232
f 664/777/753 4160/4908/4240 3301/3631/3318
f 4160/4908/4240 3109/3623/3312 443/4907/4239
f 2885/3359/3081 4283/5076/4336 4219/4983/4287
f 2885/3359/3081 4219/4983/4287 2884/3360/3082
f 2236/2634/2461 4163/4909/4241 2237/2637/2464
f 1862/2194/2076 875/1029/999 3216/2126/1541
f 682/800/776 3216/2126/1541 875/1029/999
f 3828/4489/3980 3375/3950/3563 3374/3951/3564
f 3828/4489/3980 3374/3951/3564 3168/3697/3374
f 3535/2056/1954 2163/218/209 643/749/726
f 4163/4909/4241 4164/4911/4243 2237/2637/2464
f 2779/650/629 3917/3235/2979 2046/2402/2262
f 2779/650/629 2046/2402/2262 557/649/628
f 1465/1711/1634 3814/4468/3966 623/729/706
f 3814/4468/3966 3813/4469/3967 623/729/706
f 3818/4479/3973 3319/270/257 2361/280/267
f 3062/3569/3262 1798/2112/2005 2254/2655/2482
f 1798/2112/2005 3062/3569/3262 1797/2107/2000
f 1793/2106/1999 3512/4118/3696 4338/5150/4369
f 2264/2663/2490 4338/5150/4369 3512/4118/3696
f 3451/4044/3638 3324/378/363 328/379/364
f 4279/4043/3516 3324/3889/363 3451/5410/3638
f 1307/5395/4429 2969/3303/3035 2833/3304/3036
f 2566/3001/2780 4325/2152/2039 3516/4125/3701
f 697/814/790 2537/2971/2752 3034/3538/3237
f 3034/3538/3237 838/987/959 697/814/790
f 3411/3994/3598 3515/4123/3699 1341/1564/1499
f 1340/1565/1500 3411/3994/3598 1341/1564/1499
f 16/1121/1085 3010/3499/3204 2125/2501/2342
f 3010/3499/3204 2126/2500/2341 2125/2501/2342
f 3426/4009/3611 3760/4408/3921 3425/4008/3610
f 3760/4408/3921 3613/4235/3783 3425/4008/3610
f 3110/3628/3315 685/803/779 3111/3630/3317
f 2409/2830/2629 3110/3628/3315 3111/3630/3317
f 3565/4180/3740 2132/2509/2348 4264/5046/4323
f 4379/4181/3741 2132/2509/2348 3565/4180/3740
f 1531/1792/1714 2140/2518/2357 1532/1791/1713
f 2138/2516/2355 2140/2518/2357 1531/1792/1714
f 1753/2065/1962 3421/3241/2985 1754/2064/1961
f 430/495/475 921/1085/1051 4399/5298/4411
f 921/3898/1051 3332/3899/3521 4399/5297/4411
f 1800/1172/1134 3777/2593/2426 989/1171/1133
f 3777/2593/2426 1800/1172/1134 2740/4429/3939
f 3109/3623/3312 4160/4908/4240 664/777/753
f 2075/2437/2292 690/806/782 2076/2436/2291
f 690/806/782 2075/2437/2292 2072/2434/2289
f 2684/1201/1160 1020/1202/1161 1766/2077/1973
f 1764/2079/1975 1766/2077/1973 1020/1202/1161
f 2001/2360/2223 3506/4112/3690 1590/1856/1777
f 3609/4231/3779 3506/4112/3690 2001/2360/2223
f 3275/3832/3474 2213/2598/2431 2432/2860/2652
f 616/719/696 1818/2134/2026 3166/3695/3372
f 130/149/143 3166/3695/3372 1818/2134/2026
f 3890/4575/4039 4103/4807/4191 3883/4565/4031
f 581/679/658 3890/4575/4039 3883/4565/4031
f 538/628/607 2942/680/659 620/727/704
f 2987/3466/3180 442/3587/3279 106/124/120
f 107/123/119 106/124/120 442/3587/3279
f 575/672/651 1161/1365/1312 1425/1665/1593
f 1161/1365/1312 575/672/651 1597/1862/1783
f 2615/3052/2824 2004/2361/2224 1139/1340/1290
f 3331/3900/3522 1857/2185/2067 4337/2186/2068
f 3028/3528/3230 3331/3900/3522 4337/2186/2068
f 3988/4708/4128 1480/1733/1654 2897/3372/3094
f 3988/4708/4128 2897/3372/3094 2896/3370/3092
f 4407/3042/2816 171/198/189 170/1911/184
f 4407/3042/2816 172/197/188 171/198/189
f 4383/3374/3096 989/1171/1133 3474/4067/3657
f 2208/2594/2427 3474/4067/3657 989/1171/1133
f 13/14/13 749/19/18 3236/830/806
f 2650/3090/2858 4344/5164/4372 77/95/91
f 2650/3090/2858 925/1090/1056 4344/5164/4372
f 814/959/932 1287/1502/1442 3039/3542/3241
f 2417/2840/2636 814/959/932 3039/3542/3241
f 2206/2591/2424 190/227/218 191/228/219
f 2206/2591/2424 191/228/219 763/893/869
f 2327/2737/2551 1354/1585/1515 1802/2114/2007
f 3874/5248/4023 1408/4510/1579 3887/4511/3992
f 2278/2679/2504 1328/2677/1488 1330/5411/1486
f 1330/5411/1486 4392/5286/4406 2278/2679/2504
f 1733/2035/1938 4084/4786/3140 1397/2015/1005
f 3210/3760/3418 1828/2151/2038 1871/2203/2083
f 3210/3760/3418 2392/3761/3419 1828/2151/2038
f 3916/4603/4060 1648/1928/1841 592/695/674
f 4187/4942/4263 2089/2452/2306 2388/2807/2611
f 2388/2807/2611 2390/2805/2609 4187/4942/4263
f 2381/2799/2603 174/201/192 176/199/190
f 2381/2799/2603 176/199/190 1883/2214/2094
f 1609/2091/1796 4392/5286/4406 1330/5411/1486
f 4392/5286/4406 1609/2091/1796 1778/2089/1985
f 1943/2294/2165 1517/1771/1693 1002/1187/1147
f 1002/1187/1147 3380/3959/3572 1943/2294/2165
f 3006/2412/2271 2057/2416/2275 3007/3494/3199
f 1221/1431/1376 4187/4942/4263 2390/2805/2609
f 416/478/458 1196/1404/1350 2319/2726/2542
f 2319/2726/2542 1196/1404/1350 1198/1402/1348
f 592/695/674 2946/3422/3139 3916/4603/4060
f 2298/1227/1183 1236/1446/1390 2294/2699/2522
f 2298/1227/1183 2105/2469/2321 1236/1446/1390
f 3856/1128/1092 3152/3681/3359 293/335/320
f 2740/4429/3939 4115/4827/4200 1789/2101/1994
f 2740/4429/3939 1840/4099/3679 4115/4827/4200
f 570/664/643 572/662/641 2965/3444/3160
f 572/662/641 1730/2033/1936 2965/3444/3160
f 1639/2000/1827 168/195/186 170/193/184
f 4273/5067/4328 1802/3479/2007 2438/5358/4420
f 3191/3742/3400 2349/2765/2575 2350/2764/2574
f 3233/3786/3437 2349/2765/2575 3191/3742/3400
f 4272/5061/4327 1703/1991/1902 3627/4251/3796
f 1703/4724/1902 4272/5063/4327 4023/4723/4135
f 2941/3419/3136 621/726/703 2942/680/659
f 3644/4268/3811 621/726/703 2941/3419/3136
f 74/3480/3191 2438/5358/4420 1802/3479/2007
f 2497/102/98 2438/5358/4420 74/3480/3191
f 3682/4318/3850 2611/2668/1808 2612/3051/2823
f 841/991/963 3551/4166/3729 842/990/962
f 3128/3653/3335 842/990/962 3551/4166/3729
f 1080/1280/1229 3174/3710/3382 1082/1279/1231
f 3578/5303/3751 3174/3710/3382 1080/1280/1229
f 945/1116/1080 784/921/895 4120/4835/4203
f 2576/4854/4065 945/1116/1080 4120/4835/4203
f 19/24/23 2841/3310/3042 20/23/22
f 2544/5412/4432 2142/2520/2359 2141/2521/2360
f 2141/2521/2360 3806/4462/3962 2544/5412/4432
f 371/429/410 4054/4755/4158 2556/2994/2774
f 4324/5125/4361 2393/2150/2037 3798/4456/3957
f 2393/2150/2037 799/946/919 3798/4456/3957
f 3051/182/173 3439/4820/4199 154/177/169
f 3439/4820/4199 155/176/168 154/177/169
f 2318/2723/2541 922/1084/1050 409/496/449
f 2319/2726/2542 2318/2724/2541 409/5380/449
f 3297/3860/3496 3298/5413/3498 2435/3859/2653
f 3575/5416/3748 3579/5415/3752 3354/5414/896
f 3454/4048/3641 4182/4938/4260 478/554/533
f 4182/4938/4260 4336/5145/4368 478/554/533
f 1082/1279/1231 3173/3711/3383 805/952/925
f 1082/1279/1231 3174/3710/3382 3173/3711/3383
f 2142/2520/2359 2544/5412/4432 1667/1954/1866
f 3806/4462/3962 1667/1954/1866 2544/5412/4432
f 3711/5340/3882 438/511/490 2243/5417/2469
f 2243/5417/2469 438/511/490 871/3529/994
f 1577/3413/1761 473/5277/532 2934/3412/3130
f 3689/4326/3857 3688/4325/3856 3073/3496/3201
f 2473/1107/1071 3298/5413/3498 3297/3860/3496
f 938/1106/1070 2473/1107/1071 3297/3860/3496
f 4092/5181/4377 2073/2433/2288 3364/3939/3553
f 3752/4403/3918 1490/4405/1662 455/3611/505
f 453/528/507 455/526/505 1490/1739/1662
f 319/370/355 2764/3214/2964 2813/3279/3015
f 2764/3214/2964 319/370/355 2746/3190/2944
f 4300/5259/4399 975/1157/1119 974/1158/1120
f 1639/2000/1827 1414/1654/1582 168/195/186
f 4092/5181/4377 4342/3938/3552 2167/2548/2385
f 1200/1408/1354 2024/1770/1692 1579/1842/1763
f 2024/1770/1692 1580/1841/1762 1579/1842/1763
f 1889/2220/2100 2927/3404/3123 2375/2222/2102
f 3564/4179/3739 1587/4564/1772 1586/5193/1773
f 3564/4179/3739 1586/5193/1773 2038/2392/2252
f 4237/5006/4302 396/5007/436 398/5017/434
f 398/5017/434 3251/3807/3453 4237/5006/4302
f 84/99/95 2037/2154/2041 3198/3747/3405
f 84/99/95 3198/3747/3405 3631/4256/3800
f 289/333/318 312/358/343 974/1158/1120
f 4300/5259/4399 974/1158/1120 312/358/343
f 3679/4310/3843 2746/3190/2944 1121/1321/1271
f 1102/451/432 3739/4387/3907 2396/450/431
f 1501/1754/1676 1583/1845/1766 1090/1287/1238
f 3679/4310/3843 1121/1321/1271 4223/4989/4291
f 3615/4237/3785 4223/4989/4291 1121/1321/1271
f 1266/1478/1421 1795/2109/2002 1678/1964/1876
f 1678/1964/1876 1795/2109/2002 1797/2107/2000
f 576/4648/650 1422/1995/1906 2537/2971/2752
f 2537/2971/2752 1422/1995/1906 1423/1996/1907
f 3752/4403/3918 455/3611/505 3099/3609/3300
f 1262/1472/1416 4152/5293/4233 1980/2338/2203
f 4152/5418/4233 1262/4964/1416 1263/1476/1419
f 2746/3190/2944 4074/3209/2962 2763/3215/2965
f 2424/2848/2642 2383/2800/2604 2382/2801/2605
f 2383/2800/2604 2424/2848/2642 878/1034/1004
f 2305/4918/4248 3594/4217/3766 3595/4218/3767
f 3595/4218/3767 3594/4217/3766 235/271/258
f 779/913/887 234/272/259 233/273/260
f 1528/1787/1709 234/272/259 779/913/887
f 1206/1415/1361 3084/3593/3285 1059/1249/1202
f 3084/3593/3285 1057/1251/1204 1059/1249/1202
f 458/529/508 4395/5290/4408 2095/2455/2309
f 458/529/508 457/530/509 4395/5290/4408
f 797/943/916 798/942/915 3042/930/903
f 3351/3925/3540 118/133/129 116/134/130
f 118/133/129 3351/3925/3540 2602/4584/2815
f 2305/4918/4248 1129/1327/1277 1128/1328/1278
f 2307/4439/2530 1129/1327/1277 2305/4918/4248
f 3472/4062/3655 730/851/827 2397/2813/2617
f 3651/5097/4349 4240/4116/3694 1973/2330/2195
f 3651/5097/4349 1973/2330/2195 3666/4292/3833
f 4402/5312/4413 4403/1630/1560 2511/1213/1171
f 3675/2751/2561 3567/790/766 3566/4183/3743
f 1482/1731/1652 160/187/178 159/188/179
f 3526/3953/3566 160/187/178 1482/1731/1652
f 3580/2532/1424 3572/4188/3746 4184/5419/4433
f 3580/2532/1424 4184/5419/4433 1795/2109/2002
f 1797/2107/2000 3572/4188/3746 3573/4189/3747
f 3573/4189/3747 3572/4188/3746 714/3067/812
f 3157/3686/3363 2820/3285/3020 2246/2646/2473
f 3158/3687/3364 3157/3686/3363 2246/2646/2473
f 4184/5419/4433 1796/2108/2001 1795/2109/2002
f 3572/4188/3746 1796/2108/2001 4184/5419/4433
f 1885/2215/2095 3715/1726/1647 1189/1396/1342
f 3924/4610/4064 3817/4478/3972 549/637/616
f 3941/3519/3222 3924/4610/4064 549/637/616
f 2592/3028/2804 260/4569/4033 3369/3944/3558
f 2591/1569/1501 260/4569/4033 2592/3028/2804
f 872/3530/993 3028/3528/3230 3029/3531/3231
f 4337/2186/2068 3029/3531/3231 3028/3528/3230
f 3720/4364/3893 1086/1286/1237 1817/2132/2024
f 3720/4364/3893 2885/3359/3081 1086/1286/1237
f 2711/5122/2914 4123/5420/4206 2577/2714/2535
f 140/161/153 4081/4775/4173 3186/3727/3394
f 4123/4842/4206 945/1116/1080 4122/4855/4205
f 2577/2714/2535 4123/5420/4206 4122/4841/4205
f 341/2816/377 2286/2689/2512 4233/5002/4300
f 2286/2689/2512 2400/2818/2619 4233/5002/4300
f 1499/1752/1674 3409/3990/3596 1938/1751/1673
f 3409/3990/3596 2342/2756/2566 1938/1751/1673
f 2285/2687/2511 3619/4240/3787 139/162/154
f 3619/4240/3787 140/161/153 139/162/154
f 2331/2746/2556 2333/2744/2554 4374/3306/3038
f 2333/2744/2554 1362/1591/1521 4374/3306/3038
f 3029/3531/3231 4337/2186/2068 1856/2184/1053
f 2742/3188/2942 4074/3209/2962 2746/3190/2944
f 4074/3209/2962 2742/3188/2942 2741/3189/2943
f 3369/3944/3558 260/4569/4033 2588/3027/2803
f 2588/3291/2803 260/5360/4033 2823/3290/3023
f 2520/2952/2737 4225/5421/3844 4416/5346/2951
f 135/157/132 2196/874/850 907/1066/1033
f 907/1066/1033 908/1069/1035 135/157/132
f 3510/4114/3692 124/2325/2190 1662/1949/1861
f 3381/4865/1807 2611/2668/1808 2377/2666/2493
f 3764/4414/3926 3568/4184/3744 1791/2105/1998
f 3908/4596/4055 311/359/344 3760/4408/3921
f 4397/380/365 331/381/366 3908/4596/4055
f 861/3313/982 793/938/911 4/6/5
f 331/381/366 311/359/344 3908/4596/4055
f 331/381/366 4300/5259/4399 311/359/344
f 3388/3969/3581 1472/1719/1642 1185/1390/1336

